symbol,entry_time,entry_price,exit_time,exit_price,raw_return_pct,net_return_pct,resolved,bars_held,days_held,signal_volume_ratio
LTCUSDT,2018-01-10 12:00:00+00:00,237.0,2018-01-13 08:00:00+00:00,243.01,2.536,2.336,False,17,2.83,2.621
LTCUSDT,2018-01-11 08:00:00+00:00,229.7,2018-01-13 20:00:00+00:00,252.67000000000002,10.0,9.8,True,15,2.5,2.575
ETHUSDT,2018-01-16 12:00:00+00:00,1138.0,2018-01-19 08:00:00+00:00,1053.91,-7.389,-7.589,False,17,2.83,6.705
LTCUSDT,2018-01-16 12:00:00+00:00,205.39,2018-01-19 08:00:00+00:00,193.98,-5.555,-5.755,False,17,2.83,3.679
BNBUSDT,2018-01-16 12:00:00+00:00,16.0,2018-01-19 08:00:00+00:00,15.0512,-5.93,-6.13,False,17,2.83,11.828
ETHUSDT,2018-01-17 00:00:00+00:00,999.99,2018-01-19 20:00:00+00:00,1032.5,3.251,3.051,False,17,2.83,5.135
BNBUSDT,2018-01-17 00:00:00+00:00,13.0262,2018-01-17 00:00:00+00:00,14.32882,10.0,9.8,True,0,0.0,3.857
LTCUSDT,2018-02-02 00:00:00+00:00,144.04,2018-02-03 16:00:00+00:00,158.44400000000002,10.0,9.8,True,10,1.67,2.77
BNBUSDT,2018-02-02 16:00:00+00:00,9.88,2018-02-05 12:00:00+00:00,7.0862,-28.277,-28.477,False,17,2.83,4.591
ETHUSDT,2018-02-02 16:00:00+00:00,973.27,2018-02-05 12:00:00+00:00,731.41,-24.85,-25.05,False,17,2.83,5.022
LTCUSDT,2018-02-02 16:00:00+00:00,134.93,2018-02-03 12:00:00+00:00,148.42300000000003,10.0,9.8,True,5,0.83,4.131
ETHUSDT,2018-02-06 00:00:00+00:00,697.93,2018-02-06 20:00:00+00:00,767.723,10.0,9.8,True,5,0.83,2.82
ETHUSDT,2018-02-06 08:00:00+00:00,579.93,2018-02-06 08:00:00+00:00,637.923,10.0,9.8,True,0,0.0,3.32
BNBUSDT,2018-02-06 16:00:00+00:00,7.6492,2018-02-06 20:00:00+00:00,8.41412,10.0,9.8,True,1,0.17,3.181
ETHUSDT,2018-02-06 16:00:00+00:00,742.34,2018-02-07 08:00:00+00:00,816.5740000000001,10.0,9.8,True,4,0.67,2.601
BNBUSDT,2018-03-07 16:00:00+00:00,9.4855,2018-03-10 12:00:00+00:00,8.146,-14.122,-14.322,False,17,2.83,4.672
BNBUSDT,2018-03-08 04:00:00+00:00,8.2415,2018-03-11 00:00:00+00:00,7.4851,-9.178,-9.378,False,17,2.83,2.726
ETHUSDT,2018-03-18 20:00:00+00:00,486.4,2018-03-18 20:00:00+00:00,535.04,10.0,9.8,True,0,0.0,3.13
LTCUSDT,2018-03-19 00:00:00+00:00,153.59,2018-03-20 16:00:00+00:00,168.949,10.0,9.8,True,10,1.67,2.951
ETHUSDT,2018-03-30 04:00:00+00:00,377.19,2018-03-31 00:00:00+00:00,414.90900000000005,10.0,9.8,True,5,0.83,2.864
LTCUSDT,2018-03-30 08:00:00+00:00,123.7,2018-04-02 04:00:00+00:00,119.5,-3.395,-3.595,False,17,2.83,3.079
ADAUSDT,2018-05-11 12:00:00+00:00,0.25414,2018-05-13 16:00:00+00:00,0.279554,10.0,9.8,True,13,2.17,3.337
XRPUSDT,2018-05-11 12:00:00+00:00,0.66194,2018-05-13 12:00:00+00:00,0.7281340000000001,10.0,9.8,True,12,2.0,3.373
ETHUSDT,2018-05-11 16:00:00+00:00,681.43,2018-05-14 12:00:00+00:00,733.25,7.605,7.405,False,17,2.83,2.534
ADAUSDT,2018-05-12 12:00:00+00:00,0.26558,2018-05-15 08:00:00+00:00,0.27152,2.237,2.037,False,17,2.83,2.714
XRPUSDT,2018-05-23 20:00:00+00:00,0.60965,2018-05-26 16:00:00+00:00,0.62057,1.791,1.591,False,17,2.83,3.963
ETHUSDT,2018-05-23 20:00:00+00:00,591.46,2018-05-26 16:00:00+00:00,600.51,1.53,1.33,False,17,2.83,4.12
LTCUSDT,2018-05-23 20:00:00+00:00,121.3,2018-05-26 16:00:00+00:00,121.33,0.025,-0.175,False,17,2.83,3.51
ADAUSDT,2018-05-23 20:00:00+00:00,0.20415,2018-05-26 16:00:00+00:00,0.20169,-1.205,-1.405,False,17,2.83,3.225
ADAUSDT,2018-05-29 12:00:00+00:00,0.19566,2018-05-30 00:00:00+00:00,0.21522600000000003,10.0,9.8,True,3,0.5,2.907
LTCUSDT,2018-06-10 20:00:00+00:00,106.93,2018-06-13 16:00:00+00:00,91.84,-14.112,-14.312,False,17,2.83,6.115
ETHUSDT,2018-06-10 20:00:00+00:00,538.52,2018-06-13 16:00:00+00:00,468.16,-13.065,-13.265,False,17,2.83,6.549
ADAUSDT,2018-06-14 04:00:00+00:00,0.17315,2018-06-17 00:00:00+00:00,0.16371,-5.452,-5.652,False,17,2.83,2.752
ETHUSDT,2018-06-14 20:00:00+00:00,519.65,2018-06-17 16:00:00+00:00,501.32,-3.527,-3.727,False,17,2.83,3.212
ADAUSDT,2018-06-30 04:00:00+00:00,0.13025,2018-07-01 08:00:00+00:00,0.143275,10.0,9.8,True,7,1.17,2.72
ETHUSDT,2018-06-30 04:00:00+00:00,446.78,2018-07-03 00:00:00+00:00,480.14,7.467,7.267,False,17,2.83,2.566
TRXUSDT,2018-06-30 04:00:00+00:00,0.03835,2018-07-02 12:00:00+00:00,0.04218500000000001,10.0,9.8,True,14,2.33,2.965
BNBUSDT,2018-07-02 16:00:00+00:00,14.5894,2018-07-05 16:00:00+00:00,13.6236,-6.62,-6.82,False,17,2.83,3.621
BNBUSDT,2018-07-07 12:00:00+00:00,13.9798,2018-07-10 08:00:00+00:00,12.8142,-8.338,-8.538,False,17,2.83,3.09
XLMUSDT,2018-07-11 08:00:00+00:00,0.18601,2018-07-13 20:00:00+00:00,0.20461100000000002,10.0,9.8,True,15,2.5,3.015
ETHUSDT,2018-07-24 08:00:00+00:00,472.34,2018-07-27 04:00:00+00:00,460.86,-2.43,-2.63,False,17,2.83,3.237
BNBUSDT,2018-07-24 08:00:00+00:00,12.1097,2018-07-25 04:00:00+00:00,13.320670000000002,10.0,9.8,True,5,0.83,2.625
BNBUSDT,2018-07-24 16:00:00+00:00,12.1285,2018-07-25 04:00:00+00:00,13.341350000000002,10.0,9.8,True,3,0.5,2.531
TRXUSDT,2018-07-24 16:00:00+00:00,0.03728,2018-07-27 12:00:00+00:00,0.03653,-2.012,-2.212,False,17,2.83,2.56
BNBUSDT,2018-07-31 16:00:00+00:00,13.7598,2018-08-03 12:00:00+00:00,13.9132,1.115,0.915,False,17,2.83,2.539
ETCUSDT,2018-08-04 00:00:00+00:00,16.5698,2018-08-06 16:00:00+00:00,18.22678,10.0,9.8,True,16,2.67,4.409
ETCUSDT,2018-08-13 12:00:00+00:00,13.3462,2018-08-16 08:00:00+00:00,13.9614,4.61,4.41,False,17,2.83,2.506
BNBUSDT,2018-08-15 04:00:00+00:00,10.1498,2018-08-18 00:00:00+00:00,10.483,3.283,3.083,False,17,2.83,3.205
BNBUSDT,2018-08-22 04:00:00+00:00,10.186,2018-08-25 00:00:00+00:00,10.1,-0.844,-1.044,False,17,2.83,3.237
ADAUSDT,2018-08-22 04:00:00+00:00,0.09809,2018-08-25 00:00:00+00:00,0.09325,-4.934,-5.134,False,17,2.83,2.549
XRPUSDT,2018-09-18 12:00:00+00:00,0.31222,2018-09-20 08:00:00+00:00,0.343442,10.0,9.8,True,11,1.83,3.535
ADAUSDT,2018-09-18 16:00:00+00:00,0.0696,2018-09-20 20:00:00+00:00,0.07656,10.0,9.8,True,13,2.17,2.785
XRPUSDT,2018-09-26 00:00:00+00:00,0.52633,2018-09-28 20:00:00+00:00,0.54025,2.645,2.445,False,17,2.83,3.406
ETCUSDT,2018-10-11 16:00:00+00:00,9.7619,2018-10-14 12:00:00+00:00,9.6873,-0.764,-0.964,False,17,2.83,2.775
ETCUSDT,2018-10-12 04:00:00+00:00,9.4427,2018-10-15 00:00:00+00:00,9.5016,0.624,0.424,False,17,2.83,3.651
XRPUSDT,2018-10-12 08:00:00+00:00,0.43177,2018-10-15 04:00:00+00:00,0.474947,10.0,9.8,True,17,2.83,2.753
ETCUSDT,2018-10-12 16:00:00+00:00,9.5826,2018-10-15 04:00:00+00:00,10.54086,10.0,9.8,True,15,2.5,2.568
ADAUSDT,2018-10-15 08:00:00+00:00,0.07641,2018-10-18 04:00:00+00:00,0.07967,4.266,4.066,False,17,2.83,5.705
LTCUSDT,2018-10-15 08:00:00+00:00,56.69,2018-10-18 04:00:00+00:00,55.01,-2.963,-3.163,False,17,2.83,5.241
XLMUSDT,2018-10-15 08:00:00+00:00,0.23245,2018-10-18 04:00:00+00:00,0.25021,7.64,7.44,False,17,2.83,5.022
XRPUSDT,2018-10-15 08:00:00+00:00,0.46087,2018-10-18 04:00:00+00:00,0.48626,5.509,5.309,False,17,2.83,6.412
BNBUSDT,2018-10-21 00:00:00+00:00,9.9231,2018-10-23 20:00:00+00:00,9.9298,0.068,-0.132,False,17,2.83,2.51
XRPUSDT,2018-10-24 00:00:00+00:00,0.47005,2018-10-26 20:00:00+00:00,0.46657,-0.74,-0.94,False,17,2.83,3.983
ETCUSDT,2018-10-31 16:00:00+00:00,9.0889,2018-11-03 12:00:00+00:00,9.1498,0.67,0.47,False,17,2.83,2.647
LTCUSDT,2018-10-31 16:00:00+00:00,50.25,2018-11-03 12:00:00+00:00,51.09,1.672,1.472,False,17,2.83,2.503
ETHUSDT,2018-10-31 16:00:00+00:00,199.6,2018-11-03 12:00:00+00:00,199.92,0.16,-0.04,False,17,2.83,3.302
ADAUSDT,2018-10-31 16:00:00+00:00,0.0706,2018-11-03 12:00:00+00:00,0.0716,1.416,1.216,False,17,2.83,3.409
XLMUSDT,2018-10-31 16:00:00+00:00,0.22519,2018-11-03 12:00:00+00:00,0.24187,7.407,7.207,False,17,2.83,2.646
XRPUSDT,2018-11-04 20:00:00+00:00,0.47205,2018-11-06 00:00:00+00:00,0.519255,10.0,9.8,True,7,1.17,3.525
ETCUSDT,2018-11-14 08:00:00+00:00,9.4052,2018-11-17 04:00:00+00:00,7.5578,-19.642,-19.842,False,17,2.83,3.323
TRXUSDT,2018-11-15 00:00:00+00:00,0.02,2018-11-17 20:00:00+00:00,0.01904,-4.8,-5.0,False,17,2.83,2.572
ETHUSDT,2018-11-15 00:00:00+00:00,187.43,2018-11-17 20:00:00+00:00,176.2,-5.992,-6.192,False,17,2.83,2.89
ETCUSDT,2018-11-15 00:00:00+00:00,8.2007,2018-11-17 20:00:00+00:00,7.4797,-8.792,-8.992,False,17,2.83,5.804
XRPUSDT,2018-11-15 00:00:00+00:00,0.48461,2018-11-17 20:00:00+00:00,0.49813,2.79,2.59,False,17,2.83,3.416
ADAUSDT,2018-11-15 16:00:00+00:00,0.06218,2018-11-18 12:00:00+00:00,0.06191,-0.434,-0.634,False,17,2.83,2.601
ETHUSDT,2018-11-15 16:00:00+00:00,180.77,2018-11-18 12:00:00+00:00,177.29,-1.925,-2.125,False,17,2.83,2.625
ETCUSDT,2018-11-15 16:00:00+00:00,8.0641,2018-11-18 12:00:00+00:00,7.5417,-6.478,-6.678,False,17,2.83,2.605
XLMUSDT,2018-11-16 00:00:00+00:00,0.24586,2018-11-18 20:00:00+00:00,0.25333,3.038,2.838,False,17,2.83,2.831
ADAUSDT,2018-11-19 20:00:00+00:00,0.05317,2018-11-22 16:00:00+00:00,0.04602,-13.447,-13.647,False,17,2.83,3.085
ETCUSDT,2018-11-20 08:00:00+00:00,5.8295,2018-11-20 16:00:00+00:00,6.412450000000001,10.0,9.8,True,2,0.33,2.87
LTCUSDT,2018-11-20 08:00:00+00:00,35.19,2018-11-23 04:00:00+00:00,32.8,-6.792,-6.992,False,17,2.83,2.808
LTCUSDT,2018-11-20 16:00:00+00:00,36.79,2018-11-23 12:00:00+00:00,32.7,-11.117,-11.317,False,17,2.83,3.182
ETCUSDT,2018-11-20 16:00:00+00:00,6.2591,2018-11-23 12:00:00+00:00,5.1922,-17.046,-17.246,False,17,2.83,3.846
ETHUSDT,2018-11-20 16:00:00+00:00,149.23,2018-11-23 12:00:00+00:00,124.09,-16.846,-17.046,False,17,2.83,2.569
LTCUSDT,2018-11-21 00:00:00+00:00,33.71,2018-11-23 20:00:00+00:00,32.74,-2.877,-3.077,False,17,2.83,3.215
ETHUSDT,2018-11-21 00:00:00+00:00,133.68,2018-11-23 20:00:00+00:00,125.02,-6.478,-6.678,False,17,2.83,2.604
BNBUSDT,2018-11-25 00:00:00+00:00,5.199,2018-11-27 20:00:00+00:00,4.984,-4.135,-4.335,False,17,2.83,5.167
XLMUSDT,2018-11-25 12:00:00+00:00,0.14696,2018-11-25 20:00:00+00:00,0.16165600000000002,10.0,9.8,True,2,0.33,2.867
ETHUSDT,2018-11-25 12:00:00+00:00,112.27,2018-11-28 08:00:00+00:00,115.77,3.117,2.917,False,17,2.83,2.595
XLMUSDT,2018-11-26 00:00:00+00:00,0.16293,2018-11-28 20:00:00+00:00,0.16107,-1.142,-1.342,False,17,2.83,2.788
LTCUSDT,2018-11-26 00:00:00+00:00,31.51,2018-11-28 12:00:00+00:00,34.661,10.0,9.8,True,15,2.5,2.771
BNBUSDT,2018-12-04 08:00:00+00:00,5.5797,2018-12-04 16:00:00+00:00,6.13767,10.0,9.8,True,2,0.33,2.583
ADAUSDT,2018-12-05 20:00:00+00:00,0.03438,2018-12-08 16:00:00+00:00,0.02967,-13.7,-13.9,False,17,2.83,3.337
ETHUSDT,2018-12-05 20:00:00+00:00,103.83,2018-12-08 16:00:00+00:00,88.03,-15.217,-15.417,False,17,2.83,2.608
ETHUSDT,2018-12-07 20:00:00+00:00,96.68,2018-12-10 16:00:00+00:00,88.72,-8.233,-8.433,False,17,2.83,2.991
LTCUSDT,2018-12-07 20:00:00+00:00,25.49,2018-12-10 16:00:00+00:00,24.06,-5.61,-5.81,False,17,2.83,4.18
XRPUSDT,2018-12-07 20:00:00+00:00,0.30928,2018-12-10 16:00:00+00:00,0.29676,-4.048,-4.248,False,17,2.83,2.795
XLMUSDT,2018-12-28 20:00:00+00:00,0.11841,2018-12-31 16:00:00+00:00,0.11061,-6.587,-6.787,False,17,2.83,3.245
ETHUSDT,2018-12-28 20:00:00+00:00,133.23,2018-12-31 16:00:00+00:00,131.03,-1.651,-1.851,False,17,2.83,2.531
LTCUSDT,2018-12-28 20:00:00+00:00,31.7,2018-12-31 16:00:00+00:00,29.92,-5.615,-5.815,False,17,2.83,3.852
XRPUSDT,2018-12-28 20:00:00+00:00,0.36694,2018-12-31 16:00:00+00:00,0.34937,-4.788,-4.988,False,17,2.83,2.537
ETHUSDT,2019-01-14 20:00:00+00:00,127.56,2019-01-17 16:00:00+00:00,121.39,-4.837,-5.037,False,17,2.83,2.518
BNBUSDT,2019-01-15 00:00:00+00:00,6.0565,2019-01-17 20:00:00+00:00,6.3266,4.46,4.26,False,17,2.83,2.911
XLMUSDT,2019-01-26 08:00:00+00:00,0.10259,2019-01-29 04:00:00+00:00,0.08059,-21.445,-21.645,False,17,2.83,3.142
LINKUSDT,2019-01-28 04:00:00+00:00,0.3863,2019-01-29 00:00:00+00:00,0.42493000000000003,10.0,9.8,True,5,0.83,2.539
XLMUSDT,2019-01-30 16:00:00+00:00,0.08596,2019-02-02 12:00:00+00:00,0.08109,-5.665,-5.865,False,17,2.83,2.629
XRPUSDT,2019-01-30 16:00:00+00:00,0.31848,2019-02-02 12:00:00+00:00,0.30622,-3.85,-4.05,False,17,2.83,6.741
TRXUSDT,2019-02-04 12:00:00+00:00,0.02707,2019-02-07 08:00:00+00:00,0.02586,-4.47,-4.67,False,17,2.83,6.741
LINKUSDT,2019-02-05 20:00:00+00:00,0.4161,2019-02-08 16:00:00+00:00,0.4447,6.873,6.673,False,17,2.83,2.7
XLMUSDT,2019-02-06 04:00:00+00:00,0.0745,2019-02-08 12:00:00+00:00,0.08195000000000001,10.0,9.8,True,14,2.33,3.366
XRPUSDT,2019-02-06 04:00:00+00:00,0.29296,2019-02-09 00:00:00+00:00,0.30991,5.786,5.586,False,17,2.83,2.58
ETCUSDT,2019-02-07 16:00:00+00:00,3.869,2019-02-08 16:00:00+00:00,4.2559000000000005,10.0,9.8,True,6,1.0,2.71
ADAUSDT,2019-02-08 12:00:00+00:00,0.03829,2019-02-08 16:00:00+00:00,0.042119000000000004,10.0,9.8,True,1,0.17,3.127
XRPUSDT,2019-02-08 20:00:00+00:00,0.31438,2019-02-11 16:00:00+00:00,0.30429,-3.209,-3.409,False,17,2.83,4.271
XRPUSDT,2019-02-23 20:00:00+00:00,0.32912,2019-02-26 16:00:00+00:00,0.31696,-3.695,-3.895,False,17,2.83,2.523
LTCUSDT,2019-02-23 20:00:00+00:00,51.2,2019-02-26 16:00:00+00:00,44.31,-13.457,-13.657,False,17,2.83,3.241
XRPUSDT,2019-02-24 04:00:00+00:00,0.33785,2019-02-27 00:00:00+00:00,0.31379,-7.122,-7.322,False,17,2.83,2.842
BNBUSDT,2019-02-25 16:00:00+00:00,9.8523,2019-02-28 12:00:00+00:00,10.3415,4.965,4.765,False,17,2.83,4.71
TRXUSDT,2019-03-04 12:00:00+00:00,0.02122,2019-03-05 12:00:00+00:00,0.023342,10.0,9.8,True,6,1.0,2.987
TRXUSDT,2019-03-04 20:00:00+00:00,0.02208,2019-03-07 16:00:00+00:00,0.02303,4.303,4.103,False,17,2.83,3.985
LINKUSDT,2019-03-04 20:00:00+00:00,0.4092,2019-03-07 16:00:00+00:00,0.45012,10.0,9.8,True,17,2.83,3.236
LINKUSDT,2019-03-05 08:00:00+00:00,0.4183,2019-03-07 16:00:00+00:00,0.46013000000000004,10.0,9.8,True,14,2.33,2.932
LTCUSDT,2019-03-05 16:00:00+00:00,52.17,2019-03-07 00:00:00+00:00,57.38700000000001,10.0,9.8,True,8,1.33,9.097
XRPUSDT,2019-03-05 16:00:00+00:00,0.3137,2019-03-08 12:00:00+00:00,0.31186,-0.587,-0.787,False,17,2.83,2.568
ADAUSDT,2019-03-05 16:00:00+00:00,0.0425,2019-03-08 12:00:00+00:00,0.04307,1.341,1.141,False,17,2.83,3.242
ETHUSDT,2019-03-05 16:00:00+00:00,133.95,2019-03-08 12:00:00+00:00,137.24,2.456,2.256,False,17,2.83,3.412
ETCUSDT,2019-03-19 16:00:00+00:00,4.5418,2019-03-22 12:00:00+00:00,4.8863,7.585,7.385,False,17,2.83,3.54
LTCUSDT,2019-03-20 12:00:00+00:00,59.78,2019-03-23 08:00:00+00:00,60.53,1.255,1.055,False,17,2.83,3.533
LINKUSDT,2019-03-25 20:00:00+00:00,0.4571,2019-03-28 00:00:00+00:00,0.5028100000000001,10.0,9.8,True,13,2.17,7.64
XLMUSDT,2019-03-26 20:00:00+00:00,0.10371,2019-03-29 16:00:00+00:00,0.10782,3.963,3.763,False,17,2.83,2.673
LINKUSDT,2019-04-11 12:00:00+00:00,0.4713,2019-04-13 08:00:00+00:00,0.5184300000000001,10.0,9.8,True,11,1.83,2.601
ADAUSDT,2019-04-21 12:00:00+00:00,0.07184,2019-04-23 00:00:00+00:00,0.07902400000000001,10.0,9.8,True,9,1.5,2.547
ETCUSDT,2019-04-23 08:00:00+00:00,6.0346,2019-04-26 04:00:00+00:00,5.3789,-10.866,-11.066,False,17,2.83,3.728
XRPUSDT,2019-04-24 12:00:00+00:00,0.29831,2019-04-27 08:00:00+00:00,0.29857,0.087,-0.113,False,17,2.83,3.392
ENJUSDT,2019-04-26 04:00:00+00:00,0.15428,2019-04-29 00:00:00+00:00,0.1564,1.374,1.174,False,17,2.83,2.74
ETHUSDT,2019-04-26 04:00:00+00:00,156.87,2019-04-29 00:00:00+00:00,158.48,1.026,0.826,False,17,2.83,2.662
TRXUSDT,2019-04-29 12:00:00+00:00,0.02265,2019-05-02 08:00:00+00:00,0.02328,2.781,2.581,False,17,2.83,4.368
TRXUSDT,2019-04-29 20:00:00+00:00,0.02253,2019-05-02 16:00:00+00:00,0.02328,3.329,3.129,False,17,2.83,2.988
TRXUSDT,2019-04-30 08:00:00+00:00,0.02244,2019-05-03 04:00:00+00:00,0.02328,3.743,3.543,False,17,2.83,2.575
XRPUSDT,2019-04-30 12:00:00+00:00,0.30851,2019-05-03 08:00:00+00:00,0.30758,-0.301,-0.501,False,17,2.83,5.69
LINKUSDT,2019-04-30 12:00:00+00:00,0.465,2019-05-03 08:00:00+00:00,0.4882,4.989,4.789,False,17,2.83,3.498
LTCUSDT,2019-04-30 12:00:00+00:00,72.46,2019-05-03 08:00:00+00:00,79.706,10.0,9.8,True,17,2.83,2.543
TRXUSDT,2019-04-30 16:00:00+00:00,0.02323,2019-05-03 12:00:00+00:00,0.0236,1.593,1.393,False,17,2.83,2.614
XRPUSDT,2019-05-03 12:00:00+00:00,0.30768,2019-05-06 08:00:00+00:00,0.29974,-2.581,-2.781,False,17,2.83,3.539
ETHUSDT,2019-05-06 20:00:00+00:00,174.95,2019-05-09 16:00:00+00:00,168.11,-3.91,-4.11,False,17,2.83,4.24
BNBUSDT,2019-05-08 04:00:00+00:00,20.8564,2019-05-11 00:00:00+00:00,19.4101,-6.935,-7.135,False,17,2.83,4.559
ATOMUSDT,2019-05-10 00:00:00+00:00,3.884,2019-05-12 20:00:00+00:00,3.75,-3.45,-3.65,False,17,2.83,3.037
ADAUSDT,2019-05-10 08:00:00+00:00,0.06416,2019-05-11 08:00:00+00:00,0.070576,10.0,9.8,True,6,1.0,3.218
LTCUSDT,2019-05-10 08:00:00+00:00,77.02,2019-05-11 08:00:00+00:00,84.72200000000001,10.0,9.8,True,6,1.0,3.239
ENJUSDT,2019-05-10 08:00:00+00:00,0.12852,2019-05-10 12:00:00+00:00,0.141372,10.0,9.8,True,1,0.17,3.657
ENJUSDT,2019-05-10 16:00:00+00:00,0.13992,2019-05-11 00:00:00+00:00,0.153912,10.0,9.8,True,2,0.33,13.56
LINKUSDT,2019-06-05 04:00:00+00:00,0.9977,2019-06-05 20:00:00+00:00,1.0974700000000002,10.0,9.8,True,4,0.67,4.483
ADAUSDT,2019-06-21 00:00:00+00:00,0.08731,2019-06-22 12:00:00+00:00,0.096041,10.0,9.8,True,9,1.5,2.616
ENJUSDT,2019-06-22 16:00:00+00:00,0.13537,2019-06-25 12:00:00+00:00,0.1349,-0.347,-0.547,False,17,2.83,5.259
XLMUSDT,2019-06-26 08:00:00+00:00,0.12549,2019-06-29 04:00:00+00:00,0.109,-13.14,-13.34,False,17,2.83,3.062
LTCUSDT,2019-06-26 08:00:00+00:00,134.64,2019-06-29 04:00:00+00:00,117.37,-12.827,-13.027,False,17,2.83,2.738
ETCUSDT,2019-06-27 12:00:00+00:00,8.3041,2019-06-30 08:00:00+00:00,8.2104,-1.128,-1.328,False,17,2.83,3.138
XRPUSDT,2019-07-06 16:00:00+00:00,0.40137,2019-07-09 12:00:00+00:00,0.39267,-2.168,-2.368,False,17,2.83,3.855
XRPUSDT,2019-07-10 20:00:00+00:00,0.35877,2019-07-13 16:00:00+00:00,0.32969,-8.105,-8.305,False,17,2.83,2.618
LTCUSDT,2019-07-10 20:00:00+00:00,107.96,2019-07-13 16:00:00+00:00,101.24,-6.225,-6.425,False,17,2.83,2.773
LINKUSDT,2019-07-10 20:00:00+00:00,3.1982,2019-07-13 16:00:00+00:00,3.2289,0.96,0.76,False,17,2.83,3.139
BNBUSDT,2019-07-12 04:00:00+00:00,30.5614,2019-07-15 00:00:00+00:00,28.0845,-8.105,-8.305,False,17,2.83,4.318
XLMUSDT,2019-07-12 08:00:00+00:00,0.09811,2019-07-15 04:00:00+00:00,0.08586,-12.486,-12.686,False,17,2.83,2.799
ENJUSDT,2019-07-12 20:00:00+00:00,0.107,2019-07-15 16:00:00+00:00,0.0994,-7.103,-7.303,False,17,2.83,3.25
ETCUSDT,2019-07-15 16:00:00+00:00,5.751,2019-07-18 12:00:00+00:00,5.9129,2.815,2.615,False,17,2.83,3.062
ATOMUSDT,2019-07-16 00:00:00+00:00,4.131,2019-07-18 20:00:00+00:00,4.085,-1.114,-1.314,False,17,2.83,5.26
ETHUSDT,2019-07-16 20:00:00+00:00,204.23,2019-07-18 12:00:00+00:00,224.65300000000002,10.0,9.8,True,10,1.67,3.299
ADAUSDT,2019-07-16 20:00:00+00:00,0.05309,2019-07-18 12:00:00+00:00,0.058399,10.0,9.8,True,10,1.67,2.936
ETCUSDT,2019-07-16 20:00:00+00:00,5.54,2019-07-18 20:00:00+00:00,6.094,10.0,9.8,True,12,2.0,3.01
XRPUSDT,2019-07-16 20:00:00+00:00,0.30853,2019-07-19 16:00:00+00:00,0.31577,2.347,2.147,False,17,2.83,3.097
BNBUSDT,2019-07-16 20:00:00+00:00,25.9986,2019-07-18 04:00:00+00:00,28.598460000000003,10.0,9.8,True,8,1.33,2.715
DOGEUSDT,2019-07-17 08:00:00+00:00,0.0029081,2019-07-20 04:00:00+00:00,0.0030548,5.045,4.845,False,17,2.83,4.309
LTCUSDT,2019-07-17 16:00:00+00:00,89.61,2019-07-18 12:00:00+00:00,98.57100000000001,10.0,9.8,True,5,0.83,2.835
BNBUSDT,2019-07-17 16:00:00+00:00,27.3511,2019-07-20 00:00:00+00:00,30.08621,10.0,9.8,True,14,2.33,4.407
LINKUSDT,2019-07-17 16:00:00+00:00,2.4646,2019-07-18 08:00:00+00:00,2.7110600000000002,10.0,9.8,True,4,0.67,3.046
TRXUSDT,2019-07-23 20:00:00+00:00,0.0255,2019-07-26 16:00:00+00:00,0.02333,-8.51,-8.71,False,17,2.83,5.924
LINKUSDT,2019-07-24 00:00:00+00:00,2.3559,2019-07-26 20:00:00+00:00,2.3989,1.825,1.625,False,17,2.83,2.809
ETHUSDT,2019-07-29 00:00:00+00:00,211.58,2019-07-31 20:00:00+00:00,218.42,3.233,3.033,False,17,2.83,2.697
LTCUSDT,2019-07-29 00:00:00+00:00,90.0,2019-07-31 16:00:00+00:00,99.00000000000001,10.0,9.8,True,16,2.67,3.658
BNBUSDT,2019-07-31 04:00:00+00:00,27.4941,2019-08-03 00:00:00+00:00,28.0519,2.029,1.829,False,17,2.83,2.784
ATOMUSDT,2019-08-08 20:00:00+00:00,3.283,2019-08-11 16:00:00+00:00,3.452,5.148,4.948,False,17,2.83,4.529
LINKUSDT,2019-08-10 08:00:00+00:00,2.346,2019-08-13 04:00:00+00:00,2.322,-1.023,-1.223,False,17,2.83,3.877
ENJUSDT,2019-08-11 00:00:00+00:00,0.06916,2019-08-11 20:00:00+00:00,0.076076,10.0,9.8,True,5,0.83,5.55
XLMUSDT,2019-08-15 00:00:00+00:00,0.06931,2019-08-18 00:00:00+00:00,0.06775,-2.251,-2.451,False,17,2.83,3.196
DOGEUSDT,2019-08-16 00:00:00+00:00,0.0025813,2019-08-18 20:00:00+00:00,0.002695,4.405,4.205,False,17,2.83,3.702
ENJUSDT,2019-08-16 16:00:00+00:00,0.0615,2019-08-17 12:00:00+00:00,0.06765,10.0,9.8,True,5,0.83,2.905
ENJUSDT,2019-08-17 16:00:00+00:00,0.06774,2019-08-20 12:00:00+00:00,0.06612,-2.391,-2.591,False,17,2.83,8.387
ADAUSDT,2019-08-22 16:00:00+00:00,0.04989,2019-08-25 12:00:00+00:00,0.05058,1.383,1.183,False,17,2.83,3.184
XLMUSDT,2019-08-22 20:00:00+00:00,0.06885,2019-08-25 16:00:00+00:00,0.0691,0.363,0.163,False,17,2.83,2.598
ETHUSDT,2019-08-26 04:00:00+00:00,190.42,2019-08-29 00:00:00+00:00,169.33,-11.076,-11.276,False,17,2.83,3.027
LTCUSDT,2019-08-26 04:00:00+00:00,73.89,2019-08-29 00:00:00+00:00,65.75,-11.016,-11.216,False,17,2.83,3.168
BNBUSDT,2019-08-26 16:00:00+00:00,26.0078,2019-08-29 12:00:00+00:00,21.989,-15.452,-15.652,False,17,2.83,3.487
LINKUSDT,2019-08-27 16:00:00+00:00,2.1723,2019-08-30 12:00:00+00:00,1.8614,-14.312,-14.512,False,17,2.83,3.087
ATOMUSDT,2019-08-28 16:00:00+00:00,2.6,2019-08-31 12:00:00+00:00,2.075,-20.192,-20.392,False,17,2.83,5.112
ETCUSDT,2019-08-29 16:00:00+00:00,6.0099,2019-09-01 12:00:00+00:00,6.2234,3.552,3.352,False,17,2.83,2.89
XRPUSDT,2019-08-29 20:00:00+00:00,0.25951,2019-09-01 16:00:00+00:00,0.25489,-1.78,-1.98,False,17,2.83,2.866
ATOMUSDT,2019-09-01 00:00:00+00:00,2.018,2019-09-01 20:00:00+00:00,2.2197999999999998,10.0,9.8,True,5,0.83,2.796
BNBUSDT,2019-09-02 16:00:00+00:00,22.1757,2019-09-05 12:00:00+00:00,21.7645,-1.854,-2.054,False,17,2.83,2.896
LINKUSDT,2019-09-02 16:00:00+00:00,1.826,2019-09-05 12:00:00+00:00,1.8014,-1.347,-1.547,False,17,2.83,3.554
ADAUSDT,2019-09-02 20:00:00+00:00,0.04575,2019-09-05 16:00:00+00:00,0.04418,-3.432,-3.632,False,17,2.83,2.58
BNBUSDT,2019-09-05 20:00:00+00:00,22.8827,2019-09-08 16:00:00+00:00,22.2685,-2.684,-2.884,False,17,2.83,5.568
XLMUSDT,2019-09-06 20:00:00+00:00,0.05869,2019-09-09 16:00:00+00:00,0.06085,3.68,3.48,False,17,2.83,4.012
DOGEUSDT,2019-09-06 20:00:00+00:00,0.002435,2019-09-09 16:00:00+00:00,0.0024516,0.682,0.482,False,17,2.83,2.978
ATOMUSDT,2019-09-06 20:00:00+00:00,2.089,2019-09-08 00:00:00+00:00,2.2979000000000003,10.0,9.8,True,7,1.17,5.48
LTCUSDT,2019-09-07 16:00:00+00:00,68.97,2019-09-10 12:00:00+00:00,70.28,1.899,1.699,False,17,2.83,2.701
ENJUSDT,2019-09-10 20:00:00+00:00,0.07542,2019-09-13 16:00:00+00:00,0.06927,-8.154,-8.354,False,17,2.83,3.09
BNBUSDT,2019-09-12 12:00:00+00:00,20.4696,2019-09-15 08:00:00+00:00,20.7046,1.148,0.948,False,17,2.83,2.993
ATOMUSDT,2019-09-12 16:00:00+00:00,3.036,2019-09-15 04:00:00+00:00,3.3396000000000003,10.0,9.8,True,15,2.5,3.025
LINKUSDT,2019-09-14 00:00:00+00:00,1.5761,2019-09-16 20:00:00+00:00,1.5806,0.286,0.086,False,17,2.83,2.962
XLMUSDT,2019-09-14 16:00:00+00:00,0.05832,2019-09-17 12:00:00+00:00,0.06189,6.121,5.921,False,17,2.83,2.829
ETCUSDT,2019-09-23 16:00:00+00:00,6.0216,2019-09-26 12:00:00+00:00,4.6027,-23.564,-23.764,False,17,2.83,2.881
ATOMUSDT,2019-09-23 16:00:00+00:00,2.755,2019-09-26 12:00:00+00:00,2.117,-23.158,-23.358,False,17,2.83,2.649
LINKUSDT,2019-09-25 00:00:00+00:00,1.7135,2019-09-25 00:00:00+00:00,1.8848500000000001,10.0,9.8,True,0,0.0,3.518
ETHUSDT,2019-09-25 00:00:00+00:00,165.72,2019-09-27 20:00:00+00:00,173.79,4.87,4.67,False,17,2.83,4.575
ETCUSDT,2019-09-25 00:00:00+00:00,4.6182,2019-09-27 20:00:00+00:00,4.6623,0.955,0.755,False,17,2.83,7.438
CHZUSDT,2019-09-26 12:00:00+00:00,0.004386,2019-09-29 08:00:00+00:00,0.004161,-5.13,-5.33,False,17,2.83,2.865
TRXUSDT,2019-09-30 12:00:00+00:00,0.01393,2019-10-03 08:00:00+00:00,0.01419,1.866,1.666,False,17,2.83,2.813
ETCUSDT,2019-09-30 12:00:00+00:00,4.6441,2019-10-03 08:00:00+00:00,4.5901,-1.163,-1.363,False,17,2.83,2.508
CHZUSDT,2019-10-04 12:00:00+00:00,0.004454,2019-10-07 08:00:00+00:00,0.004499,1.01,0.81,False,17,2.83,2.796
ADAUSDT,2019-10-07 12:00:00+00:00,0.04022,2019-10-10 08:00:00+00:00,0.04124,2.536,2.336,False,17,2.83,3.5
ENJUSDT,2019-10-12 04:00:00+00:00,0.06392,2019-10-15 00:00:00+00:00,0.06328,-1.001,-1.201,False,17,2.83,2.559
ETCUSDT,2019-10-16 08:00:00+00:00,4.6325,2019-10-19 04:00:00+00:00,4.4187,-4.615,-4.815,False,17,2.83,2.676
XLMUSDT,2019-10-17 12:00:00+00:00,0.06401,2019-10-20 08:00:00+00:00,0.06258,-2.234,-2.434,False,17,2.83,2.746
ENJUSDT,2019-10-17 20:00:00+00:00,0.05757,2019-10-20 16:00:00+00:00,0.05707,-0.869,-1.069,False,17,2.83,4.212
ATOMUSDT,2019-10-20 20:00:00+00:00,2.892,2019-10-23 16:00:00+00:00,2.665,-7.849,-8.049,False,17,2.83,3.015
XLMUSDT,2019-10-23 20:00:00+00:00,0.05894,2019-10-25 16:00:00+00:00,0.064834,10.0,9.8,True,11,1.83,2.959
CHZUSDT,2019-10-25 12:00:00+00:00,0.009237,2019-10-25 12:00:00+00:00,0.010160700000000002,10.0,9.8,True,0,0.0,2.522
LTCUSDT,2019-10-25 16:00:00+00:00,54.75,2019-10-26 00:00:00+00:00,60.225,10.0,9.8,True,2,0.33,4.236
ETCUSDT,2019-10-25 16:00:00+00:00,4.5998,2019-10-26 00:00:00+00:00,5.059780000000001,10.0,9.8,True,2,0.33,2.65
ETHUSDT,2019-10-25 16:00:00+00:00,175.66,2019-10-26 00:00:00+00:00,193.226,10.0,9.8,True,2,0.33,2.667
XLMUSDT,2019-11-01 04:00:00+00:00,0.06902,2019-11-04 00:00:00+00:00,0.06819,-1.203,-1.403,False,17,2.83,4.941
ETCUSDT,2019-11-10 20:00:00+00:00,5.0607,2019-11-13 16:00:00+00:00,4.8524,-4.116,-4.316,False,17,2.83,2.781
ETHUSDT,2019-11-15 12:00:00+00:00,183.34,2019-11-18 08:00:00+00:00,182.37,-0.529,-0.729,False,17,2.83,2.78
LTCUSDT,2019-11-15 16:00:00+00:00,57.32,2019-11-18 12:00:00+00:00,57.46,0.244,0.044,False,17,2.83,3.357
ETCUSDT,2019-11-19 08:00:00+00:00,4.3443,2019-11-22 04:00:00+00:00,4.1479,-4.521,-4.721,False,17,2.83,3.354
ATOMUSDT,2019-11-19 20:00:00+00:00,3.472,2019-11-22 16:00:00+00:00,3.001,-13.566,-13.766,False,17,2.83,3.149
ENJUSDT,2019-11-20 00:00:00+00:00,0.06534,2019-11-20 16:00:00+00:00,0.07187400000000001,10.0,9.8,True,4,0.67,4.646
ATOMUSDT,2019-11-20 04:00:00+00:00,3.485,2019-11-23 00:00:00+00:00,2.95,-15.352,-15.552,False,17,2.83,2.696
XLMUSDT,2019-11-21 16:00:00+00:00,0.05992,2019-11-24 12:00:00+00:00,0.0564,-5.874,-6.074,False,17,2.83,2.612
DOGEUSDT,2019-11-22 00:00:00+00:00,0.0024059,2019-11-24 20:00:00+00:00,0.002233,-7.186,-7.386,False,17,2.83,3.138
LINKUSDT,2019-11-22 16:00:00+00:00,2.3322,2019-11-25 12:00:00+00:00,2.3063,-1.111,-1.311,False,17,2.83,2.889
XLMUSDT,2019-11-22 16:00:00+00:00,0.05632,2019-11-23 16:00:00+00:00,0.06195200000000001,10.0,9.8,True,6,1.0,2.942
XRPUSDT,2019-11-22 16:00:00+00:00,0.23145,2019-11-25 12:00:00+00:00,0.2226,-3.824,-4.024,False,17,2.83,3.236
DOGEUSDT,2019-11-23 12:00:00+00:00,0.0023265,2019-11-26 08:00:00+00:00,0.0022629,-2.734,-2.934,False,17,2.83,2.648
CHZUSDT,2019-11-23 12:00:00+00:00,0.011021,2019-11-26 08:00:00+00:00,0.011604,5.29,5.09,False,17,2.83,6.27
DOGEUSDT,2019-12-03 04:00:00+00:00,0.00218,2019-12-06 00:00:00+00:00,0.0021515,-1.307,-1.507,False,17,2.83,4.89
LINKUSDT,2019-12-03 16:00:00+00:00,2.1789,2019-12-06 12:00:00+00:00,2.076,-4.723,-4.923,False,17,2.83,2.608
TRXUSDT,2019-12-04 16:00:00+00:00,0.01477,2019-12-07 12:00:00+00:00,0.0146,-1.151,-1.351,False,17,2.83,2.526
ATOMUSDT,2019-12-04 16:00:00+00:00,3.695,2019-12-07 12:00:00+00:00,3.855,4.33,4.13,False,17,2.83,3.426
BCHUSDT,2019-12-04 16:00:00+00:00,214.4,2019-12-07 12:00:00+00:00,213.06,-0.625,-0.825,False,17,2.83,4.546
ADAUSDT,2019-12-04 16:00:00+00:00,0.03786,2019-12-07 12:00:00+00:00,0.03838,1.373,1.173,False,17,2.83,2.786
XLMUSDT,2019-12-04 16:00:00+00:00,0.05606,2019-12-07 12:00:00+00:00,0.05571,-0.624,-0.824,False,17,2.83,3.26
LTCUSDT,2019-12-04 16:00:00+00:00,46.04,2019-12-07 12:00:00+00:00,45.59,-0.977,-1.177,False,17,2.83,3.578
ETHUSDT,2019-12-04 16:00:00+00:00,149.12,2019-12-07 12:00:00+00:00,148.28,-0.563,-0.763,False,17,2.83,3.216
ETCUSDT,2019-12-04 16:00:00+00:00,3.8315,2019-12-07 12:00:00+00:00,3.8712,1.036,0.836,False,17,2.83,4.409
XRPUSDT,2019-12-04 16:00:00+00:00,0.21975,2019-12-07 12:00:00+00:00,0.2259,2.799,2.599,False,17,2.83,3.976
ETHUSDT,2019-12-05 00:00:00+00:00,145.45,2019-12-07 20:00:00+00:00,147.14,1.162,0.962,False,17,2.83,2.511
ETCUSDT,2019-12-05 00:00:00+00:00,3.7475,2019-12-07 20:00:00+00:00,3.8603,3.01,2.81,False,17,2.83,3.564
ENJUSDT,2019-12-11 12:00:00+00:00,0.08243,2019-12-14 08:00:00+00:00,0.07779,-5.629,-5.829,False,17,2.83,2.771
ETCUSDT,2019-12-12 04:00:00+00:00,3.7486,2019-12-15 00:00:00+00:00,3.7908,1.126,0.926,False,17,2.83,3.516
XLMUSDT,2019-12-12 20:00:00+00:00,0.05232,2019-12-15 16:00:00+00:00,0.05113,-2.274,-2.474,False,17,2.83,2.932
XRPUSDT,2019-12-13 12:00:00+00:00,0.21827,2019-12-16 08:00:00+00:00,0.21233,-2.721,-2.921,False,17,2.83,2.505
CHZUSDT,2019-12-14 20:00:00+00:00,0.008052,2019-12-17 16:00:00+00:00,0.007327,-9.004,-9.204,False,17,2.83,3.106
ENJUSDT,2019-12-16 00:00:00+00:00,0.08629,2019-12-18 20:00:00+00:00,0.07718,-10.557,-10.757,False,17,2.83,3.919
ETCUSDT,2019-12-16 08:00:00+00:00,3.805,2019-12-19 04:00:00+00:00,3.6616,-3.769,-3.969,False,17,2.83,3.091
XLMUSDT,2019-12-17 00:00:00+00:00,0.04701,2019-12-19 20:00:00+00:00,0.04519,-3.872,-4.072,False,17,2.83,2.504
TRXUSDT,2019-12-17 00:00:00+00:00,0.0134,2019-12-19 20:00:00+00:00,0.01297,-3.209,-3.409,False,17,2.83,2.698
ETHUSDT,2019-12-17 00:00:00+00:00,132.72,2019-12-19 20:00:00+00:00,128.1,-3.481,-3.681,False,17,2.83,2.77
XRPUSDT,2019-12-18 00:00:00+00:00,0.1831,2019-12-20 20:00:00+00:00,0.19521,6.614,6.414,False,17,2.83,3.521
XLMUSDT,2019-12-18 00:00:00+00:00,0.04327,2019-12-18 20:00:00+00:00,0.04759700000000001,10.0,9.8,True,5,0.83,2.654
ADAUSDT,2019-12-18 16:00:00+00:00,0.0328,2019-12-21 12:00:00+00:00,0.03291,0.335,0.135,False,17,2.83,3.484
BCHUSDT,2019-12-18 16:00:00+00:00,182.38,2019-12-21 12:00:00+00:00,186.77,2.407,2.207,False,17,2.83,4.255
BNBUSDT,2019-12-18 16:00:00+00:00,13.1333,2019-12-21 12:00:00+00:00,13.3564,1.699,1.499,False,17,2.83,2.895
ETHUSDT,2019-12-18 16:00:00+00:00,127.37,2019-12-21 12:00:00+00:00,127.34,-0.024,-0.224,False,17,2.83,4.872
LINKUSDT,2019-12-18 16:00:00+00:00,1.8117,2019-12-21 12:00:00+00:00,1.8938,4.532,4.332,False,17,2.83,4.024
XRPUSDT,2019-12-18 16:00:00+00:00,0.18993,2019-12-21 12:00:00+00:00,0.1923,1.248,1.048,False,17,2.83,3.459
LTCUSDT,2019-12-18 16:00:00+00:00,39.43,2019-12-21 12:00:00+00:00,39.8,0.938,0.738,False,17,2.83,3.774
ETCUSDT,2019-12-18 16:00:00+00:00,3.608,2019-12-20 16:00:00+00:00,3.9688000000000003,10.0,9.8,True,12,2.0,4.884
XLMUSDT,2019-12-18 16:00:00+00:00,0.04534,2019-12-21 12:00:00+00:00,0.04591,1.257,1.057,False,17,2.83,2.939
DOGEUSDT,2019-12-18 20:00:00+00:00,0.001975,2019-12-19 00:00:00+00:00,0.0021725000000000004,10.0,9.8,True,1,0.17,3.197
ETCUSDT,2019-12-19 00:00:00+00:00,3.7754,2019-12-20 16:00:00+00:00,4.15294,10.0,9.8,True,10,1.67,2.935
ADAUSDT,2019-12-19 00:00:00+00:00,0.03436,2019-12-21 20:00:00+00:00,0.03303,-3.871,-4.071,False,17,2.83,2.591
CHZUSDT,2019-12-24 20:00:00+00:00,0.007685,2019-12-27 16:00:00+00:00,0.007698,0.169,-0.031,False,17,2.83,2.6
XRPUSDT,2019-12-26 20:00:00+00:00,0.19118,2019-12-29 16:00:00+00:00,0.1976,3.358,3.158,False,17,2.83,2.665
LINKUSDT,2019-12-26 20:00:00+00:00,1.9028,2019-12-29 16:00:00+00:00,1.8864,-0.862,-1.062,False,17,2.83,3.14
ETHUSDT,2019-12-26 20:00:00+00:00,128.92,2019-12-29 16:00:00+00:00,134.85,4.6,4.4,False,17,2.83,3.025
TRXUSDT,2019-12-26 20:00:00+00:00,0.01361,2019-12-29 16:00:00+00:00,0.01377,1.176,0.976,False,17,2.83,4.68
BCHUSDT,2019-12-26 20:00:00+00:00,190.76,2019-12-28 00:00:00+00:00,209.836,10.0,9.8,True,7,1.17,3.44
ADAUSDT,2019-12-27 16:00:00+00:00,0.03298,2019-12-30 12:00:00+00:00,0.03322,0.728,0.528,False,17,2.83,4.009
CHZUSDT,2019-12-28 04:00:00+00:00,0.007727,2019-12-31 00:00:00+00:00,0.006744,-12.722,-12.922,False,17,2.83,2.648
ETHUSDT,2020-01-03 08:00:00+00:00,128.86,2020-01-06 04:00:00+00:00,138.87,7.768,7.568,False,17,2.83,2.52
TRXUSDT,2020-01-03 08:00:00+00:00,0.01314,2020-01-06 04:00:00+00:00,0.0138,5.023,4.823,False,17,2.83,3.02
XRPUSDT,2020-01-03 08:00:00+00:00,0.18972,2020-01-06 04:00:00+00:00,0.19645,3.547,3.347,False,17,2.83,2.918
BCHUSDT,2020-01-03 08:00:00+00:00,206.01,2020-01-04 08:00:00+00:00,226.61100000000002,10.0,9.8,True,6,1.0,5.08
LTCUSDT,2020-01-03 08:00:00+00:00,40.44,2020-01-05 16:00:00+00:00,44.484,10.0,9.8,True,14,2.33,3.802
ENJUSDT,2020-01-08 20:00:00+00:00,0.0744,2020-01-11 16:00:00+00:00,0.0743,-0.134,-0.334,False,17,2.83,3.244
ATOMUSDT,2020-01-10 00:00:00+00:00,4.244,2020-01-12 20:00:00+00:00,4.253,0.212,0.012,False,17,2.83,6.172
LTCUSDT,2020-01-10 16:00:00+00:00,48.71,2020-01-13 12:00:00+00:00,49.34,1.293,1.093,False,17,2.83,2.933
XLMUSDT,2020-01-10 20:00:00+00:00,0.04745,2020-01-13 16:00:00+00:00,0.04798,1.117,0.917,False,17,2.83,2.533
BNBUSDT,2020-01-11 00:00:00+00:00,15.0643,2020-01-13 20:00:00+00:00,15.1736,0.726,0.526,False,17,2.83,2.797
ENJUSDT,2020-01-14 16:00:00+00:00,0.07053,2020-01-15 12:00:00+00:00,0.077583,10.0,9.8,True,5,0.83,3.194
LTCUSDT,2020-01-24 04:00:00+00:00,52.61,2020-01-27 00:00:00+00:00,56.43,7.261,7.061,False,17,2.83,2.696
LTCUSDT,2020-01-24 12:00:00+00:00,53.9,2020-01-27 08:00:00+00:00,57.97,7.551,7.351,False,17,2.83,2.623
BCHUSDT,2020-01-24 12:00:00+00:00,319.95,2020-01-27 00:00:00+00:00,351.945,10.0,9.8,True,15,2.5,2.815
ATOMUSDT,2020-02-04 12:00:00+00:00,4.064,2020-02-06 04:00:00+00:00,4.470400000000001,10.0,9.8,True,10,1.67,4.39
BCHUSDT,2020-02-17 08:00:00+00:00,383.81,2020-02-18 20:00:00+00:00,422.19100000000003,10.0,9.8,True,9,1.5,2.664
BCHUSDT,2020-02-17 16:00:00+00:00,405.48,2020-02-20 16:00:00+00:00,364.09,-10.208,-10.408,False,17,2.83,2.544
ATOMUSDT,2020-02-17 16:00:00+00:00,4.134,2020-02-19 08:00:00+00:00,4.5474000000000006,10.0,9.8,True,10,1.67,3.276
ENJUSDT,2020-02-18 00:00:00+00:00,0.13695,2020-02-19 04:00:00+00:00,0.150645,10.0,9.8,True,7,1.17,9.687
CHZUSDT,2020-02-24 12:00:00+00:00,0.013889,2020-02-27 08:00:00+00:00,0.010815,-22.133,-22.333,False,17,2.83,8.608
CHZUSDT,2020-02-24 20:00:00+00:00,0.012996,2020-02-27 16:00:00+00:00,0.011051,-14.966,-15.166,False,17,2.83,2.892
ENJUSDT,2020-02-25 20:00:00+00:00,0.1107,2020-02-28 16:00:00+00:00,0.09897,-10.596,-10.796,False,17,2.83,3.494
DOGEUSDT,2020-02-25 20:00:00+00:00,0.00251,2020-02-28 16:00:00+00:00,0.0022507,-10.331,-10.531,False,17,2.83,2.533
ETCUSDT,2020-02-26 04:00:00+00:00,8.7542,2020-02-29 00:00:00+00:00,7.5175,-14.127,-14.327,False,17,2.83,3.911
BCHUSDT,2020-02-26 12:00:00+00:00,319.27,2020-02-29 08:00:00+00:00,315.14,-1.294,-1.494,False,17,2.83,2.598
DOGEUSDT,2020-02-26 12:00:00+00:00,0.0023749,2020-02-29 08:00:00+00:00,0.0022876,-3.676,-3.876,False,17,2.83,3.125
LINKUSDT,2020-02-26 16:00:00+00:00,3.5257,2020-02-27 16:00:00+00:00,3.8782700000000006,10.0,9.8,True,6,1.0,3.508
XLMUSDT,2020-02-26 16:00:00+00:00,0.05901,2020-02-29 12:00:00+00:00,0.05789,-1.898,-2.098,False,17,2.83,3.348
ENJUSDT,2020-02-26 20:00:00+00:00,0.09925,2020-02-28 00:00:00+00:00,0.10917500000000001,10.0,9.8,True,7,1.17,2.517
LINKUSDT,2020-03-08 20:00:00+00:00,4.3905,2020-03-11 16:00:00+00:00,3.7728,-14.069,-14.269,False,17,2.83,4.019
XLMUSDT,2020-03-08 20:00:00+00:00,0.05253,2020-03-11 16:00:00+00:00,0.04943,-5.901,-6.101,False,17,2.83,3.618
ETCUSDT,2020-03-09 08:00:00+00:00,6.7248,2020-03-12 04:00:00+00:00,6.0815,-9.566,-9.766,False,17,2.83,3.081
BCHUSDT,2020-03-09 08:00:00+00:00,274.51,2020-03-12 04:00:00+00:00,242.09,-11.81,-12.01,False,17,2.83,2.936
ETCUSDT,2020-03-09 16:00:00+00:00,6.6391,2020-03-12 12:00:00+00:00,4.6791,-29.522,-29.722,False,17,2.83,3.017
LINKUSDT,2020-03-09 20:00:00+00:00,4.0,2020-03-12 16:00:00+00:00,2.5796,-35.51,-35.71,False,17,2.83,2.705
ATOMUSDT,2020-03-10 12:00:00+00:00,3.071,2020-03-13 08:00:00+00:00,1.725,-43.829,-44.029,False,17,2.83,2.548
ADAUSDT,2020-03-12 16:00:00+00:00,0.02962,2020-03-15 12:00:00+00:00,0.02658,-10.263,-10.463,False,17,2.83,3.295
LINKUSDT,2020-03-12 16:00:00+00:00,2.5663,2020-03-15 12:00:00+00:00,2.146,-16.378,-16.578,False,17,2.83,3.684
XRPUSDT,2020-03-12 16:00:00+00:00,0.16536,2020-03-15 12:00:00+00:00,0.15263,-7.698,-7.898,False,17,2.83,4.849
XLMUSDT,2020-03-12 16:00:00+00:00,0.03877,2020-03-15 12:00:00+00:00,0.03798,-2.038,-2.238,False,17,2.83,3.673
TRXUSDT,2020-03-12 16:00:00+00:00,0.01066,2020-03-15 12:00:00+00:00,0.01005,-5.722,-5.922,False,17,2.83,4.566
ETCUSDT,2020-03-12 16:00:00+00:00,4.6866,2020-03-13 12:00:00+00:00,5.155260000000001,10.0,9.8,True,5,0.83,4.217
ETHUSDT,2020-03-12 16:00:00+00:00,141.11,2020-03-15 12:00:00+00:00,124.0,-12.125,-12.325,False,17,2.83,3.552
DOGEUSDT,2020-03-12 16:00:00+00:00,0.0017807,2020-03-15 12:00:00+00:00,0.0016935,-4.897,-5.097,False,17,2.83,4.08
ENJUSDT,2020-03-12 16:00:00+00:00,0.05797,2020-03-15 12:00:00+00:00,0.05205,-10.212,-10.412,False,17,2.83,2.704
BNBUSDT,2020-03-12 16:00:00+00:00,12.1211,2020-03-15 12:00:00+00:00,10.4346,-13.914,-14.114,False,17,2.83,3.301
LTCUSDT,2020-03-12 16:00:00+00:00,35.28,2020-03-13 12:00:00+00:00,38.80800000000001,10.0,9.8,True,5,0.83,3.121
CHZUSDT,2020-03-12 16:00:00+00:00,0.007023,2020-03-15 12:00:00+00:00,0.005778,-17.727,-17.927,False,17,2.83,29.563
BCHUSDT,2020-03-12 16:00:00+00:00,179.41,2020-03-15 12:00:00+00:00,172.71,-3.734,-3.934,False,17,2.83,4.264
XRPUSDT,2020-03-13 00:00:00+00:00,0.13536,2020-03-13 00:00:00+00:00,0.14889600000000003,10.0,9.8,True,0,0.0,2.648
BCHUSDT,2020-03-13 04:00:00+00:00,160.37,2020-03-13 08:00:00+00:00,176.407,10.0,9.8,True,1,0.17,6.007
ETHUSDT,2020-03-13 04:00:00+00:00,124.17,2020-03-13 12:00:00+00:00,136.58700000000002,10.0,9.8,True,2,0.33,4.468
TRXUSDT,2020-03-13 04:00:00+00:00,0.00948,2020-03-13 12:00:00+00:00,0.010428000000000002,10.0,9.8,True,2,0.33,7.156
LTCUSDT,2020-03-13 04:00:00+00:00,32.23,2020-03-13 08:00:00+00:00,35.453,10.0,9.8,True,1,0.17,5.257
ADAUSDT,2020-03-13 04:00:00+00:00,0.02446,2020-03-13 08:00:00+00:00,0.026906000000000003,10.0,9.8,True,1,0.17,4.735
XLMUSDT,2020-03-13 04:00:00+00:00,0.03407,2020-03-13 08:00:00+00:00,0.037477,10.0,9.8,True,1,0.17,3.948
CHZUSDT,2020-03-30 12:00:00+00:00,0.006489,2020-04-02 08:00:00+00:00,0.006615,1.942,1.742,False,17,2.83,3.572
DOGEUSDT,2020-04-02 00:00:00+00:00,0.0018637,2020-04-04 20:00:00+00:00,0.0018697,0.322,0.122,False,17,2.83,3.272
DOGEUSDT,2020-04-06 08:00:00+00:00,0.0018999,2020-04-09 04:00:00+00:00,0.0020031,5.432,5.232,False,17,2.83,3.441
XLMUSDT,2020-04-16 08:00:00+00:00,0.04769,2020-04-19 04:00:00+00:00,0.04964,4.089,3.889,False,17,2.83,2.961
CHZUSDT,2020-04-16 12:00:00+00:00,0.006689,2020-04-17 04:00:00+00:00,0.0073579000000000006,10.0,9.8,True,4,0.67,2.841
XRPUSDT,2020-04-16 12:00:00+00:00,0.18911,2020-04-19 08:00:00+00:00,0.19252,1.803,1.603,False,17,2.83,2.681
LINKUSDT,2020-05-04 16:00:00+00:00,3.7744,2020-05-07 12:00:00+00:00,3.6118,-4.308,-4.508,False,17,2.83,3.472
ADAUSDT,2020-05-04 16:00:00+00:00,0.04999,2020-05-07 12:00:00+00:00,0.04941,-1.16,-1.36,False,17,2.83,2.876
LINKUSDT,2020-05-07 20:00:00+00:00,3.7717,2020-05-09 08:00:00+00:00,4.1488700000000005,10.0,9.8,True,9,1.5,3.676
ADAUSDT,2020-05-11 20:00:00+00:00,0.04783,2020-05-14 16:00:00+00:00,0.05145,7.568,7.368,False,17,2.83,2.572
DOGEUSDT,2020-05-25 12:00:00+00:00,0.0024862,2020-05-28 08:00:00+00:00,0.0025063,0.808,0.608,False,17,2.83,2.732
ENJUSDT,2020-06-09 00:00:00+00:00,0.2054,2020-06-11 20:00:00+00:00,0.18555,-9.664,-9.864,False,17,2.83,4.932
LINKUSDT,2020-06-12 00:00:00+00:00,3.953,2020-06-14 20:00:00+00:00,3.9371,-0.402,-0.602,False,17,2.83,3.067
DOGEUSDT,2020-06-12 20:00:00+00:00,0.0025018,2020-06-15 16:00:00+00:00,0.0024629,-1.555,-1.755,False,17,2.83,3.528
XLMUSDT,2020-06-15 08:00:00+00:00,0.06832,2020-06-18 04:00:00+00:00,0.07154,4.713,4.513,False,17,2.83,3.053
ENJUSDT,2020-06-15 08:00:00+00:00,0.16977,2020-06-18 04:00:00+00:00,0.17675,4.111,3.911,False,17,2.83,2.875
LINKUSDT,2020-06-15 08:00:00+00:00,3.7892,2020-06-17 20:00:00+00:00,4.16812,10.0,9.8,True,15,2.5,2.844
ENJUSDT,2020-06-16 08:00:00+00:00,0.18425,2020-06-19 04:00:00+00:00,0.17365,-5.753,-5.953,False,17,2.83,2.506
ENJUSDT,2020-06-18 20:00:00+00:00,0.1826,2020-06-21 16:00:00+00:00,0.17419,-4.606,-4.806,False,17,2.83,2.829
XRPUSDT,2020-06-26 16:00:00+00:00,0.18284,2020-06-29 12:00:00+00:00,0.17701,-3.189,-3.389,False,17,2.83,2.963
ATOMUSDT,2020-06-28 00:00:00+00:00,2.429,2020-06-29 20:00:00+00:00,2.6719,10.0,9.8,True,11,1.83,7.597
ETCUSDT,2020-06-28 00:00:00+00:00,5.588,2020-06-30 20:00:00+00:00,5.7284,2.513,2.313,False,17,2.83,3.985
DOGEUSDT,2020-06-28 20:00:00+00:00,0.0023176,2020-07-01 16:00:00+00:00,0.0023273,0.419,0.219,False,17,2.83,2.982
ETHUSDT,2020-07-16 08:00:00+00:00,232.59,2020-07-19 04:00:00+00:00,234.6,0.864,0.664,False,17,2.83,2.571
ETCUSDT,2020-07-16 08:00:00+00:00,6.0539,2020-07-19 04:00:00+00:00,6.0135,-0.667,-0.867,False,17,2.83,2.952
ENJUSDT,2020-07-17 00:00:00+00:00,0.19178,2020-07-17 16:00:00+00:00,0.21095800000000003,10.0,9.8,True,4,0.67,3.587
DOGEUSDT,2020-07-18 04:00:00+00:00,0.0034102,2020-07-19 00:00:00+00:00,0.0037512200000000004,10.0,9.8,True,5,0.83,12.318
CHZUSDT,2020-07-26 12:00:00+00:00,0.011964,2020-07-29 08:00:00+00:00,0.01233,3.059,2.859,False,17,2.83,3.986
LINKUSDT,2020-07-26 12:00:00+00:00,7.4157,2020-07-29 08:00:00+00:00,7.184,-3.124,-3.324,False,17,2.83,2.612
ENJUSDT,2020-07-27 08:00:00+00:00,0.16954,2020-07-30 04:00:00+00:00,0.17651,4.111,3.911,False,17,2.83,3.093
CHZUSDT,2020-07-27 20:00:00+00:00,0.011671,2020-07-30 08:00:00+00:00,0.012838100000000002,10.0,9.8,True,15,2.5,4.693
BCHUSDT,2020-08-06 16:00:00+00:00,314.29,2020-08-09 12:00:00+00:00,296.25,-5.74,-5.94,False,17,2.83,3.558
TRXUSDT,2020-08-13 20:00:00+00:00,0.02255,2020-08-14 12:00:00+00:00,0.024805000000000004,10.0,9.8,True,4,0.67,4.001
MANAUSDT,2020-08-27 04:00:00+00:00,0.0931,2020-08-28 04:00:00+00:00,0.10241000000000001,10.0,9.8,True,6,1.0,4.721
SOLUSDT,2020-09-03 12:00:00+00:00,4.1083,2020-09-06 08:00:00+00:00,2.9485,-28.231,-28.431,False,17,2.83,2.563
DOTUSDT,2020-09-03 16:00:00+00:00,6.1149,2020-09-06 12:00:00+00:00,4.5475,-25.632,-25.832,False,17,2.83,3.053
MANAUSDT,2020-09-06 12:00:00+00:00,0.07866,2020-09-09 08:00:00+00:00,0.07536,-4.195,-4.395,False,17,2.83,4.574
BNBUSDT,2020-09-06 12:00:00+00:00,22.2865,2020-09-09 08:00:00+00:00,23.6386,6.067,5.867,False,17,2.83,3.606
SOLUSDT,2020-09-09 16:00:00+00:00,3.4559,2020-09-10 04:00:00+00:00,3.8014900000000007,10.0,9.8,True,3,0.5,9.665
TRXUSDT,2020-09-16 16:00:00+00:00,0.02755,2020-09-19 12:00:00+00:00,0.02828,2.65,2.45,False,17,2.83,6.139
DOTUSDT,2020-09-20 20:00:00+00:00,4.6452,2020-09-23 16:00:00+00:00,4.0172,-13.519,-13.719,False,17,2.83,2.665
XRPUSDT,2020-09-21 04:00:00+00:00,0.24654,2020-09-24 00:00:00+00:00,0.22355,-9.325,-9.525,False,17,2.83,2.713
CHZUSDT,2020-09-22 16:00:00+00:00,0.011308,2020-09-25 12:00:00+00:00,0.011178,-1.15,-1.35,False,17,2.83,2.754
ENJUSDT,2020-09-22 16:00:00+00:00,0.15186,2020-09-25 12:00:00+00:00,0.15732,3.595,3.395,False,17,2.83,2.571
SANDUSDT,2020-09-22 20:00:00+00:00,0.04185,2020-09-23 00:00:00+00:00,0.046035,10.0,9.8,True,1,0.17,2.579
MANAUSDT,2020-09-23 00:00:00+00:00,0.07285,2020-09-25 20:00:00+00:00,0.07648,4.983,4.783,False,17,2.83,3.688
LINKUSDT,2020-09-24 00:00:00+00:00,7.6404,2020-09-24 00:00:00+00:00,8.404440000000001,10.0,9.8,True,0,0.0,3.254
XLMUSDT,2020-09-24 00:00:00+00:00,0.0674,2020-09-25 12:00:00+00:00,0.07414000000000001,10.0,9.8,True,9,1.5,2.555
DOGEUSDT,2020-10-02 16:00:00+00:00,0.0025729,2020-10-05 12:00:00+00:00,0.0026165,1.695,1.495,False,17,2.83,3.579
UNIUSDT,2020-10-06 16:00:00+00:00,3.0841,2020-10-08 20:00:00+00:00,3.39251,10.0,9.8,True,13,2.17,2.763
SOLUSDT,2020-10-07 20:00:00+00:00,2.3275,2020-10-09 08:00:00+00:00,2.5602500000000004,10.0,9.8,True,9,1.5,2.52
UNIUSDT,2020-10-08 16:00:00+00:00,3.2848,2020-10-10 00:00:00+00:00,3.6132800000000005,10.0,9.8,True,8,1.33,2.753
LINKUSDT,2020-10-08 16:00:00+00:00,9.2429,2020-10-09 08:00:00+00:00,10.167190000000002,10.0,9.8,True,4,0.67,2.59
ADAUSDT,2020-10-08 16:00:00+00:00,0.09634,2020-10-10 00:00:00+00:00,0.105974,10.0,9.8,True,8,1.33,2.58
AVAXUSDT,2020-10-08 16:00:00+00:00,3.8468,2020-10-09 12:00:00+00:00,4.23148,10.0,9.8,True,5,0.83,2.567
ETHUSDT,2020-10-08 16:00:00+00:00,349.19,2020-10-11 12:00:00+00:00,375.13,7.429,7.229,False,17,2.83,2.615
SOLUSDT,2020-10-08 16:00:00+00:00,2.425,2020-10-11 12:00:00+00:00,2.4174,-0.313,-0.513,False,17,2.83,2.898
MANAUSDT,2020-10-12 16:00:00+00:00,0.07859,2020-10-15 12:00:00+00:00,0.07456,-5.128,-5.328,False,17,2.83,3.082
ETHUSDT,2020-10-12 16:00:00+00:00,385.57,2020-10-15 12:00:00+00:00,376.62,-2.321,-2.521,False,17,2.83,3.044
UNIUSDT,2020-10-16 08:00:00+00:00,3.1952,2020-10-19 04:00:00+00:00,3.1951,-0.003,-0.203,False,17,2.83,4.657
SOLUSDT,2020-10-16 20:00:00+00:00,2.1516,2020-10-19 16:00:00+00:00,2.0947,-2.645,-2.845,False,17,2.83,2.974
DOGEUSDT,2020-10-17 00:00:00+00:00,0.0026029,2020-10-19 20:00:00+00:00,0.0025921,-0.415,-0.615,False,17,2.83,2.89
AAVEUSDT,2020-10-20 12:00:00+00:00,34.641,2020-10-22 16:00:00+00:00,38.1051,10.0,9.8,True,13,2.17,2.769
MANAUSDT,2020-10-20 16:00:00+00:00,0.07162,2020-10-23 12:00:00+00:00,0.07347,2.583,2.383,False,17,2.83,9.76
SOLUSDT,2020-10-20 16:00:00+00:00,1.8969,2020-10-21 12:00:00+00:00,2.08659,10.0,9.8,True,5,0.83,3.574
ETCUSDT,2020-10-21 08:00:00+00:00,5.188,2020-10-22 16:00:00+00:00,5.7068,10.0,9.8,True,8,1.33,2.524
SOLUSDT,2020-10-21 16:00:00+00:00,1.989,2020-10-24 12:00:00+00:00,1.9316,-2.886,-3.086,False,17,2.83,5.392
FILUSDT,2020-10-24 00:00:00+00:00,23.8806,2020-10-24 16:00:00+00:00,26.268660000000004,10.0,9.8,True,4,0.67,2.845
UNIUSDT,2020-10-26 20:00:00+00:00,2.6585,2020-10-29 16:00:00+00:00,2.5222,-5.127,-5.327,False,17,2.83,2.873
SOLUSDT,2020-10-27 12:00:00+00:00,1.6861,2020-10-30 08:00:00+00:00,1.3791,-18.208,-18.408,False,17,2.83,4.096
AAVEUSDT,2020-10-27 16:00:00+00:00,36.876,2020-10-30 12:00:00+00:00,31.318,-15.072,-15.272,False,17,2.83,4.688
CHZUSDT,2020-10-27 20:00:00+00:00,0.010297,2020-10-30 16:00:00+00:00,0.009425,-8.468,-8.668,False,17,2.83,2.59
NEARUSDT,2020-10-29 16:00:00+00:00,0.7137,2020-11-01 12:00:00+00:00,0.6117,-14.292,-14.492,False,17,2.83,2.56
ETCUSDT,2020-10-29 16:00:00+00:00,5.4768,2020-11-01 12:00:00+00:00,5.2124,-4.828,-5.028,False,17,2.83,4.661
SANDUSDT,2020-10-29 16:00:00+00:00,0.037183,2020-11-01 12:00:00+00:00,0.035354,-4.919,-5.119,False,17,2.83,2.519
TRXUSDT,2020-10-31 12:00:00+00:00,0.02604,2020-11-03 08:00:00+00:00,0.02391,-8.18,-8.38,False,17,2.83,3.321
AAVEUSDT,2020-11-02 04:00:00+00:00,32.632,2020-11-05 00:00:00+00:00,27.505,-15.712,-15.912,False,17,2.83,3.101
AVAXUSDT,2020-11-03 08:00:00+00:00,3.4034,2020-11-06 04:00:00+00:00,3.4564,1.557,1.357,False,17,2.83,2.932
BCHUSDT,2020-11-03 08:00:00+00:00,240.94,2020-11-06 04:00:00+00:00,254.36,5.57,5.37,False,17,2.83,2.511
XRPUSDT,2020-11-03 12:00:00+00:00,0.23945,2020-11-06 08:00:00+00:00,0.25916,8.231,8.031,False,17,2.83,3.306
BCHUSDT,2020-11-03 16:00:00+00:00,239.13,2020-11-06 12:00:00+00:00,253.5,6.009,5.809,False,17,2.83,2.609
SANDUSDT,2020-11-04 04:00:00+00:00,0.030308,2020-11-05 00:00:00+00:00,0.0333388,10.0,9.8,True,5,0.83,2.666
SANDUSDT,2020-11-04 20:00:00+00:00,0.031301,2020-11-05 00:00:00+00:00,0.034431100000000006,10.0,9.8,True,1,0.17,3.151
UNIUSDT,2020-11-04 20:00:00+00:00,1.9598,2020-11-05 12:00:00+00:00,2.15578,10.0,9.8,True,4,0.67,3.025
SOLUSDT,2020-11-04 20:00:00+00:00,1.392,2020-11-06 00:00:00+00:00,1.5312000000000001,10.0,9.8,True,7,1.17,4.904
ETHUSDT,2020-11-04 20:00:00+00:00,402.5,2020-11-06 08:00:00+00:00,442.75000000000006,10.0,9.8,True,9,1.5,4.376
DOTUSDT,2020-11-04 20:00:00+00:00,4.0968,2020-11-06 12:00:00+00:00,4.506480000000001,10.0,9.8,True,10,1.67,3.297
SANDUSDT,2020-11-05 04:00:00+00:00,0.034645,2020-11-06 12:00:00+00:00,0.038109500000000004,10.0,9.8,True,8,1.33,4.54
UNIUSDT,2020-11-05 16:00:00+00:00,2.3009,2020-11-06 08:00:00+00:00,2.53099,10.0,9.8,True,4,0.67,10.096
AAVEUSDT,2020-11-05 16:00:00+00:00,29.806,2020-11-05 16:00:00+00:00,32.78660000000001,10.0,9.8,True,0,0.0,5.293
AVAXUSDT,2020-11-05 16:00:00+00:00,3.2695,2020-11-06 08:00:00+00:00,3.59645,10.0,9.8,True,4,0.67,2.633
FILUSDT,2020-11-17 08:00:00+00:00,28.5247,2020-11-20 04:00:00+00:00,28.8913,1.285,1.085,False,17,2.83,3.184
AAVEUSDT,2020-11-26 12:00:00+00:00,61.844,2020-11-27 00:00:00+00:00,68.0284,10.0,9.8,True,3,0.5,2.847
AXSUSDT,2020-11-28 12:00:00+00:00,0.41658,2020-11-29 04:00:00+00:00,0.45823800000000003,10.0,9.8,True,4,0.67,3.43
AXSUSDT,2020-12-02 20:00:00+00:00,0.48677,2020-12-03 00:00:00+00:00,0.535447,10.0,9.8,True,1,0.17,2.765
AVAXUSDT,2020-12-08 00:00:00+00:00,3.3896,2020-12-10 20:00:00+00:00,3.1499,-7.072,-7.272,False,17,2.83,2.882
AVAXUSDT,2020-12-08 16:00:00+00:00,3.1429,2020-12-11 12:00:00+00:00,3.27,4.044,3.844,False,17,2.83,4.871
ATOMUSDT,2020-12-09 04:00:00+00:00,4.795,2020-12-12 00:00:00+00:00,4.828,0.688,0.488,False,17,2.83,3.155
XRPUSDT,2020-12-09 12:00:00+00:00,0.54951,2020-12-09 20:00:00+00:00,0.6044610000000001,10.0,9.8,True,2,0.33,3.06
ETHUSDT,2020-12-09 12:00:00+00:00,561.89,2020-12-12 08:00:00+00:00,559.49,-0.427,-0.627,False,17,2.83,2.508
XLMUSDT,2020-12-09 12:00:00+00:00,0.15724,2020-12-09 20:00:00+00:00,0.172964,10.0,9.8,True,2,0.33,3.988
ADAUSDT,2020-12-09 12:00:00+00:00,0.14152,2020-12-12 08:00:00+00:00,0.14582,3.038,2.838,False,17,2.83,2.949
ETCUSDT,2020-12-09 12:00:00+00:00,5.9824,2020-12-12 08:00:00+00:00,5.9711,-0.189,-0.389,False,17,2.83,5.214
SOLUSDT,2020-12-09 12:00:00+00:00,1.6293,2020-12-12 08:00:00+00:00,1.5327,-5.929,-6.129,False,17,2.83,3.347
AVAXUSDT,2020-12-09 20:00:00+00:00,3.3242,2020-12-12 16:00:00+00:00,3.3318,0.229,0.029,False,17,2.83,5.893
XLMUSDT,2020-12-10 00:00:00+00:00,0.17201,2020-12-12 20:00:00+00:00,0.15888,-7.633,-7.833,False,17,2.83,3.151
ATOMUSDT,2020-12-11 20:00:00+00:00,4.79,2020-12-13 00:00:00+00:00,5.269,10.0,9.8,True,7,1.17,3.334
AVAXUSDT,2020-12-16 00:00:00+00:00,3.3012,2020-12-18 20:00:00+00:00,3.4081,3.238,3.038,False,17,2.83,3.229
ETCUSDT,2020-12-16 16:00:00+00:00,6.3437,2020-12-19 12:00:00+00:00,6.4817,2.175,1.975,False,17,2.83,4.822
LINKUSDT,2020-12-16 16:00:00+00:00,13.1959,2020-12-19 12:00:00+00:00,13.7821,4.442,4.242,False,17,2.83,3.213
XLMUSDT,2020-12-16 16:00:00+00:00,0.17808,2020-12-17 00:00:00+00:00,0.195888,10.0,9.8,True,2,0.33,3.362
XRPUSDT,2020-12-16 16:00:00+00:00,0.50307,2020-12-16 20:00:00+00:00,0.5533770000000001,10.0,9.8,True,1,0.17,3.604
XRPUSDT,2020-12-17 00:00:00+00:00,0.56938,2020-12-17 16:00:00+00:00,0.626318,10.0,9.8,True,4,0.67,2.537
FILUSDT,2020-12-22 08:00:00+00:00,24.6598,2020-12-25 04:00:00+00:00,24.0512,-2.468,-2.668,False,17,2.83,2.632
SOLUSDT,2020-12-22 12:00:00+00:00,1.5182,2020-12-25 08:00:00+00:00,1.4087,-7.212,-7.412,False,17,2.83,2.534
AVAXUSDT,2020-12-23 12:00:00+00:00,3.1581,2020-12-26 08:00:00+00:00,2.9216,-7.489,-7.689,False,17,2.83,16.235
XLMUSDT,2020-12-23 16:00:00+00:00,0.13991,2020-12-24 08:00:00+00:00,0.153901,10.0,9.8,True,4,0.67,4.156
MANAUSDT,2020-12-24 00:00:00+00:00,0.07438,2020-12-25 08:00:00+00:00,0.081818,10.0,9.8,True,8,1.33,3.35
AXSUSDT,2020-12-24 00:00:00+00:00,0.53306,2020-12-24 12:00:00+00:00,0.586366,10.0,9.8,True,3,0.5,3.145
AAVEUSDT,2020-12-24 00:00:00+00:00,75.771,2020-12-26 20:00:00+00:00,75.055,-0.945,-1.145,False,17,2.83,3.304
XLMUSDT,2020-12-24 00:00:00+00:00,0.12679,2020-12-24 00:00:00+00:00,0.13946900000000004,10.0,9.8,True,0,0.0,4.443
ADAUSDT,2020-12-24 00:00:00+00:00,0.13631,2020-12-24 12:00:00+00:00,0.149941,10.0,9.8,True,3,0.5,3.162
ENJUSDT,2020-12-24 00:00:00+00:00,0.12203,2020-12-24 12:00:00+00:00,0.13423300000000002,10.0,9.8,True,3,0.5,2.659
AXSUSDT,2020-12-24 16:00:00+00:00,0.60504,2020-12-25 00:00:00+00:00,0.665544,10.0,9.8,True,2,0.33,2.736
SANDUSDT,2020-12-27 16:00:00+00:00,0.040959,2020-12-30 12:00:00+00:00,0.036197,-11.626,-11.826,False,17,2.83,2.683
SOLUSDT,2020-12-27 16:00:00+00:00,1.4012,2020-12-29 00:00:00+00:00,1.54132,10.0,9.8,True,8,1.33,3.366
XRPUSDT,2020-12-29 20:00:00+00:00,0.22143,2021-01-01 04:00:00+00:00,0.243573,10.0,9.8,True,14,2.33,4.538
FILUSDT,2020-12-30 04:00:00+00:00,21.4934,2020-12-31 16:00:00+00:00,23.642740000000003,10.0,9.8,True,9,1.5,2.639
MANAUSDT,2021-01-01 04:00:00+00:00,0.08217,2021-01-04 00:00:00+00:00,0.08233,0.195,-0.005,False,17,2.83,5.11
AXSUSDT,2021-01-01 16:00:00+00:00,0.56557,2021-01-01 20:00:00+00:00,0.6221270000000001,10.0,9.8,True,1,0.17,3.083
AXSUSDT,2021-01-02 00:00:00+00:00,0.59309,2021-01-04 20:00:00+00:00,0.56082,-5.441,-5.641,False,17,2.83,7.127
ETHUSDT,2021-01-02 16:00:00+00:00,768.45,2021-01-03 12:00:00+00:00,845.2950000000001,10.0,9.8,True,5,0.83,3.198
CHZUSDT,2021-01-03 20:00:00+00:00,0.019547,2021-01-06 08:00:00+00:00,0.0215017,10.0,9.8,True,15,2.5,3.481
ETCUSDT,2021-01-09 20:00:00+00:00,7.893,2021-01-10 04:00:00+00:00,8.6823,10.0,9.8,True,2,0.33,3.536
DOGEUSDT,2021-01-11 20:00:00+00:00,0.0076791,2021-01-11 20:00:00+00:00,0.008447010000000001,10.0,9.8,True,0,0.0,2.543
XLMUSDT,2021-01-22 04:00:00+00:00,0.25762,2021-01-25 00:00:00+00:00,0.27652,7.336,7.136,False,17,2.83,2.728
FILUSDT,2021-01-22 04:00:00+00:00,22.8231,2021-01-25 00:00:00+00:00,22.8129,-0.045,-0.245,False,17,2.83,4.076
SOLUSDT,2021-01-22 04:00:00+00:00,3.1586,2021-01-22 16:00:00+00:00,3.47446,10.0,9.8,True,3,0.5,3.018
ADAUSDT,2021-01-22 04:00:00+00:00,0.32367,2021-01-22 16:00:00+00:00,0.35603700000000005,10.0,9.8,True,3,0.5,3.12
CHZUSDT,2021-01-26 12:00:00+00:00,0.019984,2021-01-29 08:00:00+00:00,0.020168,0.921,0.721,False,17,2.83,2.882
SANDUSDT,2021-01-27 20:00:00+00:00,0.083764,2021-01-29 00:00:00+00:00,0.09214040000000001,10.0,9.8,True,7,1.17,4.41
DOGEUSDT,2021-01-28 08:00:00+00:00,0.0108178,2021-01-28 08:00:00+00:00,0.011899580000000002,10.0,9.8,True,0,0.0,111.792
ATOMUSDT,2021-01-28 12:00:00+00:00,8.381,2021-01-31 08:00:00+00:00,8.598,2.589,2.389,False,17,2.83,4.145
XLMUSDT,2021-01-28 16:00:00+00:00,0.26828,2021-01-28 20:00:00+00:00,0.29510800000000004,10.0,9.8,True,1,0.17,3.687
SANDUSDT,2021-02-02 04:00:00+00:00,0.083204,2021-02-02 08:00:00+00:00,0.0915244,10.0,9.8,True,1,0.17,2.744
SANDUSDT,2021-02-02 12:00:00+00:00,0.090013,2021-02-02 20:00:00+00:00,0.0990143,10.0,9.8,True,2,0.33,5.144
DOGEUSDT,2021-02-04 08:00:00+00:00,0.0510032,2021-02-04 08:00:00+00:00,0.056103520000000004,10.0,9.8,True,0,0.0,2.568
DOGEUSDT,2021-02-18 20:00:00+00:00,0.0587534,2021-02-21 16:00:00+00:00,0.0547652,-6.788,-6.988,False,17,2.83,5.162
NEARUSDT,2021-02-22 16:00:00+00:00,3.4978,2021-02-25 08:00:00+00:00,3.8475800000000002,10.0,9.8,True,16,2.67,4.616
AXSUSDT,2021-02-22 20:00:00+00:00,1.66082,2021-02-25 16:00:00+00:00,1.55928,-6.114,-6.314,False,17,2.83,10.932
MANAUSDT,2021-02-23 00:00:00+00:00,0.27178,2021-02-25 20:00:00+00:00,0.25613,-5.758,-5.958,False,17,2.83,2.642
ATOMUSDT,2021-02-23 04:00:00+00:00,20.667,2021-02-26 00:00:00+00:00,17.482,-15.411,-15.611,False,17,2.83,2.918
NEARUSDT,2021-02-23 08:00:00+00:00,3.253,2021-02-24 20:00:00+00:00,3.5783000000000005,10.0,9.8,True,9,1.5,2.717
CHZUSDT,2021-02-24 08:00:00+00:00,0.048881,2021-02-24 12:00:00+00:00,0.05376910000000001,10.0,9.8,True,1,0.17,6.017
ADAUSDT,2021-03-13 16:00:00+00:00,1.11829,2021-03-16 12:00:00+00:00,1.09154,-2.392,-2.592,False,17,2.83,2.745
XRPUSDT,2021-03-16 08:00:00+00:00,0.48,2021-03-19 04:00:00+00:00,0.46969,-2.148,-2.348,False,17,2.83,6.537
XLMUSDT,2021-03-16 08:00:00+00:00,0.39926,2021-03-19 04:00:00+00:00,0.39784,-0.356,-0.556,False,17,2.83,3.084
ADAUSDT,2021-03-16 20:00:00+00:00,1.22626,2021-03-17 20:00:00+00:00,1.348886,10.0,9.8,True,6,1.0,10.411
UNIUSDT,2021-03-17 04:00:00+00:00,30.5863,2021-03-19 16:00:00+00:00,33.64493,10.0,9.8,True,15,2.5,2.709
CHZUSDT,2021-03-17 16:00:00+00:00,0.59107,2021-03-18 12:00:00+00:00,0.650177,10.0,9.8,True,5,0.83,3.165
MANAUSDT,2021-03-17 16:00:00+00:00,0.99364,2021-03-20 12:00:00+00:00,0.96325,-3.058,-3.258,False,17,2.83,2.76
SANDUSDT,2021-03-22 12:00:00+00:00,0.611728,2021-03-25 08:00:00+00:00,0.574209,-6.133,-6.333,False,17,2.83,3.28
ETCUSDT,2021-03-23 04:00:00+00:00,12.3642,2021-03-26 00:00:00+00:00,11.3078,-8.544,-8.744,False,17,2.83,2.992
FILUSDT,2021-03-23 16:00:00+00:00,83.8,2021-03-24 12:00:00+00:00,92.18,10.0,9.8,True,5,0.83,3.508
ENJUSDT,2021-03-24 04:00:00+00:00,2.33977,2021-03-27 00:00:00+00:00,2.32515,-0.625,-0.825,False,17,2.83,2.586
AXSUSDT,2021-03-24 20:00:00+00:00,4.2401,2021-03-27 00:00:00+00:00,4.66411,10.0,9.8,True,13,2.17,2.899
DOTUSDT,2021-03-25 04:00:00+00:00,30.0149,2021-03-26 20:00:00+00:00,33.01639,10.0,9.8,True,10,1.67,4.604
TRXUSDT,2021-03-26 12:00:00+00:00,0.06607,2021-03-29 08:00:00+00:00,0.06509,-1.483,-1.683,False,17,2.83,3.598
AXSUSDT,2021-04-04 12:00:00+00:00,6.03104,2021-04-05 04:00:00+00:00,6.634144000000001,10.0,9.8,True,4,0.67,2.624
CHZUSDT,2021-04-04 16:00:00+00:00,0.51104,2021-04-07 12:00:00+00:00,0.40338,-21.067,-21.267,False,17,2.83,6.38
ENJUSDT,2021-04-05 12:00:00+00:00,2.55171,2021-04-07 20:00:00+00:00,2.806881,10.0,9.8,True,14,2.33,4.224
LTCUSDT,2021-04-05 20:00:00+00:00,217.97,2021-04-06 16:00:00+00:00,239.76700000000002,10.0,9.8,True,5,0.83,3.317
CHZUSDT,2021-04-08 00:00:00+00:00,0.45203,2021-04-08 12:00:00+00:00,0.49723300000000004,10.0,9.8,True,3,0.5,3.874
AXSUSDT,2021-04-12 04:00:00+00:00,7.8988,2021-04-12 04:00:00+00:00,8.68868,10.0,9.8,True,0,0.0,4.033
FILUSDT,2021-04-14 12:00:00+00:00,174.0175,2021-04-16 04:00:00+00:00,191.41925000000003,10.0,9.8,True,10,1.67,2.777
ADAUSDT,2021-04-18 08:00:00+00:00,1.24946,2021-04-21 04:00:00+00:00,1.26498,1.242,1.042,False,17,2.83,2.982
UNIUSDT,2021-04-18 08:00:00+00:00,31.7537,2021-04-21 04:00:00+00:00,31.4887,-0.835,-1.035,False,17,2.83,2.72
NEARUSDT,2021-04-18 08:00:00+00:00,5.0729,2021-04-21 04:00:00+00:00,4.8699,-4.002,-4.202,False,17,2.83,4.05
AVAXUSDT,2021-04-18 08:00:00+00:00,29.562,2021-04-21 04:00:00+00:00,27.1831,-8.047,-8.247,False,17,2.83,2.666
DOTUSDT,2021-04-18 08:00:00+00:00,36.4845,2021-04-21 04:00:00+00:00,34.8132,-4.581,-4.781,False,17,2.83,3.412
SOLUSDT,2021-04-18 08:00:00+00:00,27.2438,2021-04-18 16:00:00+00:00,29.968180000000004,10.0,9.8,True,2,0.33,4.784
XLMUSDT,2021-04-18 08:00:00+00:00,0.5267,2021-04-21 04:00:00+00:00,0.51048,-3.08,-3.28,False,17,2.83,2.581
AAVEUSDT,2021-04-18 08:00:00+00:00,399.978,2021-04-21 04:00:00+00:00,354.311,-11.417,-11.617,False,17,2.83,2.926
DOGEUSDT,2021-04-23 04:00:00+00:00,0.2159852,2021-04-23 08:00:00+00:00,0.23758372,10.0,9.8,True,1,0.17,2.588
SANDUSDT,2021-05-03 08:00:00+00:00,0.622,2021-05-04 00:00:00+00:00,0.6842,10.0,9.8,True,4,0.67,2.553
XRPUSDT,2021-05-04 16:00:00+00:00,1.3676,2021-05-05 08:00:00+00:00,1.5043600000000001,10.0,9.8,True,4,0.67,2.875
CHZUSDT,2021-05-04 16:00:00+00:00,0.48577,2021-05-06 12:00:00+00:00,0.534347,10.0,9.8,True,11,1.83,5.638
MANAUSDT,2021-05-04 16:00:00+00:00,1.2616,2021-05-05 12:00:00+00:00,1.38776,10.0,9.8,True,5,0.83,2.521
FILUSDT,2021-05-04 20:00:00+00:00,146.05,2021-05-06 04:00:00+00:00,160.65500000000003,10.0,9.8,True,8,1.33,2.6
XLMUSDT,2021-05-10 08:00:00+00:00,0.71968,2021-05-13 04:00:00+00:00,0.62144,-13.651,-13.851,False,17,2.83,3.746
FILUSDT,2021-05-11 00:00:00+00:00,135.71,2021-05-13 20:00:00+00:00,117.82,-13.183,-13.383,False,17,2.83,2.501
XRPUSDT,2021-05-11 00:00:00+00:00,1.391,2021-05-12 00:00:00+00:00,1.5301000000000002,10.0,9.8,True,6,1.0,3.465
AXSUSDT,2021-05-11 16:00:00+00:00,8.0586,2021-05-12 04:00:00+00:00,8.864460000000001,10.0,9.8,True,3,0.5,3.165
FILUSDT,2021-05-13 04:00:00+00:00,120.41,2021-05-16 00:00:00+00:00,112.61,-6.478,-6.678,False,17,2.83,10.24
SANDUSDT,2021-05-13 04:00:00+00:00,0.43391,2021-05-15 08:00:00+00:00,0.47730100000000003,10.0,9.8,True,13,2.17,2.845
BNBUSDT,2021-05-13 04:00:00+00:00,607.56,2021-05-16 00:00:00+00:00,579.1,-4.684,-4.884,False,17,2.83,2.813
DOTUSDT,2021-05-13 08:00:00+00:00,40.247,2021-05-14 12:00:00+00:00,44.2717,10.0,9.8,True,7,1.17,2.572
SHIBUSDT,2021-05-17 00:00:00+00:00,1.783e-05,2021-05-19 20:00:00+00:00,9.07e-06,-49.131,-49.331,False,17,2.83,3.634
MANAUSDT,2021-05-17 08:00:00+00:00,1.1319,2021-05-18 04:00:00+00:00,1.24509,10.0,9.8,True,5,0.83,2.894
BNBUSDT,2021-05-17 08:00:00+00:00,537.56,2021-05-20 04:00:00+00:00,370.7,-31.04,-31.24,False,17,2.83,2.708
DOTUSDT,2021-05-19 20:00:00+00:00,27.839,2021-05-20 12:00:00+00:00,30.6229,10.0,9.8,True,4,0.67,2.836
FILUSDT,2021-05-20 08:00:00+00:00,86.08,2021-05-20 12:00:00+00:00,94.688,10.0,9.8,True,1,0.17,2.732
UNIUSDT,2021-05-23 20:00:00+00:00,15.346,2021-05-23 20:00:00+00:00,16.8806,10.0,9.8,True,0,0.0,2.586
AXSUSDT,2021-05-24 04:00:00+00:00,3.5292,2021-05-24 04:00:00+00:00,3.88212,10.0,9.8,True,0,0.0,2.709
ENJUSDT,2021-05-30 12:00:00+00:00,1.6728,2021-06-02 08:00:00+00:00,1.5703,-6.127,-6.327,False,17,2.83,3.961
ATOMUSDT,2021-06-08 04:00:00+00:00,13.025,2021-06-11 00:00:00+00:00,12.731,-2.257,-2.457,False,17,2.83,2.822
DOGEUSDT,2021-06-08 16:00:00+00:00,0.31331,2021-06-09 16:00:00+00:00,0.34464100000000003,10.0,9.8,True,6,1.0,2.54
ETCUSDT,2021-06-09 16:00:00+00:00,61.349,2021-06-12 12:00:00+00:00,55.06,-10.251,-10.451,False,17,2.83,2.649
DOGEUSDT,2021-06-20 16:00:00+00:00,0.27061,2021-06-23 12:00:00+00:00,0.22758,-15.901,-16.101,False,17,2.83,2.503
SOLUSDT,2021-06-20 16:00:00+00:00,33.759,2021-06-23 12:00:00+00:00,29.056,-13.931,-14.131,False,17,2.83,2.506
SOLUSDT,2021-06-21 12:00:00+00:00,30.498,2021-06-24 08:00:00+00:00,30.731,0.764,0.564,False,17,2.83,3.362
MANAUSDT,2021-06-22 04:00:00+00:00,0.5005,2021-06-24 16:00:00+00:00,0.55055,10.0,9.8,True,15,2.5,3.077
FILUSDT,2021-06-22 04:00:00+00:00,49.54,2021-06-23 00:00:00+00:00,54.49400000000001,10.0,9.8,True,5,0.83,3.673
SOLUSDT,2021-06-22 04:00:00+00:00,27.972,2021-06-23 00:00:00+00:00,30.769200000000005,10.0,9.8,True,5,0.83,2.632
AXSUSDT,2021-06-22 04:00:00+00:00,3.5303,2021-06-25 00:00:00+00:00,3.8833300000000004,10.0,9.8,True,17,2.83,3.031
AAVEUSDT,2021-06-22 04:00:00+00:00,217.04,2021-06-25 00:00:00+00:00,210.58,-2.976,-3.176,False,17,2.83,3.363
XRPUSDT,2021-06-22 04:00:00+00:00,0.6416,2021-06-25 00:00:00+00:00,0.6804,6.047,5.847,False,17,2.83,2.634
ETCUSDT,2021-06-22 04:00:00+00:00,41.941,2021-06-25 00:00:00+00:00,44.783,6.776,6.576,False,17,2.83,3.605
SANDUSDT,2021-06-22 04:00:00+00:00,0.19127,2021-06-24 12:00:00+00:00,0.210397,10.0,9.8,True,14,2.33,2.814
DOGEUSDT,2021-06-22 04:00:00+00:00,0.20886,2021-06-23 12:00:00+00:00,0.229746,10.0,9.8,True,8,1.33,3.971
SOLUSDT,2021-06-22 12:00:00+00:00,22.058,2021-06-22 12:00:00+00:00,24.263800000000003,10.0,9.8,True,0,0.0,2.813
ETCUSDT,2021-06-22 12:00:00+00:00,35.985,2021-06-23 00:00:00+00:00,39.5835,10.0,9.8,True,3,0.5,2.91
BCHUSDT,2021-06-22 12:00:00+00:00,416.09,2021-06-23 00:00:00+00:00,457.699,10.0,9.8,True,3,0.5,2.863
ATOMUSDT,2021-06-22 12:00:00+00:00,8.775,2021-06-23 00:00:00+00:00,9.652500000000002,10.0,9.8,True,3,0.5,3.054
LTCUSDT,2021-06-22 12:00:00+00:00,114.24,2021-06-23 00:00:00+00:00,125.664,10.0,9.8,True,3,0.5,2.943
ADAUSDT,2021-06-22 12:00:00+00:00,1.0899,2021-06-22 12:00:00+00:00,1.1988900000000002,10.0,9.8,True,0,0.0,2.97
DOTUSDT,2021-06-22 12:00:00+00:00,14.193,2021-06-22 16:00:00+00:00,15.612300000000001,10.0,9.8,True,1,0.17,2.545
MANAUSDT,2021-06-22 12:00:00+00:00,0.423,2021-06-23 00:00:00+00:00,0.46530000000000005,10.0,9.8,True,3,0.5,2.539
AVAXUSDT,2021-06-22 16:00:00+00:00,10.544,2021-06-23 00:00:00+00:00,11.598400000000002,10.0,9.8,True,2,0.33,4.897
SANDUSDT,2021-06-22 16:00:00+00:00,0.16865,2021-06-23 00:00:00+00:00,0.185515,10.0,9.8,True,2,0.33,4.359
LINKUSDT,2021-06-22 16:00:00+00:00,17.022,2021-06-23 04:00:00+00:00,18.7242,10.0,9.8,True,3,0.5,4.317
CHZUSDT,2021-06-22 16:00:00+00:00,0.20674,2021-06-22 16:00:00+00:00,0.22741400000000003,10.0,9.8,True,0,0.0,3.315
DOGEUSDT,2021-06-22 16:00:00+00:00,0.19323,2021-06-23 00:00:00+00:00,0.21255300000000002,10.0,9.8,True,2,0.33,3.303
NEARUSDT,2021-06-22 16:00:00+00:00,2.1655,2021-06-23 12:00:00+00:00,2.3820500000000004,10.0,9.8,True,5,0.83,3.869
AXSUSDT,2021-06-22 16:00:00+00:00,3.261,2021-06-23 08:00:00+00:00,3.5871000000000004,10.0,9.8,True,4,0.67,4.246
UNIUSDT,2021-06-22 16:00:00+00:00,15.989,2021-06-23 00:00:00+00:00,17.5879,10.0,9.8,True,2,0.33,5.097
FILUSDT,2021-06-22 16:00:00+00:00,49.14,2021-06-23 00:00:00+00:00,54.054,10.0,9.8,True,2,0.33,2.549
AAVEUSDT,2021-06-22 16:00:00+00:00,198.45,2021-06-23 00:00:00+00:00,218.29500000000002,10.0,9.8,True,2,0.33,5.394
BNBUSDT,2021-06-22 16:00:00+00:00,260.08,2021-06-23 00:00:00+00:00,286.088,10.0,9.8,True,2,0.33,5.366
ENJUSDT,2021-06-22 16:00:00+00:00,0.9148,2021-06-23 00:00:00+00:00,1.00628,10.0,9.8,True,2,0.33,4.134
XLMUSDT,2021-06-22 16:00:00+00:00,0.23026,2021-06-23 00:00:00+00:00,0.253286,10.0,9.8,True,2,0.33,4.958
SANDUSDT,2021-06-23 12:00:00+00:00,0.19363,2021-06-26 08:00:00+00:00,0.18073,-6.662,-6.862,False,17,2.83,3.313
TRXUSDT,2021-06-24 04:00:00+00:00,0.06425,2021-06-27 00:00:00+00:00,0.06323,-1.588,-1.788,False,17,2.83,3.472
DOGEUSDT,2021-07-09 12:00:00+00:00,0.21733,2021-07-12 08:00:00+00:00,0.21215,-2.383,-2.583,False,17,2.83,3.809
SANDUSDT,2021-07-14 16:00:00+00:00,0.50824,2021-07-14 20:00:00+00:00,0.5590640000000001,10.0,9.8,True,1,0.17,4.492
NEARUSDT,2021-07-14 16:00:00+00:00,1.9994,2021-07-17 12:00:00+00:00,1.9501,-2.466,-2.666,False,17,2.83,2.509
MANAUSDT,2021-07-14 16:00:00+00:00,0.6719,2021-07-14 20:00:00+00:00,0.7390900000000001,10.0,9.8,True,1,0.17,2.751
SOLUSDT,2021-07-14 16:00:00+00:00,30.582,2021-07-17 12:00:00+00:00,26.527,-13.259,-13.459,False,17,2.83,3.007
ETCUSDT,2021-07-14 16:00:00+00:00,46.58,2021-07-17 12:00:00+00:00,41.01,-11.958,-12.158,False,17,2.83,2.62
DOGEUSDT,2021-07-17 20:00:00+00:00,0.199,2021-07-20 16:00:00+00:00,0.17087,-14.136,-14.336,False,17,2.83,6.438
AAVEUSDT,2021-07-21 08:00:00+00:00,242.43,2021-07-22 04:00:00+00:00,266.673,10.0,9.8,True,5,0.83,2.541
FILUSDT,2021-07-21 20:00:00+00:00,45.67,2021-07-24 12:00:00+00:00,50.23700000000001,10.0,9.8,True,16,2.67,2.551
SANDUSDT,2021-08-02 04:00:00+00:00,0.6259,2021-08-05 00:00:00+00:00,0.63231,1.024,0.824,False,17,2.83,2.87
AXSUSDT,2021-08-02 04:00:00+00:00,40.8694,2021-08-04 12:00:00+00:00,44.956340000000004,10.0,9.8,True,14,2.33,2.762
ADAUSDT,2021-08-03 16:00:00+00:00,1.3385,2021-08-06 12:00:00+00:00,1.3949,4.214,4.014,False,17,2.83,3.192
AAVEUSDT,2021-08-04 16:00:00+00:00,329.11,2021-08-05 04:00:00+00:00,362.0210000000001,10.0,9.8,True,3,0.5,2.989
ETHUSDT,2021-08-04 16:00:00+00:00,2672.57,2021-08-06 16:00:00+00:00,2939.827,10.0,9.8,True,12,2.0,2.57
SANDUSDT,2021-08-25 16:00:00+00:00,0.68295,2021-08-26 00:00:00+00:00,0.751245,10.0,9.8,True,2,0.33,5.076
SANDUSDT,2021-08-26 00:00:00+00:00,0.7376,2021-08-26 00:00:00+00:00,0.8113600000000001,10.0,9.8,True,0,0.0,3.169
DOTUSDT,2021-08-30 20:00:00+00:00,27.31,2021-08-31 12:00:00+00:00,30.041,10.0,9.8,True,4,0.67,3.251
UNIUSDT,2021-08-30 20:00:00+00:00,27.79,2021-09-01 04:00:00+00:00,30.569000000000003,10.0,9.8,True,8,1.33,3.082
AAVEUSDT,2021-08-30 20:00:00+00:00,375.5,2021-09-01 20:00:00+00:00,413.05,10.0,9.8,True,12,2.0,2.589
SHIBUSDT,2021-09-07 20:00:00+00:00,5.98e-06,2021-09-08 12:00:00+00:00,6.578000000000001e-06,10.0,9.8,True,4,0.67,3.152
SHIBUSDT,2021-09-08 16:00:00+00:00,7.36e-06,2021-09-08 16:00:00+00:00,8.096e-06,10.0,9.8,True,0,0.0,3.665
ENJUSDT,2021-09-20 16:00:00+00:00,1.413,2021-09-23 12:00:00+00:00,1.416,0.212,0.012,False,17,2.83,3.198
AXSUSDT,2021-09-20 16:00:00+00:00,57.01,2021-09-22 08:00:00+00:00,62.711000000000006,10.0,9.8,True,10,1.67,3.883
XLMUSDT,2021-09-20 16:00:00+00:00,0.284,2021-09-23 12:00:00+00:00,0.2963,4.331,4.131,False,17,2.83,3.008
ADAUSDT,2021-09-20 16:00:00+00:00,2.152,2021-09-23 12:00:00+00:00,2.211,2.742,2.542,False,17,2.83,4.666
FILUSDT,2021-09-20 16:00:00+00:00,75.75,2021-09-23 12:00:00+00:00,73.11,-3.485,-3.685,False,17,2.83,2.616
ETCUSDT,2021-09-20 16:00:00+00:00,50.61,2021-09-23 12:00:00+00:00,50.19,-0.83,-1.03,False,17,2.83,3.409
CHZUSDT,2021-09-20 16:00:00+00:00,0.287,2021-09-23 12:00:00+00:00,0.2884,0.488,0.288,False,17,2.83,2.827
XRPUSDT,2021-09-20 16:00:00+00:00,0.9346,2021-09-23 12:00:00+00:00,0.9787,4.719,4.519,False,17,2.83,4.607
DOGEUSDT,2021-09-20 16:00:00+00:00,0.2139,2021-09-23 12:00:00+00:00,0.2203,2.992,2.792,False,17,2.83,3.089
LTCUSDT,2021-09-20 16:00:00+00:00,160.5,2021-09-23 12:00:00+00:00,159.2,-0.81,-1.01,False,17,2.83,3.264
ADAUSDT,2021-09-21 04:00:00+00:00,2.098,2021-09-23 20:00:00+00:00,2.3078,10.0,9.8,True,16,2.67,2.671
MANAUSDT,2021-09-21 04:00:00+00:00,0.6744,2021-09-23 16:00:00+00:00,0.74184,10.0,9.8,True,15,2.5,3.195
UNIUSDT,2021-09-21 04:00:00+00:00,21.09,2021-09-24 00:00:00+00:00,20.98,-0.522,-0.722,False,17,2.83,3.235
SANDUSDT,2021-09-21 04:00:00+00:00,0.651,2021-09-23 00:00:00+00:00,0.7161000000000001,10.0,9.8,True,11,1.83,2.725
AXSUSDT,2021-09-22 04:00:00+00:00,56.34,2021-09-22 08:00:00+00:00,61.97400000000001,10.0,9.8,True,1,0.17,4.318
AXSUSDT,2021-09-22 12:00:00+00:00,60.21,2021-09-23 00:00:00+00:00,66.23100000000001,10.0,9.8,True,3,0.5,3.562
MANAUSDT,2021-09-26 08:00:00+00:00,0.7084,2021-09-29 04:00:00+00:00,0.6552,-7.51,-7.71,False,17,2.83,8.154
AAVEUSDT,2021-09-26 12:00:00+00:00,289.0,2021-09-29 08:00:00+00:00,275.4,-4.706,-4.906,False,17,2.83,4.115
LINKUSDT,2021-09-26 12:00:00+00:00,24.74,2021-09-29 08:00:00+00:00,23.7,-4.204,-4.404,False,17,2.83,2.7
BNBUSDT,2021-09-26 12:00:00+00:00,342.5,2021-09-29 08:00:00+00:00,369.9,8.0,7.8,False,17,2.83,2.664
FILUSDT,2021-09-26 12:00:00+00:00,55.31,2021-09-27 08:00:00+00:00,60.84100000000001,10.0,9.8,True,5,0.83,3.312
UNIUSDT,2021-09-26 12:00:00+00:00,22.82,2021-09-27 00:00:00+00:00,25.102000000000004,10.0,9.8,True,3,0.5,16.065
BNBUSDT,2021-09-29 12:00:00+00:00,370.0,2021-10-01 08:00:00+00:00,407.00000000000006,10.0,9.8,True,11,1.83,3.489
SANDUSDT,2021-09-30 08:00:00+00:00,0.6496,2021-10-01 08:00:00+00:00,0.71456,10.0,9.8,True,6,1.0,2.788
AXSUSDT,2021-10-12 04:00:00+00:00,122.57,2021-10-14 12:00:00+00:00,134.827,10.0,9.8,True,14,2.33,2.873
AAVEUSDT,2021-10-12 16:00:00+00:00,283.9,2021-10-14 20:00:00+00:00,312.29,10.0,9.8,True,13,2.17,2.9
ATOMUSDT,2021-10-12 16:00:00+00:00,33.52,2021-10-15 12:00:00+00:00,32.96,-1.671,-1.871,False,17,2.83,3.664
SOLUSDT,2021-10-12 20:00:00+00:00,150.01,2021-10-15 08:00:00+00:00,165.011,10.0,9.8,True,15,2.5,2.837
CHZUSDT,2021-10-13 00:00:00+00:00,0.3154,2021-10-15 20:00:00+00:00,0.3203,1.554,1.354,False,17,2.83,3.374
FILUSDT,2021-10-13 08:00:00+00:00,63.71,2021-10-14 04:00:00+00:00,70.081,10.0,9.8,True,5,0.83,3.57
UNIUSDT,2021-10-13 08:00:00+00:00,23.8,2021-10-14 16:00:00+00:00,26.180000000000003,10.0,9.8,True,8,1.33,12.371
AAVEUSDT,2021-10-13 08:00:00+00:00,283.2,2021-10-14 20:00:00+00:00,311.52000000000004,10.0,9.8,True,9,1.5,4.784
ATOMUSDT,2021-10-19 12:00:00+00:00,33.98,2021-10-22 08:00:00+00:00,35.3,3.885,3.685,False,17,2.83,3.879
SOLUSDT,2021-10-20 16:00:00+00:00,168.75,2021-10-21 00:00:00+00:00,185.62500000000003,10.0,9.8,True,2,0.33,2.946
ADAUSDT,2021-10-20 16:00:00+00:00,2.195,2021-10-23 12:00:00+00:00,2.165,-1.367,-1.567,False,17,2.83,3.14
SHIBUSDT,2021-10-23 20:00:00+00:00,3.305e-05,2021-10-24 00:00:00+00:00,3.6355e-05,10.0,9.8,True,1,0.17,12.132
TRXUSDT,2021-10-25 08:00:00+00:00,0.10098,2021-10-28 04:00:00+00:00,0.09293,-7.972,-8.172,False,17,2.83,2.706
ATOMUSDT,2021-10-26 12:00:00+00:00,38.27,2021-10-26 20:00:00+00:00,42.09700000000001,10.0,9.8,True,2,0.33,3.0
DOGEUSDT,2021-10-28 08:00:00+00:00,0.3291,2021-10-31 04:00:00+00:00,0.2704,-17.837,-18.037,False,17,2.83,11.206
BNBUSDT,2021-10-28 12:00:00+00:00,478.3,2021-10-29 16:00:00+00:00,526.1300000000001,10.0,9.8,True,7,1.17,2.936
AXSUSDT,2021-10-29 04:00:00+00:00,144.78,2021-10-29 16:00:00+00:00,159.258,10.0,9.8,True,3,0.5,5.422
DOTUSDT,2021-11-01 12:00:00+00:00,44.83,2021-11-01 16:00:00+00:00,49.313,10.0,9.8,True,1,0.17,2.726
SHIBUSDT,2021-11-04 20:00:00+00:00,4.984e-05,2021-11-05 12:00:00+00:00,5.4824e-05,10.0,9.8,True,4,0.67,4.295
MANAUSDT,2021-11-06 04:00:00+00:00,2.9376,2021-11-09 00:00:00+00:00,2.6268,-10.58,-10.78,False,17,2.83,2.886
SANDUSDT,2021-11-10 16:00:00+00:00,2.5049,2021-11-12 08:00:00+00:00,2.7553900000000002,10.0,9.8,True,10,1.67,2.693
SHIBUSDT,2021-11-11 00:00:00+00:00,5.026e-05,2021-11-11 12:00:00+00:00,5.5286000000000006e-05,10.0,9.8,True,3,0.5,2.584
SHIBUSDT,2021-11-11 16:00:00+00:00,5.576e-05,2021-11-14 12:00:00+00:00,5.296e-05,-5.022,-5.222,False,17,2.83,3.478
UNIUSDT,2021-11-15 04:00:00+00:00,24.5,2021-11-18 00:00:00+00:00,21.9,-10.612,-10.812,False,17,2.83,2.682
UNIUSDT,2021-11-16 08:00:00+00:00,22.33,2021-11-19 04:00:00+00:00,20.18,-9.628,-9.828,False,17,2.83,3.631
ATOMUSDT,2021-11-16 12:00:00+00:00,29.51,2021-11-19 08:00:00+00:00,27.44,-7.015,-7.215,False,17,2.83,3.816
ETHUSDT,2021-11-16 12:00:00+00:00,4292.44,2021-11-19 08:00:00+00:00,4141.2,-3.523,-3.723,False,17,2.83,3.306
XLMUSDT,2021-11-16 12:00:00+00:00,0.3495,2021-11-19 08:00:00+00:00,0.3476,-0.544,-0.744,False,17,2.83,2.836
DOTUSDT,2021-11-16 12:00:00+00:00,41.28,2021-11-19 08:00:00+00:00,39.85,-3.464,-3.664,False,17,2.83,4.721
LINKUSDT,2021-11-16 12:00:00+00:00,30.01,2021-11-19 08:00:00+00:00,27.85,-7.198,-7.398,False,17,2.83,3.481
SANDUSDT,2021-11-16 16:00:00+00:00,3.0084,2021-11-16 16:00:00+00:00,3.3092400000000004,10.0,9.8,True,0,0.0,4.482
FILUSDT,2021-11-18 08:00:00+00:00,52.89,2021-11-21 04:00:00+00:00,53.25,0.681,0.481,False,17,2.83,3.403
SHIBUSDT,2021-11-19 16:00:00+00:00,5.174e-05,2021-11-22 12:00:00+00:00,4.473e-05,-13.549,-13.749,False,17,2.83,3.555
DOGEUSDT,2021-11-23 12:00:00+00:00,0.2223,2021-11-26 08:00:00+00:00,0.197,-11.381,-11.581,False,17,2.83,7.872
ADAUSDT,2021-11-24 16:00:00+00:00,1.67,2021-11-27 12:00:00+00:00,1.569,-6.048,-6.248,False,17,2.83,3.965
SHIBUSDT,2021-11-25 04:00:00+00:00,4.202e-05,2021-11-25 16:00:00+00:00,4.6222000000000006e-05,10.0,9.8,True,3,0.5,2.779
SHIBUSDT,2021-11-25 20:00:00+00:00,4.299e-05,2021-11-28 16:00:00+00:00,3.771e-05,-12.282,-12.482,False,17,2.83,5.619
ATOMUSDT,2021-12-03 00:00:00+00:00,28.37,2021-12-03 08:00:00+00:00,31.207000000000004,10.0,9.8,True,2,0.33,2.798
ATOMUSDT,2021-12-03 08:00:00+00:00,30.22,2021-12-03 16:00:00+00:00,33.242000000000004,10.0,9.8,True,2,0.33,3.01
NEARUSDT,2021-12-03 16:00:00+00:00,9.027,2021-12-06 12:00:00+00:00,7.058,-21.812,-22.012,False,17,2.83,3.738
AVAXUSDT,2021-12-04 08:00:00+00:00,92.83,2021-12-07 04:00:00+00:00,95.98,3.393,3.193,False,17,2.83,5.16
BCHUSDT,2021-12-04 12:00:00+00:00,450.1,2021-12-07 08:00:00+00:00,474.2,5.354,5.154,False,17,2.83,3.864
LTCUSDT,2021-12-04 12:00:00+00:00,149.4,2021-12-04 16:00:00+00:00,164.34000000000003,10.0,9.8,True,1,0.17,2.771
ETCUSDT,2021-12-04 12:00:00+00:00,35.48,2021-12-04 12:00:00+00:00,39.028,10.0,9.8,True,0,0.0,7.207
XRPUSDT,2021-12-04 12:00:00+00:00,0.7626,2021-12-04 20:00:00+00:00,0.83886,10.0,9.8,True,2,0.33,3.185
FILUSDT,2021-12-04 12:00:00+00:00,38.07,2021-12-07 08:00:00+00:00,39.75,4.413,4.213,False,17,2.83,2.538
MANAUSDT,2021-12-04 16:00:00+00:00,3.9292,2021-12-07 12:00:00+00:00,4.0123,2.115,1.915,False,17,2.83,2.594
DOGEUSDT,2021-12-14 12:00:00+00:00,0.2113,2021-12-17 08:00:00+00:00,0.1697,-19.688,-19.888,False,17,2.83,27.89
CHZUSDT,2021-12-14 12:00:00+00:00,0.2815,2021-12-17 08:00:00+00:00,0.2702,-4.014,-4.214,False,17,2.83,2.846
XLMUSDT,2021-12-14 16:00:00+00:00,0.2596,2021-12-17 12:00:00+00:00,0.2521,-2.889,-3.089,False,17,2.83,3.116
NEARUSDT,2021-12-15 08:00:00+00:00,10.37,2021-12-18 04:00:00+00:00,8.283,-20.125,-20.325,False,17,2.83,16.857
DOTUSDT,2021-12-15 20:00:00+00:00,27.06,2021-12-18 16:00:00+00:00,25.44,-5.987,-6.187,False,17,2.83,2.684
ETCUSDT,2021-12-15 20:00:00+00:00,36.02,2021-12-18 16:00:00+00:00,35.03,-2.748,-2.948,False,17,2.83,2.83
ATOMUSDT,2021-12-15 20:00:00+00:00,22.25,2021-12-18 16:00:00+00:00,22.02,-1.034,-1.234,False,17,2.83,2.751
AAVEUSDT,2021-12-15 20:00:00+00:00,170.7,2021-12-17 20:00:00+00:00,187.77,10.0,9.8,True,12,2.0,3.255
ETHUSDT,2021-12-15 20:00:00+00:00,3969.37,2021-12-18 16:00:00+00:00,3943.2,-0.659,-0.859,False,17,2.83,2.852
NEARUSDT,2021-12-19 16:00:00+00:00,9.498,2021-12-22 08:00:00+00:00,10.4478,10.0,9.8,True,16,2.67,3.257
SHIBUSDT,2021-12-20 20:00:00+00:00,3.135e-05,2021-12-22 08:00:00+00:00,3.4485000000000006e-05,10.0,9.8,True,9,1.5,3.364
AXSUSDT,2021-12-21 08:00:00+00:00,95.45,2021-12-23 16:00:00+00:00,104.995,10.0,9.8,True,14,2.33,4.166
NEARUSDT,2021-12-29 16:00:00+00:00,14.682,2022-01-01 12:00:00+00:00,14.599,-0.565,-0.765,False,17,2.83,3.117
DOGEUSDT,2022-01-06 00:00:00+00:00,0.1591,2022-01-08 20:00:00+00:00,0.1509,-5.154,-5.354,False,17,2.83,5.727
AVAXUSDT,2022-01-06 00:00:00+00:00,97.42,2022-01-08 20:00:00+00:00,83.9,-13.878,-14.078,False,17,2.83,3.678
SHIBUSDT,2022-01-06 00:00:00+00:00,3.037e-05,2022-01-08 20:00:00+00:00,2.772e-05,-8.726,-8.926,False,17,2.83,4.521
AAVEUSDT,2022-01-06 00:00:00+00:00,230.1,2022-01-08 20:00:00+00:00,212.3,-7.736,-7.936,False,17,2.83,2.534
SANDUSDT,2022-01-06 00:00:00+00:00,5.0046,2022-01-08 20:00:00+00:00,4.6154,-7.777,-7.977,False,17,2.83,4.394
SANDUSDT,2022-01-06 16:00:00+00:00,5.1286,2022-01-09 12:00:00+00:00,4.6614,-9.11,-9.31,False,17,2.83,3.137
MANAUSDT,2022-01-06 16:00:00+00:00,3.287,2022-01-09 12:00:00+00:00,2.8816,-12.333,-12.533,False,17,2.83,13.57
ENJUSDT,2022-01-06 16:00:00+00:00,2.515,2022-01-09 12:00:00+00:00,2.272,-9.662,-9.862,False,17,2.83,2.519
SOLUSDT,2022-01-07 08:00:00+00:00,139.0,2022-01-10 04:00:00+00:00,143.05,2.914,2.714,False,17,2.83,2.613
NEARUSDT,2022-01-10 16:00:00+00:00,14.756,2022-01-11 00:00:00+00:00,16.2316,10.0,9.8,True,2,0.33,4.595
DOGEUSDT,2022-01-11 12:00:00+00:00,0.1599,2022-01-13 08:00:00+00:00,0.17589,10.0,9.8,True,11,1.83,6.564
BCHUSDT,2022-01-18 04:00:00+00:00,388.5,2022-01-21 00:00:00+00:00,339.7,-12.561,-12.761,False,17,2.83,5.572
ETCUSDT,2022-01-18 12:00:00+00:00,32.37,2022-01-21 08:00:00+00:00,28.5,-11.956,-12.156,False,17,2.83,5.178
UNIUSDT,2022-01-21 00:00:00+00:00,14.45,2022-01-23 20:00:00+00:00,11.42,-20.969,-21.169,False,17,2.83,2.589
DOTUSDT,2022-01-21 16:00:00+00:00,22.1,2022-01-24 12:00:00+00:00,17.02,-22.986,-23.186,False,17,2.83,3.006
ETHUSDT,2022-01-21 16:00:00+00:00,2830.46,2022-01-24 12:00:00+00:00,2274.99,-19.625,-19.825,False,17,2.83,2.833
LTCUSDT,2022-01-21 16:00:00+00:00,123.9,2022-01-24 12:00:00+00:00,102.8,-17.03,-17.23,False,17,2.83,2.687
FILUSDT,2022-01-21 16:00:00+00:00,24.61,2022-01-24 12:00:00+00:00,17.79,-27.712,-27.912,False,17,2.83,2.912
LINKUSDT,2022-01-21 16:00:00+00:00,19.53,2022-01-24 12:00:00+00:00,14.55,-25.499,-25.699,False,17,2.83,2.686
AVAXUSDT,2022-01-21 16:00:00+00:00,74.13,2022-01-24 12:00:00+00:00,58.03,-21.719,-21.919,False,17,2.83,3.018
SOLUSDT,2022-01-21 16:00:00+00:00,121.91,2022-01-24 12:00:00+00:00,87.47,-28.25,-28.45,False,17,2.83,3.312
SHIBUSDT,2022-01-21 16:00:00+00:00,2.507e-05,2022-01-24 12:00:00+00:00,1.985e-05,-20.822,-21.022,False,17,2.83,3.028
XRPUSDT,2022-01-21 16:00:00+00:00,0.6819,2022-01-24 12:00:00+00:00,0.5823,-14.606,-14.806,False,17,2.83,2.752
BNBUSDT,2022-01-22 12:00:00+00:00,361.3,2022-01-25 08:00:00+00:00,371.5,2.823,2.623,False,17,2.83,3.523
SANDUSDT,2022-01-22 12:00:00+00:00,2.9457,2022-01-23 08:00:00+00:00,3.24027,10.0,9.8,True,5,0.83,3.964
ETCUSDT,2022-01-22 12:00:00+00:00,23.39,2022-01-25 08:00:00+00:00,23.87,2.052,1.852,False,17,2.83,3.901
DOTUSDT,2022-01-22 12:00:00+00:00,18.44,2022-01-25 08:00:00+00:00,18.18,-1.41,-1.61,False,17,2.83,3.212
BCHUSDT,2022-01-24 12:00:00+00:00,270.6,2022-01-26 04:00:00+00:00,297.66,10.0,9.8,True,10,1.67,2.533
UNIUSDT,2022-01-24 12:00:00+00:00,9.91,2022-01-25 16:00:00+00:00,10.901000000000002,10.0,9.8,True,7,1.17,2.754
AXSUSDT,2022-01-29 16:00:00+00:00,48.06,2022-01-30 04:00:00+00:00,52.86600000000001,10.0,9.8,True,3,0.5,2.673
AXSUSDT,2022-02-03 16:00:00+00:00,47.63,2022-02-05 00:00:00+00:00,52.39300000000001,10.0,9.8,True,8,1.33,3.886
SOLUSDT,2022-02-10 16:00:00+00:00,111.94,2022-02-13 12:00:00+00:00,95.62,-14.579,-14.779,False,17,2.83,2.697
LINKUSDT,2022-02-10 16:00:00+00:00,18.17,2022-02-13 12:00:00+00:00,16.07,-11.558,-11.758,False,17,2.83,2.658
NEARUSDT,2022-02-10 16:00:00+00:00,12.383,2022-02-13 12:00:00+00:00,10.685,-13.712,-13.912,False,17,2.83,2.57
DOGEUSDT,2022-02-13 12:00:00+00:00,0.1511,2022-02-16 08:00:00+00:00,0.1494,-1.125,-1.325,False,17,2.83,3.343
LTCUSDT,2022-02-18 12:00:00+00:00,118.2,2022-02-21 08:00:00+00:00,108.9,-7.868,-8.068,False,17,2.83,3.708
XLMUSDT,2022-02-19 16:00:00+00:00,0.2079,2022-02-22 12:00:00+00:00,0.1846,-11.207,-11.407,False,17,2.83,2.578
UNIUSDT,2022-02-20 08:00:00+00:00,9.44,2022-02-23 04:00:00+00:00,9.05,-4.131,-4.331,False,17,2.83,2.821
ENJUSDT,2022-02-21 16:00:00+00:00,1.539,2022-02-24 12:00:00+00:00,1.251,-18.713,-18.913,False,17,2.83,2.831
ADAUSDT,2022-02-21 16:00:00+00:00,0.947,2022-02-24 12:00:00+00:00,0.812,-14.256,-14.456,False,17,2.83,3.296
AAVEUSDT,2022-02-21 16:00:00+00:00,140.8,2022-02-24 12:00:00+00:00,120.6,-14.347,-14.547,False,17,2.83,2.642
UNIUSDT,2022-02-21 16:00:00+00:00,9.44,2022-02-24 12:00:00+00:00,8.29,-12.182,-12.382,False,17,2.83,3.305
SANDUSDT,2022-02-21 16:00:00+00:00,3.2102,2022-02-24 12:00:00+00:00,2.8226,-12.074,-12.274,False,17,2.83,2.773
ETHUSDT,2022-02-21 16:00:00+00:00,2723.41,2022-02-24 12:00:00+00:00,2455.09,-9.852,-10.052,False,17,2.83,3.087
BCHUSDT,2022-02-21 16:00:00+00:00,302.6,2022-02-24 12:00:00+00:00,273.2,-9.716,-9.916,False,17,2.83,2.568
BNBUSDT,2022-02-21 16:00:00+00:00,379.1,2022-02-24 12:00:00+00:00,345.1,-8.969,-9.169,False,17,2.83,3.374
DOTUSDT,2022-02-21 16:00:00+00:00,17.13,2022-02-24 12:00:00+00:00,15.39,-10.158,-10.358,False,17,2.83,3.36
SHIBUSDT,2022-02-21 16:00:00+00:00,2.658e-05,2022-02-24 12:00:00+00:00,2.287e-05,-13.958,-14.158,False,17,2.83,2.763
SHIBUSDT,2022-02-24 08:00:00+00:00,2.203e-05,2022-02-24 20:00:00+00:00,2.4233000000000003e-05,10.0,9.8,True,3,0.5,3.141
XLMUSDT,2022-02-24 08:00:00+00:00,0.167,2022-02-24 20:00:00+00:00,0.18370000000000003,10.0,9.8,True,3,0.5,2.98
AAVEUSDT,2022-02-24 08:00:00+00:00,116.3,2022-02-24 20:00:00+00:00,127.93,10.0,9.8,True,3,0.5,3.12
UNIUSDT,2022-02-24 08:00:00+00:00,7.82,2022-02-24 16:00:00+00:00,8.602,10.0,9.8,True,2,0.33,3.889
DOGEUSDT,2022-02-24 08:00:00+00:00,0.113,2022-02-24 20:00:00+00:00,0.12430000000000001,10.0,9.8,True,3,0.5,5.574
AXSUSDT,2022-02-24 08:00:00+00:00,43.37,2022-02-24 20:00:00+00:00,47.707,10.0,9.8,True,3,0.5,2.601
ATOMUSDT,2022-02-24 08:00:00+00:00,22.37,2022-02-24 20:00:00+00:00,24.607000000000003,10.0,9.8,True,3,0.5,2.503
BCHUSDT,2022-02-24 08:00:00+00:00,266.4,2022-02-24 16:00:00+00:00,293.04,10.0,9.8,True,2,0.33,3.582
LINKUSDT,2022-02-24 08:00:00+00:00,11.79,2022-02-24 16:00:00+00:00,12.969,10.0,9.8,True,2,0.33,3.695
ETHUSDT,2022-02-24 08:00:00+00:00,2370.45,2022-02-24 20:00:00+00:00,2607.495,10.0,9.8,True,3,0.5,3.014
LTCUSDT,2022-02-24 08:00:00+00:00,94.9,2022-02-24 20:00:00+00:00,104.39000000000001,10.0,9.8,True,3,0.5,3.091
ENJUSDT,2022-02-24 08:00:00+00:00,1.221,2022-02-24 16:00:00+00:00,1.3431000000000002,10.0,9.8,True,2,0.33,3.286
ADAUSDT,2022-02-24 08:00:00+00:00,0.781,2022-02-24 20:00:00+00:00,0.8591000000000001,10.0,9.8,True,3,0.5,3.076
BNBUSDT,2022-02-24 08:00:00+00:00,336.1,2022-02-24 20:00:00+00:00,369.71000000000004,10.0,9.8,True,3,0.5,3.302
NEARUSDT,2022-02-24 08:00:00+00:00,7.757,2022-02-24 16:00:00+00:00,8.5327,10.0,9.8,True,2,0.33,3.52
CHZUSDT,2022-02-24 08:00:00+00:00,0.1514,2022-02-24 20:00:00+00:00,0.16654000000000002,10.0,9.8,True,3,0.5,2.702
SOLUSDT,2022-02-24 08:00:00+00:00,82.18,2022-02-24 16:00:00+00:00,90.39800000000001,10.0,9.8,True,2,0.33,3.0
DOTUSDT,2022-02-24 08:00:00+00:00,14.51,2022-02-24 16:00:00+00:00,15.961,10.0,9.8,True,2,0.33,3.088
UNIUSDT,2022-02-24 16:00:00+00:00,8.3,2022-02-25 12:00:00+00:00,9.13,10.0,9.8,True,5,0.83,2.515
FILUSDT,2022-03-12 08:00:00+00:00,18.29,2022-03-15 04:00:00+00:00,16.61,-9.185,-9.385,False,17,2.83,2.959
DOGEUSDT,2022-03-14 08:00:00+00:00,0.1149,2022-03-17 04:00:00+00:00,0.117,1.828,1.628,False,17,2.83,9.433
FILUSDT,2022-03-15 08:00:00+00:00,16.61,2022-03-18 04:00:00+00:00,17.26,3.913,3.713,False,17,2.83,2.73
ATOMUSDT,2022-03-15 08:00:00+00:00,26.94,2022-03-18 04:00:00+00:00,27.79,3.155,2.955,False,17,2.83,2.748
DOTUSDT,2022-03-22 08:00:00+00:00,19.76,2022-03-25 04:00:00+00:00,20.8,5.263,5.063,False,17,2.83,2.639
ETHUSDT,2022-04-01 16:00:00+00:00,3432.39,2022-04-04 12:00:00+00:00,3424.73,-0.223,-0.423,False,17,2.83,2.587
AXSUSDT,2022-04-06 12:00:00+00:00,58.89,2022-04-09 08:00:00+00:00,52.31,-11.173,-11.373,False,17,2.83,3.407
ENJUSDT,2022-04-07 08:00:00+00:00,1.679,2022-04-10 04:00:00+00:00,1.768,5.301,5.101,False,17,2.83,6.579
ATOMUSDT,2022-04-11 12:00:00+00:00,25.12,2022-04-14 08:00:00+00:00,24.62,-1.99,-2.19,False,17,2.83,2.721
SHIBUSDT,2022-04-12 12:00:00+00:00,2.487e-05,2022-04-12 12:00:00+00:00,2.7357000000000003e-05,10.0,9.8,True,0,0.0,4.129
ETHUSDT,2022-04-12 16:00:00+00:00,3044.98,2022-04-15 12:00:00+00:00,3028.88,-0.529,-0.729,False,17,2.83,2.809
ATOMUSDT,2022-04-12 16:00:00+00:00,24.49,2022-04-15 12:00:00+00:00,24.06,-1.756,-1.956,False,17,2.83,2.535
SOLUSDT,2022-04-12 16:00:00+00:00,105.99,2022-04-15 12:00:00+00:00,102.31,-3.472,-3.672,False,17,2.83,3.169
AVAXUSDT,2022-04-12 16:00:00+00:00,76.48,2022-04-15 12:00:00+00:00,76.46,-0.026,-0.226,False,17,2.83,2.551
BCHUSDT,2022-04-13 12:00:00+00:00,320.1,2022-04-14 04:00:00+00:00,352.11000000000007,10.0,9.8,True,4,0.67,3.763
LTCUSDT,2022-04-13 16:00:00+00:00,110.2,2022-04-16 12:00:00+00:00,111.5,1.18,0.98,False,17,2.83,2.546
CHZUSDT,2022-04-17 20:00:00+00:00,0.2356,2022-04-20 16:00:00+00:00,0.2235,-5.136,-5.336,False,17,2.83,2.615
AAVEUSDT,2022-04-18 16:00:00+00:00,160.8,2022-04-19 12:00:00+00:00,176.88000000000002,10.0,9.8,True,5,0.83,3.514
ADAUSDT,2022-04-18 20:00:00+00:00,0.929,2022-04-21 16:00:00+00:00,0.933,0.431,0.231,False,17,2.83,2.836
BNBUSDT,2022-04-18 20:00:00+00:00,415.2,2022-04-21 16:00:00+00:00,411.7,-0.843,-1.043,False,17,2.83,2.611
ENJUSDT,2022-04-18 20:00:00+00:00,1.433,2022-04-20 04:00:00+00:00,1.5763000000000003,10.0,9.8,True,8,1.33,2.506
ETHUSDT,2022-04-18 20:00:00+00:00,3005.72,2022-04-21 16:00:00+00:00,3026.23,0.682,0.482,False,17,2.83,2.964
BCHUSDT,2022-04-18 20:00:00+00:00,337.6,2022-04-21 16:00:00+00:00,326.5,-3.288,-3.488,False,17,2.83,2.572
ATOMUSDT,2022-04-18 20:00:00+00:00,23.71,2022-04-21 16:00:00+00:00,23.75,0.169,-0.031,False,17,2.83,3.058
SANDUSDT,2022-04-25 04:00:00+00:00,2.7184,2022-04-28 00:00:00+00:00,2.5083,-7.729,-7.929,False,17,2.83,2.765
DOGEUSDT,2022-04-25 12:00:00+00:00,0.1396,2022-04-25 16:00:00+00:00,0.15356,10.0,9.8,True,1,0.17,10.094
ADAUSDT,2022-04-25 12:00:00+00:00,0.8568,2022-04-28 08:00:00+00:00,0.8469,-1.155,-1.355,False,17,2.83,2.985
CHZUSDT,2022-04-25 12:00:00+00:00,0.2018,2022-04-28 08:00:00+00:00,0.209,3.568,3.368,False,17,2.83,3.528
LTCUSDT,2022-04-25 12:00:00+00:00,101.9,2022-04-28 08:00:00+00:00,102.4,0.491,0.291,False,17,2.83,2.542
SHIBUSDT,2022-04-25 12:00:00+00:00,2.368e-05,2022-04-28 08:00:00+00:00,2.33e-05,-1.605,-1.805,False,17,2.83,2.525
AXSUSDT,2022-04-25 12:00:00+00:00,41.33,2022-04-28 08:00:00+00:00,39.55,-4.307,-4.507,False,17,2.83,2.533
ETHUSDT,2022-04-25 16:00:00+00:00,2869.58,2022-04-28 12:00:00+00:00,2889.53,0.695,0.495,False,17,2.83,2.502
SHIBUSDT,2022-04-25 20:00:00+00:00,2.49e-05,2022-04-28 16:00:00+00:00,2.305e-05,-7.43,-7.63,False,17,2.83,4.481
ATOMUSDT,2022-04-27 16:00:00+00:00,21.77,2022-04-30 12:00:00+00:00,18.64,-14.378,-14.578,False,17,2.83,2.802
BNBUSDT,2022-04-28 12:00:00+00:00,404.0,2022-05-01 08:00:00+00:00,383.7,-5.025,-5.225,False,17,2.83,2.897
LTCUSDT,2022-04-28 16:00:00+00:00,101.3,2022-05-01 12:00:00+00:00,98.6,-2.665,-2.865,False,17,2.83,3.26
FILUSDT,2022-05-01 04:00:00+00:00,14.74,2022-05-04 00:00:00+00:00,14.77,0.204,0.004,False,17,2.83,4.926
AXSUSDT,2022-05-04 20:00:00+00:00,32.83,2022-05-07 16:00:00+00:00,29.22,-10.996,-11.196,False,17,2.83,2.548
ADAUSDT,2022-05-09 04:00:00+00:00,0.7063,2022-05-12 00:00:00+00:00,0.4416,-37.477,-37.677,False,17,2.83,2.73
CHZUSDT,2022-05-10 04:00:00+00:00,0.1347,2022-05-10 04:00:00+00:00,0.14817,10.0,9.8,True,0,0.0,4.318
AAVEUSDT,2022-05-10 04:00:00+00:00,102.2,2022-05-10 04:00:00+00:00,112.42000000000002,10.0,9.8,True,0,0.0,5.007
NEARUSDT,2022-05-10 04:00:00+00:00,9.349,2022-05-10 04:00:00+00:00,10.283900000000001,10.0,9.8,True,0,0.0,3.218
BCHUSDT,2022-05-10 04:00:00+00:00,221.9,2022-05-10 04:00:00+00:00,244.09000000000003,10.0,9.8,True,0,0.0,3.902
ENJUSDT,2022-05-10 04:00:00+00:00,0.78,2022-05-10 04:00:00+00:00,0.8580000000000001,10.0,9.8,True,0,0.0,3.335
UNIUSDT,2022-05-10 04:00:00+00:00,6.12,2022-05-13 00:00:00+00:00,5.17,-15.523,-15.723,False,17,2.83,3.54
BNBUSDT,2022-05-10 04:00:00+00:00,307.0,2022-05-13 00:00:00+00:00,307.4,0.13,-0.07,False,17,2.83,3.701
MANAUSDT,2022-05-10 04:00:00+00:00,1.0711,2022-05-10 04:00:00+00:00,1.17821,10.0,9.8,True,0,0.0,4.635
FILUSDT,2022-05-10 04:00:00+00:00,11.22,2022-05-10 04:00:00+00:00,12.342000000000002,10.0,9.8,True,0,0.0,2.828
SHIBUSDT,2022-05-10 04:00:00+00:00,1.494e-05,2022-05-10 04:00:00+00:00,1.6434e-05,10.0,9.8,True,0,0.0,3.589
LINKUSDT,2022-05-10 04:00:00+00:00,8.32,2022-05-10 04:00:00+00:00,9.152000000000001,10.0,9.8,True,0,0.0,4.432
ETHUSDT,2022-05-10 04:00:00+00:00,2300.78,2022-05-13 00:00:00+00:00,2096.46,-8.88,-9.08,False,17,2.83,2.697
ADAUSDT,2022-05-10 04:00:00+00:00,0.6196,2022-05-10 04:00:00+00:00,0.68156,10.0,9.8,True,0,0.0,3.453
ATOMUSDT,2022-05-10 04:00:00+00:00,12.67,2022-05-10 04:00:00+00:00,13.937000000000001,10.0,9.8,True,0,0.0,4.676
AVAXUSDT,2022-05-10 04:00:00+00:00,42.03,2022-05-10 04:00:00+00:00,46.233000000000004,10.0,9.8,True,0,0.0,3.348
ETCUSDT,2022-05-10 04:00:00+00:00,23.2,2022-05-10 04:00:00+00:00,25.52,10.0,9.8,True,0,0.0,3.121
DOTUSDT,2022-05-10 04:00:00+00:00,10.95,2022-05-10 04:00:00+00:00,12.045,10.0,9.8,True,0,0.0,3.156
LTCUSDT,2022-05-10 04:00:00+00:00,78.2,2022-05-13 00:00:00+00:00,69.6,-10.997,-11.197,False,17,2.83,4.33
XRPUSDT,2022-05-10 04:00:00+00:00,0.4988,2022-05-13 00:00:00+00:00,0.4453,-10.726,-10.926,False,17,2.83,3.905
SANDUSDT,2022-05-10 04:00:00+00:00,1.7162,2022-05-10 04:00:00+00:00,1.88782,10.0,9.8,True,0,0.0,2.771
SOLUSDT,2022-05-10 04:00:00+00:00,64.46,2022-05-10 04:00:00+00:00,70.906,10.0,9.8,True,0,0.0,3.633
DOGEUSDT,2022-05-10 04:00:00+00:00,0.1075,2022-05-10 12:00:00+00:00,0.11825000000000001,10.0,9.8,True,2,0.33,3.629
XLMUSDT,2022-05-10 04:00:00+00:00,0.1449,2022-05-13 00:00:00+00:00,0.1338,-7.66,-7.86,False,17,2.83,4.607
BCHUSDT,2022-05-11 12:00:00+00:00,223.9,2022-05-14 08:00:00+00:00,195.9,-12.506,-12.706,False,17,2.83,3.06
ETHUSDT,2022-05-11 16:00:00+00:00,2264.53,2022-05-14 12:00:00+00:00,1963.68,-13.285,-13.485,False,17,2.83,3.131
AAVEUSDT,2022-05-11 16:00:00+00:00,91.6,2022-05-14 12:00:00+00:00,78.8,-13.974,-14.174,False,17,2.83,4.527
CHZUSDT,2022-05-11 16:00:00+00:00,0.1176,2022-05-14 12:00:00+00:00,0.1071,-8.929,-9.129,False,17,2.83,4.102
ATOMUSDT,2022-05-11 16:00:00+00:00,11.53,2022-05-14 12:00:00+00:00,9.66,-16.219,-16.419,False,17,2.83,4.32
AVAXUSDT,2022-05-11 16:00:00+00:00,34.39,2022-05-13 12:00:00+00:00,37.829,10.0,9.8,True,11,1.83,4.119
BNBUSDT,2022-05-11 16:00:00+00:00,288.2,2022-05-14 12:00:00+00:00,277.9,-3.574,-3.774,False,17,2.83,3.953
AXSUSDT,2022-05-11 16:00:00+00:00,21.45,2022-05-12 08:00:00+00:00,23.595000000000002,10.0,9.8,True,4,0.67,3.142
LTCUSDT,2022-05-11 16:00:00+00:00,74.3,2022-05-14 12:00:00+00:00,64.8,-12.786,-12.986,False,17,2.83,4.592
ADAUSDT,2022-05-11 16:00:00+00:00,0.5721,2022-05-14 12:00:00+00:00,0.4943,-13.599,-13.799,False,17,2.83,3.719
TRXUSDT,2022-05-11 16:00:00+00:00,0.07632,2022-05-14 12:00:00+00:00,0.07188,-5.818,-6.018,False,17,2.83,3.491
XLMUSDT,2022-05-11 16:00:00+00:00,0.1329,2022-05-14 12:00:00+00:00,0.1284,-3.386,-3.586,False,17,2.83,4.106
AAVEUSDT,2022-05-12 08:00:00+00:00,72.9,2022-05-12 12:00:00+00:00,80.19000000000001,10.0,9.8,True,1,0.17,2.761
AXSUSDT,2022-05-12 08:00:00+00:00,22.37,2022-05-12 08:00:00+00:00,24.607000000000003,10.0,9.8,True,0,0.0,3.444
SOLUSDT,2022-05-12 08:00:00+00:00,44.7,2022-05-12 12:00:00+00:00,49.17000000000001,10.0,9.8,True,1,0.17,3.301
SANDUSDT,2022-05-12 08:00:00+00:00,1.1548,2022-05-13 00:00:00+00:00,1.27028,10.0,9.8,True,4,0.67,3.717
UNIUSDT,2022-05-12 08:00:00+00:00,4.32,2022-05-12 12:00:00+00:00,4.752000000000001,10.0,9.8,True,1,0.17,3.565
MANAUSDT,2022-05-12 08:00:00+00:00,0.7296,2022-05-12 16:00:00+00:00,0.80256,10.0,9.8,True,2,0.33,3.427
LINKUSDT,2022-05-12 08:00:00+00:00,6.17,2022-05-12 12:00:00+00:00,6.787000000000001,10.0,9.8,True,1,0.17,3.125
LTCUSDT,2022-05-12 08:00:00+00:00,61.8,2022-05-12 16:00:00+00:00,67.98,10.0,9.8,True,2,0.33,3.331
AVAXUSDT,2022-05-12 08:00:00+00:00,28.29,2022-05-12 12:00:00+00:00,31.119000000000003,10.0,9.8,True,1,0.17,2.829
ETCUSDT,2022-05-12 08:00:00+00:00,17.85,2022-05-12 16:00:00+00:00,19.635,10.0,9.8,True,2,0.33,3.025
DOGEUSDT,2022-05-12 08:00:00+00:00,0.0782,2022-05-12 16:00:00+00:00,0.08602000000000001,10.0,9.8,True,2,0.33,2.871
XRPUSDT,2022-05-12 08:00:00+00:00,0.3789,2022-05-13 00:00:00+00:00,0.41679000000000005,10.0,9.8,True,4,0.67,3.573
BNBUSDT,2022-05-12 08:00:00+00:00,247.5,2022-05-12 08:00:00+00:00,272.25,10.0,9.8,True,0,0.0,3.477
XLMUSDT,2022-05-12 08:00:00+00:00,0.1169,2022-05-13 00:00:00+00:00,0.12859,10.0,9.8,True,4,0.67,3.772
ENJUSDT,2022-05-12 08:00:00+00:00,0.556,2022-05-12 16:00:00+00:00,0.6116000000000001,10.0,9.8,True,2,0.33,2.67
FILUSDT,2022-05-12 08:00:00+00:00,7.71,2022-05-12 08:00:00+00:00,8.481,10.0,9.8,True,0,0.0,3.032
ADAUSDT,2022-05-12 08:00:00+00:00,0.459,2022-05-12 16:00:00+00:00,0.5049,10.0,9.8,True,2,0.33,3.577
CHZUSDT,2022-05-12 08:00:00+00:00,0.0947,2022-05-12 12:00:00+00:00,0.10417000000000001,10.0,9.8,True,1,0.17,2.918
BCHUSDT,2022-05-12 08:00:00+00:00,177.1,2022-05-12 12:00:00+00:00,194.81,10.0,9.8,True,1,0.17,2.902
AXSUSDT,2022-05-18 12:00:00+00:00,21.59,2022-05-21 08:00:00+00:00,20.65,-4.354,-4.554,False,17,2.83,2.664
SANDUSDT,2022-05-19 16:00:00+00:00,1.3174,2022-05-22 12:00:00+00:00,1.3475,2.285,2.085,False,17,2.83,2.82
MANAUSDT,2022-05-19 16:00:00+00:00,1.1454,2022-05-22 12:00:00+00:00,1.093,-4.575,-4.775,False,17,2.83,2.806
SANDUSDT,2022-05-25 16:00:00+00:00,1.3235,2022-05-26 00:00:00+00:00,1.45585,10.0,9.8,True,2,0.33,3.485
XRPUSDT,2022-05-25 16:00:00+00:00,0.4021,2022-05-28 12:00:00+00:00,0.3871,-3.73,-3.93,False,17,2.83,3.059
AVAXUSDT,2022-05-26 12:00:00+00:00,24.18,2022-05-29 08:00:00+00:00,26.06,7.775,7.575,False,17,2.83,2.81
LTCUSDT,2022-05-26 16:00:00+00:00,64.3,2022-05-29 12:00:00+00:00,63.4,-1.4,-1.6,False,17,2.83,3.0
ADAUSDT,2022-05-26 16:00:00+00:00,0.4924,2022-05-29 12:00:00+00:00,0.4718,-4.184,-4.384,False,17,2.83,2.773
XRPUSDT,2022-05-26 16:00:00+00:00,0.3947,2022-05-29 12:00:00+00:00,0.3864,-2.103,-2.303,False,17,2.83,2.836
ATOMUSDT,2022-05-26 16:00:00+00:00,9.84,2022-05-29 12:00:00+00:00,9.51,-3.354,-3.554,False,17,2.83,2.993
SHIBUSDT,2022-05-26 16:00:00+00:00,1.098e-05,2022-05-29 12:00:00+00:00,1.153e-05,5.009,4.809,False,17,2.83,3.019
SOLUSDT,2022-05-26 16:00:00+00:00,45.11,2022-05-29 12:00:00+00:00,44.71,-0.887,-1.087,False,17,2.83,3.24
DOGEUSDT,2022-05-26 16:00:00+00:00,0.0795,2022-05-27 12:00:00+00:00,0.08745000000000001,10.0,9.8,True,5,0.83,3.049
ENJUSDT,2022-05-26 16:00:00+00:00,0.648,2022-05-29 12:00:00+00:00,0.6,-7.407,-7.607,False,17,2.83,2.525
DOTUSDT,2022-05-26 16:00:00+00:00,9.38,2022-05-29 12:00:00+00:00,9.82,4.691,4.491,False,17,2.83,3.233
ETHUSDT,2022-05-26 16:00:00+00:00,1862.03,2022-05-29 12:00:00+00:00,1797.23,-3.48,-3.68,False,17,2.83,3.845
NEARUSDT,2022-05-26 16:00:00+00:00,5.425,2022-05-29 12:00:00+00:00,5.102,-5.954,-6.154,False,17,2.83,2.913
DOTUSDT,2022-05-27 12:00:00+00:00,9.67,2022-05-30 04:00:00+00:00,10.637,10.0,9.8,True,16,2.67,2.842
DOGEUSDT,2022-05-27 16:00:00+00:00,0.0834,2022-05-30 12:00:00+00:00,0.08505,1.978,1.778,False,17,2.83,10.275
OPUSDT,2022-06-09 04:00:00+00:00,0.857,2022-06-10 00:00:00+00:00,0.9427000000000001,10.0,9.8,True,5,0.83,2.981
OPUSDT,2022-06-10 16:00:00+00:00,0.921,2022-06-13 12:00:00+00:00,0.55,-40.282,-40.482,False,17,2.83,2.708
ENJUSDT,2022-06-11 12:00:00+00:00,0.558,2022-06-14 08:00:00+00:00,0.472,-15.412,-15.612,False,17,2.83,2.529
ETCUSDT,2022-06-11 12:00:00+00:00,18.96,2022-06-14 08:00:00+00:00,14.36,-24.262,-24.462,False,17,2.83,2.867
MANAUSDT,2022-06-11 12:00:00+00:00,0.8515,2022-06-14 08:00:00+00:00,0.817,-4.052,-4.252,False,17,2.83,2.785
BCHUSDT,2022-06-12 04:00:00+00:00,151.3,2022-06-15 00:00:00+00:00,122.0,-19.365,-19.565,False,17,2.83,2.751
DOGEUSDT,2022-06-12 04:00:00+00:00,0.06605,2022-06-15 00:00:00+00:00,0.05363,-18.804,-19.004,False,17,2.83,3.244
SHIBUSDT,2022-06-12 04:00:00+00:00,8.84e-06,2022-06-15 00:00:00+00:00,8.07e-06,-8.71,-8.91,False,17,2.83,2.868
NEARUSDT,2022-06-12 04:00:00+00:00,3.794,2022-06-15 00:00:00+00:00,3.249,-14.365,-14.565,False,17,2.83,2.899
SANDUSDT,2022-06-12 04:00:00+00:00,0.9969,2022-06-15 00:00:00+00:00,0.8538,-14.354,-14.554,False,17,2.83,2.605
MANAUSDT,2022-06-12 04:00:00+00:00,0.7826,2022-06-12 12:00:00+00:00,0.8608600000000001,10.0,9.8,True,2,0.33,2.768
ETCUSDT,2022-06-12 04:00:00+00:00,17.31,2022-06-15 00:00:00+00:00,14.16,-18.198,-18.398,False,17,2.83,2.626
TRXUSDT,2022-06-12 16:00:00+00:00,0.07816,2022-06-15 12:00:00+00:00,0.05519,-29.388,-29.588,False,17,2.83,3.842
SHIBUSDT,2022-06-12 16:00:00+00:00,9.19e-06,2022-06-15 12:00:00+00:00,7.98e-06,-13.166,-13.366,False,17,2.83,3.314
MANAUSDT,2022-06-12 16:00:00+00:00,0.8541,2022-06-15 12:00:00+00:00,0.8123,-4.894,-5.094,False,17,2.83,4.164
AVAXUSDT,2022-06-12 16:00:00+00:00,19.01,2022-06-15 12:00:00+00:00,15.86,-16.57,-16.77,False,17,2.83,2.599
AAVEUSDT,2022-06-12 16:00:00+00:00,76.5,2022-06-15 12:00:00+00:00,58.3,-23.791,-23.991,False,17,2.83,2.926
DOGEUSDT,2022-06-12 16:00:00+00:00,0.06744,2022-06-15 12:00:00+00:00,0.0545,-19.187,-19.387,False,17,2.83,3.172
CHZUSDT,2022-06-12 16:00:00+00:00,0.1048,2022-06-15 12:00:00+00:00,0.0916,-12.595,-12.795,False,17,2.83,2.556
NEARUSDT,2022-06-13 04:00:00+00:00,3.474,2022-06-15 20:00:00+00:00,3.8214000000000006,10.0,9.8,True,16,2.67,2.695
ADAUSDT,2022-06-13 04:00:00+00:00,0.4763,2022-06-15 16:00:00+00:00,0.52393,10.0,9.8,True,15,2.5,2.791
MANAUSDT,2022-06-13 04:00:00+00:00,0.794,2022-06-13 16:00:00+00:00,0.8734000000000001,10.0,9.8,True,3,0.5,3.45
TRXUSDT,2022-06-13 12:00:00+00:00,0.06302,2022-06-16 08:00:00+00:00,0.05962,-5.395,-5.595,False,17,2.83,6.389
AAVEUSDT,2022-06-13 16:00:00+00:00,59.1,2022-06-15 20:00:00+00:00,65.01,10.0,9.8,True,13,2.17,3.268
ENJUSDT,2022-06-13 16:00:00+00:00,0.441,2022-06-14 08:00:00+00:00,0.48510000000000003,10.0,9.8,True,4,0.67,2.533
SANDUSDT,2022-06-13 16:00:00+00:00,0.8416,2022-06-14 04:00:00+00:00,0.9257600000000001,10.0,9.8,True,3,0.5,3.388
MANAUSDT,2022-06-13 16:00:00+00:00,0.8086,2022-06-14 04:00:00+00:00,0.88946,10.0,9.8,True,3,0.5,2.771
BNBUSDT,2022-06-13 16:00:00+00:00,224.2,2022-06-16 12:00:00+00:00,215.6,-3.836,-4.036,False,17,2.83,2.947
XRPUSDT,2022-06-13 16:00:00+00:00,0.3139,2022-06-15 20:00:00+00:00,0.34529000000000004,10.0,9.8,True,13,2.17,2.647
BCHUSDT,2022-06-13 16:00:00+00:00,133.4,2022-06-16 12:00:00+00:00,112.2,-15.892,-16.092,False,17,2.83,2.624
DOTUSDT,2022-06-14 04:00:00+00:00,7.25,2022-06-15 16:00:00+00:00,7.9750000000000005,10.0,9.8,True,9,1.5,2.66
BCHUSDT,2022-06-14 04:00:00+00:00,130.7,2022-06-17 00:00:00+00:00,111.8,-14.461,-14.661,False,17,2.83,2.724
BNBUSDT,2022-06-14 04:00:00+00:00,221.7,2022-06-17 00:00:00+00:00,212.4,-4.195,-4.395,False,17,2.83,3.329
ETCUSDT,2022-06-14 04:00:00+00:00,14.45,2022-06-15 20:00:00+00:00,15.895000000000001,10.0,9.8,True,10,1.67,2.628
DOGEUSDT,2022-06-14 04:00:00+00:00,0.0554,2022-06-15 16:00:00+00:00,0.06094,10.0,9.8,True,9,1.5,2.945
AXSUSDT,2022-06-14 08:00:00+00:00,14.94,2022-06-17 04:00:00+00:00,14.04,-6.024,-6.224,False,17,2.83,2.961
ENJUSDT,2022-06-14 12:00:00+00:00,0.473,2022-06-17 08:00:00+00:00,0.446,-5.708,-5.908,False,17,2.83,3.154
TRXUSDT,2022-06-15 12:00:00+00:00,0.05457,2022-06-15 12:00:00+00:00,0.060027000000000004,10.0,9.8,True,0,0.0,3.106
UNIUSDT,2022-06-15 20:00:00+00:00,4.15,2022-06-18 16:00:00+00:00,3.45,-16.867,-17.067,False,17,2.83,3.249
ETCUSDT,2022-06-15 20:00:00+00:00,15.05,2022-06-18 16:00:00+00:00,12.78,-15.083,-15.283,False,17,2.83,2.952
BCHUSDT,2022-06-17 12:00:00+00:00,110.4,2022-06-17 20:00:00+00:00,121.44000000000001,10.0,9.8,True,2,0.33,3.945
ETHUSDT,2022-06-19 00:00:00+00:00,995.12,2022-06-19 16:00:00+00:00,1094.632,10.0,9.8,True,4,0.67,2.584
XLMUSDT,2022-06-19 08:00:00+00:00,0.109,2022-06-22 04:00:00+00:00,0.1107,1.56,1.36,False,17,2.83,2.801
DOGEUSDT,2022-06-19 08:00:00+00:00,0.05599,2022-06-19 16:00:00+00:00,0.061589000000000005,10.0,9.8,True,2,0.33,3.55
LINKUSDT,2022-06-28 16:00:00+00:00,6.54,2022-07-01 12:00:00+00:00,6.01,-8.104,-8.304,False,17,2.83,6.054
UNIUSDT,2022-07-01 04:00:00+00:00,4.91,2022-07-04 00:00:00+00:00,4.74,-3.462,-3.662,False,17,2.83,2.72
OPUSDT,2022-07-12 12:00:00+00:00,0.471,2022-07-15 08:00:00+00:00,0.488,3.609,3.409,False,17,2.83,2.97
UNIUSDT,2022-07-12 12:00:00+00:00,5.65,2022-07-13 20:00:00+00:00,6.215000000000001,10.0,9.8,True,8,1.33,3.372
OPUSDT,2022-07-13 12:00:00+00:00,0.462,2022-07-15 12:00:00+00:00,0.5082000000000001,10.0,9.8,True,12,2.0,2.95
XRPUSDT,2022-07-13 16:00:00+00:00,0.3117,2022-07-15 00:00:00+00:00,0.34287,10.0,9.8,True,8,1.33,3.317
AVAXUSDT,2022-07-13 16:00:00+00:00,17.41,2022-07-14 16:00:00+00:00,19.151000000000003,10.0,9.8,True,6,1.0,5.875
MANAUSDT,2022-07-13 16:00:00+00:00,0.7815,2022-07-15 08:00:00+00:00,0.85965,10.0,9.8,True,10,1.67,4.826
NEARUSDT,2022-07-13 16:00:00+00:00,3.168,2022-07-14 16:00:00+00:00,3.4848000000000003,10.0,9.8,True,6,1.0,4.908
ATOMUSDT,2022-07-13 16:00:00+00:00,7.709,2022-07-14 12:00:00+00:00,8.4799,10.0,9.8,True,5,0.83,3.008
DOGEUSDT,2022-07-13 16:00:00+00:00,0.05929,2022-07-16 12:00:00+00:00,0.06326,6.696,6.496,False,17,2.83,3.654
FILUSDT,2022-07-13 16:00:00+00:00,5.15,2022-07-16 12:00:00+00:00,5.3,2.913,2.713,False,17,2.83,4.475
AAVEUSDT,2022-07-13 16:00:00+00:00,72.3,2022-07-13 20:00:00+00:00,79.53,10.0,9.8,True,1,0.17,4.274
ETCUSDT,2022-07-13 16:00:00+00:00,13.81,2022-07-15 20:00:00+00:00,15.191000000000003,10.0,9.8,True,13,2.17,4.822
SHIBUSDT,2022-07-13 16:00:00+00:00,1.012e-05,2022-07-15 12:00:00+00:00,1.1132000000000001e-05,10.0,9.8,True,11,1.83,3.911
UNIUSDT,2022-07-13 16:00:00+00:00,5.52,2022-07-13 20:00:00+00:00,6.072,10.0,9.8,True,1,0.17,3.463
ENJUSDT,2022-07-13 16:00:00+00:00,0.461,2022-07-15 00:00:00+00:00,0.5071000000000001,10.0,9.8,True,8,1.33,4.173
TRXUSDT,2022-07-13 16:00:00+00:00,0.06472,2022-07-16 12:00:00+00:00,0.06746,4.234,4.034,False,17,2.83,4.244
ETHUSDT,2022-07-13 16:00:00+00:00,1060.2,2022-07-14 16:00:00+00:00,1166.2200000000003,10.0,9.8,True,6,1.0,4.402
DOTUSDT,2022-07-13 16:00:00+00:00,6.23,2022-07-15 08:00:00+00:00,6.853000000000001,10.0,9.8,True,10,1.67,4.446
BNBUSDT,2022-07-13 16:00:00+00:00,222.7,2022-07-16 12:00:00+00:00,239.9,7.723,7.523,False,17,2.83,5.82
BCHUSDT,2022-07-13 16:00:00+00:00,98.0,2022-07-16 12:00:00+00:00,107.0,9.184,8.984,False,17,2.83,3.522
ADAUSDT,2022-07-13 16:00:00+00:00,0.4168,2022-07-16 12:00:00+00:00,0.4455,6.886,6.686,False,17,2.83,5.227
SOLUSDT,2022-07-13 16:00:00+00:00,33.22,2022-07-14 16:00:00+00:00,36.542,10.0,9.8,True,6,1.0,4.963
LTCUSDT,2022-07-13 16:00:00+00:00,47.73,2022-07-15 12:00:00+00:00,52.503,10.0,9.8,True,11,1.83,2.858
AXSUSDT,2022-07-13 16:00:00+00:00,12.8,2022-07-15 00:00:00+00:00,14.080000000000002,10.0,9.8,True,8,1.33,3.844
UNIUSDT,2022-07-14 04:00:00+00:00,6.19,2022-07-14 16:00:00+00:00,6.809000000000001,10.0,9.8,True,3,0.5,3.688
UNIUSDT,2022-07-25 04:00:00+00:00,6.89,2022-07-27 16:00:00+00:00,7.579000000000001,10.0,9.8,True,15,2.5,4.313
SOLUSDT,2022-07-27 20:00:00+00:00,39.38,2022-07-28 20:00:00+00:00,43.318000000000005,10.0,9.8,True,6,1.0,4.161
ETHUSDT,2022-07-27 20:00:00+00:00,1587.96,2022-07-28 12:00:00+00:00,1746.756,10.0,9.8,True,4,0.67,3.251
XRPUSDT,2022-07-27 20:00:00+00:00,0.3534,2022-07-30 12:00:00+00:00,0.38874000000000003,10.0,9.8,True,16,2.67,2.567
XLMUSDT,2022-07-27 20:00:00+00:00,0.1098,2022-07-30 12:00:00+00:00,0.12078,10.0,9.8,True,16,2.67,2.798
MANAUSDT,2022-07-27 20:00:00+00:00,0.9337,2022-07-29 00:00:00+00:00,1.0270700000000001,10.0,9.8,True,7,1.17,2.712
NEARUSDT,2022-07-27 20:00:00+00:00,4.03,2022-07-28 20:00:00+00:00,4.433000000000001,10.0,9.8,True,6,1.0,2.538
AVAXUSDT,2022-07-27 20:00:00+00:00,22.82,2022-07-29 04:00:00+00:00,25.102000000000004,10.0,9.8,True,8,1.33,4.369
SHIBUSDT,2022-07-27 20:00:00+00:00,1.122e-05,2022-07-30 08:00:00+00:00,1.2342e-05,10.0,9.8,True,15,2.5,4.314
LTCUSDT,2022-07-27 20:00:00+00:00,58.44,2022-07-28 16:00:00+00:00,64.284,10.0,9.8,True,5,0.83,2.673
AAVEUSDT,2022-07-27 20:00:00+00:00,93.0,2022-07-28 16:00:00+00:00,102.30000000000001,10.0,9.8,True,5,0.83,4.976
DOTUSDT,2022-07-27 20:00:00+00:00,7.25,2022-07-28 16:00:00+00:00,7.9750000000000005,10.0,9.8,True,5,0.83,3.646
DOGEUSDT,2022-07-27 20:00:00+00:00,0.06554,2022-07-29 04:00:00+00:00,0.072094,10.0,9.8,True,8,1.33,3.136
ADAUSDT,2022-07-27 20:00:00+00:00,0.5024,2022-07-30 12:00:00+00:00,0.55264,10.0,9.8,True,16,2.67,3.582
BCHUSDT,2022-07-28 04:00:00+00:00,135.8,2022-07-28 12:00:00+00:00,149.38000000000002,10.0,9.8,True,2,0.33,2.88
AAVEUSDT,2022-08-10 16:00:00+00:00,110.4,2022-08-13 12:00:00+00:00,111.2,0.725,0.525,False,17,2.83,8.095
BCHUSDT,2022-08-10 16:00:00+00:00,142.5,2022-08-13 12:00:00+00:00,145.1,1.825,1.625,False,17,2.83,3.036
LTCUSDT,2022-08-10 16:00:00+00:00,61.83,2022-08-13 12:00:00+00:00,65.4,5.774,5.574,False,17,2.83,3.062
XRPUSDT,2022-08-10 16:00:00+00:00,0.3771,2022-08-13 12:00:00+00:00,0.3807,0.955,0.755,False,17,2.83,2.649
AXSUSDT,2022-08-10 16:00:00+00:00,18.41,2022-08-13 12:00:00+00:00,19.32,4.943,4.743,False,17,2.83,2.529
UNIUSDT,2022-08-10 16:00:00+00:00,9.3,2022-08-13 12:00:00+00:00,9.09,-2.258,-2.458,False,17,2.83,5.588
OPUSDT,2022-08-10 16:00:00+00:00,1.754,2022-08-13 12:00:00+00:00,1.588,-9.464,-9.664,False,17,2.83,2.862
AXSUSDT,2022-08-15 16:00:00+00:00,18.36,2022-08-18 12:00:00+00:00,17.04,-7.19,-7.39,False,17,2.83,2.6
BCHUSDT,2022-08-17 04:00:00+00:00,144.3,2022-08-20 00:00:00+00:00,116.1,-19.543,-19.743,False,17,2.83,2.802
OPUSDT,2022-08-19 12:00:00+00:00,1.234,2022-08-22 08:00:00+00:00,1.129,-8.509,-8.709,False,17,2.83,2.796
AVAXUSDT,2022-08-29 16:00:00+00:00,19.07,2022-09-01 12:00:00+00:00,18.55,-2.727,-2.927,False,17,2.83,3.493
ATOMUSDT,2022-09-08 00:00:00+00:00,12.93,2022-09-09 04:00:00+00:00,14.223,10.0,9.8,True,7,1.17,2.968
TRXUSDT,2022-09-08 04:00:00+00:00,0.06089,2022-09-11 00:00:00+00:00,0.06479,6.405,6.205,False,17,2.83,3.277
BCHUSDT,2022-09-08 16:00:00+00:00,127.5,2022-09-11 12:00:00+00:00,130.7,2.51,2.31,False,17,2.83,4.034
AXSUSDT,2022-09-08 16:00:00+00:00,13.86,2022-09-09 12:00:00+00:00,15.246,10.0,9.8,True,5,0.83,2.779
LTCUSDT,2022-09-13 12:00:00+00:00,66.35,2022-09-16 08:00:00+00:00,56.16,-15.358,-15.558,False,17,2.83,3.581
OPUSDT,2022-09-13 16:00:00+00:00,1.193,2022-09-16 12:00:00+00:00,1.089,-8.718,-8.918,False,17,2.83,3.229
OPUSDT,2022-09-15 08:00:00+00:00,1.262,2022-09-18 04:00:00+00:00,1.109,-12.124,-12.324,False,17,2.83,2.909
ETHUSDT,2022-09-15 08:00:00+00:00,1636.65,2022-09-18 04:00:00+00:00,1453.45,-11.194,-11.394,False,17,2.83,2.62
AVAXUSDT,2022-09-18 04:00:00+00:00,18.39,2022-09-21 00:00:00+00:00,16.84,-8.428,-8.628,False,17,2.83,5.364
SHIBUSDT,2022-09-19 04:00:00+00:00,1.069e-05,2022-09-22 00:00:00+00:00,1.05e-05,-1.777,-1.977,False,17,2.83,3.043
OPUSDT,2022-09-19 16:00:00+00:00,0.947,2022-09-21 16:00:00+00:00,1.0417,10.0,9.8,True,12,2.0,2.509
AXSUSDT,2022-09-20 04:00:00+00:00,12.55,2022-09-23 00:00:00+00:00,12.89,2.709,2.509,False,17,2.83,4.192
TRXUSDT,2022-09-21 20:00:00+00:00,0.06021,2022-09-24 16:00:00+00:00,0.06017,-0.066,-0.266,False,17,2.83,3.432
LINKUSDT,2022-09-21 20:00:00+00:00,6.967,2022-09-24 08:00:00+00:00,7.6637,10.0,9.8,True,15,2.5,3.209
XRPUSDT,2022-09-30 00:00:00+00:00,0.4876,2022-10-02 20:00:00+00:00,0.4485,-8.019,-8.219,False,17,2.83,5.241
XLMUSDT,2022-09-30 00:00:00+00:00,0.1155,2022-10-02 20:00:00+00:00,0.1185,2.597,2.397,False,17,2.83,7.041
OPUSDT,2022-10-03 16:00:00+00:00,0.858,2022-10-06 12:00:00+00:00,0.858,0.0,-0.2,False,17,2.83,3.196
OPUSDT,2022-10-11 04:00:00+00:00,0.756,2022-10-14 00:00:00+00:00,0.752,-0.529,-0.729,False,17,2.83,4.455
BCHUSDT,2022-10-12 08:00:00+00:00,111.6,2022-10-15 04:00:00+00:00,107.8,-3.405,-3.605,False,17,2.83,4.601
ETCUSDT,2022-10-13 08:00:00+00:00,22.07,2022-10-14 08:00:00+00:00,24.277,10.0,9.8,True,6,1.0,2.985
NEARUSDT,2022-10-13 08:00:00+00:00,2.927,2022-10-16 04:00:00+00:00,2.988,2.084,1.884,False,17,2.83,4.305
ADAUSDT,2022-10-13 08:00:00+00:00,0.3623,2022-10-16 04:00:00+00:00,0.3665,1.159,0.959,False,17,2.83,2.904
SHIBUSDT,2022-10-13 08:00:00+00:00,9.74e-06,2022-10-13 16:00:00+00:00,1.0714000000000001e-05,10.0,9.8,True,2,0.33,2.561
DOTUSDT,2022-10-13 12:00:00+00:00,5.87,2022-10-16 08:00:00+00:00,6.16,4.94,4.74,False,17,2.83,3.164
ENJUSDT,2022-10-13 12:00:00+00:00,0.402,2022-10-16 08:00:00+00:00,0.4256,5.871,5.671,False,17,2.83,4.134
AVAXUSDT,2022-10-13 12:00:00+00:00,15.0,2022-10-16 08:00:00+00:00,15.6,4.0,3.8,False,17,2.83,3.835
AXSUSDT,2022-10-13 12:00:00+00:00,10.43,2022-10-14 00:00:00+00:00,11.473,10.0,9.8,True,3,0.5,3.245
MANAUSDT,2022-10-13 12:00:00+00:00,0.6067,2022-10-16 08:00:00+00:00,0.6406,5.588,5.388,False,17,2.83,3.042
LINKUSDT,2022-10-13 12:00:00+00:00,6.63,2022-10-16 08:00:00+00:00,7.065,6.561,6.361,False,17,2.83,2.657
AAVEUSDT,2022-10-13 12:00:00+00:00,67.1,2022-10-14 00:00:00+00:00,73.81,10.0,9.8,True,3,0.5,3.83
SANDUSDT,2022-10-13 12:00:00+00:00,0.7179,2022-10-14 00:00:00+00:00,0.78969,10.0,9.8,True,3,0.5,2.946
BCHUSDT,2022-10-13 16:00:00+00:00,107.0,2022-10-16 12:00:00+00:00,109.8,2.617,2.417,False,17,2.83,2.572
ADAUSDT,2022-10-13 16:00:00+00:00,0.3761,2022-10-16 12:00:00+00:00,0.3662,-2.632,-2.832,False,17,2.83,2.932
ATOMUSDT,2022-10-13 16:00:00+00:00,11.322,2022-10-16 12:00:00+00:00,11.578,2.261,2.061,False,17,2.83,3.13
CHZUSDT,2022-10-13 16:00:00+00:00,0.1804,2022-10-16 12:00:00+00:00,0.1815,0.61,0.41,False,17,2.83,2.711
ETCUSDT,2022-10-13 16:00:00+00:00,22.73,2022-10-16 12:00:00+00:00,23.03,1.32,1.12,False,17,2.83,3.581
DOGEUSDT,2022-10-13 16:00:00+00:00,0.05829,2022-10-16 12:00:00+00:00,0.0589,1.046,0.846,False,17,2.83,2.867
SOLUSDT,2022-10-13 16:00:00+00:00,29.67,2022-10-16 12:00:00+00:00,29.96,0.977,0.777,False,17,2.83,5.676
UNIUSDT,2022-10-13 16:00:00+00:00,6.01,2022-10-16 12:00:00+00:00,6.09,1.331,1.131,False,17,2.83,7.891
BNBUSDT,2022-10-13 16:00:00+00:00,266.8,2022-10-16 12:00:00+00:00,270.6,1.424,1.224,False,17,2.83,5.078
FILUSDT,2022-10-13 16:00:00+00:00,4.98,2022-10-16 12:00:00+00:00,5.15,3.414,3.214,False,17,2.83,2.938
LTCUSDT,2022-10-13 16:00:00+00:00,50.35,2022-10-16 12:00:00+00:00,50.96,1.212,1.012,False,17,2.83,3.356
ETHUSDT,2022-10-13 16:00:00+00:00,1256.9,2022-10-16 12:00:00+00:00,1286.35,2.343,2.143,False,17,2.83,5.142
SOLUSDT,2022-10-21 16:00:00+00:00,27.58,2022-10-24 12:00:00+00:00,28.45,3.154,2.954,False,17,2.83,3.108
ETHUSDT,2022-10-21 16:00:00+00:00,1297.46,2022-10-24 12:00:00+00:00,1341.62,3.404,3.204,False,17,2.83,2.745
DOTUSDT,2022-10-21 16:00:00+00:00,5.86,2022-10-24 12:00:00+00:00,5.87,0.171,-0.029,False,17,2.83,2.822
ETCUSDT,2022-10-21 16:00:00+00:00,21.64,2022-10-24 12:00:00+00:00,22.63,4.575,4.375,False,17,2.83,2.665
CHZUSDT,2022-10-21 16:00:00+00:00,0.1791,2022-10-24 12:00:00+00:00,0.1928,7.649,7.449,False,17,2.83,3.079
UNIUSDT,2022-10-21 16:00:00+00:00,6.04,2022-10-24 12:00:00+00:00,6.17,2.152,1.952,False,17,2.83,2.861
AXSUSDT,2022-10-25 04:00:00+00:00,9.21,2022-10-28 00:00:00+00:00,8.99,-2.389,-2.589,False,17,2.83,4.971
NEARUSDT,2022-11-01 20:00:00+00:00,3.032,2022-11-04 16:00:00+00:00,3.261,7.553,7.353,False,17,2.83,6.07
OPUSDT,2022-11-02 20:00:00+00:00,1.008,2022-11-03 04:00:00+00:00,1.1088,10.0,9.8,True,2,0.33,2.891
FILUSDT,2022-11-03 04:00:00+00:00,5.79,2022-11-05 16:00:00+00:00,6.369000000000001,10.0,9.8,True,15,2.5,6.169
SHIBUSDT,2022-11-04 08:00:00+00:00,1.262e-05,2022-11-07 04:00:00+00:00,1.168e-05,-7.448,-7.648,False,17,2.83,3.185
BNBUSDT,2022-11-08 04:00:00+00:00,334.8,2022-11-08 16:00:00+00:00,368.28000000000003,10.0,9.8,True,3,0.5,3.577
XRPUSDT,2022-11-08 08:00:00+00:00,0.4417,2022-11-11 04:00:00+00:00,0.3908,-11.524,-11.724,False,17,2.83,3.909
DOGEUSDT,2022-11-08 08:00:00+00:00,0.10274,2022-11-11 04:00:00+00:00,0.08789,-14.454,-14.654,False,17,2.83,3.537
BCHUSDT,2022-11-08 08:00:00+00:00,112.5,2022-11-11 04:00:00+00:00,103.7,-7.822,-8.022,False,17,2.83,3.556
TRXUSDT,2022-11-08 08:00:00+00:00,0.0609,2022-11-11 04:00:00+00:00,0.05738,-5.78,-5.98,False,17,2.83,2.81
SOLUSDT,2022-11-08 08:00:00+00:00,27.95,2022-11-08 16:00:00+00:00,30.745,10.0,9.8,True,2,0.33,3.73
AAVEUSDT,2022-11-08 08:00:00+00:00,82.3,2022-11-11 04:00:00+00:00,67.0,-18.591,-18.791,False,17,2.83,4.11
NEARUSDT,2022-11-08 08:00:00+00:00,2.88,2022-11-11 04:00:00+00:00,2.23,-22.569,-22.769,False,17,2.83,2.757
BCHUSDT,2022-11-08 16:00:00+00:00,113.5,2022-11-11 12:00:00+00:00,102.5,-9.692,-9.892,False,17,2.83,2.889
ADAUSDT,2022-11-08 20:00:00+00:00,0.3686,2022-11-11 16:00:00+00:00,0.351,-4.775,-4.975,False,17,2.83,5.705
UNIUSDT,2022-11-08 20:00:00+00:00,5.99,2022-11-11 16:00:00+00:00,6.15,2.671,2.471,False,17,2.83,4.882
TRXUSDT,2022-11-09 08:00:00+00:00,0.06277,2022-11-12 04:00:00+00:00,0.05406,-13.876,-14.076,False,17,2.83,9.971
SOLUSDT,2022-11-09 12:00:00+00:00,20.05,2022-11-12 08:00:00+00:00,15.31,-23.641,-23.841,False,17,2.83,3.246
TRXUSDT,2022-11-10 08:00:00+00:00,0.05718,2022-11-13 04:00:00+00:00,0.05326,-6.856,-7.056,False,17,2.83,2.963
XLMUSDT,2022-11-10 16:00:00+00:00,0.0997,2022-11-13 12:00:00+00:00,0.0898,-9.93,-10.13,False,17,2.83,2.569
SANDUSDT,2022-11-13 16:00:00+00:00,0.6099,2022-11-16 12:00:00+00:00,0.5753,-5.673,-5.873,False,17,2.83,5.702
AXSUSDT,2022-11-13 16:00:00+00:00,7.73,2022-11-13 16:00:00+00:00,8.503000000000002,10.0,9.8,True,0,0.0,22.232
MANAUSDT,2022-11-13 16:00:00+00:00,0.4594,2022-11-16 12:00:00+00:00,0.4304,-6.313,-6.513,False,17,2.83,3.0
TRXUSDT,2022-11-14 08:00:00+00:00,0.05012,2022-11-17 04:00:00+00:00,0.04998,-0.279,-0.479,False,17,2.83,5.768
XRPUSDT,2022-11-15 00:00:00+00:00,0.3775,2022-11-17 20:00:00+00:00,0.3819,1.166,0.966,False,17,2.83,2.563
UNIUSDT,2022-11-18 12:00:00+00:00,6.03,2022-11-21 08:00:00+00:00,5.34,-11.443,-11.643,False,17,2.83,2.517
SHIBUSDT,2022-11-21 00:00:00+00:00,8.78e-06,2022-11-23 20:00:00+00:00,9.05e-06,3.075,2.875,False,17,2.83,2.556
NEARUSDT,2022-11-21 04:00:00+00:00,1.513,2022-11-23 04:00:00+00:00,1.6643000000000001,10.0,9.8,True,12,2.0,2.728
XLMUSDT,2022-11-21 12:00:00+00:00,0.0862,2022-11-24 08:00:00+00:00,0.0882,2.32,2.12,False,17,2.83,3.724
DOTUSDT,2022-11-21 20:00:00+00:00,5.14,2022-11-24 16:00:00+00:00,5.38,4.669,4.469,False,17,2.83,2.526
NEARUSDT,2022-11-22 00:00:00+00:00,1.56,2022-11-24 00:00:00+00:00,1.7160000000000002,10.0,9.8,True,12,2.0,2.517
AXSUSDT,2022-11-22 04:00:00+00:00,6.36,2022-11-22 16:00:00+00:00,6.996000000000001,10.0,9.8,True,3,0.5,2.974
ENJUSDT,2022-11-22 04:00:00+00:00,0.2847,2022-11-24 20:00:00+00:00,0.31317000000000006,10.0,9.8,True,16,2.67,3.86
LINKUSDT,2022-11-22 08:00:00+00:00,5.956,2022-11-23 00:00:00+00:00,6.5516000000000005,10.0,9.8,True,4,0.67,2.645
DOTUSDT,2022-11-22 16:00:00+00:00,5.3,2022-11-25 12:00:00+00:00,5.28,-0.377,-0.577,False,17,2.83,2.501
ADAUSDT,2022-11-22 16:00:00+00:00,0.3153,2022-11-25 12:00:00+00:00,0.315,-0.095,-0.295,False,17,2.83,2.6
TRXUSDT,2022-11-22 16:00:00+00:00,0.05054,2022-11-25 12:00:00+00:00,0.05294,4.749,4.549,False,17,2.83,3.935
APTUSDT,2022-11-22 16:00:00+00:00,4.3991,2022-11-25 12:00:00+00:00,4.4834,1.916,1.716,False,17,2.83,3.64
ETHUSDT,2022-11-22 16:00:00+00:00,1135.36,2022-11-25 12:00:00+00:00,1189.8,4.795,4.595,False,17,2.83,2.552
SOLUSDT,2022-11-22 16:00:00+00:00,12.06,2022-11-23 00:00:00+00:00,13.266000000000002,10.0,9.8,True,2,0.33,2.908
UNIUSDT,2022-11-22 16:00:00+00:00,5.36,2022-11-25 12:00:00+00:00,5.37,0.187,-0.013,False,17,2.83,2.773
AVAXUSDT,2022-11-22 16:00:00+00:00,12.32,2022-11-25 12:00:00+00:00,12.85,4.302,4.102,False,17,2.83,2.85
AAVEUSDT,2022-11-22 20:00:00+00:00,55.8,2022-11-25 16:00:00+00:00,59.3,6.272,6.072,False,17,2.83,10.566
AXSUSDT,2022-11-22 20:00:00+00:00,6.95,2022-11-25 16:00:00+00:00,6.68,-3.885,-4.085,False,17,2.83,3.013
CHZUSDT,2022-11-28 16:00:00+00:00,0.1635,2022-12-01 12:00:00+00:00,0.1616,-1.162,-1.362,False,17,2.83,3.403
ENJUSDT,2022-11-29 04:00:00+00:00,0.2969,2022-12-02 00:00:00+00:00,0.3031,2.088,1.888,False,17,2.83,3.826
AVAXUSDT,2022-11-29 04:00:00+00:00,12.35,2022-12-02 00:00:00+00:00,12.95,4.858,4.658,False,17,2.83,3.301
XLMUSDT,2022-12-03 04:00:00+00:00,0.0879,2022-12-06 00:00:00+00:00,0.0862,-1.934,-2.134,False,17,2.83,3.622
TRXUSDT,2022-12-05 08:00:00+00:00,0.05344,2022-12-08 04:00:00+00:00,0.05343,-0.019,-0.219,False,17,2.83,2.527
ENJUSDT,2022-12-07 12:00:00+00:00,0.2986,2022-12-10 08:00:00+00:00,0.307,2.813,2.613,False,17,2.83,3.926
DOGEUSDT,2022-12-12 08:00:00+00:00,0.08805,2022-12-15 04:00:00+00:00,0.0876,-0.511,-0.711,False,17,2.83,2.585
TRXUSDT,2022-12-12 12:00:00+00:00,0.05267,2022-12-15 08:00:00+00:00,0.05562,5.601,5.401,False,17,2.83,3.071
FILUSDT,2022-12-13 08:00:00+00:00,4.17,2022-12-16 04:00:00+00:00,4.161,-0.216,-0.416,False,17,2.83,3.53
UNIUSDT,2022-12-13 08:00:00+00:00,5.94,2022-12-16 04:00:00+00:00,5.855,-1.431,-1.631,False,17,2.83,2.955
BNBUSDT,2022-12-13 12:00:00+00:00,268.7,2022-12-16 08:00:00+00:00,251.4,-6.438,-6.638,False,17,2.83,3.844
ADAUSDT,2022-12-13 12:00:00+00:00,0.3084,2022-12-16 08:00:00+00:00,0.2863,-7.166,-7.366,False,17,2.83,2.847
ETCUSDT,2022-12-13 12:00:00+00:00,18.6,2022-12-16 08:00:00+00:00,17.5,-5.914,-6.114,False,17,2.83,2.695
BCHUSDT,2022-12-13 12:00:00+00:00,109.1,2022-12-16 08:00:00+00:00,103.5,-5.133,-5.333,False,17,2.83,7.588
CHZUSDT,2022-12-13 16:00:00+00:00,0.1392,2022-12-16 12:00:00+00:00,0.1345,-3.376,-3.576,False,17,2.83,2.682
MANAUSDT,2022-12-13 16:00:00+00:00,0.3881,2022-12-16 12:00:00+00:00,0.3627,-6.545,-6.745,False,17,2.83,2.69
DOTUSDT,2022-12-13 16:00:00+00:00,5.27,2022-12-16 12:00:00+00:00,5.052,-4.137,-4.337,False,17,2.83,3.408
XLMUSDT,2022-12-13 16:00:00+00:00,0.0841,2022-12-16 12:00:00+00:00,0.0798,-5.113,-5.313,False,17,2.83,3.517
AAVEUSDT,2022-12-13 16:00:00+00:00,62.3,2022-12-16 12:00:00+00:00,57.7,-7.384,-7.584,False,17,2.83,6.074
ATOMUSDT,2022-12-13 16:00:00+00:00,9.739,2022-12-16 12:00:00+00:00,9.065,-6.921,-7.121,False,17,2.83,2.659
FILUSDT,2022-12-13 16:00:00+00:00,4.32,2022-12-16 12:00:00+00:00,3.843,-11.042,-11.242,False,17,2.83,3.385
SHIBUSDT,2022-12-13 16:00:00+00:00,9.17e-06,2022-12-16 12:00:00+00:00,8.51e-06,-7.197,-7.397,False,17,2.83,5.206
APTUSDT,2022-12-13 16:00:00+00:00,4.5546,2022-12-16 12:00:00+00:00,4.3684,-4.088,-4.288,False,17,2.83,3.506
DOGEUSDT,2022-12-13 16:00:00+00:00,0.09199,2022-12-16 12:00:00+00:00,0.08162,-11.273,-11.473,False,17,2.83,3.599
ENJUSDT,2022-12-13 16:00:00+00:00,0.3023,2022-12-16 12:00:00+00:00,0.2784,-7.906,-8.106,False,17,2.83,2.803
UNIUSDT,2022-12-13 16:00:00+00:00,6.13,2022-12-16 12:00:00+00:00,5.557,-9.347,-9.547,False,17,2.83,3.339
SOLUSDT,2022-12-13 16:00:00+00:00,13.73,2022-12-16 12:00:00+00:00,13.01,-5.244,-5.444,False,17,2.83,6.373
AVAXUSDT,2022-12-13 16:00:00+00:00,13.82,2022-12-16 12:00:00+00:00,12.54,-9.262,-9.462,False,17,2.83,13.089
NEARUSDT,2022-12-13 16:00:00+00:00,1.707,2022-12-16 12:00:00+00:00,1.508,-11.658,-11.858,False,17,2.83,5.46
LINKUSDT,2022-12-13 16:00:00+00:00,6.923,2022-12-16 12:00:00+00:00,6.16,-11.021,-11.221,False,17,2.83,5.47
SANDUSDT,2022-12-13 16:00:00+00:00,0.5642,2022-12-16 12:00:00+00:00,0.5066,-10.209,-10.409,False,17,2.83,2.702
ENJUSDT,2022-12-14 00:00:00+00:00,0.3049,2022-12-16 20:00:00+00:00,0.2604,-14.595,-14.795,False,17,2.83,4.138
AXSUSDT,2022-12-14 08:00:00+00:00,8.04,2022-12-17 04:00:00+00:00,6.84,-14.925,-15.125,False,17,2.83,2.661
BCHUSDT,2022-12-17 04:00:00+00:00,101.9,2022-12-20 00:00:00+00:00,100.1,-1.766,-1.966,False,17,2.83,2.826
FILUSDT,2022-12-17 04:00:00+00:00,3.048,2022-12-17 20:00:00+00:00,3.3528000000000002,10.0,9.8,True,4,0.67,5.195
BNBUSDT,2022-12-17 04:00:00+00:00,229.2,2022-12-18 04:00:00+00:00,252.12,10.0,9.8,True,6,1.0,2.645
ADAUSDT,2022-12-17 04:00:00+00:00,0.2603,2022-12-20 00:00:00+00:00,0.255,-2.036,-2.236,False,17,2.83,2.567
LTCUSDT,2022-12-17 08:00:00+00:00,65.0,2022-12-20 04:00:00+00:00,64.9,-0.154,-0.354,False,17,2.83,3.075
SHIBUSDT,2022-12-18 04:00:00+00:00,8.64e-06,2022-12-21 00:00:00+00:00,8.32e-06,-3.704,-3.904,False,17,2.83,6.475
CHZUSDT,2022-12-18 16:00:00+00:00,0.1189,2022-12-21 12:00:00+00:00,0.1102,-7.317,-7.517,False,17,2.83,3.256
MANAUSDT,2022-12-18 20:00:00+00:00,0.3273,2022-12-21 16:00:00+00:00,0.3025,-7.577,-7.777,False,17,2.83,2.675
MANAUSDT,2022-12-19 04:00:00+00:00,0.3215,2022-12-22 00:00:00+00:00,0.3093,-3.795,-3.995,False,17,2.83,4.045
UNIUSDT,2022-12-25 16:00:00+00:00,5.11,2022-12-28 12:00:00+00:00,5.052,-1.135,-1.335,False,17,2.83,2.627
AXSUSDT,2022-12-26 04:00:00+00:00,6.95,2022-12-29 00:00:00+00:00,6.22,-10.504,-10.704,False,17,2.83,8.638
AVAXUSDT,2022-12-26 04:00:00+00:00,11.76,2022-12-29 00:00:00+00:00,11.19,-4.847,-5.047,False,17,2.83,3.741
SOLUSDT,2022-12-27 20:00:00+00:00,11.02,2022-12-30 16:00:00+00:00,9.85,-10.617,-10.817,False,17,2.83,3.196
APTUSDT,2022-12-28 04:00:00+00:00,3.4679,2022-12-31 00:00:00+00:00,3.359,-3.14,-3.34,False,17,2.83,3.139
SOLUSDT,2022-12-28 16:00:00+00:00,9.95,2022-12-31 12:00:00+00:00,10.15,2.01,1.81,False,17,2.83,3.469
APTUSDT,2022-12-28 16:00:00+00:00,3.246,2022-12-31 12:00:00+00:00,3.4539,6.405,6.205,False,17,2.83,2.554
CHZUSDT,2022-12-29 00:00:00+00:00,0.1025,2022-12-31 20:00:00+00:00,0.1003,-2.146,-2.346,False,17,2.83,4.39
SHIBUSDT,2022-12-29 16:00:00+00:00,8.11e-06,2023-01-01 12:00:00+00:00,8.08e-06,-0.37,-0.57,False,17,2.83,3.525
ETCUSDT,2022-12-29 16:00:00+00:00,15.87,2023-01-01 12:00:00+00:00,15.69,-1.134,-1.334,False,17,2.83,3.444
NEARUSDT,2022-12-30 00:00:00+00:00,1.297,2023-01-01 20:00:00+00:00,1.276,-1.619,-1.819,False,17,2.83,3.17
SHIBUSDT,2022-12-30 00:00:00+00:00,8.2e-06,2023-01-01 20:00:00+00:00,8.12e-06,-0.976,-1.176,False,17,2.83,3.153
LINKUSDT,2022-12-30 00:00:00+00:00,5.6,2023-01-01 20:00:00+00:00,5.628,0.5,0.3,False,17,2.83,2.661
AXSUSDT,2022-12-30 00:00:00+00:00,6.17,2023-01-01 20:00:00+00:00,6.33,2.593,2.393,False,17,2.83,3.576
SOLUSDT,2022-12-30 00:00:00+00:00,9.64,2023-01-01 20:00:00+00:00,9.99,3.631,3.431,False,17,2.83,8.217
ENJUSDT,2022-12-30 12:00:00+00:00,0.2322,2023-01-02 08:00:00+00:00,0.2469,6.331,6.131,False,17,2.83,2.627
AAVEUSDT,2022-12-30 16:00:00+00:00,51.9,2023-01-02 12:00:00+00:00,53.7,3.468,3.268,False,17,2.83,10.381
TRXUSDT,2023-01-06 16:00:00+00:00,0.05214,2023-01-09 12:00:00+00:00,0.05507,5.619,5.419,False,17,2.83,3.048
XLMUSDT,2023-01-06 16:00:00+00:00,0.0741,2023-01-09 12:00:00+00:00,0.0802,8.232,8.032,False,17,2.83,2.926
NEARUSDT,2023-01-12 00:00:00+00:00,1.821,2023-01-13 20:00:00+00:00,2.0031000000000003,10.0,9.8,True,11,1.83,4.909
UNIUSDT,2023-01-18 20:00:00+00:00,6.196,2023-01-21 16:00:00+00:00,6.764,9.167,8.967,False,17,2.83,3.125
CHZUSDT,2023-01-18 20:00:00+00:00,0.1268,2023-01-21 16:00:00+00:00,0.137,8.044,7.844,False,17,2.83,3.516
SOLUSDT,2023-01-18 20:00:00+00:00,21.78,2023-01-20 20:00:00+00:00,23.958000000000002,10.0,9.8,True,12,2.0,2.918
XLMUSDT,2023-01-18 20:00:00+00:00,0.0846,2023-01-21 16:00:00+00:00,0.0925,9.338,9.138,False,17,2.83,3.722
ADAUSDT,2023-01-18 20:00:00+00:00,0.3349,2023-01-21 08:00:00+00:00,0.36839,10.0,9.8,True,15,2.5,3.099
AXSUSDT,2023-01-18 20:00:00+00:00,8.13,2023-01-20 20:00:00+00:00,8.943000000000001,10.0,9.8,True,12,2.0,2.635
CHZUSDT,2023-01-20 16:00:00+00:00,0.1292,2023-01-23 12:00:00+00:00,0.139,7.585,7.385,False,17,2.83,2.7
SOLUSDT,2023-01-21 00:00:00+00:00,25.51,2023-01-23 20:00:00+00:00,24.33,-4.626,-4.826,False,17,2.83,3.867
XLMUSDT,2023-01-21 00:00:00+00:00,0.0889,2023-01-23 20:00:00+00:00,0.0946,6.412,6.212,False,17,2.83,3.577
ADAUSDT,2023-01-21 00:00:00+00:00,0.3651,2023-01-23 20:00:00+00:00,0.375,2.712,2.512,False,17,2.83,3.335
AVAXUSDT,2023-01-21 00:00:00+00:00,17.49,2023-01-23 20:00:00+00:00,17.97,2.744,2.544,False,17,2.83,3.692
BNBUSDT,2023-01-21 00:00:00+00:00,305.1,2023-01-23 20:00:00+00:00,305.1,0.0,-0.2,False,17,2.83,2.568
MANAUSDT,2023-01-21 00:00:00+00:00,0.7316,2023-01-23 20:00:00+00:00,0.7244,-0.984,-1.184,False,17,2.83,4.037
FILUSDT,2023-01-21 04:00:00+00:00,4.902,2023-01-22 12:00:00+00:00,5.392200000000001,10.0,9.8,True,8,1.33,4.067
OPUSDT,2023-01-25 16:00:00+00:00,2.218,2023-01-25 20:00:00+00:00,2.4398,10.0,9.8,True,1,0.17,4.121
SOLUSDT,2023-01-25 16:00:00+00:00,23.32,2023-01-28 12:00:00+00:00,24.17,3.645,3.445,False,17,2.83,2.539
ETHUSDT,2023-01-26 00:00:00+00:00,1611.95,2023-01-28 20:00:00+00:00,1572.1,-2.472,-2.672,False,17,2.83,2.699
AVAXUSDT,2023-02-01 20:00:00+00:00,19.91,2023-02-02 00:00:00+00:00,21.901000000000003,10.0,9.8,True,1,0.17,2.52
UNIUSDT,2023-02-02 00:00:00+00:00,6.8,2023-02-02 16:00:00+00:00,7.48,10.0,9.8,True,4,0.67,2.738
AAVEUSDT,2023-02-02 00:00:00+00:00,88.4,2023-02-04 20:00:00+00:00,89.0,0.679,0.479,False,17,2.83,2.759
LTCUSDT,2023-02-07 04:00:00+00:00,99.58,2023-02-10 00:00:00+00:00,92.1,-7.512,-7.712,False,17,2.83,2.594
CHZUSDT,2023-02-07 12:00:00+00:00,0.15,2023-02-07 20:00:00+00:00,0.165,10.0,9.8,True,2,0.33,12.668
BCHUSDT,2023-02-07 16:00:00+00:00,133.8,2023-02-10 12:00:00+00:00,128.3,-4.111,-4.311,False,17,2.83,2.817
SOLUSDT,2023-02-07 20:00:00+00:00,23.27,2023-02-10 16:00:00+00:00,20.89,-10.228,-10.428,False,17,2.83,3.687
LINKUSDT,2023-02-07 20:00:00+00:00,7.077,2023-02-09 08:00:00+00:00,7.784700000000001,10.0,9.8,True,9,1.5,2.828
XLMUSDT,2023-02-07 20:00:00+00:00,0.0908,2023-02-10 16:00:00+00:00,0.0863,-4.956,-5.156,False,17,2.83,2.745
MANAUSDT,2023-02-08 00:00:00+00:00,0.8084,2023-02-10 20:00:00+00:00,0.6885,-14.832,-15.032,False,17,2.83,7.04
SANDUSDT,2023-02-08 00:00:00+00:00,0.9112,2023-02-10 20:00:00+00:00,0.7316,-19.71,-19.91,False,17,2.83,11.703
SHIBUSDT,2023-02-11 00:00:00+00:00,1.287e-05,2023-02-13 20:00:00+00:00,1.247e-05,-3.108,-3.308,False,17,2.83,2.676
APTUSDT,2023-02-11 16:00:00+00:00,14.2025,2023-02-14 12:00:00+00:00,14.1544,-0.339,-0.539,False,17,2.83,3.279
DOGEUSDT,2023-02-12 12:00:00+00:00,0.08453,2023-02-15 08:00:00+00:00,0.08648,2.307,2.107,False,17,2.83,2.793
AAVEUSDT,2023-02-13 12:00:00+00:00,77.8,2023-02-15 16:00:00+00:00,85.58,10.0,9.8,True,13,2.17,7.178
XRPUSDT,2023-02-13 12:00:00+00:00,0.3652,2023-02-15 20:00:00+00:00,0.4017200000000001,10.0,9.8,True,14,2.33,3.072
AXSUSDT,2023-02-14 16:00:00+00:00,9.79,2023-02-15 20:00:00+00:00,10.769,10.0,9.8,True,7,1.17,2.663
OPUSDT,2023-02-14 16:00:00+00:00,2.352,2023-02-15 12:00:00+00:00,2.5872,10.0,9.8,True,5,0.83,4.949
SANDUSDT,2023-02-14 16:00:00+00:00,0.7056,2023-02-15 20:00:00+00:00,0.7761600000000001,10.0,9.8,True,7,1.17,3.231
ENJUSDT,2023-02-14 16:00:00+00:00,0.4345,2023-02-15 20:00:00+00:00,0.47795000000000004,10.0,9.8,True,7,1.17,3.096
MANAUSDT,2023-02-14 16:00:00+00:00,0.6673,2023-02-16 00:00:00+00:00,0.7340300000000001,10.0,9.8,True,8,1.33,3.535
FILUSDT,2023-02-14 16:00:00+00:00,5.029,2023-02-16 00:00:00+00:00,5.5319,10.0,9.8,True,8,1.33,3.14
XRPUSDT,2023-02-14 16:00:00+00:00,0.3756,2023-02-17 12:00:00+00:00,0.3887,3.488,3.288,False,17,2.83,2.919
LTCUSDT,2023-02-14 16:00:00+00:00,94.75,2023-02-16 16:00:00+00:00,104.22500000000001,10.0,9.8,True,12,2.0,4.373
ETCUSDT,2023-02-14 16:00:00+00:00,20.89,2023-02-17 12:00:00+00:00,21.83,4.5,4.3,False,17,2.83,3.719
CHZUSDT,2023-02-14 16:00:00+00:00,0.1315,2023-02-17 12:00:00+00:00,0.1398,6.312,6.112,False,17,2.83,3.026
LINKUSDT,2023-02-14 16:00:00+00:00,6.748,2023-02-16 16:00:00+00:00,7.4228000000000005,10.0,9.8,True,12,2.0,3.528
DOGEUSDT,2023-02-22 12:00:00+00:00,0.08592,2023-02-25 08:00:00+00:00,0.08118,-5.517,-5.717,False,17,2.83,5.846
OPUSDT,2023-02-22 20:00:00+00:00,2.688,2023-02-23 12:00:00+00:00,2.9568000000000003,10.0,9.8,True,4,0.67,3.882
ENJUSDT,2023-02-23 04:00:00+00:00,0.5419,2023-02-26 00:00:00+00:00,0.4709,-13.102,-13.302,False,17,2.83,6.823
SHIBUSDT,2023-02-23 04:00:00+00:00,1.341e-05,2023-02-26 00:00:00+00:00,1.251e-05,-6.711,-6.911,False,17,2.83,2.574
LINKUSDT,2023-02-23 12:00:00+00:00,7.854,2023-02-26 08:00:00+00:00,7.438,-5.297,-5.497,False,17,2.83,2.788
DOGEUSDT,2023-03-05 00:00:00+00:00,0.07462,2023-03-07 20:00:00+00:00,0.07407,-0.737,-0.937,False,17,2.83,2.957
MANAUSDT,2023-03-05 00:00:00+00:00,0.5777,2023-03-07 20:00:00+00:00,0.5904,2.198,1.998,False,17,2.83,2.853
AXSUSDT,2023-03-05 00:00:00+00:00,8.81,2023-03-07 20:00:00+00:00,8.63,-2.043,-2.243,False,17,2.83,2.513
MANAUSDT,2023-03-06 12:00:00+00:00,0.6033,2023-03-09 08:00:00+00:00,0.552,-8.503,-8.703,False,17,2.83,4.493
AVAXUSDT,2023-03-06 16:00:00+00:00,16.55,2023-03-09 12:00:00+00:00,15.48,-6.465,-6.665,False,17,2.83,2.675
LTCUSDT,2023-03-07 16:00:00+00:00,86.09,2023-03-10 12:00:00+00:00,70.79,-17.772,-17.972,False,17,2.83,2.571
SOLUSDT,2023-03-07 16:00:00+00:00,20.42,2023-03-10 12:00:00+00:00,17.67,-13.467,-13.667,False,17,2.83,3.449
CHZUSDT,2023-03-07 16:00:00+00:00,0.1206,2023-03-10 12:00:00+00:00,0.1078,-10.614,-10.814,False,17,2.83,3.065
ADAUSDT,2023-03-07 16:00:00+00:00,0.3276,2023-03-10 12:00:00+00:00,0.3133,-4.365,-4.565,False,17,2.83,2.517
NEARUSDT,2023-03-07 16:00:00+00:00,2.006,2023-03-10 12:00:00+00:00,1.78,-11.266,-11.466,False,17,2.83,2.952
ATOMUSDT,2023-03-07 16:00:00+00:00,11.711,2023-03-10 12:00:00+00:00,11.073,-5.448,-5.648,False,17,2.83,3.392
XLMUSDT,2023-03-07 16:00:00+00:00,0.0831,2023-03-10 12:00:00+00:00,0.077,-7.341,-7.541,False,17,2.83,4.098
DOTUSDT,2023-03-07 16:00:00+00:00,5.855,2023-03-10 12:00:00+00:00,5.475,-6.49,-6.69,False,17,2.83,3.273
SHIBUSDT,2023-03-08 00:00:00+00:00,1.112e-05,2023-03-10 20:00:00+00:00,1.028e-05,-7.554,-7.754,False,17,2.83,2.699
LTCUSDT,2023-03-08 16:00:00+00:00,84.63,2023-03-11 12:00:00+00:00,66.8,-21.068,-21.268,False,17,2.83,2.69
ADAUSDT,2023-03-08 16:00:00+00:00,0.3253,2023-03-11 12:00:00+00:00,0.3029,-6.886,-7.086,False,17,2.83,3.247
DOTUSDT,2023-03-08 16:00:00+00:00,5.682,2023-03-11 12:00:00+00:00,5.253,-7.55,-7.75,False,17,2.83,3.682
AXSUSDT,2023-03-08 16:00:00+00:00,8.19,2023-03-11 12:00:00+00:00,7.01,-14.408,-14.608,False,17,2.83,3.289
CHZUSDT,2023-03-08 16:00:00+00:00,0.1182,2023-03-11 12:00:00+00:00,0.1054,-10.829,-11.029,False,17,2.83,2.815
BCHUSDT,2023-03-08 16:00:00+00:00,120.0,2023-03-11 12:00:00+00:00,109.0,-9.167,-9.367,False,17,2.83,2.591
SOLUSDT,2023-03-08 16:00:00+00:00,19.24,2023-03-11 12:00:00+00:00,17.14,-10.915,-11.115,False,17,2.83,4.36
ATOMUSDT,2023-03-09 04:00:00+00:00,10.873,2023-03-12 00:00:00+00:00,10.928,0.506,0.306,False,17,2.83,2.753
ATOMUSDT,2023-03-09 16:00:00+00:00,10.806,2023-03-12 12:00:00+00:00,11.065,2.397,2.197,False,17,2.83,3.753
APTUSDT,2023-03-09 16:00:00+00:00,11.2767,2023-03-12 12:00:00+00:00,10.1321,-10.15,-10.35,False,17,2.83,2.715
ADAUSDT,2023-03-09 20:00:00+00:00,0.3096,2023-03-12 16:00:00+00:00,0.3123,0.872,0.672,False,17,2.83,2.936
OPUSDT,2023-03-10 00:00:00+00:00,2.202,2023-03-12 20:00:00+00:00,2.4222,10.0,9.8,True,17,2.83,2.853
LTCUSDT,2023-03-10 16:00:00+00:00,70.8,2023-03-13 00:00:00+00:00,77.88000000000001,10.0,9.8,True,14,2.33,3.275
SOLUSDT,2023-03-10 16:00:00+00:00,17.66,2023-03-12 20:00:00+00:00,19.426000000000002,10.0,9.8,True,13,2.17,2.987
LINKUSDT,2023-03-10 16:00:00+00:00,6.211,2023-03-13 12:00:00+00:00,6.8321000000000005,10.0,9.8,True,17,2.83,2.551
AVAXUSDT,2023-03-10 16:00:00+00:00,14.76,2023-03-12 20:00:00+00:00,16.236,10.0,9.8,True,13,2.17,3.228
ATOMUSDT,2023-03-10 16:00:00+00:00,11.073,2023-03-13 12:00:00+00:00,12.1803,10.0,9.8,True,17,2.83,2.592
ETHUSDT,2023-03-11 04:00:00+00:00,1458.32,2023-03-13 00:00:00+00:00,1604.152,10.0,9.8,True,11,1.83,2.872
AAVEUSDT,2023-03-11 08:00:00+00:00,65.2,2023-03-12 20:00:00+00:00,71.72000000000001,10.0,9.8,True,9,1.5,3.07
UNIUSDT,2023-03-11 08:00:00+00:00,5.334,2023-03-12 20:00:00+00:00,5.8674,10.0,9.8,True,9,1.5,2.923
FILUSDT,2023-03-13 04:00:00+00:00,6.02,2023-03-14 12:00:00+00:00,6.622,10.0,9.8,True,8,1.33,2.688
APTUSDT,2023-03-22 20:00:00+00:00,12.1491,2023-03-25 16:00:00+00:00,11.504,-5.31,-5.51,False,17,2.83,3.974
TRXUSDT,2023-03-23 00:00:00+00:00,0.05979,2023-03-23 20:00:00+00:00,0.06576900000000001,10.0,9.8,True,5,0.83,5.234
UNIUSDT,2023-03-27 16:00:00+00:00,5.619,2023-03-30 12:00:00+00:00,5.98,6.425,6.225,False,17,2.83,2.568
SOLUSDT,2023-04-03 20:00:00+00:00,20.91,2023-04-06 16:00:00+00:00,20.72,-0.909,-1.109,False,17,2.83,2.757
LINKUSDT,2023-04-04 00:00:00+00:00,7.244,2023-04-06 20:00:00+00:00,7.201,-0.594,-0.794,False,17,2.83,3.099
ARBUSDT,2023-04-10 20:00:00+00:00,1.2272,2023-04-13 12:00:00+00:00,1.3499200000000002,10.0,9.8,True,16,2.67,3.745
UNIUSDT,2023-04-10 20:00:00+00:00,5.998,2023-04-13 16:00:00+00:00,6.194,3.268,3.068,False,17,2.83,2.502
FILUSDT,2023-04-10 20:00:00+00:00,6.145,2023-04-13 16:00:00+00:00,6.059,-1.4,-1.6,False,17,2.83,3.074
AAVEUSDT,2023-04-11 04:00:00+00:00,79.6,2023-04-14 00:00:00+00:00,83.1,4.397,4.197,False,17,2.83,4.179
BNBUSDT,2023-04-21 08:00:00+00:00,329.7,2023-04-24 04:00:00+00:00,329.4,-0.091,-0.291,False,17,2.83,3.348
APTUSDT,2023-04-21 20:00:00+00:00,10.1904,2023-04-24 16:00:00+00:00,10.2564,0.648,0.448,False,17,2.83,2.827
TRXUSDT,2023-04-26 16:00:00+00:00,0.06669,2023-04-29 12:00:00+00:00,0.06712,0.645,0.445,False,17,2.83,2.847
BNBUSDT,2023-04-30 20:00:00+00:00,335.9,2023-05-03 16:00:00+00:00,323.2,-3.781,-3.981,False,17,2.83,4.765
CHZUSDT,2023-05-01 16:00:00+00:00,0.1276,2023-05-04 12:00:00+00:00,0.128,0.313,0.113,False,17,2.83,4.781
ETHUSDT,2023-05-02 16:00:00+00:00,1858.8,2023-05-05 12:00:00+00:00,1953.34,5.086,4.886,False,17,2.83,2.725
AAVEUSDT,2023-05-02 16:00:00+00:00,69.0,2023-05-05 12:00:00+00:00,72.8,5.507,5.307,False,17,2.83,2.671
AVAXUSDT,2023-05-03 20:00:00+00:00,16.94,2023-05-06 16:00:00+00:00,16.65,-1.712,-1.912,False,17,2.83,3.62
APTUSDT,2023-05-03 20:00:00+00:00,9.6183,2023-05-06 16:00:00+00:00,9.26,-3.725,-3.925,False,17,2.83,3.162
ETCUSDT,2023-05-04 00:00:00+00:00,19.55,2023-05-06 20:00:00+00:00,18.94,-3.12,-3.32,False,17,2.83,3.346
ARBUSDT,2023-05-08 20:00:00+00:00,1.0627,2023-05-10 12:00:00+00:00,1.16897,10.0,9.8,True,10,1.67,4.443
SHIBUSDT,2023-05-08 20:00:00+00:00,8.91e-06,2023-05-11 16:00:00+00:00,8.6e-06,-3.479,-3.679,False,17,2.83,3.602
CHZUSDT,2023-05-08 20:00:00+00:00,0.1132,2023-05-11 16:00:00+00:00,0.1053,-6.979,-7.179,False,17,2.83,4.568
XLMUSDT,2023-05-08 20:00:00+00:00,0.0883,2023-05-11 16:00:00+00:00,0.0885,0.227,0.027,False,17,2.83,2.515
AAVEUSDT,2023-05-08 20:00:00+00:00,64.1,2023-05-11 16:00:00+00:00,61.5,-4.056,-4.256,False,17,2.83,3.152
BCHUSDT,2023-05-08 20:00:00+00:00,110.2,2023-05-09 08:00:00+00:00,121.22000000000001,10.0,9.8,True,3,0.5,3.572
MANAUSDT,2023-05-08 20:00:00+00:00,0.4684,2023-05-11 16:00:00+00:00,0.4465,-4.675,-4.875,False,17,2.83,4.32
LINKUSDT,2023-05-08 20:00:00+00:00,6.537,2023-05-11 16:00:00+00:00,6.31,-3.473,-3.673,False,17,2.83,3.558
UNIUSDT,2023-05-08 20:00:00+00:00,4.911,2023-05-11 16:00:00+00:00,5.023,2.281,2.081,False,17,2.83,2.892
SANDUSDT,2023-05-08 20:00:00+00:00,0.5017,2023-05-11 16:00:00+00:00,0.49,-2.332,-2.532,False,17,2.83,3.713
AVAXUSDT,2023-05-08 20:00:00+00:00,15.25,2023-05-11 16:00:00+00:00,14.92,-2.164,-2.364,False,17,2.83,4.466
ADAUSDT,2023-05-08 20:00:00+00:00,0.361,2023-05-11 16:00:00+00:00,0.3538,-1.994,-2.194,False,17,2.83,3.089
DOTUSDT,2023-05-08 20:00:00+00:00,5.3,2023-05-11 16:00:00+00:00,5.263,-0.698,-0.898,False,17,2.83,3.199
DOGEUSDT,2023-05-08 20:00:00+00:00,0.07193,2023-05-11 16:00:00+00:00,0.07035,-2.197,-2.397,False,17,2.83,3.693
ATOMUSDT,2023-05-08 20:00:00+00:00,10.502,2023-05-11 16:00:00+00:00,10.969,4.447,4.247,False,17,2.83,4.754
AXSUSDT,2023-05-08 20:00:00+00:00,6.71,2023-05-11 16:00:00+00:00,6.7,-0.149,-0.349,False,17,2.83,2.778
APTUSDT,2023-05-08 20:00:00+00:00,8.1432,2023-05-11 16:00:00+00:00,7.9567,-2.29,-2.49,False,17,2.83,3.234
NEARUSDT,2023-05-08 20:00:00+00:00,1.621,2023-05-11 16:00:00+00:00,1.58,-2.529,-2.729,False,17,2.83,3.474
ETCUSDT,2023-05-08 20:00:00+00:00,18.09,2023-05-11 16:00:00+00:00,17.96,-0.719,-0.919,False,17,2.83,4.836
ENJUSDT,2023-05-08 20:00:00+00:00,0.3361,2023-05-11 16:00:00+00:00,0.3294,-1.993,-2.193,False,17,2.83,3.518
BCHUSDT,2023-05-09 08:00:00+00:00,119.9,2023-05-12 04:00:00+00:00,114.3,-4.671,-4.871,False,17,2.83,14.088
ETCUSDT,2023-05-09 12:00:00+00:00,18.9,2023-05-12 08:00:00+00:00,17.98,-4.868,-5.068,False,17,2.83,4.054
CHZUSDT,2023-05-10 12:00:00+00:00,0.109,2023-05-13 08:00:00+00:00,0.1061,-2.661,-2.861,False,17,2.83,5.263
ETHUSDT,2023-05-10 16:00:00+00:00,1872.84,2023-05-13 12:00:00+00:00,1795.9,-4.108,-4.308,False,17,2.83,2.563
ENJUSDT,2023-05-10 16:00:00+00:00,0.3506,2023-05-13 12:00:00+00:00,0.3306,-5.705,-5.905,False,17,2.83,2.501
FILUSDT,2023-05-10 16:00:00+00:00,4.707,2023-05-13 12:00:00+00:00,4.354,-7.499,-7.699,False,17,2.83,2.661
ATOMUSDT,2023-05-10 16:00:00+00:00,10.868,2023-05-13 12:00:00+00:00,10.879,0.101,-0.099,False,17,2.83,4.205
SOLUSDT,2023-05-10 20:00:00+00:00,20.96,2023-05-13 16:00:00+00:00,20.94,-0.095,-0.295,False,17,2.83,3.318
NEARUSDT,2023-05-10 20:00:00+00:00,1.667,2023-05-13 16:00:00+00:00,1.659,-0.48,-0.68,False,17,2.83,3.525
DOTUSDT,2023-05-10 20:00:00+00:00,5.438,2023-05-13 16:00:00+00:00,5.347,-1.673,-1.873,False,17,2.83,3.058
LTCUSDT,2023-05-10 20:00:00+00:00,81.16,2023-05-13 16:00:00+00:00,80.47,-0.85,-1.05,False,17,2.83,2.541
LINKUSDT,2023-05-10 20:00:00+00:00,6.575,2023-05-13 16:00:00+00:00,6.503,-1.095,-1.295,False,17,2.83,3.237
DOGEUSDT,2023-05-10 20:00:00+00:00,0.07331,2023-05-13 16:00:00+00:00,0.07164,-2.278,-2.478,False,17,2.83,3.191
ARBUSDT,2023-05-10 20:00:00+00:00,1.1585,2023-05-13 16:00:00+00:00,1.1696,0.958,0.758,False,17,2.83,2.588
MANAUSDT,2023-05-10 20:00:00+00:00,0.4759,2023-05-13 16:00:00+00:00,0.4507,-5.295,-5.495,False,17,2.83,2.732
CHZUSDT,2023-05-10 20:00:00+00:00,0.1097,2023-05-13 16:00:00+00:00,0.1055,-3.829,-4.029,False,17,2.83,4.021
APTUSDT,2023-05-10 20:00:00+00:00,8.6135,2023-05-13 16:00:00+00:00,8.2642,-4.055,-4.255,False,17,2.83,3.128
SHIBUSDT,2023-05-10 20:00:00+00:00,9.03e-06,2023-05-13 16:00:00+00:00,8.7e-06,-3.654,-3.854,False,17,2.83,3.948
AAVEUSDT,2023-05-10 20:00:00+00:00,64.8,2023-05-13 16:00:00+00:00,62.2,-4.012,-4.212,False,17,2.83,4.243
SANDUSDT,2023-05-10 20:00:00+00:00,0.5194,2023-05-13 16:00:00+00:00,0.5014,-3.466,-3.666,False,17,2.83,4.036
AXSUSDT,2023-05-10 20:00:00+00:00,6.98,2023-05-13 16:00:00+00:00,6.76,-3.152,-3.352,False,17,2.83,3.081
AVAXUSDT,2023-05-10 20:00:00+00:00,15.49,2023-05-13 16:00:00+00:00,14.95,-3.486,-3.686,False,17,2.83,3.983
NEARUSDT,2023-05-12 16:00:00+00:00,1.633,2023-05-15 12:00:00+00:00,1.672,2.388,2.188,False,17,2.83,3.118
AAVEUSDT,2023-05-12 16:00:00+00:00,61.7,2023-05-15 12:00:00+00:00,63.8,3.404,3.204,False,17,2.83,3.313
LINKUSDT,2023-05-22 12:00:00+00:00,6.53,2023-05-25 08:00:00+00:00,6.305,-3.446,-3.646,False,17,2.83,3.361
AVAXUSDT,2023-05-22 12:00:00+00:00,14.57,2023-05-25 08:00:00+00:00,14.18,-2.677,-2.877,False,17,2.83,2.515
DOGEUSDT,2023-05-22 12:00:00+00:00,0.07321,2023-05-25 08:00:00+00:00,0.07055,-3.633,-3.833,False,17,2.83,3.2
ADAUSDT,2023-05-22 12:00:00+00:00,0.3683,2023-05-25 08:00:00+00:00,0.3581,-2.769,-2.969,False,17,2.83,3.602
SHIBUSDT,2023-05-22 12:00:00+00:00,8.82e-06,2023-05-25 08:00:00+00:00,8.45e-06,-4.195,-4.395,False,17,2.83,8.078
UNIUSDT,2023-05-22 16:00:00+00:00,5.081,2023-05-25 12:00:00+00:00,4.918,-3.208,-3.408,False,17,2.83,3.819
MANAUSDT,2023-05-22 16:00:00+00:00,0.4787,2023-05-25 12:00:00+00:00,0.4615,-3.593,-3.793,False,17,2.83,3.219
ETCUSDT,2023-05-22 16:00:00+00:00,18.29,2023-05-25 12:00:00+00:00,17.61,-3.718,-3.918,False,17,2.83,3.506
SOLUSDT,2023-05-23 04:00:00+00:00,20.04,2023-05-26 00:00:00+00:00,19.29,-3.743,-3.943,False,17,2.83,2.591
SUIUSDT,2023-05-24 16:00:00+00:00,0.9741,2023-05-27 12:00:00+00:00,0.9922,1.858,1.658,False,17,2.83,3.163
CHZUSDT,2023-05-24 16:00:00+00:00,0.1006,2023-05-27 12:00:00+00:00,0.1001,-0.497,-0.697,False,17,2.83,5.88
LTCUSDT,2023-05-24 16:00:00+00:00,86.0,2023-05-27 12:00:00+00:00,87.85,2.151,1.951,False,17,2.83,2.676
SANDUSDT,2023-05-25 04:00:00+00:00,0.5069,2023-05-28 00:00:00+00:00,0.5285,4.261,4.061,False,17,2.83,3.158
AXSUSDT,2023-05-25 04:00:00+00:00,7.03,2023-05-28 00:00:00+00:00,7.06,0.427,0.227,False,17,2.83,6.611
LTCUSDT,2023-05-25 04:00:00+00:00,84.28,2023-05-28 00:00:00+00:00,89.87,6.633,6.433,False,17,2.83,2.608
ENJUSDT,2023-05-26 00:00:00+00:00,0.3329,2023-05-28 20:00:00+00:00,0.3427,2.944,2.744,False,17,2.83,2.637
BNBUSDT,2023-05-26 08:00:00+00:00,305.7,2023-05-29 04:00:00+00:00,314.4,2.846,2.646,False,17,2.83,3.266
OPUSDT,2023-05-31 04:00:00+00:00,1.48,2023-06-03 00:00:00+00:00,1.45,-2.027,-2.227,False,17,2.83,3.017
SHIBUSDT,2023-06-01 04:00:00+00:00,8.53e-06,2023-06-04 00:00:00+00:00,8.62e-06,1.055,0.855,False,17,2.83,2.539
MANAUSDT,2023-06-01 12:00:00+00:00,0.4669,2023-06-04 08:00:00+00:00,0.4906,5.076,4.876,False,17,2.83,3.142
CHZUSDT,2023-06-01 20:00:00+00:00,0.1013,2023-06-04 16:00:00+00:00,0.102,0.691,0.491,False,17,2.83,3.379
SHIBUSDT,2023-06-02 04:00:00+00:00,8.49e-06,2023-06-05 00:00:00+00:00,8.52e-06,0.353,0.153,False,17,2.83,2.831
ARBUSDT,2023-06-02 12:00:00+00:00,1.2391,2023-06-05 08:00:00+00:00,1.1763,-5.068,-5.268,False,17,2.83,2.572
AAVEUSDT,2023-06-02 12:00:00+00:00,64.2,2023-06-05 08:00:00+00:00,62.1,-3.271,-3.471,False,17,2.83,5.486
FILUSDT,2023-06-05 16:00:00+00:00,4.237,2023-06-08 12:00:00+00:00,4.172,-1.534,-1.734,False,17,2.83,2.886
CHZUSDT,2023-06-05 20:00:00+00:00,0.0947,2023-06-08 16:00:00+00:00,0.0882,-6.864,-7.064,False,17,2.83,8.795
SUIUSDT,2023-06-05 20:00:00+00:00,0.8091,2023-06-08 16:00:00+00:00,0.7284,-9.974,-10.174,False,17,2.83,5.088
SOLUSDT,2023-06-05 20:00:00+00:00,20.03,2023-06-08 16:00:00+00:00,18.86,-5.841,-6.041,False,17,2.83,5.618
DOTUSDT,2023-06-05 20:00:00+00:00,5.052,2023-06-08 16:00:00+00:00,5.027,-0.495,-0.695,False,17,2.83,5.498
ARBUSDT,2023-06-05 20:00:00+00:00,1.1247,2023-06-08 16:00:00+00:00,1.1313,0.587,0.387,False,17,2.83,4.265
APTUSDT,2023-06-06 16:00:00+00:00,8.0293,2023-06-09 12:00:00+00:00,7.6315,-4.954,-5.154,False,17,2.83,2.536
DOGEUSDT,2023-06-06 16:00:00+00:00,0.06834,2023-06-09 12:00:00+00:00,0.06884,0.732,0.532,False,17,2.83,3.434
LINKUSDT,2023-06-06 16:00:00+00:00,6.23,2023-06-09 12:00:00+00:00,5.991,-3.836,-4.036,False,17,2.83,4.533
OPUSDT,2023-06-06 16:00:00+00:00,1.489,2023-06-09 12:00:00+00:00,1.363,-8.462,-8.662,False,17,2.83,4.929
ETHUSDT,2023-06-06 16:00:00+00:00,1842.22,2023-06-09 12:00:00+00:00,1841.71,-0.028,-0.228,False,17,2.83,3.076
ARBUSDT,2023-06-06 16:00:00+00:00,1.167,2023-06-09 12:00:00+00:00,1.133,-2.913,-3.113,False,17,2.83,3.151
BCHUSDT,2023-06-07 00:00:00+00:00,114.9,2023-06-09 20:00:00+00:00,110.8,-3.568,-3.768,False,17,2.83,3.841
DOGEUSDT,2023-06-09 16:00:00+00:00,0.06884,2023-06-12 12:00:00+00:00,0.06094,-11.476,-11.676,False,17,2.83,3.297
ADAUSDT,2023-06-09 20:00:00+00:00,0.2995,2023-06-12 16:00:00+00:00,0.2745,-8.347,-8.547,False,17,2.83,3.757
SOLUSDT,2023-06-09 20:00:00+00:00,17.39,2023-06-12 16:00:00+00:00,14.96,-13.974,-14.174,False,17,2.83,2.713
TRXUSDT,2023-06-10 00:00:00+00:00,0.07201,2023-06-12 20:00:00+00:00,0.07115,-1.194,-1.394,False,17,2.83,3.891
FILUSDT,2023-06-10 04:00:00+00:00,3.799,2023-06-13 00:00:00+00:00,3.656,-3.764,-3.964,False,17,2.83,4.215
APTUSDT,2023-06-10 04:00:00+00:00,6.9181,2023-06-13 00:00:00+00:00,6.3332,-8.455,-8.655,False,17,2.83,3.43
LINKUSDT,2023-06-10 04:00:00+00:00,5.773,2023-06-13 00:00:00+00:00,5.21,-9.752,-9.952,False,17,2.83,2.507
CHZUSDT,2023-06-10 04:00:00+00:00,0.0816,2023-06-13 00:00:00+00:00,0.0682,-16.422,-16.622,False,17,2.83,4.918
ADAUSDT,2023-06-10 12:00:00+00:00,0.25,2023-06-10 20:00:00+00:00,0.275,10.0,9.8,True,2,0.33,3.347
MANAUSDT,2023-06-10 12:00:00+00:00,0.3385,2023-06-13 08:00:00+00:00,0.3512,3.752,3.552,False,17,2.83,2.7
FILUSDT,2023-06-10 12:00:00+00:00,3.359,2023-06-13 00:00:00+00:00,3.6949,10.0,9.8,True,15,2.5,4.661
LTCUSDT,2023-06-10 20:00:00+00:00,76.78,2023-06-13 16:00:00+00:00,77.5,0.938,0.738,False,17,2.83,2.537
ARBUSDT,2023-06-10 20:00:00+00:00,0.986,2023-06-13 16:00:00+00:00,0.9886,0.264,0.064,False,17,2.83,2.569
LINKUSDT,2023-06-10 20:00:00+00:00,5.157,2023-06-13 16:00:00+00:00,5.256,1.92,1.72,False,17,2.83,2.517
SOLUSDT,2023-06-10 20:00:00+00:00,15.33,2023-06-13 16:00:00+00:00,14.97,-2.348,-2.548,False,17,2.83,2.581
BNBUSDT,2023-06-12 12:00:00+00:00,233.6,2023-06-15 08:00:00+00:00,234.1,0.214,0.014,False,17,2.83,2.939
SUIUSDT,2023-06-12 12:00:00+00:00,0.6612,2023-06-13 12:00:00+00:00,0.7273200000000001,10.0,9.8,True,6,1.0,2.788
LINKUSDT,2023-06-19 20:00:00+00:00,5.098,2023-06-22 00:00:00+00:00,5.6078,10.0,9.8,True,13,2.17,2.912
ETHUSDT,2023-06-19 20:00:00+00:00,1724.25,2023-06-21 16:00:00+00:00,1896.6750000000002,10.0,9.8,True,11,1.83,3.291
OPUSDT,2023-06-19 20:00:00+00:00,1.124,2023-06-20 16:00:00+00:00,1.2364000000000002,10.0,9.8,True,5,0.83,2.553
UNIUSDT,2023-06-20 20:00:00+00:00,4.593,2023-06-23 16:00:00+00:00,4.873,6.096,5.896,False,17,2.83,2.554
BCHUSDT,2023-06-20 20:00:00+00:00,109.1,2023-06-21 04:00:00+00:00,120.01,10.0,9.8,True,2,0.33,2.857
LINKUSDT,2023-06-20 20:00:00+00:00,5.218,2023-06-22 00:00:00+00:00,5.739800000000001,10.0,9.8,True,7,1.17,3.475
BNBUSDT,2023-06-20 20:00:00+00:00,243.7,2023-06-23 16:00:00+00:00,245.8,0.862,0.662,False,17,2.83,2.628
ETCUSDT,2023-06-20 20:00:00+00:00,15.59,2023-06-22 00:00:00+00:00,17.149,10.0,9.8,True,7,1.17,2.795
ADAUSDT,2023-06-20 20:00:00+00:00,0.2664,2023-06-22 00:00:00+00:00,0.2930400000000001,10.0,9.8,True,7,1.17,3.062
ATOMUSDT,2023-06-20 20:00:00+00:00,8.7,2023-06-23 16:00:00+00:00,9.352,7.494,7.294,False,17,2.83,3.794
BCHUSDT,2023-06-21 04:00:00+00:00,112.7,2023-06-21 04:00:00+00:00,123.97000000000001,10.0,9.8,True,0,0.0,3.194
ADAUSDT,2023-06-21 04:00:00+00:00,0.281,2023-06-24 00:00:00+00:00,0.2952,5.053,4.853,False,17,2.83,3.183
BNBUSDT,2023-06-21 04:00:00+00:00,251.5,2023-06-24 00:00:00+00:00,246.2,-2.107,-2.307,False,17,2.83,2.557
AVAXUSDT,2023-06-28 16:00:00+00:00,12.82,2023-07-01 12:00:00+00:00,12.91,0.702,0.502,False,17,2.83,2.637
ENJUSDT,2023-06-29 08:00:00+00:00,0.2937,2023-07-02 04:00:00+00:00,0.3061,4.222,4.022,False,17,2.83,3.336
DOTUSDT,2023-06-29 16:00:00+00:00,5.022,2023-07-02 12:00:00+00:00,5.345,6.432,6.232,False,17,2.83,4.716
SUIUSDT,2023-06-29 16:00:00+00:00,0.6804,2023-07-02 12:00:00+00:00,0.6734,-1.029,-1.229,False,17,2.83,3.778
AAVEUSDT,2023-06-29 16:00:00+00:00,62.61,2023-06-30 08:00:00+00:00,68.87100000000001,10.0,9.8,True,4,0.67,4.137
LTCUSDT,2023-06-30 04:00:00+00:00,95.85,2023-06-30 16:00:00+00:00,105.435,10.0,9.8,True,3,0.5,7.616
UNIUSDT,2023-06-30 04:00:00+00:00,5.188,2023-07-03 00:00:00+00:00,5.7068,10.0,9.8,True,17,2.83,3.659
UNIUSDT,2023-06-30 12:00:00+00:00,5.195,2023-07-03 00:00:00+00:00,5.714500000000001,10.0,9.8,True,15,2.5,2.593
NEARUSDT,2023-06-30 16:00:00+00:00,1.325,2023-07-01 16:00:00+00:00,1.4575,10.0,9.8,True,6,1.0,4.64
BCHUSDT,2023-07-06 04:00:00+00:00,276.4,2023-07-09 00:00:00+00:00,273.4,-1.085,-1.285,False,17,2.83,2.642
LINKUSDT,2023-07-06 16:00:00+00:00,6.203,2023-07-09 12:00:00+00:00,6.163,-0.645,-0.845,False,17,2.83,2.589
AXSUSDT,2023-07-06 16:00:00+00:00,5.98,2023-07-09 12:00:00+00:00,5.82,-2.676,-2.876,False,17,2.83,3.333
XLMUSDT,2023-07-08 20:00:00+00:00,0.0984,2023-07-11 16:00:00+00:00,0.0993,0.915,0.715,False,17,2.83,3.376
BNBUSDT,2023-07-10 12:00:00+00:00,242.1,2023-07-13 08:00:00+00:00,246.0,1.611,1.411,False,17,2.83,9.957
SUIUSDT,2023-07-10 16:00:00+00:00,0.6513,2023-07-13 12:00:00+00:00,0.6801,4.422,4.222,False,17,2.83,2.869
XLMUSDT,2023-07-13 16:00:00+00:00,0.108,2023-07-13 16:00:00+00:00,0.1188,10.0,9.8,True,0,0.0,13.779
XRPUSDT,2023-07-13 16:00:00+00:00,0.5906,2023-07-13 16:00:00+00:00,0.64966,10.0,9.8,True,0,0.0,11.398
ETCUSDT,2023-07-13 16:00:00+00:00,19.55,2023-07-16 12:00:00+00:00,19.17,-1.944,-2.144,False,17,2.83,3.805
FILUSDT,2023-07-13 16:00:00+00:00,4.434,2023-07-16 12:00:00+00:00,4.443,0.203,0.003,False,17,2.83,3.365
ETHUSDT,2023-07-13 16:00:00+00:00,1932.8,2023-07-16 12:00:00+00:00,1936.81,0.207,0.007,False,17,2.83,3.239
AVAXUSDT,2023-07-13 20:00:00+00:00,14.07,2023-07-14 04:00:00+00:00,15.477000000000002,10.0,9.8,True,2,0.33,7.302
ATOMUSDT,2023-07-13 20:00:00+00:00,9.74,2023-07-16 16:00:00+00:00,9.44,-3.08,-3.28,False,17,2.83,7.926
UNIUSDT,2023-07-17 08:00:00+00:00,6.023,2023-07-20 04:00:00+00:00,5.947,-1.262,-1.462,False,17,2.83,2.719
LINKUSDT,2023-07-17 20:00:00+00:00,6.895,2023-07-20 08:00:00+00:00,7.5845,10.0,9.8,True,15,2.5,5.437
XLMUSDT,2023-07-19 04:00:00+00:00,0.1399,2023-07-19 16:00:00+00:00,0.15389,10.0,9.8,True,3,0.5,3.546
DOGEUSDT,2023-07-24 08:00:00+00:00,0.07667,2023-07-27 04:00:00+00:00,0.07876,2.726,2.526,False,17,2.83,3.557
AAVEUSDT,2023-07-24 12:00:00+00:00,69.59,2023-07-27 08:00:00+00:00,74.02,6.366,6.166,False,17,2.83,2.794
AVAXUSDT,2023-07-25 16:00:00+00:00,13.35,2023-07-28 12:00:00+00:00,13.2,-1.124,-1.324,False,17,2.83,3.729
SOLUSDT,2023-07-26 16:00:00+00:00,24.92,2023-07-29 12:00:00+00:00,25.08,0.642,0.442,False,17,2.83,3.108
ETHUSDT,2023-07-26 20:00:00+00:00,1873.19,2023-07-29 16:00:00+00:00,1877.96,0.255,0.055,False,17,2.83,2.709
LINKUSDT,2023-07-26 20:00:00+00:00,7.812,2023-07-29 16:00:00+00:00,7.805,-0.09,-0.29,False,17,2.83,2.568
XLMUSDT,2023-07-27 00:00:00+00:00,0.1557,2023-07-28 00:00:00+00:00,0.17127,10.0,9.8,True,6,1.0,5.243
SHIBUSDT,2023-07-28 16:00:00+00:00,8.31e-06,2023-07-31 12:00:00+00:00,8.45e-06,1.685,1.485,False,17,2.83,9.383
AAVEUSDT,2023-08-01 00:00:00+00:00,65.38,2023-08-03 20:00:00+00:00,62.99,-3.656,-3.856,False,17,2.83,4.446
AAVEUSDT,2023-08-01 08:00:00+00:00,63.81,2023-08-04 04:00:00+00:00,63.28,-0.831,-1.031,False,17,2.83,4.022
AXSUSDT,2023-08-01 12:00:00+00:00,5.96,2023-08-04 08:00:00+00:00,5.75,-3.523,-3.723,False,17,2.83,3.141
LTCUSDT,2023-08-01 16:00:00+00:00,93.12,2023-08-04 12:00:00+00:00,83.35,-10.492,-10.692,False,17,2.83,3.217
ENJUSDT,2023-08-05 16:00:00+00:00,0.2869,2023-08-08 12:00:00+00:00,0.2887,0.627,0.427,False,17,2.83,2.601
SANDUSDT,2023-08-06 04:00:00+00:00,0.409,2023-08-09 00:00:00+00:00,0.4058,-0.782,-0.982,False,17,2.83,2.995
MANAUSDT,2023-08-06 04:00:00+00:00,0.3729,2023-08-09 00:00:00+00:00,0.3696,-0.885,-1.085,False,17,2.83,2.933
SANDUSDT,2023-08-11 16:00:00+00:00,0.3994,2023-08-14 12:00:00+00:00,0.3963,-0.776,-0.976,False,17,2.83,2.671
ADAUSDT,2023-08-14 00:00:00+00:00,0.2895,2023-08-16 20:00:00+00:00,0.2747,-5.112,-5.312,False,17,2.83,3.067
SANDUSDT,2023-08-14 00:00:00+00:00,0.3928,2023-08-16 20:00:00+00:00,0.3567,-9.19,-9.39,False,17,2.83,3.636
DOGEUSDT,2023-08-15 00:00:00+00:00,0.0747,2023-08-17 20:00:00+00:00,0.06102,-18.313,-18.513,False,17,2.83,4.146
AXSUSDT,2023-08-15 16:00:00+00:00,5.76,2023-08-18 12:00:00+00:00,4.84,-15.972,-16.172,False,17,2.83,2.857
ARBUSDT,2023-08-15 16:00:00+00:00,1.1514,2023-08-18 12:00:00+00:00,0.9943,-13.644,-13.844,False,17,2.83,5.05
ETCUSDT,2023-08-16 00:00:00+00:00,16.72,2023-08-18 20:00:00+00:00,15.43,-7.715,-7.915,False,17,2.83,2.594
SUIUSDT,2023-08-16 04:00:00+00:00,0.5718,2023-08-19 00:00:00+00:00,0.4959,-13.274,-13.474,False,17,2.83,4.963
XRPUSDT,2023-08-16 08:00:00+00:00,0.6025,2023-08-19 04:00:00+00:00,0.5054,-16.116,-16.316,False,17,2.83,3.162
MANAUSDT,2023-08-16 12:00:00+00:00,0.338,2023-08-19 08:00:00+00:00,0.3054,-9.645,-9.845,False,17,2.83,3.388
AXSUSDT,2023-08-17 00:00:00+00:00,5.26,2023-08-19 20:00:00+00:00,4.96,-5.703,-5.903,False,17,2.83,2.758
ADAUSDT,2023-08-17 00:00:00+00:00,0.2748,2023-08-19 20:00:00+00:00,0.2688,-2.183,-2.383,False,17,2.83,3.977
DOTUSDT,2023-08-17 08:00:00+00:00,4.759,2023-08-20 04:00:00+00:00,4.483,-5.8,-6.0,False,17,2.83,2.984
CHZUSDT,2023-08-17 12:00:00+00:00,0.0687,2023-08-20 08:00:00+00:00,0.0651,-5.24,-5.44,False,17,2.83,3.813
ATOMUSDT,2023-08-17 12:00:00+00:00,8.132,2023-08-20 08:00:00+00:00,7.85,-3.468,-3.668,False,17,2.83,7.648
ETCUSDT,2023-08-18 00:00:00+00:00,14.93,2023-08-20 20:00:00+00:00,15.57,4.287,4.087,False,17,2.83,6.32
MANAUSDT,2023-08-18 00:00:00+00:00,0.2958,2023-08-20 20:00:00+00:00,0.3085,4.293,4.093,False,17,2.83,5.626
ADAUSDT,2023-08-18 00:00:00+00:00,0.2552,2023-08-20 20:00:00+00:00,0.2703,5.917,5.717,False,17,2.83,6.786
DOGEUSDT,2023-08-18 00:00:00+00:00,0.06102,2023-08-20 20:00:00+00:00,0.06384,4.621,4.421,False,17,2.83,5.744
NEARUSDT,2023-08-18 00:00:00+00:00,1.119,2023-08-20 20:00:00+00:00,1.168,4.379,4.179,False,17,2.83,5.502
AAVEUSDT,2023-08-18 00:00:00+00:00,55.42,2023-08-20 20:00:00+00:00,57.12,3.067,2.867,False,17,2.83,6.223
ENJUSDT,2023-08-18 00:00:00+00:00,0.2372,2023-08-20 20:00:00+00:00,0.2445,3.078,2.878,False,17,2.83,6.206
CHZUSDT,2023-08-18 12:00:00+00:00,0.064,2023-08-21 08:00:00+00:00,0.0643,0.469,0.269,False,17,2.83,5.284
UNIUSDT,2023-08-22 08:00:00+00:00,4.749,2023-08-25 04:00:00+00:00,4.592,-3.306,-3.506,False,17,2.83,2.737
BNBUSDT,2023-08-22 20:00:00+00:00,208.3,2023-08-25 16:00:00+00:00,217.4,4.369,4.169,False,17,2.83,3.451
AAVEUSDT,2023-08-23 00:00:00+00:00,54.93,2023-08-25 20:00:00+00:00,56.96,3.696,3.496,False,17,2.83,2.629
LINKUSDT,2023-08-23 00:00:00+00:00,6.116,2023-08-25 20:00:00+00:00,6.014,-1.668,-1.868,False,17,2.83,3.029
ETHUSDT,2023-08-23 00:00:00+00:00,1635.0,2023-08-25 20:00:00+00:00,1653.8,1.15,0.95,False,17,2.83,3.069
NEARUSDT,2023-08-23 00:00:00+00:00,1.171,2023-08-25 20:00:00+00:00,1.191,1.708,1.508,False,17,2.83,3.317
SOLUSDT,2023-08-23 00:00:00+00:00,20.59,2023-08-25 20:00:00+00:00,20.42,-0.826,-1.026,False,17,2.83,3.378
CHZUSDT,2023-08-23 00:00:00+00:00,0.0626,2023-08-25 20:00:00+00:00,0.0634,1.278,1.078,False,17,2.83,3.052
UNIUSDT,2023-08-23 04:00:00+00:00,4.673,2023-08-26 00:00:00+00:00,4.58,-1.99,-2.19,False,17,2.83,3.018
ETHUSDT,2023-08-23 20:00:00+00:00,1687.2,2023-08-26 16:00:00+00:00,1646.22,-2.429,-2.629,False,17,2.83,2.557
ATOMUSDT,2023-08-26 16:00:00+00:00,7.193,2023-08-29 12:00:00+00:00,7.379,2.586,2.386,False,17,2.83,3.07
SHIBUSDT,2023-08-28 16:00:00+00:00,8.17e-06,2023-08-31 12:00:00+00:00,8.05e-06,-1.469,-1.669,False,17,2.83,2.636
ETHUSDT,2023-08-28 16:00:00+00:00,1648.92,2023-08-31 12:00:00+00:00,1689.0,2.431,2.231,False,17,2.83,2.63
DOTUSDT,2023-08-28 16:00:00+00:00,4.567,2023-08-31 12:00:00+00:00,4.371,-4.292,-4.492,False,17,2.83,2.864
CHZUSDT,2023-08-28 20:00:00+00:00,0.0613,2023-08-31 16:00:00+00:00,0.0606,-1.142,-1.342,False,17,2.83,2.59
CHZUSDT,2023-08-29 16:00:00+00:00,0.063,2023-09-01 12:00:00+00:00,0.0603,-4.286,-4.486,False,17,2.83,5.663
XRPUSDT,2023-08-29 16:00:00+00:00,0.5348,2023-09-01 12:00:00+00:00,0.5016,-6.208,-6.408,False,17,2.83,6.62
TRXUSDT,2023-08-29 16:00:00+00:00,0.07738,2023-09-01 12:00:00+00:00,0.07629,-1.409,-1.609,False,17,2.83,4.168
XLMUSDT,2023-08-29 16:00:00+00:00,0.1239,2023-09-01 12:00:00+00:00,0.1153,-6.941,-7.141,False,17,2.83,8.787
OPUSDT,2023-08-29 16:00:00+00:00,1.494,2023-09-01 12:00:00+00:00,1.344,-10.04,-10.24,False,17,2.83,9.243
AAVEUSDT,2023-09-02 20:00:00+00:00,55.12,2023-09-05 16:00:00+00:00,55.29,0.308,0.108,False,17,2.83,2.716
NEARUSDT,2023-09-04 08:00:00+00:00,1.132,2023-09-07 04:00:00+00:00,1.139,0.618,0.418,False,17,2.83,2.775
LTCUSDT,2023-09-06 20:00:00+00:00,62.58,2023-09-09 16:00:00+00:00,63.1,0.831,0.631,False,17,2.83,2.629
AVAXUSDT,2023-09-10 16:00:00+00:00,9.55,2023-09-13 12:00:00+00:00,9.3,-2.618,-2.818,False,17,2.83,2.857
SOLUSDT,2023-09-10 16:00:00+00:00,18.22,2023-09-13 12:00:00+00:00,18.36,0.768,0.568,False,17,2.83,3.115
DOGEUSDT,2023-09-10 20:00:00+00:00,0.0612,2023-09-13 16:00:00+00:00,0.06101,-0.31,-0.51,False,17,2.83,2.525
ARBUSDT,2023-09-10 20:00:00+00:00,0.8417,2023-09-13 16:00:00+00:00,0.782,-7.093,-7.293,False,17,2.83,3.116
ETHUSDT,2023-09-10 20:00:00+00:00,1616.84,2023-09-13 16:00:00+00:00,1599.31,-1.084,-1.284,False,17,2.83,2.767
FILUSDT,2023-09-10 20:00:00+00:00,3.087,2023-09-13 16:00:00+00:00,3.187,3.239,3.039,False,17,2.83,3.202
SHIBUSDT,2023-09-10 20:00:00+00:00,7.3e-06,2023-09-13 16:00:00+00:00,7.26e-06,-0.548,-0.748,False,17,2.83,2.678
ADAUSDT,2023-09-11 00:00:00+00:00,0.2491,2023-09-13 20:00:00+00:00,0.2487,-0.161,-0.361,False,17,2.83,2.757
MANAUSDT,2023-09-11 04:00:00+00:00,0.2802,2023-09-14 00:00:00+00:00,0.2813,0.393,0.193,False,17,2.83,4.442
ENJUSDT,2023-09-11 08:00:00+00:00,0.2545,2023-09-14 04:00:00+00:00,0.2215,-12.967,-13.167,False,17,2.83,4.798
ETCUSDT,2023-09-11 16:00:00+00:00,14.71,2023-09-14 12:00:00+00:00,15.28,3.875,3.675,False,17,2.83,2.928
SOLUSDT,2023-09-11 16:00:00+00:00,17.84,2023-09-14 12:00:00+00:00,18.97,6.334,6.134,False,17,2.83,2.686
OPUSDT,2023-09-11 16:00:00+00:00,1.277,2023-09-14 12:00:00+00:00,1.362,6.656,6.456,False,17,2.83,4.949
AXSUSDT,2023-09-11 16:00:00+00:00,4.2,2023-09-14 12:00:00+00:00,4.620000000000001,10.0,9.8,True,17,2.83,2.732
XRPUSDT,2023-09-11 16:00:00+00:00,0.4721,2023-09-14 12:00:00+00:00,0.4879,3.347,3.147,False,17,2.83,2.772
AVAXUSDT,2023-09-11 16:00:00+00:00,9.28,2023-09-14 12:00:00+00:00,9.36,0.862,0.662,False,17,2.83,2.502
APTUSDT,2023-09-11 16:00:00+00:00,5.016,2023-09-14 12:00:00+00:00,5.2057,3.782,3.582,False,17,2.83,2.666
BNBUSDT,2023-09-12 04:00:00+00:00,209.2,2023-09-15 00:00:00+00:00,212.7,1.673,1.473,False,17,2.83,2.583
ETCUSDT,2023-09-12 04:00:00+00:00,15.07,2023-09-15 00:00:00+00:00,15.33,1.725,1.525,False,17,2.83,2.661
ARBUSDT,2023-09-12 04:00:00+00:00,0.7839,2023-09-15 00:00:00+00:00,0.8083,3.113,2.913,False,17,2.83,2.701
UNIUSDT,2023-09-12 04:00:00+00:00,4.202,2023-09-15 00:00:00+00:00,4.304,2.427,2.227,False,17,2.83,2.537
MANAUSDT,2023-09-12 04:00:00+00:00,0.2752,2023-09-15 00:00:00+00:00,0.2929,6.432,6.232,False,17,2.83,2.879
LTCUSDT,2023-09-12 08:00:00+00:00,59.64,2023-09-15 04:00:00+00:00,62.98,5.6,5.4,False,17,2.83,2.546
BCHUSDT,2023-09-12 08:00:00+00:00,190.3,2023-09-12 16:00:00+00:00,209.33000000000004,10.0,9.8,True,2,0.33,3.64
NEARUSDT,2023-09-12 12:00:00+00:00,1.108,2023-09-15 08:00:00+00:00,1.11,0.181,-0.019,False,17,2.83,2.792
ETCUSDT,2023-09-21 16:00:00+00:00,15.22,2023-09-24 12:00:00+00:00,15.25,0.197,-0.003,False,17,2.83,3.254
ATOMUSDT,2023-09-25 04:00:00+00:00,6.99,2023-09-28 00:00:00+00:00,6.954,-0.515,-0.715,False,17,2.83,3.093
DOGEUSDT,2023-09-27 00:00:00+00:00,0.06062,2023-09-29 20:00:00+00:00,0.06213,2.491,2.291,False,17,2.83,3.388
DOGEUSDT,2023-09-27 12:00:00+00:00,0.06131,2023-09-30 08:00:00+00:00,0.06176,0.734,0.534,False,17,2.83,2.604
SOLUSDT,2023-09-27 12:00:00+00:00,19.39,2023-09-30 08:00:00+00:00,20.28,4.59,4.39,False,17,2.83,2.65
ENJUSDT,2023-10-04 04:00:00+00:00,0.2232,2023-10-07 00:00:00+00:00,0.224,0.358,0.158,False,17,2.83,2.594
AAVEUSDT,2023-10-05 08:00:00+00:00,70.02,2023-10-08 04:00:00+00:00,66.2,-5.456,-5.656,False,17,2.83,6.323
SUIUSDT,2023-10-05 16:00:00+00:00,0.4376,2023-10-08 12:00:00+00:00,0.4376,0.0,-0.2,False,17,2.83,3.257
TRXUSDT,2023-10-06 12:00:00+00:00,0.08595,2023-10-09 08:00:00+00:00,0.08696,1.175,0.975,False,17,2.83,2.622
SHIBUSDT,2023-10-09 20:00:00+00:00,6.91e-06,2023-10-12 16:00:00+00:00,6.79e-06,-1.737,-1.937,False,17,2.83,2.879
APTUSDT,2023-10-09 20:00:00+00:00,4.9959,2023-10-12 16:00:00+00:00,4.8167,-3.587,-3.787,False,17,2.83,2.978
ARBUSDT,2023-10-09 20:00:00+00:00,0.8187,2023-10-12 16:00:00+00:00,0.7979,-2.541,-2.741,False,17,2.83,3.091
OPUSDT,2023-10-09 20:00:00+00:00,1.236,2023-10-12 16:00:00+00:00,1.176,-4.854,-5.054,False,17,2.83,3.488
DOGEUSDT,2023-10-09 20:00:00+00:00,0.05895,2023-10-12 16:00:00+00:00,0.05777,-2.002,-2.202,False,17,2.83,2.801
CHZUSDT,2023-10-09 20:00:00+00:00,0.0563,2023-10-12 16:00:00+00:00,0.05435,-3.464,-3.664,False,17,2.83,3.909
ATOMUSDT,2023-10-09 20:00:00+00:00,6.721,2023-10-12 16:00:00+00:00,6.557,-2.44,-2.64,False,17,2.83,2.56
DOTUSDT,2023-10-09 20:00:00+00:00,3.857,2023-10-12 16:00:00+00:00,3.664,-5.004,-5.204,False,17,2.83,3.007
LTCUSDT,2023-10-09 20:00:00+00:00,63.05,2023-10-12 16:00:00+00:00,60.89,-3.426,-3.626,False,17,2.83,2.923
ADAUSDT,2023-10-09 20:00:00+00:00,0.2526,2023-10-12 16:00:00+00:00,0.2437,-3.523,-3.723,False,17,2.83,3.361
ATOMUSDT,2023-10-10 08:00:00+00:00,7.21,2023-10-13 04:00:00+00:00,6.617,-8.225,-8.425,False,17,2.83,7.942
BNBUSDT,2023-10-10 12:00:00+00:00,207.0,2023-10-13 08:00:00+00:00,205.6,-0.676,-0.876,False,17,2.83,4.618
ADAUSDT,2023-10-11 12:00:00+00:00,0.2475,2023-10-14 08:00:00+00:00,0.2464,-0.444,-0.644,False,17,2.83,2.971
CHZUSDT,2023-10-13 08:00:00+00:00,0.05487,2023-10-16 04:00:00+00:00,0.05713,4.119,3.919,False,17,2.83,2.81
NEARUSDT,2023-10-13 12:00:00+00:00,1.001,2023-10-16 08:00:00+00:00,1.035,3.397,3.197,False,17,2.83,3.176
NEARUSDT,2023-10-14 00:00:00+00:00,1.009,2023-10-16 20:00:00+00:00,1.033,2.379,2.179,False,17,2.83,2.542
AAVEUSDT,2023-10-19 16:00:00+00:00,63.9,2023-10-21 12:00:00+00:00,70.29,10.0,9.8,True,11,1.83,11.442
XLMUSDT,2023-10-20 00:00:00+00:00,0.1074,2023-10-22 20:00:00+00:00,0.1108,3.166,2.966,False,17,2.83,6.178
XRPUSDT,2023-10-20 00:00:00+00:00,0.5197,2023-10-22 20:00:00+00:00,0.5226,0.558,0.358,False,17,2.83,5.18
MANAUSDT,2023-10-20 08:00:00+00:00,0.2837,2023-10-23 04:00:00+00:00,0.31207,10.0,9.8,True,17,2.83,3.077
ARBUSDT,2023-10-20 12:00:00+00:00,0.796,2023-10-23 08:00:00+00:00,0.8409,5.641,5.441,False,17,2.83,3.325
OPUSDT,2023-10-20 12:00:00+00:00,1.225,2023-10-23 08:00:00+00:00,1.316,7.429,7.229,False,17,2.83,3.768
NEARUSDT,2023-11-09 20:00:00+00:00,1.387,2023-11-10 16:00:00+00:00,1.5257,10.0,9.8,True,5,0.83,3.056
ENJUSDT,2023-11-15 08:00:00+00:00,0.2718,2023-11-18 04:00:00+00:00,0.2619,-3.642,-3.842,False,17,2.83,3.986
UNIUSDT,2023-11-22 04:00:00+00:00,5.29,2023-11-22 16:00:00+00:00,5.819000000000001,10.0,9.8,True,3,0.5,2.944
TRXUSDT,2023-11-22 12:00:00+00:00,0.10059,2023-11-25 08:00:00+00:00,0.10505,4.434,4.234,False,17,2.83,3.866
DOTUSDT,2023-11-28 08:00:00+00:00,5.165,2023-12-01 04:00:00+00:00,5.452,5.557,5.357,False,17,2.83,2.792
LTCUSDT,2023-11-28 20:00:00+00:00,69.9,2023-12-01 16:00:00+00:00,71.67,2.532,2.332,False,17,2.83,2.752
AAVEUSDT,2023-11-28 20:00:00+00:00,98.11,2023-12-01 16:00:00+00:00,100.96,2.905,2.705,False,17,2.83,2.915
SOLUSDT,2023-11-28 20:00:00+00:00,58.04,2023-12-01 16:00:00+00:00,60.51,4.256,4.056,False,17,2.83,2.749
BNBUSDT,2023-12-11 16:00:00+00:00,244.3,2023-12-14 12:00:00+00:00,251.3,2.865,2.665,False,17,2.83,6.048
ENJUSDT,2023-12-13 08:00:00+00:00,0.321,2023-12-14 20:00:00+00:00,0.3531,10.0,9.8,True,9,1.5,2.601
LINKUSDT,2023-12-18 12:00:00+00:00,14.176,2023-12-21 08:00:00+00:00,15.081,6.384,6.184,False,17,2.83,3.668
CHZUSDT,2023-12-20 08:00:00+00:00,0.08342,2023-12-23 04:00:00+00:00,0.08463,1.45,1.25,False,17,2.83,3.605
ETCUSDT,2023-12-27 12:00:00+00:00,21.91,2023-12-28 12:00:00+00:00,24.101000000000003,10.0,9.8,True,6,1.0,3.589
ETHUSDT,2023-12-27 16:00:00+00:00,2341.96,2023-12-30 12:00:00+00:00,2312.97,-1.238,-1.438,False,17,2.83,3.027
LINKUSDT,2023-12-27 16:00:00+00:00,16.142,2023-12-30 12:00:00+00:00,15.379,-4.727,-4.927,False,17,2.83,3.296
ARBUSDT,2023-12-27 16:00:00+00:00,1.5076,2023-12-28 00:00:00+00:00,1.6583600000000003,10.0,9.8,True,2,0.33,4.429
APTUSDT,2024-01-04 12:00:00+00:00,10.2168,2024-01-07 08:00:00+00:00,8.9245,-12.649,-12.849,False,17,2.83,2.86
CHZUSDT,2024-01-08 08:00:00+00:00,0.07206,2024-01-10 20:00:00+00:00,0.079266,10.0,9.8,True,15,2.5,2.765
UNIUSDT,2024-01-10 00:00:00+00:00,6.012,2024-01-10 20:00:00+00:00,6.6132,10.0,9.8,True,5,0.83,2.663
LINKUSDT,2024-01-14 08:00:00+00:00,14.885,2024-01-17 04:00:00+00:00,15.773,5.966,5.766,False,17,2.83,2.515
ETCUSDT,2024-01-16 16:00:00+00:00,26.96,2024-01-19 12:00:00+00:00,23.85,-11.536,-11.736,False,17,2.83,2.543
AXSUSDT,2024-01-19 04:00:00+00:00,7.78,2024-01-22 00:00:00+00:00,7.67,-1.414,-1.614,False,17,2.83,2.793
SHIBUSDT,2024-01-19 16:00:00+00:00,9.12e-06,2024-01-22 12:00:00+00:00,9.11e-06,-0.11,-0.31,False,17,2.83,2.723
SANDUSDT,2024-01-19 20:00:00+00:00,0.4835,2024-01-22 16:00:00+00:00,0.4579,-5.295,-5.495,False,17,2.83,2.899
DOTUSDT,2024-01-19 20:00:00+00:00,6.854,2024-01-22 16:00:00+00:00,6.379,-6.93,-7.13,False,17,2.83,2.555
XLMUSDT,2024-01-19 20:00:00+00:00,0.1131,2024-01-22 16:00:00+00:00,0.1129,-0.177,-0.377,False,17,2.83,3.483
ADAUSDT,2024-01-19 20:00:00+00:00,0.498,2024-01-22 16:00:00+00:00,0.482,-3.213,-3.413,False,17,2.83,2.945
OPUSDT,2024-01-19 20:00:00+00:00,3.197,2024-01-22 16:00:00+00:00,2.974,-6.975,-7.175,False,17,2.83,3.06
BCHUSDT,2024-01-19 20:00:00+00:00,235.8,2024-01-22 16:00:00+00:00,234.9,-0.382,-0.582,False,17,2.83,2.72
DOGEUSDT,2024-01-19 20:00:00+00:00,0.07843,2024-01-20 20:00:00+00:00,0.086273,10.0,9.8,True,6,1.0,3.331
ARBUSDT,2024-01-19 20:00:00+00:00,1.8358,2024-01-22 16:00:00+00:00,1.6896,-7.964,-8.164,False,17,2.83,2.65
ATOMUSDT,2024-01-19 20:00:00+00:00,9.646,2024-01-22 16:00:00+00:00,9.144,-5.204,-5.404,False,17,2.83,2.673
ETCUSDT,2024-01-19 20:00:00+00:00,24.61,2024-01-22 16:00:00+00:00,23.23,-5.607,-5.807,False,17,2.83,2.921
XRPUSDT,2024-01-19 20:00:00+00:00,0.546,2024-01-22 16:00:00+00:00,0.5256,-3.736,-3.936,False,17,2.83,3.215
UNIUSDT,2024-01-20 08:00:00+00:00,6.551,2024-01-23 04:00:00+00:00,5.988,-8.594,-8.794,False,17,2.83,3.173
CHZUSDT,2024-01-20 12:00:00+00:00,0.0972,2024-01-21 00:00:00+00:00,0.10692,10.0,9.8,True,3,0.5,2.619
CHZUSDT,2024-01-20 20:00:00+00:00,0.10446,2024-01-23 16:00:00+00:00,0.09768,-6.491,-6.691,False,17,2.83,2.74
ADAUSDT,2024-01-23 16:00:00+00:00,0.4676,2024-01-26 12:00:00+00:00,0.4856,3.849,3.649,False,17,2.83,2.898
AAVEUSDT,2024-01-23 16:00:00+00:00,87.02,2024-01-26 12:00:00+00:00,91.09,4.677,4.477,False,17,2.83,4.993
OPUSDT,2024-01-23 16:00:00+00:00,2.711,2024-01-25 20:00:00+00:00,2.9821,10.0,9.8,True,13,2.17,2.936
ETHUSDT,2024-01-23 16:00:00+00:00,2219.39,2024-01-26 12:00:00+00:00,2257.9,1.735,1.535,False,17,2.83,3.458
BNBUSDT,2024-01-23 16:00:00+00:00,296.8,2024-01-26 12:00:00+00:00,302.8,2.022,1.822,False,17,2.83,2.667
SOLUSDT,2024-01-23 16:00:00+00:00,82.71,2024-01-26 08:00:00+00:00,90.981,10.0,9.8,True,16,2.67,2.875
AVAXUSDT,2024-01-23 16:00:00+00:00,29.1,2024-01-26 08:00:00+00:00,32.010000000000005,10.0,9.8,True,16,2.67,2.956
XRPUSDT,2024-01-23 16:00:00+00:00,0.5105,2024-01-26 12:00:00+00:00,0.5213,2.116,1.916,False,17,2.83,2.558
UNIUSDT,2024-01-23 16:00:00+00:00,5.716,2024-01-26 12:00:00+00:00,5.92,3.569,3.369,False,17,2.83,2.914
APTUSDT,2024-01-23 20:00:00+00:00,8.3981,2024-01-26 16:00:00+00:00,8.8542,5.431,5.231,False,17,2.83,7.31
ENJUSDT,2024-01-24 20:00:00+00:00,0.2718,2024-01-27 16:00:00+00:00,0.2897,6.586,6.386,False,17,2.83,4.307
ETCUSDT,2024-01-29 20:00:00+00:00,24.5,2024-02-01 16:00:00+00:00,24.42,-0.327,-0.527,False,17,2.83,3.206
XLMUSDT,2024-01-31 16:00:00+00:00,0.1112,2024-02-03 12:00:00+00:00,0.1109,-0.27,-0.47,False,17,2.83,3.986
XRPUSDT,2024-01-31 16:00:00+00:00,0.5086,2024-02-03 12:00:00+00:00,0.5201,2.261,2.061,False,17,2.83,3.016
AAVEUSDT,2024-01-31 16:00:00+00:00,87.43,2024-02-03 12:00:00+00:00,86.08,-1.544,-1.744,False,17,2.83,6.765
XLMUSDT,2024-02-06 16:00:00+00:00,0.1081,2024-02-09 12:00:00+00:00,0.1111,2.775,2.575,False,17,2.83,2.599
DOTUSDT,2024-02-12 20:00:00+00:00,7.219,2024-02-15 12:00:00+00:00,7.940900000000001,10.0,9.8,True,16,2.67,3.257
ARBUSDT,2024-02-12 20:00:00+00:00,2.0376,2024-02-15 16:00:00+00:00,2.0903,2.586,2.386,False,17,2.83,2.957
CHZUSDT,2024-02-12 20:00:00+00:00,0.10095,2024-02-15 16:00:00+00:00,0.10714,6.132,5.932,False,17,2.83,2.676
BNBUSDT,2024-02-12 20:00:00+00:00,324.9,2024-02-15 12:00:00+00:00,357.39,10.0,9.8,True,16,2.67,3.504
LTCUSDT,2024-02-14 12:00:00+00:00,70.23,2024-02-17 08:00:00+00:00,70.19,-0.057,-0.257,False,17,2.83,2.765
UNIUSDT,2024-02-23 16:00:00+00:00,11.389,2024-02-24 00:00:00+00:00,12.5279,10.0,9.8,True,2,0.33,68.766
SUIUSDT,2024-03-05 08:00:00+00:00,1.529,2024-03-08 04:00:00+00:00,1.5567,1.812,1.612,False,17,2.83,4.775
ADAUSDT,2024-03-06 00:00:00+00:00,0.6923,2024-03-08 20:00:00+00:00,0.7228,4.406,4.206,False,17,2.83,3.541
LINKUSDT,2024-03-06 00:00:00+00:00,18.973,2024-03-08 20:00:00+00:00,19.699,3.826,3.626,False,17,2.83,2.6
LINKUSDT,2024-03-14 16:00:00+00:00,20.566,2024-03-17 12:00:00+00:00,18.529,-9.905,-10.105,False,17,2.83,2.673
SUIUSDT,2024-03-16 04:00:00+00:00,1.6273,2024-03-19 00:00:00+00:00,1.4939,-8.198,-8.398,False,17,2.83,2.888
XRPUSDT,2024-03-19 00:00:00+00:00,0.6453,2024-03-21 20:00:00+00:00,0.6404,-0.759,-0.959,False,17,2.83,3.177
XLMUSDT,2024-03-19 00:00:00+00:00,0.1349,2024-03-21 20:00:00+00:00,0.1333,-1.186,-1.386,False,17,2.83,3.143
LTCUSDT,2024-03-19 04:00:00+00:00,83.97,2024-03-22 00:00:00+00:00,85.74,2.108,1.908,False,17,2.83,2.536
TRXUSDT,2024-03-19 08:00:00+00:00,0.12111,2024-03-22 04:00:00+00:00,0.12128,0.14,-0.06,False,17,2.83,3.007
BCHUSDT,2024-03-20 20:00:00+00:00,406.3,2024-03-23 00:00:00+00:00,446.93000000000006,10.0,9.8,True,13,2.17,2.682
ATOMUSDT,2024-04-02 04:00:00+00:00,11.256,2024-04-05 00:00:00+00:00,10.924,-2.95,-3.15,False,17,2.83,2.534
XLMUSDT,2024-04-02 04:00:00+00:00,0.1305,2024-04-05 00:00:00+00:00,0.1286,-1.456,-1.656,False,17,2.83,2.668
LINKUSDT,2024-04-02 04:00:00+00:00,17.699,2024-04-05 00:00:00+00:00,17.515,-1.04,-1.24,False,17,2.83,3.048
AXSUSDT,2024-04-02 04:00:00+00:00,9.726,2024-04-05 00:00:00+00:00,9.691,-0.36,-0.56,False,17,2.83,3.571
XRPUSDT,2024-04-02 04:00:00+00:00,0.5952,2024-04-05 00:00:00+00:00,0.5879,-1.226,-1.426,False,17,2.83,2.578
XRPUSDT,2024-04-02 12:00:00+00:00,0.5886,2024-04-05 08:00:00+00:00,0.5723,-2.769,-2.969,False,17,2.83,2.808
ARBUSDT,2024-04-02 20:00:00+00:00,1.4616,2024-04-05 16:00:00+00:00,1.4333,-1.936,-2.136,False,17,2.83,2.618
OPUSDT,2024-04-02 20:00:00+00:00,3.201,2024-04-05 16:00:00+00:00,2.9,-9.403,-9.603,False,17,2.83,3.017
UNIUSDT,2024-04-03 04:00:00+00:00,11.019,2024-04-06 00:00:00+00:00,11.001,-0.163,-0.363,False,17,2.83,2.871
CHZUSDT,2024-04-04 08:00:00+00:00,0.14012,2024-04-07 04:00:00+00:00,0.15155,8.157,7.957,False,17,2.83,3.285
ETCUSDT,2024-04-04 12:00:00+00:00,31.83,2024-04-07 08:00:00+00:00,33.92,6.566,6.366,False,17,2.83,2.712
XRPUSDT,2024-04-04 16:00:00+00:00,0.594,2024-04-07 12:00:00+00:00,0.5965,0.421,0.221,False,17,2.83,3.582
ARBUSDT,2024-04-13 00:00:00+00:00,1.1737,2024-04-15 20:00:00+00:00,1.1526,-1.798,-1.998,False,17,2.83,2.896
LINKUSDT,2024-04-13 00:00:00+00:00,15.155,2024-04-15 20:00:00+00:00,13.58,-10.393,-10.593,False,17,2.83,3.412
AXSUSDT,2024-04-13 00:00:00+00:00,7.995,2024-04-15 20:00:00+00:00,6.917,-13.483,-13.683,False,17,2.83,2.922
ADAUSDT,2024-04-13 00:00:00+00:00,0.5027,2024-04-15 20:00:00+00:00,0.461,-8.295,-8.495,False,17,2.83,2.596
FILUSDT,2024-04-13 00:00:00+00:00,6.608,2024-04-15 20:00:00+00:00,6.003,-9.156,-9.356,False,17,2.83,2.618
AXSUSDT,2024-04-14 00:00:00+00:00,7.022,2024-04-16 20:00:00+00:00,7.027,0.071,-0.129,False,17,2.83,5.178
ATOMUSDT,2024-04-14 00:00:00+00:00,8.069,2024-04-16 20:00:00+00:00,8.166,1.202,1.002,False,17,2.83,6.215
UNIUSDT,2024-04-14 00:00:00+00:00,6.911,2024-04-15 04:00:00+00:00,7.6021,10.0,9.8,True,7,1.17,3.387
SOLUSDT,2024-04-14 00:00:00+00:00,138.47,2024-04-14 20:00:00+00:00,152.317,10.0,9.8,True,5,0.83,5.821
ENJUSDT,2024-04-14 00:00:00+00:00,0.3084,2024-04-14 20:00:00+00:00,0.33924000000000004,10.0,9.8,True,5,0.83,5.381
FILUSDT,2024-04-14 00:00:00+00:00,5.721,2024-04-15 04:00:00+00:00,6.293100000000001,10.0,9.8,True,7,1.17,4.497
OPUSDT,2024-04-14 00:00:00+00:00,2.118,2024-04-14 20:00:00+00:00,2.3298,10.0,9.8,True,5,0.83,5.731
NEARUSDT,2024-04-14 00:00:00+00:00,5.215,2024-04-15 00:00:00+00:00,5.7365,10.0,9.8,True,6,1.0,6.086
APTUSDT,2024-04-14 00:00:00+00:00,8.7734,2024-04-14 20:00:00+00:00,9.65074,10.0,9.8,True,5,0.83,4.328
AAVEUSDT,2024-04-14 00:00:00+00:00,82.49,2024-04-15 04:00:00+00:00,90.739,10.0,9.8,True,7,1.17,5.479
XLMUSDT,2024-04-14 00:00:00+00:00,0.1052,2024-04-16 20:00:00+00:00,0.1096,4.183,3.983,False,17,2.83,6.3
AVAXUSDT,2024-04-14 00:00:00+00:00,33.9,2024-04-14 20:00:00+00:00,37.29,10.0,9.8,True,5,0.83,7.325
DOGEUSDT,2024-04-14 00:00:00+00:00,0.15254,2024-04-15 04:00:00+00:00,0.16779400000000003,10.0,9.8,True,7,1.17,4.509
LTCUSDT,2024-04-14 00:00:00+00:00,77.33,2024-04-16 20:00:00+00:00,79.94,3.375,3.175,False,17,2.83,4.819
ARBUSDT,2024-04-14 00:00:00+00:00,1.0313,2024-04-14 12:00:00+00:00,1.1344300000000003,10.0,9.8,True,3,0.5,6.034
SUIUSDT,2024-04-14 00:00:00+00:00,1.0612,2024-04-14 16:00:00+00:00,1.16732,10.0,9.8,True,4,0.67,4.783
AAVEUSDT,2024-04-27 04:00:00+00:00,88.85,2024-04-30 00:00:00+00:00,89.04,0.214,0.014,False,17,2.83,2.649
ARBUSDT,2024-04-27 20:00:00+00:00,1.1045,2024-04-30 16:00:00+00:00,0.9795,-11.317,-11.517,False,17,2.83,2.899
OPUSDT,2024-04-27 20:00:00+00:00,2.593,2024-04-30 16:00:00+00:00,2.298,-11.377,-11.577,False,17,2.83,6.044
AVAXUSDT,2024-04-29 16:00:00+00:00,34.95,2024-05-02 12:00:00+00:00,33.81,-3.262,-3.462,False,17,2.83,2.944
BCHUSDT,2024-04-30 20:00:00+00:00,430.4,2024-05-03 16:00:00+00:00,448.5,4.205,4.005,False,17,2.83,4.66
BNBUSDT,2024-04-30 20:00:00+00:00,567.2,2024-05-03 16:00:00+00:00,580.9,2.415,2.215,False,17,2.83,3.271
LINKUSDT,2024-04-30 20:00:00+00:00,12.886,2024-05-03 16:00:00+00:00,14.061,9.118,8.918,False,17,2.83,2.525
SANDUSDT,2024-04-30 20:00:00+00:00,0.4062,2024-05-03 12:00:00+00:00,0.44682000000000005,10.0,9.8,True,16,2.67,2.772
DOTUSDT,2024-05-01 00:00:00+00:00,6.423,2024-05-02 08:00:00+00:00,7.065300000000001,10.0,9.8,True,8,1.33,2.543
ATOMUSDT,2024-05-01 00:00:00+00:00,8.442,2024-05-03 20:00:00+00:00,8.765,3.826,3.626,False,17,2.83,7.368
XRPUSDT,2024-05-01 08:00:00+00:00,0.4908,2024-05-04 04:00:00+00:00,0.5279,7.559,7.359,False,17,2.83,2.662
DOTUSDT,2024-05-01 12:00:00+00:00,6.499,2024-05-02 16:00:00+00:00,7.1489,10.0,9.8,True,7,1.17,2.65
LINKUSDT,2024-05-01 12:00:00+00:00,12.943,2024-05-04 08:00:00+00:00,14.237300000000001,10.0,9.8,True,17,2.83,2.899
DOGEUSDT,2024-05-01 12:00:00+00:00,0.12559,2024-05-03 12:00:00+00:00,0.13814900000000002,10.0,9.8,True,12,2.0,2.63
SOLUSDT,2024-05-01 20:00:00+00:00,129.74,2024-05-03 12:00:00+00:00,142.71400000000003,10.0,9.8,True,10,1.67,2.961
SHIBUSDT,2024-05-01 20:00:00+00:00,2.196e-05,2024-05-03 12:00:00+00:00,2.4156e-05,10.0,9.8,True,10,1.67,3.065
DOGEUSDT,2024-05-01 20:00:00+00:00,0.12703,2024-05-03 16:00:00+00:00,0.13973300000000002,10.0,9.8,True,11,1.83,3.875
TRXUSDT,2024-05-06 12:00:00+00:00,0.11957,2024-05-09 08:00:00+00:00,0.12589,5.286,5.086,False,17,2.83,2.671
ADAUSDT,2024-05-08 16:00:00+00:00,0.4613,2024-05-11 12:00:00+00:00,0.4432,-3.924,-4.124,False,17,2.83,5.638
SUIUSDT,2024-05-10 16:00:00+00:00,1.0359,2024-05-13 12:00:00+00:00,0.9893,-4.499,-4.699,False,17,2.83,3.234
ETCUSDT,2024-05-13 04:00:00+00:00,25.64,2024-05-16 00:00:00+00:00,27.03,5.421,5.221,False,17,2.83,3.741
OPUSDT,2024-05-13 04:00:00+00:00,2.455,2024-05-16 00:00:00+00:00,2.471,0.652,0.452,False,17,2.83,2.67
FILUSDT,2024-05-13 04:00:00+00:00,5.441,2024-05-16 00:00:00+00:00,5.819,6.947,6.747,False,17,2.83,3.102
XLMUSDT,2024-05-13 04:00:00+00:00,0.1022,2024-05-16 00:00:00+00:00,0.107,4.697,4.497,False,17,2.83,2.582
APTUSDT,2024-05-13 04:00:00+00:00,8.06,2024-05-16 00:00:00+00:00,8.54,5.955,5.755,False,17,2.83,2.832
ENJUSDT,2024-05-13 04:00:00+00:00,0.2697,2024-05-15 12:00:00+00:00,0.29667000000000004,10.0,9.8,True,14,2.33,2.612
ETHUSDT,2024-05-13 04:00:00+00:00,2889.92,2024-05-16 00:00:00+00:00,3013.44,4.274,4.074,False,17,2.83,2.599
MANAUSDT,2024-05-13 04:00:00+00:00,0.3985,2024-05-16 00:00:00+00:00,0.4335,8.783,8.583,False,17,2.83,2.621
AXSUSDT,2024-05-13 08:00:00+00:00,6.859,2024-05-16 04:00:00+00:00,7.298,6.4,6.2,False,17,2.83,2.642
DOGEUSDT,2024-05-13 16:00:00+00:00,0.15245,2024-05-16 12:00:00+00:00,0.1515,-0.623,-0.823,False,17,2.83,5.406
APTUSDT,2024-05-13 16:00:00+00:00,8.46,2024-05-16 12:00:00+00:00,8.28,-2.128,-2.328,False,17,2.83,4.145
ATOMUSDT,2024-05-15 12:00:00+00:00,8.038,2024-05-18 08:00:00+00:00,8.663,7.776,7.576,False,17,2.83,3.565
OPUSDT,2024-05-15 12:00:00+00:00,2.317,2024-05-17 08:00:00+00:00,2.5487,10.0,9.8,True,11,1.83,7.629
SUIUSDT,2024-05-15 16:00:00+00:00,0.9535,2024-05-16 08:00:00+00:00,1.04885,10.0,9.8,True,4,0.67,3.006
LINKUSDT,2024-05-15 16:00:00+00:00,13.62,2024-05-16 16:00:00+00:00,14.982000000000001,10.0,9.8,True,6,1.0,3.06
ADAUSDT,2024-05-20 08:00:00+00:00,0.4671,2024-05-23 04:00:00+00:00,0.4852,3.875,3.675,False,17,2.83,2.629
SANDUSDT,2024-05-20 08:00:00+00:00,0.4359,2024-05-23 04:00:00+00:00,0.4619,5.965,5.765,False,17,2.83,3.016
MANAUSDT,2024-05-20 08:00:00+00:00,0.435,2024-05-23 04:00:00+00:00,0.4663,7.195,6.995,False,17,2.83,12.974
SUIUSDT,2024-05-20 16:00:00+00:00,1.1165,2024-05-23 12:00:00+00:00,1.0656,-4.559,-4.759,False,17,2.83,2.755
AVAXUSDT,2024-05-20 20:00:00+00:00,38.67,2024-05-23 16:00:00+00:00,37.53,-2.948,-3.148,False,17,2.83,3.238
AAVEUSDT,2024-05-20 20:00:00+00:00,93.25,2024-05-23 16:00:00+00:00,94.08,0.89,0.69,False,17,2.83,8.702
DOTUSDT,2024-05-20 20:00:00+00:00,7.411,2024-05-23 16:00:00+00:00,7.13,-3.792,-3.992,False,17,2.83,3.686
ETCUSDT,2024-05-20 20:00:00+00:00,29.86,2024-05-20 20:00:00+00:00,32.846000000000004,10.0,9.8,True,0,0.0,4.294
XRPUSDT,2024-05-20 20:00:00+00:00,0.5339,2024-05-23 16:00:00+00:00,0.5206,-2.491,-2.691,False,17,2.83,3.184
FILUSDT,2024-05-20 20:00:00+00:00,6.097,2024-05-23 16:00:00+00:00,5.693,-6.626,-6.826,False,17,2.83,5.545
BNBUSDT,2024-05-20 20:00:00+00:00,589.3,2024-05-23 16:00:00+00:00,590.4,0.187,-0.013,False,17,2.83,3.696
ATOMUSDT,2024-05-20 20:00:00+00:00,8.69,2024-05-23 16:00:00+00:00,8.229,-5.305,-5.505,False,17,2.83,3.045
APTUSDT,2024-05-20 20:00:00+00:00,9.01,2024-05-23 16:00:00+00:00,8.67,-3.774,-3.974,False,17,2.83,3.8
ARBUSDT,2024-05-20 20:00:00+00:00,1.0711,2024-05-21 08:00:00+00:00,1.17821,10.0,9.8,True,3,0.5,4.005
SANDUSDT,2024-05-20 20:00:00+00:00,0.4643,2024-05-23 16:00:00+00:00,0.4327,-6.806,-7.006,False,17,2.83,3.986
CHZUSDT,2024-05-20 20:00:00+00:00,0.12172,2024-05-23 16:00:00+00:00,0.11429,-6.104,-6.304,False,17,2.83,2.69
AXSUSDT,2024-05-20 20:00:00+00:00,7.692,2024-05-23 16:00:00+00:00,7.455,-3.081,-3.281,False,17,2.83,4.609
ADAUSDT,2024-05-20 20:00:00+00:00,0.4896,2024-05-23 16:00:00+00:00,0.4601,-6.025,-6.225,False,17,2.83,3.706
SHIBUSDT,2024-05-20 20:00:00+00:00,2.51e-05,2024-05-23 16:00:00+00:00,2.424e-05,-3.426,-3.626,False,17,2.83,3.764
TRXUSDT,2024-05-21 00:00:00+00:00,0.12442,2024-05-23 20:00:00+00:00,0.11532,-7.314,-7.514,False,17,2.83,3.105
XLMUSDT,2024-05-21 00:00:00+00:00,0.1125,2024-05-23 20:00:00+00:00,0.1093,-2.844,-3.044,False,17,2.83,3.283
OPUSDT,2024-05-23 16:00:00+00:00,2.636,2024-05-26 12:00:00+00:00,2.58,-2.124,-2.324,False,17,2.83,3.791
DOTUSDT,2024-05-24 00:00:00+00:00,7.199,2024-05-26 20:00:00+00:00,7.557,4.973,4.773,False,17,2.83,2.677
SANDUSDT,2024-05-24 00:00:00+00:00,0.4424,2024-05-26 20:00:00+00:00,0.4411,-0.294,-0.494,False,17,2.83,2.586
ADAUSDT,2024-05-24 00:00:00+00:00,0.4655,2024-05-26 20:00:00+00:00,0.4581,-1.59,-1.79,False,17,2.83,2.508
MANAUSDT,2024-05-31 20:00:00+00:00,0.4435,2024-06-03 16:00:00+00:00,0.4579,3.247,3.047,False,17,2.83,2.898
XRPUSDT,2024-06-03 08:00:00+00:00,0.5211,2024-06-06 04:00:00+00:00,0.5248,0.71,0.51,False,17,2.83,2.606
AVAXUSDT,2024-06-03 16:00:00+00:00,35.65,2024-06-06 12:00:00+00:00,36.88,3.45,3.25,False,17,2.83,2.55
ETCUSDT,2024-06-03 16:00:00+00:00,28.96,2024-06-06 12:00:00+00:00,29.4,1.519,1.319,False,17,2.83,2.62
AAVEUSDT,2024-06-04 16:00:00+00:00,101.94,2024-06-07 12:00:00+00:00,104.15,2.168,1.968,False,17,2.83,2.997
ETCUSDT,2024-06-04 16:00:00+00:00,29.31,2024-06-07 12:00:00+00:00,29.12,-0.648,-0.848,False,17,2.83,2.636
UNIUSDT,2024-06-04 16:00:00+00:00,10.381,2024-06-04 16:00:00+00:00,11.419100000000002,10.0,9.8,True,0,0.0,12.006
NEARUSDT,2024-06-04 16:00:00+00:00,7.398,2024-06-07 12:00:00+00:00,7.31,-1.19,-1.39,False,17,2.83,2.53
CHZUSDT,2024-06-09 20:00:00+00:00,0.12854,2024-06-12 16:00:00+00:00,0.11778,-8.371,-8.571,False,17,2.83,2.764
AXSUSDT,2024-06-10 20:00:00+00:00,7.187,2024-06-13 16:00:00+00:00,7.012,-2.435,-2.635,False,17,2.83,2.703
ETHUSDT,2024-06-11 12:00:00+00:00,3529.56,2024-06-14 08:00:00+00:00,3515.8,-0.39,-0.59,False,17,2.83,2.508
ETHUSDT,2024-06-12 16:00:00+00:00,3618.32,2024-06-15 12:00:00+00:00,3565.8,-1.452,-1.652,False,17,2.83,3.918
SHIBUSDT,2024-06-12 16:00:00+00:00,2.3e-05,2024-06-15 12:00:00+00:00,2.09e-05,-9.13,-9.33,False,17,2.83,5.391
SOLUSDT,2024-06-12 16:00:00+00:00,158.85,2024-06-15 12:00:00+00:00,145.19,-8.599,-8.799,False,17,2.83,3.258
LINKUSDT,2024-06-12 16:00:00+00:00,16.075,2024-06-15 12:00:00+00:00,14.991,-6.743,-6.943,False,17,2.83,2.587
OPUSDT,2024-06-12 16:00:00+00:00,2.188,2024-06-15 12:00:00+00:00,2.068,-5.484,-5.684,False,17,2.83,2.671
ETCUSDT,2024-06-12 16:00:00+00:00,26.57,2024-06-15 12:00:00+00:00,25.45,-4.215,-4.415,False,17,2.83,2.743
ENJUSDT,2024-06-12 16:00:00+00:00,0.2393,2024-06-15 12:00:00+00:00,0.2181,-8.859,-9.059,False,17,2.83,4.092
AAVEUSDT,2024-06-12 16:00:00+00:00,92.61,2024-06-15 12:00:00+00:00,86.52,-6.576,-6.776,False,17,2.83,3.119
BCHUSDT,2024-06-12 16:00:00+00:00,463.6,2024-06-15 12:00:00+00:00,431.7,-6.881,-7.081,False,17,2.83,2.686
DOGEUSDT,2024-06-12 16:00:00+00:00,0.14947,2024-06-15 12:00:00+00:00,0.13688,-8.423,-8.623,False,17,2.83,4.309
NEARUSDT,2024-06-12 16:00:00+00:00,6.592,2024-06-15 12:00:00+00:00,5.677,-13.88,-14.08,False,17,2.83,3.052
LTCUSDT,2024-06-12 16:00:00+00:00,78.7,2024-06-15 12:00:00+00:00,78.5,-0.254,-0.454,False,17,2.83,2.578
ADAUSDT,2024-06-12 20:00:00+00:00,0.4332,2024-06-15 16:00:00+00:00,0.4138,-4.478,-4.678,False,17,2.83,2.724
ARBUSDT,2024-06-17 20:00:00+00:00,0.8851,2024-06-20 16:00:00+00:00,0.8111,-8.361,-8.561,False,17,2.83,2.611
DOGEUSDT,2024-06-17 20:00:00+00:00,0.13258,2024-06-20 16:00:00+00:00,0.12469,-5.951,-6.151,False,17,2.83,3.074
ETCUSDT,2024-06-17 20:00:00+00:00,24.51,2024-06-20 16:00:00+00:00,24.16,-1.428,-1.628,False,17,2.83,2.747
APTUSDT,2024-06-17 20:00:00+00:00,7.61,2024-06-20 16:00:00+00:00,6.99,-8.147,-8.347,False,17,2.83,2.988
ADAUSDT,2024-06-17 20:00:00+00:00,0.4126,2024-06-20 16:00:00+00:00,0.3874,-6.108,-6.308,False,17,2.83,3.503
MANAUSDT,2024-06-17 20:00:00+00:00,0.3617,2024-06-20 16:00:00+00:00,0.337,-6.829,-7.029,False,17,2.83,2.507
SHIBUSDT,2024-06-17 20:00:00+00:00,1.966e-05,2024-06-20 16:00:00+00:00,1.821e-05,-7.375,-7.575,False,17,2.83,2.759
NEARUSDT,2024-06-17 20:00:00+00:00,5.291,2024-06-20 16:00:00+00:00,5.331,0.756,0.556,False,17,2.83,3.267
FILUSDT,2024-06-17 20:00:00+00:00,5.036,2024-06-20 16:00:00+00:00,4.456,-11.517,-11.717,False,17,2.83,3.382
SANDUSDT,2024-06-17 20:00:00+00:00,0.3502,2024-06-20 16:00:00+00:00,0.3338,-4.683,-4.883,False,17,2.83,3.134
AVAXUSDT,2024-06-17 20:00:00+00:00,29.02,2024-06-20 16:00:00+00:00,27.8,-4.204,-4.404,False,17,2.83,2.572
AVAXUSDT,2024-06-18 04:00:00+00:00,26.5,2024-06-21 00:00:00+00:00,27.78,4.83,4.63,False,17,2.83,5.168
BNBUSDT,2024-06-18 04:00:00+00:00,594.3,2024-06-21 00:00:00+00:00,586.5,-1.312,-1.512,False,17,2.83,5.731
CHZUSDT,2024-06-18 04:00:00+00:00,0.08175,2024-06-21 00:00:00+00:00,0.07988,-2.287,-2.487,False,17,2.83,3.965
MANAUSDT,2024-06-18 08:00:00+00:00,0.3245,2024-06-21 04:00:00+00:00,0.3374,3.975,3.775,False,17,2.83,2.974
ETCUSDT,2024-06-18 08:00:00+00:00,23.04,2024-06-21 04:00:00+00:00,23.84,3.472,3.272,False,17,2.83,4.265
DOTUSDT,2024-06-18 16:00:00+00:00,5.8,2024-06-21 12:00:00+00:00,5.651,-2.569,-2.769,False,17,2.83,3.047
ETCUSDT,2024-06-18 16:00:00+00:00,22.93,2024-06-21 12:00:00+00:00,23.48,2.399,2.199,False,17,2.83,2.588
APTUSDT,2024-06-18 16:00:00+00:00,6.71,2024-06-21 12:00:00+00:00,6.98,4.024,3.824,False,17,2.83,4.097
ARBUSDT,2024-06-18 16:00:00+00:00,0.7803,2024-06-21 12:00:00+00:00,0.8016,2.73,2.53,False,17,2.83,2.703
AVAXUSDT,2024-06-23 20:00:00+00:00,25.21,2024-06-26 16:00:00+00:00,26.53,5.236,5.036,False,17,2.83,2.761
ETCUSDT,2024-06-24 08:00:00+00:00,22.6,2024-06-27 04:00:00+00:00,23.26,2.92,2.72,False,17,2.83,2.582
BNBUSDT,2024-06-24 12:00:00+00:00,569.9,2024-06-27 08:00:00+00:00,572.8,0.509,0.309,False,17,2.83,3.231
XRPUSDT,2024-06-24 12:00:00+00:00,0.4757,2024-06-27 08:00:00+00:00,0.4704,-1.114,-1.314,False,17,2.83,2.767
APTUSDT,2024-06-24 12:00:00+00:00,6.66,2024-06-27 08:00:00+00:00,6.9,3.604,3.404,False,17,2.83,3.096
OPUSDT,2024-06-24 12:00:00+00:00,1.706,2024-06-27 08:00:00+00:00,1.772,3.869,3.669,False,17,2.83,3.175
MANAUSDT,2024-06-24 12:00:00+00:00,0.3189,2024-06-27 08:00:00+00:00,0.3382,6.052,5.852,False,17,2.83,2.989
SUIUSDT,2024-06-24 12:00:00+00:00,0.8562,2024-06-27 08:00:00+00:00,0.8379,-2.137,-2.337,False,17,2.83,2.613
SANDUSDT,2024-06-24 12:00:00+00:00,0.3168,2024-06-27 08:00:00+00:00,0.335,5.745,5.545,False,17,2.83,3.727
AXSUSDT,2024-06-24 12:00:00+00:00,5.778,2024-06-27 08:00:00+00:00,6.176,6.888,6.688,False,17,2.83,4.407
LINKUSDT,2024-06-24 12:00:00+00:00,13.136,2024-06-27 08:00:00+00:00,13.867,5.565,5.365,False,17,2.83,2.659
ATOMUSDT,2024-06-24 12:00:00+00:00,6.645,2024-06-27 08:00:00+00:00,6.787,2.137,1.937,False,17,2.83,3.424
ARBUSDT,2024-06-24 12:00:00+00:00,0.7738,2024-06-27 08:00:00+00:00,0.8116,4.885,4.685,False,17,2.83,3.833
SOLUSDT,2024-06-24 12:00:00+00:00,127.06,2024-06-25 12:00:00+00:00,139.76600000000002,10.0,9.8,True,6,1.0,3.106
FILUSDT,2024-06-24 16:00:00+00:00,4.306,2024-06-27 12:00:00+00:00,4.479,4.018,3.818,False,17,2.83,4.071
SUIUSDT,2024-06-24 20:00:00+00:00,0.8451,2024-06-27 16:00:00+00:00,0.835,-1.195,-1.395,False,17,2.83,2.553
ENJUSDT,2024-06-24 20:00:00+00:00,0.1956,2024-06-27 16:00:00+00:00,0.2003,2.403,2.203,False,17,2.83,2.998
BCHUSDT,2024-06-25 00:00:00+00:00,364.0,2024-06-27 20:00:00+00:00,389.0,6.868,6.668,False,17,2.83,2.606
MANAUSDT,2024-06-30 16:00:00+00:00,0.3359,2024-07-03 12:00:00+00:00,0.3314,-1.34,-1.54,False,17,2.83,2.6
XLMUSDT,2024-07-01 04:00:00+00:00,0.0926,2024-07-04 00:00:00+00:00,0.089,-3.888,-4.088,False,17,2.83,2.77
ETHUSDT,2024-07-04 04:00:00+00:00,3243.2,2024-07-07 00:00:00+00:00,3050.76,-5.934,-6.134,False,17,2.83,3.012
FILUSDT,2024-07-04 04:00:00+00:00,4.035,2024-07-07 00:00:00+00:00,3.906,-3.197,-3.397,False,17,2.83,3.418
ETCUSDT,2024-07-04 04:00:00+00:00,22.08,2024-07-07 00:00:00+00:00,21.03,-4.755,-4.955,False,17,2.83,3.64
ETCUSDT,2024-07-04 16:00:00+00:00,21.63,2024-07-07 12:00:00+00:00,20.1,-7.074,-7.274,False,17,2.83,2.567
SHIBUSDT,2024-07-04 16:00:00+00:00,1.527e-05,2024-07-06 16:00:00+00:00,1.6797000000000002e-05,10.0,9.8,True,12,2.0,3.357
ARBUSDT,2024-07-04 16:00:00+00:00,0.7184,2024-07-07 12:00:00+00:00,0.674,-6.18,-6.38,False,17,2.83,2.969
MANAUSDT,2024-07-05 08:00:00+00:00,0.2675,2024-07-05 16:00:00+00:00,0.29425000000000007,10.0,9.8,True,2,0.33,2.606
BNBUSDT,2024-07-05 08:00:00+00:00,472.7,2024-07-06 12:00:00+00:00,519.97,10.0,9.8,True,7,1.17,3.381
XLMUSDT,2024-07-05 08:00:00+00:00,0.0791,2024-07-06 04:00:00+00:00,0.08701000000000002,10.0,9.8,True,5,0.83,2.549
FILUSDT,2024-07-05 08:00:00+00:00,3.401,2024-07-06 12:00:00+00:00,3.7411,10.0,9.8,True,7,1.17,2.634
AXSUSDT,2024-07-05 08:00:00+00:00,4.571,2024-07-06 00:00:00+00:00,5.0281,10.0,9.8,True,4,0.67,2.646
ADAUSDT,2024-07-05 08:00:00+00:00,0.3311,2024-07-06 16:00:00+00:00,0.36421000000000003,10.0,9.8,True,8,1.33,2.718
UNIUSDT,2024-07-05 08:00:00+00:00,7.087,2024-07-05 16:00:00+00:00,7.7957,10.0,9.8,True,2,0.33,2.843
DOGEUSDT,2024-07-05 08:00:00+00:00,0.09643,2024-07-05 20:00:00+00:00,0.10607300000000001,10.0,9.8,True,3,0.5,3.003
CHZUSDT,2024-07-05 08:00:00+00:00,0.0571,2024-07-06 00:00:00+00:00,0.06281,10.0,9.8,True,4,0.67,4.171
DOTUSDT,2024-07-05 08:00:00+00:00,5.388,2024-07-06 08:00:00+00:00,5.9268,10.0,9.8,True,6,1.0,5.984
ATOMUSDT,2024-07-05 08:00:00+00:00,5.385,2024-07-06 12:00:00+00:00,5.923500000000001,10.0,9.8,True,7,1.17,2.888
OPUSDT,2024-07-05 08:00:00+00:00,1.297,2024-07-06 16:00:00+00:00,1.4267,10.0,9.8,True,8,1.33,3.125
ARBUSDT,2024-07-05 08:00:00+00:00,0.6013,2024-07-06 12:00:00+00:00,0.66143,10.0,9.8,True,7,1.17,2.625
SANDUSDT,2024-07-05 08:00:00+00:00,0.2555,2024-07-05 16:00:00+00:00,0.28105,10.0,9.8,True,2,0.33,2.792
SUIUSDT,2024-07-05 08:00:00+00:00,0.6095,2024-07-06 04:00:00+00:00,0.6704500000000001,10.0,9.8,True,5,0.83,2.74
TRXUSDT,2024-07-05 12:00:00+00:00,0.12578,2024-07-08 08:00:00+00:00,0.12543,-0.278,-0.478,False,17,2.83,3.131
ETCUSDT,2024-07-05 12:00:00+00:00,19.21,2024-07-06 16:00:00+00:00,21.131000000000004,10.0,9.8,True,7,1.17,2.592
ENJUSDT,2024-07-05 16:00:00+00:00,0.1605,2024-07-08 12:00:00+00:00,0.162,0.935,0.735,False,17,2.83,4.323
SHIBUSDT,2024-07-18 16:00:00+00:00,1.714e-05,2024-07-21 12:00:00+00:00,1.79e-05,4.434,4.234,False,17,2.83,10.084
NEARUSDT,2024-07-25 16:00:00+00:00,5.358,2024-07-27 12:00:00+00:00,5.8938,10.0,9.8,True,11,1.83,2.723
AAVEUSDT,2024-07-25 16:00:00+00:00,95.15,2024-07-28 12:00:00+00:00,99.71,4.792,4.592,False,17,2.83,11.021
XLMUSDT,2024-07-30 12:00:00+00:00,0.1026,2024-08-02 08:00:00+00:00,0.0973,-5.166,-5.366,False,17,2.83,4.747
MANAUSDT,2024-08-01 00:00:00+00:00,0.3117,2024-08-03 20:00:00+00:00,0.2776,-10.94,-11.14,False,17,2.83,3.284
FILUSDT,2024-08-01 16:00:00+00:00,4.095,2024-08-04 12:00:00+00:00,3.549,-13.333,-13.533,False,17,2.83,2.928
UNIUSDT,2024-08-01 16:00:00+00:00,7.086,2024-08-04 12:00:00+00:00,6.218,-12.25,-12.45,False,17,2.83,2.819
DOTUSDT,2024-08-01 20:00:00+00:00,5.201,2024-08-04 16:00:00+00:00,4.769,-8.306,-8.506,False,17,2.83,3.378
DOGEUSDT,2024-08-01 20:00:00+00:00,0.11496,2024-08-04 16:00:00+00:00,0.10479,-8.847,-9.047,False,17,2.83,3.118
ARBUSDT,2024-08-01 20:00:00+00:00,0.6327,2024-08-04 16:00:00+00:00,0.5859,-7.397,-7.597,False,17,2.83,2.861
CHZUSDT,2024-08-01 20:00:00+00:00,0.0612,2024-08-04 16:00:00+00:00,0.0559,-8.66,-8.86,False,17,2.83,2.502
SHIBUSDT,2024-08-02 16:00:00+00:00,1.505e-05,2024-08-05 12:00:00+00:00,1.325e-05,-11.96,-12.16,False,17,2.83,2.985
BCHUSDT,2024-08-04 16:00:00+00:00,350.7,2024-08-07 12:00:00+00:00,316.4,-9.78,-9.98,False,17,2.83,3.749
AXSUSDT,2024-08-04 20:00:00+00:00,4.79,2024-08-07 16:00:00+00:00,4.306,-10.104,-10.304,False,17,2.83,3.941
BNBUSDT,2024-08-04 20:00:00+00:00,507.8,2024-08-07 16:00:00+00:00,472.3,-6.991,-7.191,False,17,2.83,3.038
DOGEUSDT,2024-08-04 20:00:00+00:00,0.10479,2024-08-07 16:00:00+00:00,0.09622,-8.178,-8.378,False,17,2.83,2.746
DOTUSDT,2024-08-04 20:00:00+00:00,4.768,2024-08-07 16:00:00+00:00,4.58,-3.943,-4.143,False,17,2.83,2.733
AVAXUSDT,2024-08-04 20:00:00+00:00,21.82,2024-08-07 16:00:00+00:00,20.0,-8.341,-8.541,False,17,2.83,2.718
ATOMUSDT,2024-08-04 20:00:00+00:00,5.063,2024-08-07 16:00:00+00:00,4.801,-5.175,-5.375,False,17,2.83,4.231
UNIUSDT,2024-08-04 20:00:00+00:00,6.284,2024-08-07 16:00:00+00:00,5.611,-10.71,-10.91,False,17,2.83,2.519
SHIBUSDT,2024-08-04 20:00:00+00:00,1.365e-05,2024-08-07 16:00:00+00:00,1.299e-05,-4.835,-5.035,False,17,2.83,3.272
ENJUSDT,2024-08-04 20:00:00+00:00,0.1469,2024-08-07 16:00:00+00:00,0.1263,-14.023,-14.223,False,17,2.83,2.968
CHZUSDT,2024-08-04 20:00:00+00:00,0.0558,2024-08-07 16:00:00+00:00,0.051,-8.602,-8.802,False,17,2.83,3.598
OPUSDT,2024-08-04 20:00:00+00:00,1.366,2024-08-07 16:00:00+00:00,1.221,-10.615,-10.815,False,17,2.83,2.886
SANDUSDT,2024-08-04 20:00:00+00:00,0.2643,2024-08-07 16:00:00+00:00,0.2368,-10.405,-10.605,False,17,2.83,2.69
MANAUSDT,2024-08-04 20:00:00+00:00,0.272,2024-08-07 16:00:00+00:00,0.2525,-7.169,-7.369,False,17,2.83,2.919
SUIUSDT,2024-08-04 20:00:00+00:00,0.6024,2024-08-07 16:00:00+00:00,0.6262,3.951,3.751,False,17,2.83,2.699
ETCUSDT,2024-08-04 20:00:00+00:00,19.24,2024-08-07 16:00:00+00:00,18.02,-6.341,-6.541,False,17,2.83,2.741
ETHUSDT,2024-08-04 20:00:00+00:00,2757.55,2024-08-07 16:00:00+00:00,2350.45,-14.763,-14.963,False,17,2.83,4.847
LINKUSDT,2024-08-04 20:00:00+00:00,11.08,2024-08-07 16:00:00+00:00,9.6,-13.357,-13.557,False,17,2.83,3.258
NEARUSDT,2024-08-04 20:00:00+00:00,4.222,2024-08-07 16:00:00+00:00,3.551,-15.893,-16.093,False,17,2.83,3.409
ARBUSDT,2024-08-04 20:00:00+00:00,0.5857,2024-08-07 16:00:00+00:00,0.4828,-17.569,-17.769,False,17,2.83,2.896
SOLUSDT,2024-08-04 20:00:00+00:00,141.99,2024-08-07 16:00:00+00:00,143.16,0.824,0.624,False,17,2.83,3.283
SUIUSDT,2024-08-05 04:00:00+00:00,0.5232,2024-08-06 00:00:00+00:00,0.57552,10.0,9.8,True,5,0.83,7.166
ATOMUSDT,2024-08-05 04:00:00+00:00,4.434,2024-08-06 00:00:00+00:00,4.877400000000001,10.0,9.8,True,5,0.83,4.885
SOLUSDT,2024-08-05 04:00:00+00:00,126.13,2024-08-06 00:00:00+00:00,138.743,10.0,9.8,True,5,0.83,4.836
FILUSDT,2024-08-05 08:00:00+00:00,3.169,2024-08-06 12:00:00+00:00,3.4859000000000004,10.0,9.8,True,7,1.17,6.988
ARBUSDT,2024-08-05 08:00:00+00:00,0.476,2024-08-05 16:00:00+00:00,0.5236000000000001,10.0,9.8,True,2,0.33,6.472
BCHUSDT,2024-08-05 08:00:00+00:00,302.3,2024-08-08 04:00:00+00:00,324.3,7.278,7.078,False,17,2.83,5.28
NEARUSDT,2024-08-05 08:00:00+00:00,3.51,2024-08-07 08:00:00+00:00,3.861,10.0,9.8,True,12,2.0,6.559
CHZUSDT,2024-08-05 08:00:00+00:00,0.0486,2024-08-06 00:00:00+00:00,0.05346,10.0,9.8,True,4,0.67,5.932
ADAUSDT,2024-08-05 08:00:00+00:00,0.3078,2024-08-07 00:00:00+00:00,0.33858000000000005,10.0,9.8,True,10,1.67,7.005
ETCUSDT,2024-08-05 08:00:00+00:00,17.1,2024-08-08 00:00:00+00:00,18.810000000000002,10.0,9.8,True,16,2.67,6.271
MANAUSDT,2024-08-05 08:00:00+00:00,0.239,2024-08-06 00:00:00+00:00,0.2629,10.0,9.8,True,4,0.67,4.547
BNBUSDT,2024-08-05 08:00:00+00:00,439.4,2024-08-06 00:00:00+00:00,483.34000000000003,10.0,9.8,True,4,0.67,6.716
AVAXUSDT,2024-08-05 08:00:00+00:00,19.04,2024-08-06 04:00:00+00:00,20.944,10.0,9.8,True,5,0.83,5.718
SHIBUSDT,2024-08-05 08:00:00+00:00,1.194e-05,2024-08-05 12:00:00+00:00,1.3134e-05,10.0,9.8,True,1,0.17,6.236
APTUSDT,2024-08-05 08:00:00+00:00,4.82,2024-08-06 00:00:00+00:00,5.3020000000000005,10.0,9.8,True,4,0.67,7.532
XLMUSDT,2024-08-05 08:00:00+00:00,0.0831,2024-08-06 04:00:00+00:00,0.09141,10.0,9.8,True,5,0.83,6.2
AXSUSDT,2024-08-05 08:00:00+00:00,4.252,2024-08-08 04:00:00+00:00,4.505,5.95,5.75,False,17,2.83,5.062
OPUSDT,2024-08-05 08:00:00+00:00,1.169,2024-08-06 04:00:00+00:00,1.2859,10.0,9.8,True,5,0.83,5.713
ETHUSDT,2024-08-05 08:00:00+00:00,2357.54,2024-08-08 04:00:00+00:00,2414.0,2.395,2.195,False,17,2.83,5.425
ENJUSDT,2024-08-05 08:00:00+00:00,0.1309,2024-08-05 16:00:00+00:00,0.14399,10.0,9.8,True,2,0.33,4.285
SANDUSDT,2024-08-05 08:00:00+00:00,0.2299,2024-08-06 00:00:00+00:00,0.25289,10.0,9.8,True,4,0.67,4.589
OPUSDT,2024-08-05 16:00:00+00:00,1.192,2024-08-06 04:00:00+00:00,1.3112000000000001,10.0,9.8,True,3,0.5,2.672
SUIUSDT,2024-08-05 16:00:00+00:00,0.5481,2024-08-06 12:00:00+00:00,0.6029100000000001,10.0,9.8,True,5,0.83,3.934
ATOMUSDT,2024-08-05 16:00:00+00:00,4.699,2024-08-08 12:00:00+00:00,5.071,7.917,7.717,False,17,2.83,2.901
LTCUSDT,2024-08-05 16:00:00+00:00,56.81,2024-08-08 12:00:00+00:00,59.46,4.665,4.465,False,17,2.83,3.493
NEARUSDT,2024-08-05 16:00:00+00:00,3.518,2024-08-07 08:00:00+00:00,3.8698,10.0,9.8,True,10,1.67,5.153
LINKUSDT,2024-08-05 16:00:00+00:00,9.44,2024-08-06 12:00:00+00:00,10.384,10.0,9.8,True,5,0.83,3.822
AXSUSDT,2024-08-05 16:00:00+00:00,4.391,2024-08-08 12:00:00+00:00,4.677,6.513,6.313,False,17,2.83,2.751
SOLUSDT,2024-08-05 16:00:00+00:00,130.45,2024-08-06 04:00:00+00:00,143.495,10.0,9.8,True,3,0.5,3.425
UNIUSDT,2024-08-05 16:00:00+00:00,5.389,2024-08-07 00:00:00+00:00,5.927900000000001,10.0,9.8,True,8,1.33,3.239
ARBUSDT,2024-08-05 16:00:00+00:00,0.4851,2024-08-05 16:00:00+00:00,0.53361,10.0,9.8,True,0,0.0,2.983
DOGEUSDT,2024-08-05 16:00:00+00:00,0.09522,2024-08-08 12:00:00+00:00,0.10375,8.958,8.758,False,17,2.83,4.645
ETHUSDT,2024-08-05 16:00:00+00:00,2450.8,2024-08-08 12:00:00+00:00,2507.2,2.301,2.101,False,17,2.83,3.335
ETCUSDT,2024-08-05 16:00:00+00:00,17.66,2024-08-08 12:00:00+00:00,19.15,8.437,8.237,False,17,2.83,2.895
BNBUSDT,2024-08-05 16:00:00+00:00,462.3,2024-08-08 12:00:00+00:00,499.1,7.96,7.76,False,17,2.83,4.055
SANDUSDT,2024-08-05 16:00:00+00:00,0.2434,2024-08-08 12:00:00+00:00,0.2564,5.341,5.141,False,17,2.83,2.71
APTUSDT,2024-08-05 16:00:00+00:00,5.07,2024-08-08 12:00:00+00:00,5.49,8.284,8.084,False,17,2.83,4.736
BCHUSDT,2024-08-05 16:00:00+00:00,312.9,2024-08-08 12:00:00+00:00,330.8,5.721,5.521,False,17,2.83,2.735
XLMUSDT,2024-08-05 16:00:00+00:00,0.0867,2024-08-07 08:00:00+00:00,0.09537000000000001,10.0,9.8,True,10,1.67,3.907
SHIBUSDT,2024-08-05 16:00:00+00:00,1.325e-05,2024-08-08 12:00:00+00:00,1.37e-05,3.396,3.196,False,17,2.83,3.583
FILUSDT,2024-08-05 16:00:00+00:00,3.287,2024-08-08 12:00:00+00:00,3.6157000000000004,10.0,9.8,True,17,2.83,2.903
ADAUSDT,2024-08-05 16:00:00+00:00,0.3196,2024-08-08 12:00:00+00:00,0.3397,6.289,6.089,False,17,2.83,3.397
XRPUSDT,2024-08-05 16:00:00+00:00,0.4887,2024-08-07 16:00:00+00:00,0.5375700000000001,10.0,9.8,True,12,2.0,3.257
AVAXUSDT,2024-08-05 16:00:00+00:00,19.74,2024-08-08 12:00:00+00:00,21.714,10.0,9.8,True,17,2.83,3.747
SOLUSDT,2024-08-12 16:00:00+00:00,147.58,2024-08-15 12:00:00+00:00,145.95,-1.104,-1.304,False,17,2.83,2.581
AAVEUSDT,2024-08-12 16:00:00+00:00,95.39,2024-08-14 08:00:00+00:00,104.929,10.0,9.8,True,10,1.67,2.955
FILUSDT,2024-08-12 16:00:00+00:00,3.77,2024-08-15 12:00:00+00:00,3.646,-3.289,-3.489,False,17,2.83,3.579
OPUSDT,2024-08-12 16:00:00+00:00,1.395,2024-08-15 12:00:00+00:00,1.304,-6.523,-6.723,False,17,2.83,4.373
ADAUSDT,2024-08-12 16:00:00+00:00,0.341,2024-08-15 12:00:00+00:00,0.3383,-0.792,-0.992,False,17,2.83,2.9
ATOMUSDT,2024-08-15 16:00:00+00:00,4.657,2024-08-18 12:00:00+00:00,4.666,0.193,-0.007,False,17,2.83,2.655
XLMUSDT,2024-08-15 20:00:00+00:00,0.0953,2024-08-18 16:00:00+00:00,0.0947,-0.63,-0.83,False,17,2.83,2.533
SHIBUSDT,2024-08-15 20:00:00+00:00,1.321e-05,2024-08-18 16:00:00+00:00,1.348e-05,2.044,1.844,False,17,2.83,2.714
BCHUSDT,2024-08-16 08:00:00+00:00,340.2,2024-08-19 04:00:00+00:00,332.9,-2.146,-2.346,False,17,2.83,3.51
XLMUSDT,2024-08-19 12:00:00+00:00,0.0948,2024-08-22 08:00:00+00:00,0.0987,4.114,3.914,False,17,2.83,2.501
AAVEUSDT,2024-08-19 20:00:00+00:00,117.85,2024-08-20 04:00:00+00:00,129.635,10.0,9.8,True,2,0.33,4.028
OPUSDT,2024-08-27 16:00:00+00:00,1.456,2024-08-30 12:00:00+00:00,1.374,-5.632,-5.832,False,17,2.83,4.24
AAVEUSDT,2024-08-28 12:00:00+00:00,127.55,2024-08-31 08:00:00+00:00,131.66,3.222,3.022,False,17,2.83,2.531
NEARUSDT,2024-08-28 16:00:00+00:00,4.376,2024-08-31 12:00:00+00:00,4.074,-6.901,-7.101,False,17,2.83,2.518
SUIUSDT,2024-08-28 20:00:00+00:00,0.8181,2024-08-31 16:00:00+00:00,0.7977,-2.494,-2.694,False,17,2.83,2.739
SANDUSDT,2024-08-29 04:00:00+00:00,0.2543,2024-09-01 00:00:00+00:00,0.2504,-1.534,-1.734,False,17,2.83,3.128
CHZUSDT,2024-08-30 00:00:00+00:00,0.056,2024-09-01 20:00:00+00:00,0.0502,-10.357,-10.557,False,17,2.83,3.178
FILUSDT,2024-09-01 08:00:00+00:00,3.497,2024-09-04 04:00:00+00:00,3.353,-4.118,-4.318,False,17,2.83,3.42
BNBUSDT,2024-09-02 12:00:00+00:00,519.1,2024-09-05 08:00:00+00:00,504.5,-2.813,-3.013,False,17,2.83,3.326
BCHUSDT,2024-09-02 12:00:00+00:00,322.4,2024-09-05 08:00:00+00:00,308.9,-4.187,-4.387,False,17,2.83,2.933
SANDUSDT,2024-09-02 12:00:00+00:00,0.2442,2024-09-05 08:00:00+00:00,0.2464,0.901,0.701,False,17,2.83,2.909
XLMUSDT,2024-09-02 16:00:00+00:00,0.0919,2024-09-05 12:00:00+00:00,0.0906,-1.415,-1.615,False,17,2.83,2.72
AAVEUSDT,2024-09-02 20:00:00+00:00,129.49,2024-09-05 16:00:00+00:00,128.95,-0.417,-0.617,False,17,2.83,2.679
TRXUSDT,2024-09-04 04:00:00+00:00,0.1516,2024-09-07 00:00:00+00:00,0.149,-1.715,-1.915,False,17,2.83,3.671
LINKUSDT,2024-09-04 04:00:00+00:00,10.25,2024-09-07 00:00:00+00:00,9.66,-5.756,-5.956,False,17,2.83,2.98
ADAUSDT,2024-09-04 04:00:00+00:00,0.3157,2024-09-07 00:00:00+00:00,0.3184,0.855,0.655,False,17,2.83,4.12
ATOMUSDT,2024-09-04 16:00:00+00:00,4.069,2024-09-07 12:00:00+00:00,3.737,-8.159,-8.359,False,17,2.83,3.347
XLMUSDT,2024-09-06 04:00:00+00:00,0.0898,2024-09-09 00:00:00+00:00,0.0902,0.445,0.245,False,17,2.83,3.401
APTUSDT,2024-09-06 16:00:00+00:00,5.81,2024-09-09 12:00:00+00:00,6.14,5.68,5.48,False,17,2.83,3.292
AXSUSDT,2024-09-16 16:00:00+00:00,4.477,2024-09-19 12:00:00+00:00,4.9247000000000005,10.0,9.8,True,17,2.83,2.951
NEARUSDT,2024-09-17 12:00:00+00:00,4.055,2024-09-19 00:00:00+00:00,4.4605,10.0,9.8,True,9,1.5,2.808
AXSUSDT,2024-09-17 12:00:00+00:00,4.618,2024-09-20 04:00:00+00:00,5.0798000000000005,10.0,9.8,True,16,2.67,5.836
ATOMUSDT,2024-09-17 16:00:00+00:00,4.198,2024-09-20 12:00:00+00:00,4.55,8.385,8.185,False,17,2.83,3.084
DOGEUSDT,2024-09-17 16:00:00+00:00,0.10228,2024-09-20 12:00:00+00:00,0.1052,2.855,2.655,False,17,2.83,2.612
LINKUSDT,2024-09-17 16:00:00+00:00,10.86,2024-09-20 12:00:00+00:00,11.53,6.169,5.969,False,17,2.83,2.787
ARBUSDT,2024-09-17 16:00:00+00:00,0.5283,2024-09-19 16:00:00+00:00,0.58113,10.0,9.8,True,12,2.0,2.807
APTUSDT,2024-09-17 16:00:00+00:00,6.0,2024-09-19 12:00:00+00:00,6.6000000000000005,10.0,9.8,True,11,1.83,3.534
SHIBUSDT,2024-09-17 16:00:00+00:00,1.348e-05,2024-09-20 12:00:00+00:00,1.423e-05,5.564,5.364,False,17,2.83,2.555
OPUSDT,2024-09-17 16:00:00+00:00,1.495,2024-09-19 16:00:00+00:00,1.6445000000000003,10.0,9.8,True,12,2.0,3.593
ETCUSDT,2024-09-17 16:00:00+00:00,18.15,2024-09-20 12:00:00+00:00,18.88,4.022,3.822,False,17,2.83,2.739
SOLUSDT,2024-09-17 16:00:00+00:00,134.66,2024-09-20 04:00:00+00:00,148.126,10.0,9.8,True,15,2.5,2.66
ETHUSDT,2024-09-17 16:00:00+00:00,2383.79,2024-09-20 12:00:00+00:00,2560.27,7.403,7.203,False,17,2.83,2.88
OPUSDT,2024-09-18 20:00:00+00:00,1.454,2024-09-19 16:00:00+00:00,1.5994000000000002,10.0,9.8,True,5,0.83,2.69
AVAXUSDT,2024-09-18 20:00:00+00:00,23.39,2024-09-19 00:00:00+00:00,25.729000000000003,10.0,9.8,True,1,0.17,2.821
DOTUSDT,2024-09-18 20:00:00+00:00,4.057,2024-09-21 16:00:00+00:00,4.422,8.997,8.797,False,17,2.83,2.936
AVAXUSDT,2024-09-19 04:00:00+00:00,25.63,2024-09-20 04:00:00+00:00,28.193,10.0,9.8,True,6,1.0,3.027
SANDUSDT,2024-09-24 16:00:00+00:00,0.2769,2024-09-27 12:00:00+00:00,0.3003,8.451,8.251,False,17,2.83,2.919
AXSUSDT,2024-09-30 16:00:00+00:00,5.094,2024-10-03 12:00:00+00:00,4.477,-12.112,-12.312,False,17,2.83,2.899
ETCUSDT,2024-10-03 12:00:00+00:00,18.38,2024-10-06 08:00:00+00:00,18.69,1.687,1.487,False,17,2.83,4.767
BCHUSDT,2024-10-03 16:00:00+00:00,317.7,2024-10-06 12:00:00+00:00,324.3,2.077,1.877,False,17,2.83,2.606
ENJUSDT,2024-10-10 16:00:00+00:00,0.1419,2024-10-13 12:00:00+00:00,0.1473,3.805,3.605,False,17,2.83,2.609
XLMUSDT,2024-10-23 20:00:00+00:00,0.0951,2024-10-26 16:00:00+00:00,0.0944,-0.736,-0.936,False,17,2.83,2.608
AVAXUSDT,2024-10-23 20:00:00+00:00,26.59,2024-10-26 16:00:00+00:00,25.44,-4.325,-4.525,False,17,2.83,2.606
AAVEUSDT,2024-10-24 04:00:00+00:00,151.71,2024-10-27 00:00:00+00:00,144.03,-5.062,-5.262,False,17,2.83,2.5
AAVEUSDT,2024-10-25 20:00:00+00:00,142.74,2024-10-28 16:00:00+00:00,149.42,4.68,4.48,False,17,2.83,2.588
ARBUSDT,2024-10-25 20:00:00+00:00,0.5368,2024-10-28 16:00:00+00:00,0.5144,-4.173,-4.373,False,17,2.83,2.738
ETHUSDT,2024-10-26 00:00:00+00:00,2440.63,2024-10-28 20:00:00+00:00,2567.48,5.197,4.997,False,17,2.83,2.584
SANDUSDT,2024-10-26 04:00:00+00:00,0.2471,2024-10-29 00:00:00+00:00,0.2566,3.845,3.645,False,17,2.83,2.588
CHZUSDT,2024-10-28 16:00:00+00:00,0.06,2024-10-31 12:00:00+00:00,0.0603,0.5,0.3,False,17,2.83,5.231
SUIUSDT,2024-10-29 04:00:00+00:00,1.8788,2024-10-29 16:00:00+00:00,2.0666800000000003,10.0,9.8,True,3,0.5,2.759
TRXUSDT,2024-10-29 16:00:00+00:00,0.1655,2024-11-01 12:00:00+00:00,0.1666,0.665,0.465,False,17,2.83,3.979
LINKUSDT,2024-11-01 16:00:00+00:00,11.33,2024-11-04 12:00:00+00:00,10.4,-8.208,-8.408,False,17,2.83,2.964
AXSUSDT,2024-11-01 16:00:00+00:00,4.637,2024-11-04 12:00:00+00:00,4.46,-3.817,-4.017,False,17,2.83,3.636
ARBUSDT,2024-11-03 04:00:00+00:00,0.4875,2024-11-06 00:00:00+00:00,0.5197,6.605,6.405,False,17,2.83,2.733
FILUSDT,2024-11-03 04:00:00+00:00,3.343,2024-11-06 00:00:00+00:00,3.583,7.179,6.979,False,17,2.83,2.872
ARBUSDT,2024-11-03 16:00:00+00:00,0.4741,2024-11-06 00:00:00+00:00,0.52151,10.0,9.8,True,14,2.33,2.845
AVAXUSDT,2024-11-03 16:00:00+00:00,23.04,2024-11-06 00:00:00+00:00,25.344,10.0,9.8,True,14,2.33,2.735
AXSUSDT,2024-11-04 20:00:00+00:00,4.498,2024-11-07 00:00:00+00:00,4.947800000000001,10.0,9.8,True,13,2.17,4.143
FILUSDT,2024-11-05 00:00:00+00:00,3.273,2024-11-06 00:00:00+00:00,3.6003000000000003,10.0,9.8,True,6,1.0,2.627
BCHUSDT,2024-11-05 00:00:00+00:00,329.2,2024-11-06 00:00:00+00:00,362.12,10.0,9.8,True,6,1.0,2.945
AVAXUSDT,2024-11-05 00:00:00+00:00,22.72,2024-11-06 00:00:00+00:00,24.992,10.0,9.8,True,6,1.0,2.514
AAVEUSDT,2024-11-05 08:00:00+00:00,130.58,2024-11-06 00:00:00+00:00,143.63800000000003,10.0,9.8,True,4,0.67,2.546
MANAUSDT,2024-11-05 16:00:00+00:00,0.2723,2024-11-06 20:00:00+00:00,0.29953,10.0,9.8,True,7,1.17,3.003
TRXUSDT,2024-11-06 04:00:00+00:00,0.1623,2024-11-09 00:00:00+00:00,0.16,-1.417,-1.617,False,17,2.83,3.007
LTCUSDT,2024-11-21 08:00:00+00:00,90.11,2024-11-23 00:00:00+00:00,99.12100000000001,10.0,9.8,True,10,1.67,2.522
AAVEUSDT,2024-11-21 16:00:00+00:00,163.73,2024-11-23 08:00:00+00:00,180.103,10.0,9.8,True,10,1.67,3.362
NEARUSDT,2024-11-21 16:00:00+00:00,5.598,2024-11-22 20:00:00+00:00,6.1578,10.0,9.8,True,7,1.17,3.181
BNBUSDT,2024-11-21 16:00:00+00:00,616.8,2024-11-23 12:00:00+00:00,678.48,10.0,9.8,True,11,1.83,2.89
SUIUSDT,2024-11-26 16:00:00+00:00,3.3547,2024-11-29 12:00:00+00:00,3.5085,4.585,4.385,False,17,2.83,2.973
NEARUSDT,2024-12-03 00:00:00+00:00,7.48,2024-12-05 20:00:00+00:00,7.617,1.832,1.632,False,17,2.83,3.602
ATOMUSDT,2024-12-10 00:00:00+00:00,8.393,2024-12-12 04:00:00+00:00,9.232300000000002,10.0,9.8,True,13,2.17,6.626
AAVEUSDT,2024-12-10 00:00:00+00:00,260.48,2024-12-10 08:00:00+00:00,286.528,10.0,9.8,True,2,0.33,4.756
OPUSDT,2024-12-10 04:00:00+00:00,2.213,2024-12-12 00:00:00+00:00,2.4343000000000004,10.0,9.8,True,11,1.83,2.847
LTCUSDT,2024-12-10 04:00:00+00:00,109.51,2024-12-12 00:00:00+00:00,120.46100000000001,10.0,9.8,True,11,1.83,2.703
LTCUSDT,2024-12-10 16:00:00+00:00,104.92,2024-12-11 12:00:00+00:00,115.412,10.0,9.8,True,5,0.83,2.638
TRXUSDT,2024-12-10 16:00:00+00:00,0.2574,2024-12-11 12:00:00+00:00,0.28314000000000006,10.0,9.8,True,5,0.83,2.572
ETHUSDT,2024-12-10 16:00:00+00:00,3567.76,2024-12-12 00:00:00+00:00,3924.5360000000005,10.0,9.8,True,8,1.33,2.933
AAVEUSDT,2024-12-10 16:00:00+00:00,260.68,2024-12-11 12:00:00+00:00,286.74800000000005,10.0,9.8,True,5,0.83,3.516
XRPUSDT,2024-12-10 20:00:00+00:00,2.1241,2024-12-10 20:00:00+00:00,2.33651,10.0,9.8,True,0,0.0,3.029
AXSUSDT,2024-12-10 20:00:00+00:00,7.094,2024-12-11 12:00:00+00:00,7.803400000000001,10.0,9.8,True,4,0.67,3.255
ATOMUSDT,2024-12-10 20:00:00+00:00,7.699,2024-12-11 12:00:00+00:00,8.4689,10.0,9.8,True,4,0.67,2.976
APTUSDT,2024-12-10 20:00:00+00:00,11.33,2024-12-11 12:00:00+00:00,12.463000000000001,10.0,9.8,True,4,0.67,2.62
ETCUSDT,2024-12-11 16:00:00+00:00,33.26,2024-12-14 12:00:00+00:00,32.62,-1.924,-2.124,False,17,2.83,3.795
AXSUSDT,2024-12-16 16:00:00+00:00,7.507,2024-12-19 12:00:00+00:00,6.51,-13.281,-13.481,False,17,2.83,3.317
TRXUSDT,2024-12-16 20:00:00+00:00,0.2987,2024-12-19 16:00:00+00:00,0.2488,-16.706,-16.906,False,17,2.83,4.443
ADAUSDT,2024-12-16 20:00:00+00:00,1.1037,2024-12-19 16:00:00+00:00,0.877,-20.54,-20.74,False,17,2.83,2.531
XRPUSDT,2024-12-16 20:00:00+00:00,2.4749,2024-12-17 08:00:00+00:00,2.72239,10.0,9.8,True,3,0.5,5.039
XLMUSDT,2024-12-16 20:00:00+00:00,0.4259,2024-12-17 08:00:00+00:00,0.46849,10.0,9.8,True,3,0.5,3.648
NEARUSDT,2024-12-19 04:00:00+00:00,5.762,2024-12-22 00:00:00+00:00,4.993,-13.346,-13.546,False,17,2.83,2.861
BNBUSDT,2024-12-19 04:00:00+00:00,700.68,2024-12-22 00:00:00+00:00,664.07,-5.225,-5.425,False,17,2.83,2.543
APTUSDT,2024-12-19 20:00:00+00:00,11.67,2024-12-22 16:00:00+00:00,9.12,-21.851,-22.051,False,17,2.83,3.225
AXSUSDT,2024-12-20 00:00:00+00:00,6.031,2024-12-21 04:00:00+00:00,6.6341,10.0,9.8,True,7,1.17,3.557
UNIUSDT,2024-12-20 00:00:00+00:00,12.725,2024-12-21 04:00:00+00:00,13.9975,10.0,9.8,True,7,1.17,3.688
AVAXUSDT,2024-12-20 12:00:00+00:00,33.69,2024-12-20 12:00:00+00:00,37.059,10.0,9.8,True,0,0.0,3.061
DOTUSDT,2024-12-20 12:00:00+00:00,6.076,2024-12-20 12:00:00+00:00,6.6836,10.0,9.8,True,0,0.0,3.58
ADAUSDT,2024-12-20 12:00:00+00:00,0.7624,2024-12-20 12:00:00+00:00,0.83864,10.0,9.8,True,0,0.0,3.808
NEARUSDT,2024-12-20 12:00:00+00:00,4.546,2024-12-20 12:00:00+00:00,5.0006,10.0,9.8,True,0,0.0,3.491
SUIUSDT,2024-12-20 16:00:00+00:00,4.2891,2024-12-21 04:00:00+00:00,4.7180100000000005,10.0,9.8,True,3,0.5,3.156
AXSUSDT,2024-12-20 16:00:00+00:00,5.961,2024-12-21 04:00:00+00:00,6.557100000000001,10.0,9.8,True,3,0.5,2.862
DOGEUSDT,2024-12-20 16:00:00+00:00,0.30479,2024-12-21 04:00:00+00:00,0.33526900000000004,10.0,9.8,True,3,0.5,2.667
APTUSDT,2024-12-21 04:00:00+00:00,10.25,2024-12-24 00:00:00+00:00,9.48,-7.512,-7.712,False,17,2.83,2.67
AVAXUSDT,2024-12-30 04:00:00+00:00,36.41,2025-01-02 00:00:00+00:00,38.47,5.658,5.458,False,17,2.83,2.582
XLMUSDT,2024-12-31 16:00:00+00:00,0.3404,2025-01-01 12:00:00+00:00,0.37444,10.0,9.8,True,5,0.83,2.691
AXSUSDT,2025-01-08 20:00:00+00:00,6.036,2025-01-11 16:00:00+00:00,6.217,2.999,2.799,False,17,2.83,4.886
XRPUSDT,2025-01-08 20:00:00+00:00,2.3156,2025-01-11 16:00:00+00:00,2.5301,9.263,9.063,False,17,2.83,2.611
CHZUSDT,2025-01-08 20:00:00+00:00,0.0812,2025-01-11 16:00:00+00:00,0.0822,1.232,1.032,False,17,2.83,2.727
TRXUSDT,2025-01-08 20:00:00+00:00,0.2484,2025-01-11 16:00:00+00:00,0.2409,-3.019,-3.219,False,17,2.83,2.548
CHZUSDT,2025-01-09 16:00:00+00:00,0.0837,2025-01-12 12:00:00+00:00,0.0826,-1.314,-1.514,False,17,2.83,3.281
LTCUSDT,2025-01-13 16:00:00+00:00,96.25,2025-01-15 12:00:00+00:00,105.87500000000001,10.0,9.8,True,11,1.83,3.024
MANAUSDT,2025-01-13 16:00:00+00:00,0.4672,2025-01-15 12:00:00+00:00,0.51392,10.0,9.8,True,11,1.83,3.365
FILUSDT,2025-01-13 16:00:00+00:00,4.86,2025-01-15 12:00:00+00:00,5.346000000000001,10.0,9.8,True,11,1.83,4.557
SOLUSDT,2025-01-13 16:00:00+00:00,178.81,2025-01-15 12:00:00+00:00,196.69100000000003,10.0,9.8,True,11,1.83,4.449
DOGEUSDT,2025-01-13 16:00:00+00:00,0.32463,2025-01-14 16:00:00+00:00,0.357093,10.0,9.8,True,6,1.0,3.411
ENJUSDT,2025-01-13 16:00:00+00:00,0.1849,2025-01-15 12:00:00+00:00,0.20339000000000002,10.0,9.8,True,11,1.83,3.16
OPUSDT,2025-01-13 16:00:00+00:00,1.664,2025-01-15 12:00:00+00:00,1.8304,10.0,9.8,True,11,1.83,4.674
UNIUSDT,2025-01-13 16:00:00+00:00,12.583,2025-01-15 12:00:00+00:00,13.841300000000002,10.0,9.8,True,11,1.83,3.344
TRXUSDT,2025-01-13 16:00:00+00:00,0.223,2025-01-16 12:00:00+00:00,0.2385,6.951,6.751,False,17,2.83,3.908
BNBUSDT,2025-01-13 16:00:00+00:00,677.23,2025-01-16 12:00:00+00:00,709.6,4.78,4.58,False,17,2.83,4.33
SANDUSDT,2025-01-13 16:00:00+00:00,0.5395,2025-01-15 12:00:00+00:00,0.59345,10.0,9.8,True,11,1.83,3.391
AAVEUSDT,2025-01-13 16:00:00+00:00,273.85,2025-01-14 20:00:00+00:00,301.23500000000007,10.0,9.8,True,7,1.17,4.079
LINKUSDT,2025-01-13 16:00:00+00:00,18.94,2025-01-15 08:00:00+00:00,20.834000000000003,10.0,9.8,True,10,1.67,4.211
APTUSDT,2025-01-13 16:00:00+00:00,8.26,2025-01-14 20:00:00+00:00,9.086,10.0,9.8,True,7,1.17,3.318
NEARUSDT,2025-01-13 16:00:00+00:00,4.645,2025-01-15 12:00:00+00:00,5.1095,10.0,9.8,True,11,1.83,4.087
DOTUSDT,2025-01-13 16:00:00+00:00,6.286,2025-01-15 12:00:00+00:00,6.9146,10.0,9.8,True,11,1.83,4.011
AVAXUSDT,2025-01-13 16:00:00+00:00,34.42,2025-01-15 12:00:00+00:00,37.862,10.0,9.8,True,11,1.83,3.981
CHZUSDT,2025-01-13 16:00:00+00:00,0.0771,2025-01-15 12:00:00+00:00,0.08481000000000001,10.0,9.8,True,11,1.83,4.07
ETCUSDT,2025-01-13 16:00:00+00:00,23.97,2025-01-15 12:00:00+00:00,26.367,10.0,9.8,True,11,1.83,3.56
ATOMUSDT,2025-01-13 16:00:00+00:00,6.193,2025-01-16 12:00:00+00:00,6.65,7.379,7.179,False,17,2.83,3.01
SUIUSDT,2025-01-13 16:00:00+00:00,4.5192,2025-01-16 12:00:00+00:00,4.7116,4.257,4.057,False,17,2.83,3.383
ARBUSDT,2025-01-13 16:00:00+00:00,0.6863,2025-01-15 12:00:00+00:00,0.7549300000000001,10.0,9.8,True,11,1.83,3.496
SHIBUSDT,2025-01-13 16:00:00+00:00,2.048e-05,2025-01-15 20:00:00+00:00,2.2528000000000002e-05,10.0,9.8,True,13,2.17,3.623
AAVEUSDT,2025-01-14 00:00:00+00:00,289.62,2025-01-15 16:00:00+00:00,318.58200000000005,10.0,9.8,True,10,1.67,2.575
ARBUSDT,2025-01-19 16:00:00+00:00,0.7758,2025-01-22 12:00:00+00:00,0.7053,-9.087,-9.287,False,17,2.83,4.045
OPUSDT,2025-01-19 16:00:00+00:00,1.871,2025-01-22 12:00:00+00:00,1.727,-7.696,-7.896,False,17,2.83,4.607
ETCUSDT,2025-01-19 16:00:00+00:00,27.38,2025-01-22 12:00:00+00:00,26.78,-2.191,-2.391,False,17,2.83,3.121
ETHUSDT,2025-01-19 16:00:00+00:00,3383.68,2025-01-22 12:00:00+00:00,3278.39,-3.112,-3.312,False,17,2.83,3.666
AAVEUSDT,2025-01-19 16:00:00+00:00,330.91,2025-01-20 08:00:00+00:00,364.00100000000003,10.0,9.8,True,4,0.67,4.071
ETHUSDT,2025-01-20 00:00:00+00:00,3215.2,2025-01-22 20:00:00+00:00,3242.6,0.852,0.652,False,17,2.83,3.232
UNIUSDT,2025-01-20 00:00:00+00:00,13.292,2025-01-20 04:00:00+00:00,14.621200000000002,10.0,9.8,True,1,0.17,2.533
XLMUSDT,2025-01-20 00:00:00+00:00,0.4332,2025-01-20 08:00:00+00:00,0.47652,10.0,9.8,True,2,0.33,2.558
ATOMUSDT,2025-01-20 00:00:00+00:00,5.894,2025-01-20 04:00:00+00:00,6.4834000000000005,10.0,9.8,True,1,0.17,3.304
AXSUSDT,2025-01-20 00:00:00+00:00,5.807,2025-01-22 20:00:00+00:00,5.921,1.963,1.763,False,17,2.83,2.948
AVAXUSDT,2025-01-20 00:00:00+00:00,35.68,2025-01-20 04:00:00+00:00,39.248000000000005,10.0,9.8,True,1,0.17,4.22
ETCUSDT,2025-01-20 00:00:00+00:00,25.43,2025-01-20 04:00:00+00:00,27.973000000000003,10.0,9.8,True,1,0.17,3.654
BCHUSDT,2025-01-20 00:00:00+00:00,427.7,2025-01-20 04:00:00+00:00,470.47,10.0,9.8,True,1,0.17,2.763
MANAUSDT,2025-01-20 00:00:00+00:00,0.4626,2025-01-20 04:00:00+00:00,0.5088600000000001,10.0,9.8,True,1,0.17,4.015
AAVEUSDT,2025-01-20 00:00:00+00:00,309.41,2025-01-20 04:00:00+00:00,340.35100000000006,10.0,9.8,True,1,0.17,3.902
ENJUSDT,2025-01-20 00:00:00+00:00,0.1721,2025-01-22 20:00:00+00:00,0.1677,-2.557,-2.757,False,17,2.83,3.97
DOTUSDT,2025-01-20 00:00:00+00:00,6.246,2025-01-20 04:00:00+00:00,6.870600000000001,10.0,9.8,True,1,0.17,3.661
ARBUSDT,2025-01-20 00:00:00+00:00,0.6982,2025-01-22 20:00:00+00:00,0.7007,0.358,0.158,False,17,2.83,4.365
OPUSDT,2025-01-20 00:00:00+00:00,1.707,2025-01-22 20:00:00+00:00,1.714,0.41,0.21,False,17,2.83,4.994
CHZUSDT,2025-01-20 00:00:00+00:00,0.076,2025-01-22 20:00:00+00:00,0.0762,0.263,0.063,False,17,2.83,3.608
ADAUSDT,2025-01-20 00:00:00+00:00,0.993,2025-01-20 08:00:00+00:00,1.0923,10.0,9.8,True,2,0.33,3.104
FILUSDT,2025-01-20 00:00:00+00:00,4.98,2025-01-20 04:00:00+00:00,5.478000000000001,10.0,9.8,True,1,0.17,3.693
BNBUSDT,2025-01-20 00:00:00+00:00,683.2,2025-01-22 20:00:00+00:00,695.52,1.803,1.603,False,17,2.83,3.407
APTUSDT,2025-01-20 00:00:00+00:00,8.49,2025-01-22 20:00:00+00:00,8.5,0.118,-0.082,False,17,2.83,5.031
SHIBUSDT,2025-01-20 04:00:00+00:00,2.058e-05,2025-01-23 00:00:00+00:00,2.004e-05,-2.624,-2.824,False,17,2.83,2.508
UNIUSDT,2025-01-20 08:00:00+00:00,14.21,2025-01-23 04:00:00+00:00,12.71,-10.556,-10.756,False,17,2.83,2.547
AXSUSDT,2025-01-20 08:00:00+00:00,6.183,2025-01-23 04:00:00+00:00,5.869,-5.078,-5.278,False,17,2.83,2.722
BCHUSDT,2025-01-20 08:00:00+00:00,462.7,2025-01-23 04:00:00+00:00,431.5,-6.743,-6.943,False,17,2.83,2.71
DOTUSDT,2025-01-20 08:00:00+00:00,6.773,2025-01-23 04:00:00+00:00,6.361,-6.083,-6.283,False,17,2.83,2.698
AVAXUSDT,2025-01-20 08:00:00+00:00,38.65,2025-01-23 04:00:00+00:00,35.68,-7.684,-7.884,False,17,2.83,2.701
DOGEUSDT,2025-01-21 12:00:00+00:00,0.38474,2025-01-24 08:00:00+00:00,0.36278,-5.708,-5.908,False,17,2.83,2.638
AXSUSDT,2025-01-24 08:00:00+00:00,5.943,2025-01-27 04:00:00+00:00,5.185,-12.755,-12.955,False,17,2.83,3.088
ETCUSDT,2025-01-27 04:00:00+00:00,26.23,2025-01-30 00:00:00+00:00,26.23,0.0,-0.2,False,17,2.83,2.544
XRPUSDT,2025-01-27 04:00:00+00:00,3.0047,2025-01-30 00:00:00+00:00,3.1216,3.891,3.691,False,17,2.83,2.694
XRPUSDT,2025-01-27 16:00:00+00:00,2.9566,2025-01-30 12:00:00+00:00,3.1203,5.537,5.337,False,17,2.83,3.316
SANDUSDT,2025-01-27 16:00:00+00:00,0.517,2025-01-30 12:00:00+00:00,0.542,4.836,4.636,False,17,2.83,2.715
XLMUSDT,2025-01-27 16:00:00+00:00,0.3956,2025-01-30 12:00:00+00:00,0.43516000000000005,10.0,9.8,True,17,2.83,3.133
SUIUSDT,2025-01-27 16:00:00+00:00,3.8229,2025-01-30 12:00:00+00:00,4.205190000000001,10.0,9.8,True,17,2.83,2.914
LINKUSDT,2025-01-27 16:00:00+00:00,23.69,2025-01-30 12:00:00+00:00,24.85,4.897,4.697,False,17,2.83,2.972
APTUSDT,2025-01-27 16:00:00+00:00,7.46,2025-01-30 12:00:00+00:00,7.84,5.094,4.894,False,17,2.83,2.784
MANAUSDT,2025-01-27 16:00:00+00:00,0.445,2025-01-30 12:00:00+00:00,0.4507,1.281,1.081,False,17,2.83,2.743
UNIUSDT,2025-01-29 04:00:00+00:00,11.603,2025-01-31 16:00:00+00:00,12.763300000000001,10.0,9.8,True,15,2.5,2.639
ETCUSDT,2025-01-29 04:00:00+00:00,25.4,2025-02-01 00:00:00+00:00,27.03,6.417,6.217,False,17,2.83,2.97
SOLUSDT,2025-02-03 04:00:00+00:00,197.92,2025-02-03 20:00:00+00:00,217.71200000000002,10.0,9.8,True,4,0.67,7.212
ARBUSDT,2025-02-03 08:00:00+00:00,0.4404,2025-02-03 16:00:00+00:00,0.48444000000000004,10.0,9.8,True,2,0.33,2.549
BCHUSDT,2025-02-03 08:00:00+00:00,319.4,2025-02-03 20:00:00+00:00,351.34,10.0,9.8,True,3,0.5,3.008
FILUSDT,2025-02-03 08:00:00+00:00,3.219,2025-02-03 20:00:00+00:00,3.5409,10.0,9.8,True,3,0.5,2.874
DOTUSDT,2025-02-03 08:00:00+00:00,4.71,2025-02-03 20:00:00+00:00,5.181,10.0,9.8,True,3,0.5,2.704
XRPUSDT,2025-02-03 08:00:00+00:00,2.4298,2025-02-03 16:00:00+00:00,2.6727800000000004,10.0,9.8,True,2,0.33,2.723
ADAUSDT,2025-02-03 08:00:00+00:00,0.7186,2025-02-03 16:00:00+00:00,0.79046,10.0,9.8,True,2,0.33,2.927
DOGEUSDT,2025-02-03 08:00:00+00:00,0.25595,2025-02-03 16:00:00+00:00,0.28154500000000005,10.0,9.8,True,2,0.33,2.711
AXSUSDT,2025-02-03 08:00:00+00:00,4.023,2025-02-03 20:00:00+00:00,4.4253,10.0,9.8,True,3,0.5,3.047
UNIUSDT,2025-02-03 08:00:00+00:00,9.313,2025-02-06 04:00:00+00:00,9.348,0.376,0.176,False,17,2.83,4.131
OPUSDT,2025-02-03 08:00:00+00:00,1.119,2025-02-06 04:00:00+00:00,1.115,-0.357,-0.557,False,17,2.83,4.992
SUIUSDT,2025-02-03 08:00:00+00:00,3.1869,2025-02-03 12:00:00+00:00,3.50559,10.0,9.8,True,1,0.17,3.343
APTUSDT,2025-02-03 08:00:00+00:00,5.78,2025-02-03 20:00:00+00:00,6.3580000000000005,10.0,9.8,True,3,0.5,3.1
DOGEUSDT,2025-02-03 16:00:00+00:00,0.2684,2025-02-06 12:00:00+00:00,0.24925,-7.135,-7.335,False,17,2.83,2.558
ETHUSDT,2025-02-03 16:00:00+00:00,2700.73,2025-02-06 12:00:00+00:00,2705.57,0.179,-0.021,False,17,2.83,2.529
XRPUSDT,2025-02-03 16:00:00+00:00,2.5521,2025-02-06 12:00:00+00:00,2.3158,-9.259,-9.459,False,17,2.83,3.022
TRXUSDT,2025-02-03 16:00:00+00:00,0.2254,2025-02-06 12:00:00+00:00,0.2269,0.665,0.465,False,17,2.83,2.871
UNIUSDT,2025-02-03 16:00:00+00:00,9.893,2025-02-06 12:00:00+00:00,8.982,-9.209,-9.409,False,17,2.83,3.124
CHZUSDT,2025-02-03 16:00:00+00:00,0.0595,2025-02-06 12:00:00+00:00,0.0543,-8.739,-8.939,False,17,2.83,2.572
MANAUSDT,2025-02-03 16:00:00+00:00,0.3304,2025-02-06 12:00:00+00:00,0.31,-6.174,-6.374,False,17,2.83,3.464
SOLUSDT,2025-02-03 16:00:00+00:00,207.01,2025-02-06 12:00:00+00:00,191.23,-7.623,-7.823,False,17,2.83,2.524
OPUSDT,2025-02-03 16:00:00+00:00,1.163,2025-02-06 12:00:00+00:00,1.042,-10.404,-10.604,False,17,2.83,3.04
SANDUSDT,2025-02-03 16:00:00+00:00,0.4015,2025-02-06 12:00:00+00:00,0.3741,-6.824,-7.024,False,17,2.83,3.759
ARBUSDT,2025-02-03 16:00:00+00:00,0.465,2025-02-03 20:00:00+00:00,0.5115000000000001,10.0,9.8,True,1,0.17,3.095
XLMUSDT,2025-02-03 16:00:00+00:00,0.3527,2025-02-06 12:00:00+00:00,0.3191,-9.527,-9.727,False,17,2.83,2.788
BCHUSDT,2025-02-03 16:00:00+00:00,330.9,2025-02-06 12:00:00+00:00,316.1,-4.473,-4.673,False,17,2.83,3.409
AVAXUSDT,2025-02-03 16:00:00+00:00,27.33,2025-02-06 12:00:00+00:00,24.99,-8.562,-8.762,False,17,2.83,3.349
APTUSDT,2025-02-03 16:00:00+00:00,6.13,2025-02-06 12:00:00+00:00,5.77,-5.873,-6.073,False,17,2.83,2.664
ATOMUSDT,2025-02-03 16:00:00+00:00,4.578,2025-02-06 12:00:00+00:00,4.444,-2.927,-3.127,False,17,2.83,2.941
NEARUSDT,2025-02-03 16:00:00+00:00,3.563,2025-02-06 12:00:00+00:00,3.183,-10.665,-10.865,False,17,2.83,3.288
LINKUSDT,2025-02-03 16:00:00+00:00,20.41,2025-02-06 12:00:00+00:00,18.71,-8.329,-8.529,False,17,2.83,3.115
DOTUSDT,2025-02-03 16:00:00+00:00,4.911,2025-02-06 12:00:00+00:00,4.532,-7.717,-7.917,False,17,2.83,2.526
AAVEUSDT,2025-02-03 16:00:00+00:00,260.91,2025-02-06 12:00:00+00:00,247.74,-5.048,-5.248,False,17,2.83,2.643
ADAUSDT,2025-02-03 16:00:00+00:00,0.7653,2025-02-06 12:00:00+00:00,0.711,-7.095,-7.295,False,17,2.83,3.163
SUIUSDT,2025-02-03 16:00:00+00:00,3.5867,2025-02-06 12:00:00+00:00,3.2323,-9.881,-10.081,False,17,2.83,4.015
SHIBUSDT,2025-02-03 16:00:00+00:00,1.545e-05,2025-02-06 12:00:00+00:00,1.504e-05,-2.654,-2.854,False,17,2.83,3.015
ATOMUSDT,2025-02-07 16:00:00+00:00,4.585,2025-02-10 12:00:00+00:00,4.733,3.228,3.028,False,17,2.83,2.776
AAVEUSDT,2025-02-17 08:00:00+00:00,257.62,2025-02-20 04:00:00+00:00,254.42,-1.242,-1.442,False,17,2.83,3.491
ADAUSDT,2025-02-17 08:00:00+00:00,0.7943,2025-02-20 04:00:00+00:00,0.7809,-1.687,-1.887,False,17,2.83,3.019
ETHUSDT,2025-02-17 12:00:00+00:00,2755.2,2025-02-20 08:00:00+00:00,2740.71,-0.526,-0.726,False,17,2.83,2.819
AXSUSDT,2025-02-17 16:00:00+00:00,4.476,2025-02-20 12:00:00+00:00,4.24,-5.273,-5.473,False,17,2.83,6.474
ETCUSDT,2025-02-17 16:00:00+00:00,21.09,2025-02-20 12:00:00+00:00,20.74,-1.66,-1.86,False,17,2.83,2.879
BCHUSDT,2025-02-17 16:00:00+00:00,327.3,2025-02-20 12:00:00+00:00,320.6,-2.047,-2.247,False,17,2.83,3.356
ARBUSDT,2025-02-17 16:00:00+00:00,0.495,2025-02-20 12:00:00+00:00,0.4774,-3.556,-3.756,False,17,2.83,2.644
AVAXUSDT,2025-02-17 16:00:00+00:00,25.14,2025-02-20 12:00:00+00:00,24.26,-3.5,-3.7,False,17,2.83,2.515
SANDUSDT,2025-02-17 20:00:00+00:00,0.3884,2025-02-20 16:00:00+00:00,0.3725,-4.094,-4.294,False,17,2.83,2.693
DOTUSDT,2025-02-18 12:00:00+00:00,4.769,2025-02-21 08:00:00+00:00,5.159,8.178,7.978,False,17,2.83,2.614
APTUSDT,2025-02-19 08:00:00+00:00,6.18,2025-02-20 04:00:00+00:00,6.798,10.0,9.8,True,5,0.83,2.924
NEARUSDT,2025-02-20 04:00:00+00:00,3.203,2025-02-21 04:00:00+00:00,3.5233000000000003,10.0,9.8,True,6,1.0,2.561
UNIUSDT,2025-02-20 16:00:00+00:00,9.006,2025-02-23 12:00:00+00:00,8.948,-0.644,-0.844,False,17,2.83,2.705
DOGEUSDT,2025-02-24 04:00:00+00:00,0.23026,2025-02-27 00:00:00+00:00,0.20633,-10.393,-10.593,False,17,2.83,3.081
AXSUSDT,2025-02-24 04:00:00+00:00,3.924,2025-02-27 00:00:00+00:00,3.684,-6.116,-6.316,False,17,2.83,2.655
XRPUSDT,2025-02-25 04:00:00+00:00,2.2836,2025-02-28 00:00:00+00:00,2.0209,-11.504,-11.704,False,17,2.83,2.803
SUIUSDT,2025-02-25 04:00:00+00:00,2.8267,2025-02-28 00:00:00+00:00,2.5571,-9.538,-9.738,False,17,2.83,2.985
SUIUSDT,2025-02-25 12:00:00+00:00,2.7869,2025-02-26 00:00:00+00:00,3.0655900000000003,10.0,9.8,True,3,0.5,3.339
AXSUSDT,2025-02-25 12:00:00+00:00,3.609,2025-02-28 08:00:00+00:00,3.47,-3.851,-4.051,False,17,2.83,3.388
APTUSDT,2025-02-25 12:00:00+00:00,5.42,2025-02-27 00:00:00+00:00,5.962000000000001,10.0,9.8,True,9,1.5,2.678
SOLUSDT,2025-02-25 12:00:00+00:00,141.27,2025-02-28 08:00:00+00:00,133.52,-5.486,-5.686,False,17,2.83,2.532
BNBUSDT,2025-02-25 12:00:00+00:00,611.18,2025-02-28 08:00:00+00:00,571.36,-6.515,-6.715,False,17,2.83,2.639
DOTUSDT,2025-02-25 12:00:00+00:00,4.408,2025-02-26 08:00:00+00:00,4.848800000000001,10.0,9.8,True,5,0.83,2.593
ETCUSDT,2025-02-25 12:00:00+00:00,18.46,2025-02-28 08:00:00+00:00,18.29,-0.921,-1.121,False,17,2.83,4.154
XRPUSDT,2025-02-25 12:00:00+00:00,2.1893,2025-02-28 08:00:00+00:00,2.0316,-7.203,-7.403,False,17,2.83,4.472
SANDUSDT,2025-02-25 12:00:00+00:00,0.2989,2025-02-27 08:00:00+00:00,0.32879,10.0,9.8,True,11,1.83,2.884
LINKUSDT,2025-02-25 12:00:00+00:00,14.85,2025-02-28 08:00:00+00:00,13.77,-7.273,-7.473,False,17,2.83,3.559
AAVEUSDT,2025-02-25 12:00:00+00:00,200.71,2025-02-28 08:00:00+00:00,182.9,-8.873,-9.073,False,17,2.83,2.716
ARBUSDT,2025-02-25 12:00:00+00:00,0.4127,2025-02-28 08:00:00+00:00,0.3943,-4.458,-4.658,False,17,2.83,2.695
AVAXUSDT,2025-02-25 12:00:00+00:00,21.42,2025-02-28 08:00:00+00:00,20.96,-2.148,-2.348,False,17,2.83,2.72
DOGEUSDT,2025-02-25 12:00:00+00:00,0.20661,2025-02-28 08:00:00+00:00,0.18591,-10.019,-10.219,False,17,2.83,3.469
SHIBUSDT,2025-02-25 12:00:00+00:00,1.376e-05,2025-02-28 08:00:00+00:00,1.321e-05,-3.997,-4.197,False,17,2.83,3.234
ADAUSDT,2025-02-25 12:00:00+00:00,0.6602,2025-02-28 08:00:00+00:00,0.5994,-9.209,-9.409,False,17,2.83,3.263
XLMUSDT,2025-02-25 12:00:00+00:00,0.2854,2025-02-28 08:00:00+00:00,0.263,-7.849,-8.049,False,17,2.83,3.289
UNIUSDT,2025-02-25 20:00:00+00:00,8.258,2025-02-28 16:00:00+00:00,7.495,-9.24,-9.44,False,17,2.83,6.745
ENJUSDT,2025-02-26 00:00:00+00:00,0.1106,2025-02-28 20:00:00+00:00,0.1138,2.893,2.693,False,17,2.83,5.329
LTCUSDT,2025-02-26 16:00:00+00:00,126.38,2025-03-01 12:00:00+00:00,125.2,-0.934,-1.134,False,17,2.83,2.757
AXSUSDT,2025-02-27 00:00:00+00:00,3.64,2025-03-01 20:00:00+00:00,3.723,2.28,2.08,False,17,2.83,3.223
DOTUSDT,2025-03-02 20:00:00+00:00,5.106,2025-03-05 16:00:00+00:00,4.486,-12.143,-12.343,False,17,2.83,4.353
UNIUSDT,2025-03-04 16:00:00+00:00,6.818,2025-03-05 08:00:00+00:00,7.4998000000000005,10.0,9.8,True,4,0.67,2.812
ARBUSDT,2025-03-05 16:00:00+00:00,0.4154,2025-03-08 12:00:00+00:00,0.3903,-6.042,-6.242,False,17,2.83,4.042
AXSUSDT,2025-03-08 20:00:00+00:00,3.46,2025-03-11 16:00:00+00:00,3.132,-9.48,-9.68,False,17,2.83,2.9
SHIBUSDT,2025-03-10 16:00:00+00:00,1.238e-05,2025-03-13 12:00:00+00:00,1.201e-05,-2.989,-3.189,False,17,2.83,3.066
OPUSDT,2025-03-10 16:00:00+00:00,0.89,2025-03-13 12:00:00+00:00,0.842,-5.393,-5.593,False,17,2.83,3.555
BNBUSDT,2025-03-10 16:00:00+00:00,550.39,2025-03-13 12:00:00+00:00,605.4290000000001,10.0,9.8,True,17,2.83,2.517
NEARUSDT,2025-03-10 16:00:00+00:00,2.473,2025-03-13 12:00:00+00:00,2.553,3.235,3.035,False,17,2.83,2.649
ARBUSDT,2025-03-10 16:00:00+00:00,0.3449,2025-03-13 12:00:00+00:00,0.3416,-0.957,-1.157,False,17,2.83,2.677
ETHUSDT,2025-03-10 16:00:00+00:00,2017.83,2025-03-13 12:00:00+00:00,1875.41,-7.058,-7.258,False,17,2.83,2.699
AXSUSDT,2025-03-10 20:00:00+00:00,2.939,2025-03-12 12:00:00+00:00,3.2329000000000003,10.0,9.8,True,10,1.67,3.16
DOGEUSDT,2025-03-10 20:00:00+00:00,0.15751,2025-03-12 12:00:00+00:00,0.17326100000000003,10.0,9.8,True,10,1.67,3.294
ATOMUSDT,2025-03-10 20:00:00+00:00,3.711,2025-03-13 16:00:00+00:00,3.845,3.611,3.411,False,17,2.83,3.048
BNBUSDT,2025-03-11 04:00:00+00:00,533.22,2025-03-13 12:00:00+00:00,586.542,10.0,9.8,True,14,2.33,3.706
AXSUSDT,2025-03-11 04:00:00+00:00,2.878,2025-03-12 08:00:00+00:00,3.1658000000000004,10.0,9.8,True,7,1.17,3.181
SOLUSDT,2025-03-11 04:00:00+00:00,119.95,2025-03-14 00:00:00+00:00,124.48,3.777,3.577,False,17,2.83,2.549
NEARUSDT,2025-03-11 04:00:00+00:00,2.335,2025-03-12 20:00:00+00:00,2.5685000000000002,10.0,9.8,True,10,1.67,2.854
SUIUSDT,2025-03-11 04:00:00+00:00,2.1247,2025-03-12 12:00:00+00:00,2.33717,10.0,9.8,True,8,1.33,2.678
DOTUSDT,2025-03-11 04:00:00+00:00,3.886,2025-03-14 00:00:00+00:00,4.029,3.68,3.48,False,17,2.83,3.318
SANDUSDT,2025-03-11 04:00:00+00:00,0.2623,2025-03-12 12:00:00+00:00,0.28853,10.0,9.8,True,8,1.33,3.524
CHZUSDT,2025-03-11 04:00:00+00:00,0.04218,2025-03-14 00:00:00+00:00,0.04324,2.513,2.313,False,17,2.83,2.669
SHIBUSDT,2025-03-11 04:00:00+00:00,1.151e-05,2025-03-14 00:00:00+00:00,1.235e-05,7.298,7.098,False,17,2.83,3.448
DOGEUSDT,2025-03-11 04:00:00+00:00,0.1544,2025-03-12 12:00:00+00:00,0.16984000000000002,10.0,9.8,True,8,1.33,3.109
BNBUSDT,2025-03-11 12:00:00+00:00,548.0,2025-03-13 12:00:00+00:00,602.8000000000001,10.0,9.8,True,12,2.0,5.184
CHZUSDT,2025-03-11 16:00:00+00:00,0.04296,2025-03-14 12:00:00+00:00,0.04361,1.513,1.313,False,17,2.83,4.646
OPUSDT,2025-03-11 16:00:00+00:00,0.843,2025-03-14 12:00:00+00:00,0.875,3.796,3.596,False,17,2.83,3.322
LINKUSDT,2025-03-11 16:00:00+00:00,12.99,2025-03-14 08:00:00+00:00,14.289000000000001,10.0,9.8,True,16,2.67,3.058
ETCUSDT,2025-03-11 16:00:00+00:00,17.65,2025-03-14 12:00:00+00:00,18.27,3.513,3.313,False,17,2.83,3.704
ARBUSDT,2025-03-11 16:00:00+00:00,0.3304,2025-03-14 12:00:00+00:00,0.36344000000000004,10.0,9.8,True,17,2.83,2.626
FILUSDT,2025-03-11 16:00:00+00:00,2.687,2025-03-14 12:00:00+00:00,2.875,6.997,6.797,False,17,2.83,2.528
APTUSDT,2025-03-11 16:00:00+00:00,5.494,2025-03-14 12:00:00+00:00,5.256,-4.332,-4.532,False,17,2.83,2.697
ETHUSDT,2025-03-11 16:00:00+00:00,1914.49,2025-03-14 12:00:00+00:00,1922.2,0.403,0.203,False,17,2.83,2.654
BCHUSDT,2025-03-12 16:00:00+00:00,341.1,2025-03-15 12:00:00+00:00,340.2,-0.264,-0.464,False,17,2.83,2.886
BCHUSDT,2025-03-15 12:00:00+00:00,343.4,2025-03-18 08:00:00+00:00,337.7,-1.66,-1.86,False,17,2.83,14.026
BCHUSDT,2025-03-31 04:00:00+00:00,297.7,2025-04-03 00:00:00+00:00,302.6,1.646,1.446,False,17,2.83,4.02
DOTUSDT,2025-03-31 16:00:00+00:00,4.057,2025-04-03 12:00:00+00:00,3.96,-2.391,-2.591,False,17,2.83,2.576
APTUSDT,2025-03-31 16:00:00+00:00,5.344,2025-04-03 12:00:00+00:00,5.003,-6.381,-6.581,False,17,2.83,3.222
SOLUSDT,2025-03-31 16:00:00+00:00,126.77,2025-04-03 12:00:00+00:00,114.16,-9.947,-10.147,False,17,2.83,2.882
AXSUSDT,2025-04-03 12:00:00+00:00,2.647,2025-04-06 08:00:00+00:00,2.712,2.456,2.256,False,17,2.83,3.708
FILUSDT,2025-04-04 08:00:00+00:00,2.89,2025-04-07 04:00:00+00:00,2.199,-23.91,-24.11,False,17,2.83,21.927
APTUSDT,2025-04-04 16:00:00+00:00,4.828,2025-04-07 12:00:00+00:00,4.337,-10.17,-10.37,False,17,2.83,3.343
AXSUSDT,2025-04-04 16:00:00+00:00,2.692,2025-04-07 12:00:00+00:00,2.424,-9.955,-10.155,False,17,2.83,2.627
ARBUSDT,2025-04-07 12:00:00+00:00,0.2647,2025-04-09 16:00:00+00:00,0.29117000000000004,10.0,9.8,True,13,2.17,2.511
ADAUSDT,2025-04-07 12:00:00+00:00,0.5423,2025-04-07 12:00:00+00:00,0.59653,10.0,9.8,True,0,0.0,2.531
XRPUSDT,2025-04-07 12:00:00+00:00,1.7654,2025-04-07 12:00:00+00:00,1.9419400000000002,10.0,9.8,True,0,0.0,3.279
TRXUSDT,2025-04-07 12:00:00+00:00,0.2251,2025-04-10 08:00:00+00:00,0.2416,7.33,7.13,False,17,2.83,2.988
AAVEUSDT,2025-04-07 12:00:00+00:00,122.31,2025-04-07 12:00:00+00:00,134.54100000000003,10.0,9.8,True,0,0.0,3.387
NEARUSDT,2025-04-07 12:00:00+00:00,2.02,2025-04-07 12:00:00+00:00,2.2220000000000004,10.0,9.8,True,0,0.0,2.613
BNBUSDT,2025-04-07 12:00:00+00:00,540.01,2025-04-10 08:00:00+00:00,575.69,6.607,6.407,False,17,2.83,3.982
LTCUSDT,2025-04-07 12:00:00+00:00,67.06,2025-04-09 16:00:00+00:00,73.766,10.0,9.8,True,13,2.17,2.839
ETCUSDT,2025-04-07 12:00:00+00:00,14.04,2025-04-09 20:00:00+00:00,15.444,10.0,9.8,True,14,2.33,4.857
DOGEUSDT,2025-04-07 12:00:00+00:00,0.13819,2025-04-07 12:00:00+00:00,0.15200900000000003,10.0,9.8,True,0,0.0,2.624
AXSUSDT,2025-04-07 12:00:00+00:00,2.32,2025-04-07 12:00:00+00:00,2.552,10.0,9.8,True,0,0.0,2.69
SHIBUSDT,2025-04-07 12:00:00+00:00,1.086e-05,2025-04-09 16:00:00+00:00,1.1946e-05,10.0,9.8,True,13,2.17,2.663
ETHUSDT,2025-04-07 16:00:00+00:00,1556.56,2025-04-10 12:00:00+00:00,1495.98,-3.892,-4.092,False,17,2.83,5.309
APTUSDT,2025-04-07 16:00:00+00:00,4.336,2025-04-09 16:00:00+00:00,4.7696000000000005,10.0,9.8,True,12,2.0,3.531
MANAUSDT,2025-04-07 16:00:00+00:00,0.2143,2025-04-10 12:00:00+00:00,0.23573,10.0,9.8,True,17,2.83,3.789
SOLUSDT,2025-04-07 16:00:00+00:00,106.65,2025-04-09 16:00:00+00:00,117.31500000000001,10.0,9.8,True,12,2.0,5.485
CHZUSDT,2025-04-07 16:00:00+00:00,0.03884,2025-04-10 12:00:00+00:00,0.03738,-3.759,-3.959,False,17,2.83,4.465
ENJUSDT,2025-04-07 16:00:00+00:00,0.0661,2025-04-10 12:00:00+00:00,0.0638,-3.48,-3.68,False,17,2.83,5.368
DOTUSDT,2025-04-07 16:00:00+00:00,3.598,2025-04-10 12:00:00+00:00,3.411,-5.197,-5.397,False,17,2.83,4.328
OPUSDT,2025-04-07 16:00:00+00:00,0.615,2025-04-09 20:00:00+00:00,0.6765,10.0,9.8,True,13,2.17,4.385
AVAXUSDT,2025-04-07 16:00:00+00:00,16.43,2025-04-09 16:00:00+00:00,18.073,10.0,9.8,True,12,2.0,5.657
ATOMUSDT,2025-04-07 16:00:00+00:00,4.449,2025-04-10 12:00:00+00:00,4.245,-4.585,-4.785,False,17,2.83,3.203
LINKUSDT,2025-04-07 16:00:00+00:00,11.28,2025-04-09 16:00:00+00:00,12.408,10.0,9.8,True,12,2.0,6.45
UNIUSDT,2025-04-07 16:00:00+00:00,5.115,2025-04-10 12:00:00+00:00,4.906,-4.086,-4.286,False,17,2.83,4.992
XLMUSDT,2025-04-07 16:00:00+00:00,0.2291,2025-04-10 12:00:00+00:00,0.2252,-1.702,-1.902,False,17,2.83,6.104
SUIUSDT,2025-04-07 16:00:00+00:00,1.99,2025-04-09 16:00:00+00:00,2.189,10.0,9.8,True,12,2.0,5.552
SANDUSDT,2025-04-07 16:00:00+00:00,0.2398,2025-04-10 12:00:00+00:00,0.2481,3.461,3.261,False,17,2.83,6.496
BCHUSDT,2025-04-07 16:00:00+00:00,272.3,2025-04-09 16:00:00+00:00,299.53000000000003,10.0,9.8,True,12,2.0,3.556
AAVEUSDT,2025-04-08 16:00:00+00:00,131.29,2025-04-09 20:00:00+00:00,144.419,10.0,9.8,True,7,1.17,2.785
NEARUSDT,2025-04-09 20:00:00+00:00,2.069,2025-04-12 16:00:00+00:00,2.208,6.718,6.518,False,17,2.83,3.717
AXSUSDT,2025-04-12 12:00:00+00:00,2.316,2025-04-15 08:00:00+00:00,2.237,-3.411,-3.611,False,17,2.83,2.552
ARBUSDT,2025-04-16 16:00:00+00:00,0.2804,2025-04-19 12:00:00+00:00,0.2966,5.777,5.577,False,17,2.83,2.633
ETCUSDT,2025-04-16 20:00:00+00:00,15.02,2025-04-19 16:00:00+00:00,16.03,6.724,6.524,False,17,2.83,2.526
ETCUSDT,2025-04-22 16:00:00+00:00,16.23,2025-04-25 12:00:00+00:00,17.23,6.161,5.961,False,17,2.83,3.206
BCHUSDT,2025-04-29 04:00:00+00:00,367.3,2025-05-02 00:00:00+00:00,368.7,0.381,0.181,False,17,2.83,2.82
OPUSDT,2025-05-02 08:00:00+00:00,0.734,2025-05-05 04:00:00+00:00,0.677,-7.766,-7.966,False,17,2.83,3.401
LTCUSDT,2025-05-05 12:00:00+00:00,88.06,2025-05-08 08:00:00+00:00,92.1,4.588,4.388,False,17,2.83,2.632
XRPUSDT,2025-05-05 16:00:00+00:00,2.115,2025-05-08 12:00:00+00:00,2.2437,6.085,5.885,False,17,2.83,2.982
BCHUSDT,2025-05-06 08:00:00+00:00,359.9,2025-05-08 00:00:00+00:00,395.89,10.0,9.8,True,10,1.67,3.56
CHZUSDT,2025-05-06 08:00:00+00:00,0.03933,2025-05-08 20:00:00+00:00,0.043263,10.0,9.8,True,15,2.5,3.162
LTCUSDT,2025-05-07 00:00:00+00:00,91.6,2025-05-09 08:00:00+00:00,100.76,10.0,9.8,True,14,2.33,5.027
AVAXUSDT,2025-05-07 00:00:00+00:00,20.01,2025-05-08 20:00:00+00:00,22.011000000000003,10.0,9.8,True,11,1.83,2.516
OPUSDT,2025-05-07 00:00:00+00:00,0.61,2025-05-08 16:00:00+00:00,0.671,10.0,9.8,True,10,1.67,2.655
NEARUSDT,2025-05-07 04:00:00+00:00,2.311,2025-05-08 12:00:00+00:00,2.5421,10.0,9.8,True,8,1.33,2.633
ARBUSDT,2025-05-07 20:00:00+00:00,0.3016,2025-05-08 04:00:00+00:00,0.33176,10.0,9.8,True,2,0.33,3.739
ETCUSDT,2025-05-16 16:00:00+00:00,19.07,2025-05-19 12:00:00+00:00,18.16,-4.772,-4.972,False,17,2.83,3.026
ATOMUSDT,2025-05-18 08:00:00+00:00,4.8,2025-05-21 04:00:00+00:00,4.919,2.479,2.279,False,17,2.83,3.855
ETHUSDT,2025-05-19 00:00:00+00:00,2497.78,2025-05-21 20:00:00+00:00,2550.99,2.13,1.93,False,17,2.83,2.715
MANAUSDT,2025-05-21 20:00:00+00:00,0.3163,2025-05-23 00:00:00+00:00,0.3479300000000001,10.0,9.8,True,7,1.17,6.036
SUIUSDT,2025-05-27 16:00:00+00:00,3.686,2025-05-30 12:00:00+00:00,3.4355,-6.796,-6.996,False,17,2.83,3.112
BCHUSDT,2025-05-29 00:00:00+00:00,424.8,2025-05-31 20:00:00+00:00,415.0,-2.307,-2.507,False,17,2.83,2.869
MANAUSDT,2025-05-29 04:00:00+00:00,0.3137,2025-06-01 00:00:00+00:00,0.2712,-13.548,-13.748,False,17,2.83,2.584
FILUSDT,2025-05-31 04:00:00+00:00,2.479,2025-06-03 00:00:00+00:00,2.634,6.253,6.053,False,17,2.83,2.599
ENJUSDT,2025-05-31 20:00:00+00:00,0.0734,2025-06-03 16:00:00+00:00,0.0773,5.313,5.113,False,17,2.83,2.587
BCHUSDT,2025-06-06 04:00:00+00:00,384.5,2025-06-09 00:00:00+00:00,414.4,7.776,7.576,False,17,2.83,3.275
LINKUSDT,2025-06-06 16:00:00+00:00,13.53,2025-06-09 12:00:00+00:00,13.93,2.956,2.756,False,17,2.83,2.804
ADAUSDT,2025-06-20 20:00:00+00:00,0.5778,2025-06-23 16:00:00+00:00,0.5549,-3.963,-4.163,False,17,2.83,3.778
DOTUSDT,2025-06-20 20:00:00+00:00,3.423,2025-06-23 16:00:00+00:00,3.284,-4.061,-4.261,False,17,2.83,2.678
XLMUSDT,2025-06-22 00:00:00+00:00,0.2373,2025-06-24 20:00:00+00:00,0.2488,4.846,4.646,False,17,2.83,3.834
LINKUSDT,2025-06-22 00:00:00+00:00,12.03,2025-06-24 04:00:00+00:00,13.233,10.0,9.8,True,13,2.17,4.172
AVAXUSDT,2025-06-22 00:00:00+00:00,16.82,2025-06-24 20:00:00+00:00,18.23,8.383,8.183,False,17,2.83,3.041
AAVEUSDT,2025-06-22 00:00:00+00:00,234.75,2025-06-23 20:00:00+00:00,258.225,10.0,9.8,True,11,1.83,2.693
ATOMUSDT,2025-06-22 00:00:00+00:00,3.794,2025-06-24 20:00:00+00:00,4.074,7.38,7.18,False,17,2.83,3.825
SHIBUSDT,2025-06-22 00:00:00+00:00,1.09e-05,2025-06-24 20:00:00+00:00,1.171e-05,7.431,7.231,False,17,2.83,2.984
BNBUSDT,2025-06-22 00:00:00+00:00,628.98,2025-06-24 20:00:00+00:00,643.53,2.313,2.113,False,17,2.83,2.541
BCHUSDT,2025-06-22 16:00:00+00:00,445.8,2025-06-25 00:00:00+00:00,490.38000000000005,10.0,9.8,True,14,2.33,7.57
DOTUSDT,2025-06-23 00:00:00+00:00,3.153,2025-06-24 04:00:00+00:00,3.4683,10.0,9.8,True,7,1.17,3.167
FILUSDT,2025-06-23 00:00:00+00:00,2.069,2025-06-24 04:00:00+00:00,2.2759,10.0,9.8,True,7,1.17,2.997
SHIBUSDT,2025-06-23 00:00:00+00:00,1.059e-05,2025-06-23 20:00:00+00:00,1.1649000000000001e-05,10.0,9.8,True,5,0.83,3.494
MANAUSDT,2025-06-23 00:00:00+00:00,0.237,2025-06-23 20:00:00+00:00,0.2607,10.0,9.8,True,5,0.83,2.764
SANDUSDT,2025-06-23 00:00:00+00:00,0.2324,2025-06-23 20:00:00+00:00,0.25564000000000003,10.0,9.8,True,5,0.83,3.733
NEARUSDT,2025-06-23 00:00:00+00:00,1.898,2025-06-23 20:00:00+00:00,2.0878,10.0,9.8,True,5,0.83,2.684
LINKUSDT,2025-06-23 00:00:00+00:00,11.65,2025-06-23 20:00:00+00:00,12.815000000000001,10.0,9.8,True,5,0.83,2.549
TRXUSDT,2025-06-23 00:00:00+00:00,0.2634,2025-06-25 20:00:00+00:00,0.2731,3.683,3.483,False,17,2.83,2.555
AAVEUSDT,2025-06-23 00:00:00+00:00,227.89,2025-06-23 20:00:00+00:00,250.679,10.0,9.8,True,5,0.83,2.796
NEARUSDT,2025-06-23 16:00:00+00:00,1.935,2025-06-23 20:00:00+00:00,2.1285000000000003,10.0,9.8,True,1,0.17,2.759
AXSUSDT,2025-06-23 16:00:00+00:00,2.106,2025-06-26 12:00:00+00:00,2.187,3.846,3.646,False,17,2.83,2.698
SUIUSDT,2025-06-23 20:00:00+00:00,2.6331,2025-06-24 04:00:00+00:00,2.8964100000000004,10.0,9.8,True,2,0.33,2.858
AAVEUSDT,2025-06-23 20:00:00+00:00,244.5,2025-06-24 16:00:00+00:00,268.95000000000005,10.0,9.8,True,5,0.83,2.7
UNIUSDT,2025-07-02 08:00:00+00:00,7.003,2025-07-03 04:00:00+00:00,7.7033000000000005,10.0,9.8,True,5,0.83,3.841
AVAXUSDT,2025-07-02 20:00:00+00:00,18.68,2025-07-05 16:00:00+00:00,17.79,-4.764,-4.964,False,17,2.83,4.777
LINKUSDT,2025-07-02 20:00:00+00:00,13.78,2025-07-05 16:00:00+00:00,13.12,-4.79,-4.99,False,17,2.83,3.881
ATOMUSDT,2025-07-02 20:00:00+00:00,4.237,2025-07-05 16:00:00+00:00,3.979,-6.089,-6.289,False,17,2.83,3.76
SHIBUSDT,2025-07-02 20:00:00+00:00,1.188e-05,2025-07-05 16:00:00+00:00,1.142e-05,-3.872,-4.072,False,17,2.83,3.943
LTCUSDT,2025-07-02 20:00:00+00:00,87.96,2025-07-05 16:00:00+00:00,86.76,-1.364,-1.564,False,17,2.83,3.005
SANDUSDT,2025-07-02 20:00:00+00:00,0.2563,2025-07-05 16:00:00+00:00,0.2393,-6.633,-6.833,False,17,2.83,4.19
ETCUSDT,2025-07-02 20:00:00+00:00,17.09,2025-07-05 16:00:00+00:00,16.2,-5.208,-5.408,False,17,2.83,4.256
FILUSDT,2025-07-02 20:00:00+00:00,2.421,2025-07-05 16:00:00+00:00,2.234,-7.724,-7.924,False,17,2.83,4.437
SUIUSDT,2025-07-02 20:00:00+00:00,2.9333,2025-07-05 16:00:00+00:00,2.8958,-1.278,-1.478,False,17,2.83,3.855
CHZUSDT,2025-07-02 20:00:00+00:00,0.0369,2025-07-05 16:00:00+00:00,0.03471,-5.935,-6.135,False,17,2.83,3.142
DOGEUSDT,2025-07-02 20:00:00+00:00,0.17096,2025-07-05 16:00:00+00:00,0.16341,-4.416,-4.616,False,17,2.83,4.187
AAVEUSDT,2025-07-02 20:00:00+00:00,279.8,2025-07-05 16:00:00+00:00,271.24,-3.059,-3.259,False,17,2.83,2.603
ENJUSDT,2025-07-02 20:00:00+00:00,0.0697,2025-07-05 16:00:00+00:00,0.0638,-8.465,-8.665,False,17,2.83,2.571
DOTUSDT,2025-07-02 20:00:00+00:00,3.581,2025-07-05 16:00:00+00:00,3.339,-6.758,-6.958,False,17,2.83,5.586
AXSUSDT,2025-07-02 20:00:00+00:00,2.363,2025-07-05 16:00:00+00:00,2.124,-10.114,-10.314,False,17,2.83,3.975
MANAUSDT,2025-07-02 20:00:00+00:00,0.2778,2025-07-05 16:00:00+00:00,0.2532,-8.855,-9.055,False,17,2.83,19.927
DOGEUSDT,2025-07-06 16:00:00+00:00,0.17019,2025-07-09 12:00:00+00:00,0.17303,1.669,1.469,False,17,2.83,4.764
SOLUSDT,2025-07-06 16:00:00+00:00,151.53,2025-07-09 12:00:00+00:00,153.97,1.61,1.41,False,17,2.83,3.078
BCHUSDT,2025-07-24 12:00:00+00:00,520.0,2025-07-27 00:00:00+00:00,572.0,10.0,9.8,True,15,2.5,4.164
AXSUSDT,2025-07-29 08:00:00+00:00,2.522,2025-08-01 04:00:00+00:00,2.237,-11.301,-11.501,False,17,2.83,3.01
CHZUSDT,2025-07-30 16:00:00+00:00,0.0404,2025-08-02 12:00:00+00:00,0.03713,-8.094,-8.294,False,17,2.83,3.529
UNIUSDT,2025-07-30 20:00:00+00:00,9.938,2025-08-02 16:00:00+00:00,8.762,-11.833,-12.033,False,17,2.83,2.528
SHIBUSDT,2025-07-30 20:00:00+00:00,1.277e-05,2025-08-02 16:00:00+00:00,1.175e-05,-7.987,-8.187,False,17,2.83,3.125
FILUSDT,2025-07-30 20:00:00+00:00,2.476,2025-08-02 16:00:00+00:00,2.253,-9.006,-9.206,False,17,2.83,3.305
DOTUSDT,2025-07-30 20:00:00+00:00,3.779,2025-08-02 16:00:00+00:00,3.48,-7.912,-8.112,False,17,2.83,2.726
XLMUSDT,2025-07-30 20:00:00+00:00,0.4081,2025-08-02 16:00:00+00:00,0.3658,-10.365,-10.565,False,17,2.83,2.707
BCHUSDT,2025-07-31 00:00:00+00:00,590.1,2025-08-02 20:00:00+00:00,520.2,-11.845,-12.045,False,17,2.83,3.07
ETCUSDT,2025-08-03 08:00:00+00:00,19.36,2025-08-06 04:00:00+00:00,20.2,4.339,4.139,False,17,2.83,7.452
SUIUSDT,2025-08-12 16:00:00+00:00,3.8092,2025-08-15 12:00:00+00:00,3.6524,-4.116,-4.316,False,17,2.83,2.748
ADAUSDT,2025-08-12 16:00:00+00:00,0.8143,2025-08-13 20:00:00+00:00,0.8957300000000001,10.0,9.8,True,7,1.17,2.837
SOLUSDT,2025-08-12 20:00:00+00:00,190.65,2025-08-14 04:00:00+00:00,209.71500000000003,10.0,9.8,True,8,1.33,2.572
DOTUSDT,2025-08-12 20:00:00+00:00,4.174,2025-08-15 16:00:00+00:00,3.83,-8.241,-8.441,False,17,2.83,2.563
DOGEUSDT,2025-08-20 08:00:00+00:00,0.21264,2025-08-22 16:00:00+00:00,0.233904,10.0,9.8,True,14,2.33,2.76
SANDUSDT,2025-08-26 08:00:00+00:00,0.2756,2025-08-29 04:00:00+00:00,0.2745,-0.399,-0.599,False,17,2.83,4.858
XLMUSDT,2025-08-26 20:00:00+00:00,0.3985,2025-08-29 16:00:00+00:00,0.3592,-9.862,-10.062,False,17,2.83,3.047
BCHUSDT,2025-08-27 00:00:00+00:00,550.9,2025-08-29 20:00:00+00:00,530.7,-3.667,-3.867,False,17,2.83,5.007
NEARUSDT,2025-08-29 16:00:00+00:00,2.434,2025-09-01 12:00:00+00:00,2.354,-3.287,-3.487,False,17,2.83,3.067
TRXUSDT,2025-09-07 04:00:00+00:00,0.3264,2025-09-10 00:00:00+00:00,0.3352,2.696,2.496,False,17,2.83,5.194
FILUSDT,2025-09-17 00:00:00+00:00,2.556,2025-09-19 20:00:00+00:00,2.447,-4.264,-4.464,False,17,2.83,3.893
ETHUSDT,2025-09-17 20:00:00+00:00,4517.62,2025-09-20 16:00:00+00:00,4480.18,-0.829,-1.029,False,17,2.83,3.619
SOLUSDT,2025-09-17 20:00:00+00:00,238.74,2025-09-20 16:00:00+00:00,238.64,-0.042,-0.242,False,17,2.83,2.854
APTUSDT,2025-09-17 20:00:00+00:00,4.46,2025-09-20 16:00:00+00:00,4.604,3.229,3.029,False,17,2.83,2.628
AAVEUSDT,2025-09-17 20:00:00+00:00,298.55,2025-09-20 16:00:00+00:00,297.01,-0.516,-0.716,False,17,2.83,3.325
ARBUSDT,2025-09-17 20:00:00+00:00,0.5061,2025-09-20 16:00:00+00:00,0.4915,-2.885,-3.085,False,17,2.83,3.324
LINKUSDT,2025-09-17 20:00:00+00:00,23.45,2025-09-20 16:00:00+00:00,23.3,-0.64,-0.84,False,17,2.83,3.063
ETCUSDT,2025-09-18 00:00:00+00:00,20.9,2025-09-20 20:00:00+00:00,20.19,-3.397,-3.597,False,17,2.83,3.435
ARBUSDT,2025-09-22 04:00:00+00:00,0.4611,2025-09-25 00:00:00+00:00,0.4248,-7.872,-8.072,False,17,2.83,3.777
LINKUSDT,2025-09-22 04:00:00+00:00,22.18,2025-09-25 00:00:00+00:00,21.3,-3.968,-4.168,False,17,2.83,4.579
ATOMUSDT,2025-09-22 04:00:00+00:00,4.312,2025-09-25 00:00:00+00:00,4.12,-4.453,-4.653,False,17,2.83,3.303
AAVEUSDT,2025-09-22 04:00:00+00:00,284.19,2025-09-25 00:00:00+00:00,271.05,-4.624,-4.824,False,17,2.83,3.938
BCHUSDT,2025-09-23 04:00:00+00:00,564.1,2025-09-26 00:00:00+00:00,540.0,-4.272,-4.472,False,17,2.83,2.949
LINKUSDT,2025-09-24 08:00:00+00:00,21.72,2025-09-27 04:00:00+00:00,20.95,-3.545,-3.745,False,17,2.83,3.336
LTCUSDT,2025-09-24 08:00:00+00:00,106.87,2025-09-27 04:00:00+00:00,103.75,-2.919,-3.119,False,17,2.83,2.746
AXSUSDT,2025-09-25 12:00:00+00:00,2.115,2025-09-28 08:00:00+00:00,2.094,-0.993,-1.193,False,17,2.83,3.289
ARBUSDT,2025-09-25 16:00:00+00:00,0.4228,2025-09-28 12:00:00+00:00,0.4173,-1.301,-1.501,False,17,2.83,4.534
ADAUSDT,2025-09-25 20:00:00+00:00,0.7717,2025-09-28 16:00:00+00:00,0.7901,2.384,2.184,False,17,2.83,2.567
AXSUSDT,2025-09-26 08:00:00+00:00,2.074,2025-09-29 04:00:00+00:00,2.132,2.797,2.597,False,17,2.83,2.614
MANAUSDT,2025-09-26 12:00:00+00:00,0.2775,2025-09-29 08:00:00+00:00,0.2884,3.928,3.728,False,17,2.83,3.093
NEARUSDT,2025-10-01 12:00:00+00:00,2.804,2025-10-04 08:00:00+00:00,2.934,4.636,4.436,False,17,2.83,3.298
ENJUSDT,2025-10-05 08:00:00+00:00,0.0649,2025-10-08 04:00:00+00:00,0.0606,-6.626,-6.826,False,17,2.83,2.683
AXSUSDT,2025-10-09 20:00:00+00:00,2.189,2025-10-12 16:00:00+00:00,1.722,-21.334,-21.534,False,17,2.83,5.518
BCHUSDT,2025-10-10 00:00:00+00:00,579.9,2025-10-12 20:00:00+00:00,540.7,-6.76,-6.96,False,17,2.83,2.879
UNIUSDT,2025-10-10 04:00:00+00:00,8.455,2025-10-13 00:00:00+00:00,6.562,-22.389,-22.589,False,17,2.83,4.602
ETCUSDT,2025-10-10 04:00:00+00:00,20.35,2025-10-13 00:00:00+00:00,16.75,-17.69,-17.89,False,17,2.83,7.5
NEARUSDT,2025-10-10 08:00:00+00:00,2.981,2025-10-13 04:00:00+00:00,2.488,-16.538,-16.738,False,17,2.83,2.718
CHZUSDT,2025-10-11 04:00:00+00:00,0.03243,2025-10-12 20:00:00+00:00,0.035673,10.0,9.8,True,10,1.67,4.182
SUIUSDT,2025-10-11 04:00:00+00:00,2.7076,2025-10-13 20:00:00+00:00,2.97836,10.0,9.8,True,16,2.67,3.5
SANDUSDT,2025-10-11 04:00:00+00:00,0.1952,2025-10-12 16:00:00+00:00,0.21472000000000002,10.0,9.8,True,9,1.5,5.362
LTCUSDT,2025-10-11 04:00:00+00:00,100.67,2025-10-14 00:00:00+00:00,98.2,-2.454,-2.654,False,17,2.83,2.891
ATOMUSDT,2025-10-11 04:00:00+00:00,3.048,2025-10-12 08:00:00+00:00,3.3528000000000002,10.0,9.8,True,7,1.17,4.835
DOTUSDT,2025-10-11 04:00:00+00:00,3.123,2025-10-13 20:00:00+00:00,3.4353000000000007,10.0,9.8,True,16,2.67,4.575
AVAXUSDT,2025-10-11 04:00:00+00:00,21.95,2025-10-14 00:00:00+00:00,23.34,6.333,6.133,False,17,2.83,3.168
SHIBUSDT,2025-10-11 04:00:00+00:00,1.019e-05,2025-10-13 16:00:00+00:00,1.1209000000000002e-05,10.0,9.8,True,15,2.5,3.032
APTUSDT,2025-10-11 04:00:00+00:00,3.883,2025-10-14 00:00:00+00:00,3.802,-2.086,-2.286,False,17,2.83,3.896
AAVEUSDT,2025-10-11 08:00:00+00:00,231.87,2025-10-12 16:00:00+00:00,255.05700000000002,10.0,9.8,True,8,1.33,3.114
XLMUSDT,2025-10-17 12:00:00+00:00,0.3032,2025-10-20 08:00:00+00:00,0.3265,7.685,7.485,False,17,2.83,2.673
LINKUSDT,2025-10-17 12:00:00+00:00,16.53,2025-10-20 04:00:00+00:00,18.183000000000003,10.0,9.8,True,16,2.67,2.814
BNBUSDT,2025-10-17 12:00:00+00:00,1072.28,2025-10-20 08:00:00+00:00,1115.44,4.025,3.825,False,17,2.83,2.635
AAVEUSDT,2025-10-17 12:00:00+00:00,210.1,2025-10-20 04:00:00+00:00,231.11,10.0,9.8,True,16,2.67,2.89
SUIUSDT,2025-10-17 12:00:00+00:00,2.3925,2025-10-19 08:00:00+00:00,2.6317500000000003,10.0,9.8,True,11,1.83,2.881
UNIUSDT,2025-10-17 12:00:00+00:00,6.12,2025-10-20 08:00:00+00:00,6.465,5.637,5.437,False,17,2.83,2.766
BCHUSDT,2025-10-19 12:00:00+00:00,469.9,2025-10-22 08:00:00+00:00,473.1,0.681,0.481,False,17,2.83,2.725
DOTUSDT,2025-10-29 20:00:00+00:00,3.143,2025-11-01 16:00:00+00:00,2.949,-6.172,-6.372,False,17,2.83,3.162
SHIBUSDT,2025-10-29 20:00:00+00:00,1.036e-05,2025-11-01 16:00:00+00:00,1.018e-05,-1.737,-1.937,False,17,2.83,4.194
UNIUSDT,2025-10-29 20:00:00+00:00,6.39,2025-11-01 16:00:00+00:00,5.844,-8.545,-8.745,False,17,2.83,3.094
DOGEUSDT,2025-10-29 20:00:00+00:00,0.19404,2025-11-01 16:00:00+00:00,0.18738,-3.432,-3.632,False,17,2.83,3.16
ATOMUSDT,2025-10-29 20:00:00+00:00,3.143,2025-11-01 16:00:00+00:00,3.029,-3.627,-3.827,False,17,2.83,3.255
ARBUSDT,2025-10-29 20:00:00+00:00,0.323,2025-11-01 16:00:00+00:00,0.3069,-4.985,-5.185,False,17,2.83,3.589
LINKUSDT,2025-10-29 20:00:00+00:00,18.27,2025-11-01 16:00:00+00:00,17.23,-5.692,-5.892,False,17,2.83,4.221
NEARUSDT,2025-10-29 20:00:00+00:00,2.315,2025-11-01 16:00:00+00:00,2.168,-6.35,-6.55,False,17,2.83,2.928
CHZUSDT,2025-10-29 20:00:00+00:00,0.03243,2025-11-01 16:00:00+00:00,0.03145,-3.022,-3.222,False,17,2.83,3.583
AAVEUSDT,2025-10-29 20:00:00+00:00,230.34,2025-11-01 16:00:00+00:00,223.43,-3.0,-3.2,False,17,2.83,3.602
SUIUSDT,2025-10-29 20:00:00+00:00,2.5493,2025-11-01 16:00:00+00:00,2.3855,-6.425,-6.625,False,17,2.83,3.193
ADAUSDT,2025-10-29 20:00:00+00:00,0.6503,2025-11-01 16:00:00+00:00,0.6136,-5.644,-5.844,False,17,2.83,3.805
AXSUSDT,2025-10-29 20:00:00+00:00,1.567,2025-11-01 16:00:00+00:00,1.446,-7.722,-7.922,False,17,2.83,2.54
TRXUSDT,2025-10-29 20:00:00+00:00,0.2952,2025-11-01 16:00:00+00:00,0.2975,0.779,0.579,False,17,2.83,3.666
OPUSDT,2025-10-29 20:00:00+00:00,0.4487,2025-11-01 16:00:00+00:00,0.4148,-7.555,-7.755,False,17,2.83,6.186
ETCUSDT,2025-10-29 20:00:00+00:00,16.3,2025-11-01 16:00:00+00:00,16.3,0.0,-0.2,False,17,2.83,3.669
SANDUSDT,2025-10-29 20:00:00+00:00,0.216,2025-11-01 16:00:00+00:00,0.208,-3.704,-3.904,False,17,2.83,3.009
MANAUSDT,2025-10-29 20:00:00+00:00,0.2416,2025-11-01 16:00:00+00:00,0.2326,-3.725,-3.925,False,17,2.83,3.884
AVAXUSDT,2025-10-29 20:00:00+00:00,19.95,2025-11-01 16:00:00+00:00,18.64,-6.566,-6.766,False,17,2.83,2.779
FILUSDT,2025-10-29 20:00:00+00:00,1.616,2025-11-01 16:00:00+00:00,1.688,4.455,4.255,False,17,2.83,2.925
UNIUSDT,2025-10-30 04:00:00+00:00,6.111,2025-11-02 00:00:00+00:00,5.836,-4.5,-4.7,False,17,2.83,14.645
AAVEUSDT,2025-10-30 08:00:00+00:00,229.9,2025-11-02 04:00:00+00:00,226.01,-1.692,-1.892,False,17,2.83,3.394
ETCUSDT,2025-10-31 00:00:00+00:00,15.42,2025-11-02 20:00:00+00:00,16.37,6.161,5.961,False,17,2.83,2.891
BNBUSDT,2025-10-31 12:00:00+00:00,1088.19,2025-11-03 08:00:00+00:00,1015.95,-6.639,-6.839,False,17,2.83,3.382
ADAUSDT,2025-11-03 08:00:00+00:00,0.5772,2025-11-06 04:00:00+00:00,0.5343,-7.432,-7.632,False,17,2.83,2.561
XRPUSDT,2025-11-04 08:00:00+00:00,2.2434,2025-11-07 04:00:00+00:00,2.2335,-0.441,-0.641,False,17,2.83,3.659
ETCUSDT,2025-11-04 08:00:00+00:00,14.6,2025-11-07 04:00:00+00:00,15.96,9.315,9.115,False,17,2.83,3.203
TRXUSDT,2025-11-04 08:00:00+00:00,0.2785,2025-11-07 04:00:00+00:00,0.287,3.052,2.852,False,17,2.83,3.64
ARBUSDT,2025-11-04 08:00:00+00:00,0.2556,2025-11-07 04:00:00+00:00,0.279,9.155,8.955,False,17,2.83,2.583
DOGEUSDT,2025-11-04 08:00:00+00:00,0.16201,2025-11-07 04:00:00+00:00,0.16701,3.086,2.886,False,17,2.83,3.702
BNBUSDT,2025-11-04 20:00:00+00:00,919.51,2025-11-07 16:00:00+00:00,981.81,6.775,6.575,False,17,2.83,3.052
SUIUSDT,2025-11-04 20:00:00+00:00,1.9277,2025-11-07 16:00:00+00:00,2.12047,10.0,9.8,True,17,2.83,3.592
XLMUSDT,2025-11-04 20:00:00+00:00,0.2626,2025-11-07 16:00:00+00:00,0.28886,10.0,9.8,True,17,2.83,3.962
DOGEUSDT,2025-11-04 20:00:00+00:00,0.15797,2025-11-07 16:00:00+00:00,0.173767,10.0,9.8,True,17,2.83,3.317
TRXUSDT,2025-11-05 00:00:00+00:00,0.2855,2025-11-07 20:00:00+00:00,0.2923,2.382,2.182,False,17,2.83,2.594
SOLUSDT,2025-11-05 00:00:00+00:00,155.04,2025-11-07 20:00:00+00:00,161.79,4.354,4.154,False,17,2.83,3.048
SHIBUSDT,2025-11-05 00:00:00+00:00,8.84e-06,2025-11-07 16:00:00+00:00,9.724e-06,10.0,9.8,True,16,2.67,3.582
ETHUSDT,2025-11-05 00:00:00+00:00,3287.05,2025-11-07 20:00:00+00:00,3436.05,4.533,4.333,False,17,2.83,4.078
ARBUSDT,2025-11-05 00:00:00+00:00,0.2549,2025-11-07 12:00:00+00:00,0.28039000000000003,10.0,9.8,True,15,2.5,4.356
MANAUSDT,2025-11-05 00:00:00+00:00,0.2006,2025-11-07 04:00:00+00:00,0.22066000000000002,10.0,9.8,True,13,2.17,3.606
AVAXUSDT,2025-11-05 00:00:00+00:00,15.98,2025-11-07 16:00:00+00:00,17.578000000000003,10.0,9.8,True,16,2.67,3.339
AAVEUSDT,2025-11-05 00:00:00+00:00,188.1,2025-11-07 16:00:00+00:00,206.91,10.0,9.8,True,16,2.67,3.938
OPUSDT,2025-11-05 00:00:00+00:00,0.3453,2025-11-07 00:00:00+00:00,0.37983,10.0,9.8,True,12,2.0,3.453
ATOMUSDT,2025-11-05 00:00:00+00:00,2.507,2025-11-07 04:00:00+00:00,2.7577000000000003,10.0,9.8,True,13,2.17,2.525
LINKUSDT,2025-11-05 00:00:00+00:00,14.69,2025-11-07 16:00:00+00:00,16.159000000000002,10.0,9.8,True,16,2.67,2.93
UNIUSDT,2025-11-05 00:00:00+00:00,5.073,2025-11-07 12:00:00+00:00,5.580300000000001,10.0,9.8,True,15,2.5,3.079
XRPUSDT,2025-11-05 00:00:00+00:00,2.2053,2025-11-07 20:00:00+00:00,2.3154,4.993,4.793,False,17,2.83,4.408
CHZUSDT,2025-11-05 00:00:00+00:00,0.02802,2025-11-07 00:00:00+00:00,0.030822000000000002,10.0,9.8,True,12,2.0,2.577
ADAUSDT,2025-11-05 00:00:00+00:00,0.5208,2025-11-07 16:00:00+00:00,0.5728800000000001,10.0,9.8,True,16,2.67,3.891
SANDUSDT,2025-11-05 00:00:00+00:00,0.1738,2025-11-07 12:00:00+00:00,0.19118000000000002,10.0,9.8,True,15,2.5,2.506
NEARUSDT,2025-11-05 00:00:00+00:00,1.831,2025-11-06 12:00:00+00:00,2.0141,10.0,9.8,True,9,1.5,3.564
AXSUSDT,2025-11-05 00:00:00+00:00,1.186,2025-11-07 04:00:00+00:00,1.3046,10.0,9.8,True,13,2.17,3.142
DOTUSDT,2025-11-05 00:00:00+00:00,2.508,2025-11-07 00:00:00+00:00,2.7588000000000004,10.0,9.8,True,12,2.0,3.401
FILUSDT,2025-11-06 20:00:00+00:00,1.781,2025-11-07 00:00:00+00:00,1.9591,10.0,9.8,True,1,0.17,7.617
BCHUSDT,2025-11-07 04:00:00+00:00,480.9,2025-11-10 00:00:00+00:00,505.4,5.095,4.895,False,17,2.83,4.589
AAVEUSDT,2025-11-14 04:00:00+00:00,193.0,2025-11-17 00:00:00+00:00,177.04,-8.269,-8.469,False,17,2.83,4.071
AVAXUSDT,2025-11-14 16:00:00+00:00,15.52,2025-11-17 12:00:00+00:00,15.25,-1.74,-1.94,False,17,2.83,2.687
AAVEUSDT,2025-11-14 16:00:00+00:00,179.17,2025-11-17 12:00:00+00:00,174.23,-2.757,-2.957,False,17,2.83,3.115
SUIUSDT,2025-11-14 16:00:00+00:00,1.8007,2025-11-17 12:00:00+00:00,1.6541,-8.141,-8.341,False,17,2.83,2.643
APTUSDT,2025-11-14 16:00:00+00:00,3.102,2025-11-17 12:00:00+00:00,2.854,-7.995,-8.195,False,17,2.83,4.012
BNBUSDT,2025-11-14 16:00:00+00:00,925.51,2025-11-17 12:00:00+00:00,911.89,-1.472,-1.672,False,17,2.83,3.136
ETCUSDT,2025-11-14 16:00:00+00:00,14.89,2025-11-17 12:00:00+00:00,14.71,-1.209,-1.409,False,17,2.83,3.197
ADAUSDT,2025-11-14 16:00:00+00:00,0.5144,2025-11-17 12:00:00+00:00,0.4757,-7.523,-7.723,False,17,2.83,2.59
SOLUSDT,2025-11-14 16:00:00+00:00,142.23,2025-11-17 12:00:00+00:00,137.16,-3.565,-3.765,False,17,2.83,2.57
NEARUSDT,2025-11-15 08:00:00+00:00,2.533,2025-11-18 04:00:00+00:00,2.258,-10.857,-11.057,False,17,2.83,3.104
ETCUSDT,2025-11-15 08:00:00+00:00,15.52,2025-11-18 04:00:00+00:00,14.42,-7.088,-7.288,False,17,2.83,2.564
ENJUSDT,2025-11-16 20:00:00+00:00,0.03662,2025-11-19 16:00:00+00:00,0.0344,-6.062,-6.262,False,17,2.83,2.796
SANDUSDT,2025-11-16 20:00:00+00:00,0.1756,2025-11-19 16:00:00+00:00,0.1675,-4.613,-4.813,False,17,2.83,2.754
NEARUSDT,2025-11-18 16:00:00+00:00,2.262,2025-11-21 12:00:00+00:00,1.892,-16.357,-16.557,False,17,2.83,2.698
ATOMUSDT,2025-11-20 08:00:00+00:00,3.035,2025-11-23 04:00:00+00:00,2.542,-16.244,-16.444,False,17,2.83,4.251
DOGEUSDT,2025-11-21 16:00:00+00:00,0.13798,2025-11-24 12:00:00+00:00,0.14681,6.399,6.199,False,17,2.83,2.627
LTCUSDT,2025-11-21 16:00:00+00:00,82.02,2025-11-24 12:00:00+00:00,84.18,2.634,2.434,False,17,2.83,2.65
SHIBUSDT,2025-11-21 16:00:00+00:00,7.8e-06,2025-11-24 12:00:00+00:00,8.06e-06,3.333,3.133,False,17,2.83,2.506
BCHUSDT,2025-11-21 16:00:00+00:00,488.2,2025-11-21 20:00:00+00:00,537.02,10.0,9.8,True,1,0.17,4.003
CHZUSDT,2025-11-21 16:00:00+00:00,0.02774,2025-11-24 12:00:00+00:00,0.02802,1.009,0.809,False,17,2.83,3.825
SUIUSDT,2025-11-21 16:00:00+00:00,1.3606,2025-11-24 12:00:00+00:00,1.3993,2.844,2.644,False,17,2.83,3.279
ETCUSDT,2025-11-21 16:00:00+00:00,13.23,2025-11-24 12:00:00+00:00,13.73,3.779,3.579,False,17,2.83,2.524
ARBUSDT,2025-11-21 16:00:00+00:00,0.203,2025-11-24 12:00:00+00:00,0.2067,1.823,1.623,False,17,2.83,2.735
XLMUSDT,2025-11-21 16:00:00+00:00,0.2273,2025-11-23 16:00:00+00:00,0.25003000000000003,10.0,9.8,True,12,2.0,2.961
BCHUSDT,2025-11-22 00:00:00+00:00,533.5,2025-11-24 20:00:00+00:00,549.3,2.962,2.762,False,17,2.83,3.124
FILUSDT,2025-11-25 20:00:00+00:00,1.652,2025-11-28 16:00:00+00:00,1.632,-1.211,-1.411,False,17,2.83,4.362
AXSUSDT,2025-12-01 08:00:00+00:00,0.999,2025-12-02 12:00:00+00:00,1.0989,10.0,9.8,True,7,1.17,2.857
DOTUSDT,2025-12-01 08:00:00+00:00,2.038,2025-12-02 12:00:00+00:00,2.2418,10.0,9.8,True,7,1.17,2.716
SANDUSDT,2025-12-01 08:00:00+00:00,0.1412,2025-12-03 20:00:00+00:00,0.15532,10.0,9.8,True,15,2.5,3.783
ETHUSDT,2025-12-01 12:00:00+00:00,2838.36,2025-12-03 12:00:00+00:00,3122.1960000000004,10.0,9.8,True,12,2.0,3.048
ATOMUSDT,2025-12-01 12:00:00+00:00,2.26,2025-12-04 08:00:00+00:00,2.363,4.558,4.358,False,17,2.83,3.036
ADAUSDT,2025-12-01 16:00:00+00:00,0.3763,2025-12-02 12:00:00+00:00,0.4139300000000001,10.0,9.8,True,5,0.83,2.854
MANAUSDT,2025-12-01 16:00:00+00:00,0.1493,2025-12-03 20:00:00+00:00,0.16423,10.0,9.8,True,13,2.17,2.611
LINKUSDT,2025-12-01 16:00:00+00:00,12.0,2025-12-02 12:00:00+00:00,13.200000000000001,10.0,9.8,True,5,0.83,3.513
DOGEUSDT,2025-12-01 16:00:00+00:00,0.13385,2025-12-02 12:00:00+00:00,0.147235,10.0,9.8,True,5,0.83,3.145
AVAXUSDT,2025-12-02 12:00:00+00:00,12.91,2025-12-03 04:00:00+00:00,14.201,10.0,9.8,True,4,0.67,4.252
ETHUSDT,2025-12-02 16:00:00+00:00,3006.61,2025-12-05 12:00:00+00:00,3106.34,3.317,3.117,False,17,2.83,3.646
DOGEUSDT,2025-12-02 16:00:00+00:00,0.14632,2025-12-05 12:00:00+00:00,0.14252,-2.597,-2.797,False,17,2.83,3.595
SUIUSDT,2025-12-02 16:00:00+00:00,1.6048,2025-12-03 04:00:00+00:00,1.7652800000000002,10.0,9.8,True,3,0.5,4.377
SOLUSDT,2025-12-02 16:00:00+00:00,137.83,2025-12-05 12:00:00+00:00,135.05,-2.017,-2.217,False,17,2.83,3.703
ARBUSDT,2025-12-02 16:00:00+00:00,0.215,2025-12-05 12:00:00+00:00,0.2089,-2.837,-3.037,False,17,2.83,3.096
FILUSDT,2025-12-02 16:00:00+00:00,1.566,2025-12-05 12:00:00+00:00,1.51,-3.576,-3.776,False,17,2.83,2.552
ADAUSDT,2025-12-02 16:00:00+00:00,0.4284,2025-12-05 12:00:00+00:00,0.4262,-0.514,-0.714,False,17,2.83,2.913
AAVEUSDT,2025-12-02 16:00:00+00:00,184.08,2025-12-05 12:00:00+00:00,188.52,2.412,2.212,False,17,2.83,2.595
XRPUSDT,2025-12-02 16:00:00+00:00,2.1554,2025-12-05 12:00:00+00:00,2.076,-3.684,-3.884,False,17,2.83,2.57
LTCUSDT,2025-12-02 16:00:00+00:00,82.47,2025-12-05 12:00:00+00:00,82.01,-0.558,-0.758,False,17,2.83,2.589
LINKUSDT,2025-12-02 16:00:00+00:00,13.29,2025-12-03 12:00:00+00:00,14.619,10.0,9.8,True,5,0.83,3.692
NEARUSDT,2025-12-02 16:00:00+00:00,1.822,2025-12-05 12:00:00+00:00,1.713,-5.982,-6.182,False,17,2.83,2.949
CHZUSDT,2025-12-06 08:00:00+00:00,0.03064,2025-12-09 04:00:00+00:00,0.033704000000000005,10.0,9.8,True,17,2.83,3.842
AXSUSDT,2025-12-06 20:00:00+00:00,1.062,2025-12-09 16:00:00+00:00,1.121,5.556,5.356,False,17,2.83,3.441
SANDUSDT,2025-12-07 00:00:00+00:00,0.1434,2025-12-09 20:00:00+00:00,0.1466,2.232,2.032,False,17,2.83,3.698
ADAUSDT,2025-12-07 16:00:00+00:00,0.4199,2025-12-09 12:00:00+00:00,0.46189,10.0,9.8,True,11,1.83,2.747
DOGEUSDT,2025-12-07 16:00:00+00:00,0.13931,2025-12-10 12:00:00+00:00,0.14516,4.199,3.999,False,17,2.83,3.092
APTUSDT,2025-12-07 16:00:00+00:00,1.724,2025-12-09 16:00:00+00:00,1.8964,10.0,9.8,True,12,2.0,2.618
SANDUSDT,2025-12-07 16:00:00+00:00,0.1415,2025-12-10 12:00:00+00:00,0.1433,1.272,1.072,False,17,2.83,2.504
SUIUSDT,2025-12-07 20:00:00+00:00,1.6503,2025-12-10 16:00:00+00:00,1.6682,1.085,0.885,False,17,2.83,2.533
BCHUSDT,2025-12-10 12:00:00+00:00,568.9,2025-12-13 08:00:00+00:00,576.3,1.301,1.101,False,17,2.83,4.05
OPUSDT,2025-12-12 20:00:00+00:00,0.301,2025-12-15 16:00:00+00:00,0.2876,-4.452,-4.652,False,17,2.83,2.518
AAVEUSDT,2025-12-16 00:00:00+00:00,192.96,2025-12-18 20:00:00+00:00,173.55,-10.059,-10.259,False,17,2.83,2.793
DOGEUSDT,2025-12-16 16:00:00+00:00,0.13269,2025-12-19 12:00:00+00:00,0.12962,-2.314,-2.514,False,17,2.83,2.574
LTCUSDT,2025-12-16 16:00:00+00:00,79.44,2025-12-19 12:00:00+00:00,76.25,-4.016,-4.216,False,17,2.83,3.23
BNBUSDT,2025-12-16 16:00:00+00:00,876.64,2025-12-19 12:00:00+00:00,846.6,-3.427,-3.627,False,17,2.83,3.046
BCHUSDT,2025-12-16 16:00:00+00:00,555.4,2025-12-19 12:00:00+00:00,589.8,6.194,5.994,False,17,2.83,2.904
ATOMUSDT,2025-12-16 16:00:00+00:00,2.042,2025-12-19 12:00:00+00:00,1.929,-5.534,-5.734,False,17,2.83,4.668
XRPUSDT,2025-12-16 16:00:00+00:00,1.9411,2025-12-19 12:00:00+00:00,1.8755,-3.38,-3.58,False,17,2.83,2.546
LINKUSDT,2025-12-16 16:00:00+00:00,13.05,2025-12-19 12:00:00+00:00,12.47,-4.444,-4.644,False,17,2.83,2.931
NEARUSDT,2025-12-16 16:00:00+00:00,1.558,2025-12-19 12:00:00+00:00,1.514,-2.824,-3.024,False,17,2.83,3.028
SUIUSDT,2025-12-16 16:00:00+00:00,1.526,2025-12-19 12:00:00+00:00,1.4359,-5.904,-6.104,False,17,2.83,2.714
AVAXUSDT,2025-12-16 16:00:00+00:00,12.35,2025-12-19 12:00:00+00:00,12.18,-1.377,-1.577,False,17,2.83,3.543
XLMUSDT,2025-12-16 16:00:00+00:00,0.2229,2025-12-19 12:00:00+00:00,0.2181,-2.153,-2.353,False,17,2.83,2.868
ETCUSDT,2025-12-16 20:00:00+00:00,12.81,2025-12-19 16:00:00+00:00,12.43,-2.966,-3.166,False,17,2.83,2.748
XLMUSDT,2025-12-17 16:00:00+00:00,0.2163,2025-12-20 12:00:00+00:00,0.2189,1.202,1.002,False,17,2.83,3.749
AXSUSDT,2025-12-17 16:00:00+00:00,0.904,2025-12-20 12:00:00+00:00,0.875,-3.208,-3.408,False,17,2.83,3.374
ADAUSDT,2025-12-17 16:00:00+00:00,0.3819,2025-12-20 12:00:00+00:00,0.3775,-1.152,-1.352,False,17,2.83,2.971
ATOMUSDT,2025-12-17 16:00:00+00:00,2.014,2025-12-20 12:00:00+00:00,1.981,-1.639,-1.839,False,17,2.83,3.498
APTUSDT,2025-12-17 16:00:00+00:00,1.562,2025-12-20 12:00:00+00:00,1.599,2.369,2.169,False,17,2.83,2.888
AXSUSDT,2025-12-18 04:00:00+00:00,0.84,2025-12-21 00:00:00+00:00,0.861,2.5,2.3,False,17,2.83,3.405
ATOMUSDT,2025-12-18 16:00:00+00:00,1.96,2025-12-21 12:00:00+00:00,1.918,-2.143,-2.343,False,17,2.83,2.643
SHIBUSDT,2025-12-18 16:00:00+00:00,7.45e-06,2025-12-21 12:00:00+00:00,7.23e-06,-2.953,-3.153,False,17,2.83,5.319
DOGEUSDT,2025-12-18 16:00:00+00:00,0.12953,2025-12-21 12:00:00+00:00,0.12953,0.0,-0.2,False,17,2.83,2.597
AVAXUSDT,2025-12-18 16:00:00+00:00,12.19,2025-12-21 12:00:00+00:00,12.09,-0.82,-1.02,False,17,2.83,2.686
ETHUSDT,2025-12-18 16:00:00+00:00,2965.19,2025-12-21 12:00:00+00:00,2974.68,0.32,0.12,False,17,2.83,3.047
NEARUSDT,2025-12-18 20:00:00+00:00,1.429,2025-12-21 16:00:00+00:00,1.489,4.199,3.999,False,17,2.83,2.699
ENJUSDT,2025-12-18 20:00:00+00:00,0.02521,2025-12-19 16:00:00+00:00,0.027731000000000002,10.0,9.8,True,5,0.83,2.922
BNBUSDT,2025-12-19 08:00:00+00:00,843.15,2025-12-22 04:00:00+00:00,858.69,1.843,1.643,False,17,2.83,2.913
CHZUSDT,2025-12-19 08:00:00+00:00,0.0308,2025-12-19 12:00:00+00:00,0.03388,10.0,9.8,True,1,0.17,5.902
MANAUSDT,2025-12-19 16:00:00+00:00,0.1258,2025-12-22 12:00:00+00:00,0.1256,-0.159,-0.359,False,17,2.83,2.864
AXSUSDT,2025-12-23 20:00:00+00:00,0.856,2025-12-26 16:00:00+00:00,0.834,-2.57,-2.77,False,17,2.83,2.504
SANDUSDT,2025-12-23 20:00:00+00:00,0.1113,2025-12-26 16:00:00+00:00,0.1118,0.449,0.249,False,17,2.83,2.628
DOTUSDT,2025-12-26 04:00:00+00:00,1.739,2025-12-27 20:00:00+00:00,1.9129000000000003,10.0,9.8,True,10,1.67,3.141
ETCUSDT,2025-12-26 04:00:00+00:00,11.89,2025-12-29 00:00:00+00:00,12.44,4.626,4.426,False,17,2.83,2.709
ETCUSDT,2026-01-01 08:00:00+00:00,11.55,2026-01-04 00:00:00+00:00,12.705000000000002,10.0,9.8,True,16,2.67,3.555
FILUSDT,2026-01-01 16:00:00+00:00,1.505,2026-01-04 12:00:00+00:00,1.503,-0.133,-0.333,False,17,2.83,7.511
DOTUSDT,2026-01-01 16:00:00+00:00,1.894,2026-01-02 16:00:00+00:00,2.0834,10.0,9.8,True,6,1.0,4.721
SANDUSDT,2026-01-02 00:00:00+00:00,0.1169,2026-01-04 20:00:00+00:00,0.1229,5.133,4.933,False,17,2.83,2.691
ARBUSDT,2026-01-09 16:00:00+00:00,0.21,2026-01-12 12:00:00+00:00,0.2047,-2.524,-2.724,False,17,2.83,2.898
LTCUSDT,2026-01-12 04:00:00+00:00,79.26,2026-01-15 00:00:00+00:00,73.95,-6.699,-6.899,False,17,2.83,3.481
AXSUSDT,2026-01-13 12:00:00+00:00,0.969,2026-01-13 12:00:00+00:00,1.0659,10.0,9.8,True,0,0.0,2.85
APTUSDT,2026-01-13 16:00:00+00:00,1.912,2026-01-16 12:00:00+00:00,1.756,-8.159,-8.359,False,17,2.83,4.071
LTCUSDT,2026-01-13 16:00:00+00:00,77.06,2026-01-16 12:00:00+00:00,71.98,-6.592,-6.792,False,17,2.83,3.407
SANDUSDT,2026-01-13 16:00:00+00:00,0.122,2026-01-16 12:00:00+00:00,0.1188,-2.623,-2.823,False,17,2.83,4.372
MANAUSDT,2026-01-13 16:00:00+00:00,0.1466,2026-01-16 12:00:00+00:00,0.1399,-4.57,-4.77,False,17,2.83,3.889
ETCUSDT,2026-01-13 16:00:00+00:00,13.08,2026-01-16 12:00:00+00:00,12.33,-5.734,-5.934,False,17,2.83,5.904
ENJUSDT,2026-01-13 16:00:00+00:00,0.03127,2026-01-16 12:00:00+00:00,0.02951,-5.628,-5.828,False,17,2.83,5.637
ENJUSDT,2026-01-17 00:00:00+00:00,0.03247,2026-01-17 12:00:00+00:00,0.035717,10.0,9.8,True,3,0.5,3.025
SANDUSDT,2026-01-17 04:00:00+00:00,0.1312,2026-01-17 12:00:00+00:00,0.14432000000000003,10.0,9.8,True,2,0.33,6.963
MANAUSDT,2026-01-17 04:00:00+00:00,0.1495,2026-01-17 12:00:00+00:00,0.16445,10.0,9.8,True,2,0.33,3.443
ADAUSDT,2026-01-19 12:00:00+00:00,0.3692,2026-01-22 08:00:00+00:00,0.3637,-1.49,-1.69,False,17,2.83,2.906
SOLUSDT,2026-01-20 12:00:00+00:00,128.81,2026-01-23 08:00:00+00:00,127.54,-0.986,-1.186,False,17,2.83,2.631
BCHUSDT,2026-01-21 04:00:00+00:00,589.8,2026-01-24 00:00:00+00:00,593.7,0.661,0.461,False,17,2.83,2.833
ATOMUSDT,2026-01-21 04:00:00+00:00,2.378,2026-01-24 00:00:00+00:00,2.357,-0.883,-1.083,False,17,2.83,2.764
AAVEUSDT,2026-01-21 16:00:00+00:00,159.22,2026-01-24 12:00:00+00:00,155.69,-2.217,-2.417,False,17,2.83,2.616
AVAXUSDT,2026-01-21 20:00:00+00:00,12.59,2026-01-24 16:00:00+00:00,12.04,-4.369,-4.569,False,17,2.83,2.684
ETHUSDT,2026-01-21 20:00:00+00:00,3055.55,2026-01-24 16:00:00+00:00,2953.93,-3.326,-3.526,False,17,2.83,2.996
LTCUSDT,2026-01-21 20:00:00+00:00,69.2,2026-01-24 16:00:00+00:00,67.84,-1.965,-2.165,False,17,2.83,2.528
SOLUSDT,2026-01-26 00:00:00+00:00,118.85,2026-01-28 20:00:00+00:00,125.35,5.469,5.269,False,17,2.83,4.3
UNIUSDT,2026-01-26 04:00:00+00:00,4.597,2026-01-29 00:00:00+00:00,4.714,2.545,2.345,False,17,2.83,5.589
AXSUSDT,2026-01-26 08:00:00+00:00,2.258,2026-01-26 08:00:00+00:00,2.4838,10.0,9.8,True,0,0.0,2.72
BCHUSDT,2026-01-27 04:00:00+00:00,593.2,2026-01-30 00:00:00+00:00,545.0,-8.125,-8.325,False,17,2.83,3.611
ENJUSDT,2026-01-29 16:00:00+00:00,0.02875,2026-02-01 12:00:00+00:00,0.02431,-15.443,-15.643,False,17,2.83,88.137
NEARUSDT,2026-01-29 20:00:00+00:00,1.362,2026-02-01 16:00:00+00:00,1.169,-14.17,-14.37,False,17,2.83,3.127
AVAXUSDT,2026-01-29 20:00:00+00:00,10.99,2026-02-01 16:00:00+00:00,9.89,-10.009,-10.209,False,17,2.83,4.814
SUIUSDT,2026-01-29 20:00:00+00:00,1.3028,2026-02-01 16:00:00+00:00,1.1127,-14.592,-14.792,False,17,2.83,2.741
DOTUSDT,2026-01-29 20:00:00+00:00,1.725,2026-02-01 16:00:00+00:00,1.504,-12.812,-13.012,False,17,2.83,3.035
ARBUSDT,2026-01-29 20:00:00+00:00,0.1562,2026-02-01 16:00:00+00:00,0.1369,-12.356,-12.556,False,17,2.83,2.563
OPUSDT,2026-01-30 04:00:00+00:00,0.2627,2026-02-02 00:00:00+00:00,0.2297,-12.562,-12.762,False,17,2.83,2.523
SUIUSDT,2026-01-30 04:00:00+00:00,1.285,2026-02-02 00:00:00+00:00,1.1095,-13.658,-13.858,False,17,2.83,3.996
LINKUSDT,2026-01-30 04:00:00+00:00,10.86,2026-02-02 00:00:00+00:00,9.38,-13.628,-13.828,False,17,2.83,3.557
MANAUSDT,2026-01-30 04:00:00+00:00,0.1237,2026-02-02 00:00:00+00:00,0.1126,-8.973,-9.173,False,17,2.83,3.457
XRPUSDT,2026-01-30 16:00:00+00:00,1.7583,2026-02-02 12:00:00+00:00,1.6424,-6.592,-6.792,False,17,2.83,3.068
CHZUSDT,2026-01-31 20:00:00+00:00,0.04313,2026-02-01 12:00:00+00:00,0.047443000000000006,10.0,9.8,True,4,0.67,2.844
SANDUSDT,2026-02-06 04:00:00+00:00,0.0781,2026-02-06 12:00:00+00:00,0.08591000000000001,10.0,9.8,True,2,0.33,4.565
ARBUSDT,2026-02-06 04:00:00+00:00,0.1077,2026-02-06 16:00:00+00:00,0.11847000000000002,10.0,9.8,True,3,0.5,4.556
FILUSDT,2026-02-06 04:00:00+00:00,0.879,2026-02-06 16:00:00+00:00,0.9669000000000001,10.0,9.8,True,3,0.5,5.979
BNBUSDT,2026-02-06 04:00:00+00:00,615.1,2026-02-09 00:00:00+00:00,645.03,4.866,4.666,False,17,2.83,3.173
AAVEUSDT,2026-02-06 04:00:00+00:00,104.42,2026-02-06 16:00:00+00:00,114.86200000000001,10.0,9.8,True,3,0.5,5.008
LINKUSDT,2026-02-06 04:00:00+00:00,8.04,2026-02-06 16:00:00+00:00,8.844,10.0,9.8,True,3,0.5,3.854
XRPUSDT,2026-02-06 04:00:00+00:00,1.2698,2026-02-06 12:00:00+00:00,1.3967800000000001,10.0,9.8,True,2,0.33,3.438
APTUSDT,2026-02-06 04:00:00+00:00,1.024,2026-02-06 16:00:00+00:00,1.1264,10.0,9.8,True,3,0.5,6.5
NEARUSDT,2026-02-06 04:00:00+00:00,0.96,2026-02-06 12:00:00+00:00,1.056,10.0,9.8,True,2,0.33,5.098
LTCUSDT,2026-02-06 04:00:00+00:00,50.07,2026-02-06 16:00:00+00:00,55.077000000000005,10.0,9.8,True,3,0.5,5.733
ENJUSDT,2026-02-06 04:00:00+00:00,0.02055,2026-02-06 12:00:00+00:00,0.022605,10.0,9.8,True,2,0.33,2.679
SUIUSDT,2026-02-06 04:00:00+00:00,0.8899,2026-02-06 12:00:00+00:00,0.9788900000000001,10.0,9.8,True,2,0.33,4.61
DOTUSDT,2026-02-06 04:00:00+00:00,1.241,2026-02-06 16:00:00+00:00,1.3651000000000002,10.0,9.8,True,3,0.5,4.84
ETCUSDT,2026-02-06 04:00:00+00:00,8.02,2026-02-06 16:00:00+00:00,8.822000000000001,10.0,9.8,True,3,0.5,5.548
BCHUSDT,2026-02-06 04:00:00+00:00,451.4,2026-02-06 12:00:00+00:00,496.54,10.0,9.8,True,2,0.33,5.122
OPUSDT,2026-02-06 04:00:00+00:00,0.1746,2026-02-06 12:00:00+00:00,0.19206,10.0,9.8,True,2,0.33,5.157
SOLUSDT,2026-02-06 04:00:00+00:00,76.71,2026-02-06 12:00:00+00:00,84.381,10.0,9.8,True,2,0.33,4.453
XLMUSDT,2026-02-06 04:00:00+00:00,0.152,2026-02-06 16:00:00+00:00,0.16720000000000002,10.0,9.8,True,3,0.5,4.348
SHIBUSDT,2026-02-06 04:00:00+00:00,5.73e-06,2026-02-06 16:00:00+00:00,6.3030000000000005e-06,10.0,9.8,True,3,0.5,3.53
MANAUSDT,2026-02-06 04:00:00+00:00,0.092,2026-02-06 12:00:00+00:00,0.10120000000000001,10.0,9.8,True,2,0.33,4.564
DOGEUSDT,2026-02-06 04:00:00+00:00,0.08988,2026-02-06 16:00:00+00:00,0.09886800000000001,10.0,9.8,True,3,0.5,4.052
AVAXUSDT,2026-02-06 04:00:00+00:00,8.26,2026-02-06 16:00:00+00:00,9.086,10.0,9.8,True,3,0.5,3.333
CHZUSDT,2026-02-06 04:00:00+00:00,0.03898,2026-02-07 12:00:00+00:00,0.042878000000000006,10.0,9.8,True,8,1.33,5.485
ADAUSDT,2026-02-06 04:00:00+00:00,0.2491,2026-02-06 12:00:00+00:00,0.27401000000000003,10.0,9.8,True,2,0.33,5.131
SANDUSDT,2026-02-07 16:00:00+00:00,0.0918,2026-02-10 12:00:00+00:00,0.086,-6.318,-6.518,False,17,2.83,3.239
ENJUSDT,2026-02-10 12:00:00+00:00,0.02234,2026-02-13 08:00:00+00:00,0.02129,-4.7,-4.9,False,17,2.83,2.695
NEARUSDT,2026-02-10 16:00:00+00:00,0.998,2026-02-13 12:00:00+00:00,1.01,1.202,1.002,False,17,2.83,2.838
CHZUSDT,2026-02-11 08:00:00+00:00,0.03865,2026-02-14 04:00:00+00:00,0.042515,10.0,9.8,True,17,2.83,2.55
OPUSDT,2026-02-11 08:00:00+00:00,0.1772,2026-02-14 04:00:00+00:00,0.191,7.788,7.588,False,17,2.83,2.819
FILUSDT,2026-02-11 16:00:00+00:00,0.862,2026-02-13 16:00:00+00:00,0.9482,10.0,9.8,True,12,2.0,3.019
AAVEUSDT,2026-02-11 16:00:00+00:00,106.18,2026-02-13 12:00:00+00:00,116.79800000000002,10.0,9.8,True,11,1.83,4.104
ARBUSDT,2026-02-11 16:00:00+00:00,0.1069,2026-02-14 08:00:00+00:00,0.11759,10.0,9.8,True,16,2.67,2.757
SUIUSDT,2026-02-11 16:00:00+00:00,0.8839,2026-02-13 16:00:00+00:00,0.9722900000000001,10.0,9.8,True,12,2.0,2.57
DOGEUSDT,2026-02-11 16:00:00+00:00,0.08902,2026-02-14 08:00:00+00:00,0.09792200000000001,10.0,9.8,True,16,2.67,2.657
LINKUSDT,2026-02-11 16:00:00+00:00,8.24,2026-02-14 12:00:00+00:00,9.03,9.587,9.387,False,17,2.83,3.272
OPUSDT,2026-02-11 16:00:00+00:00,0.1754,2026-02-14 08:00:00+00:00,0.19294000000000003,10.0,9.8,True,16,2.67,2.683
ETCUSDT,2026-02-11 16:00:00+00:00,8.06,2026-02-14 12:00:00+00:00,8.866000000000001,10.0,9.8,True,17,2.83,3.246
SHIBUSDT,2026-02-11 16:00:00+00:00,5.82e-06,2026-02-13 20:00:00+00:00,6.402000000000001e-06,10.0,9.8,True,13,2.17,2.501
DOTUSDT,2026-02-11 16:00:00+00:00,1.237,2026-02-14 08:00:00+00:00,1.3607000000000002,10.0,9.8,True,16,2.67,2.788
SOLUSDT,2026-02-11 16:00:00+00:00,79.72,2026-02-14 12:00:00+00:00,87.44,9.684,9.484,False,17,2.83,2.514
AVAXUSDT,2026-02-11 16:00:00+00:00,8.51,2026-02-14 08:00:00+00:00,9.361,10.0,9.8,True,16,2.67,2.641
UNIUSDT,2026-02-11 16:00:00+00:00,3.825,2026-02-14 12:00:00+00:00,3.584,-6.301,-6.501,False,17,2.83,41.173
NEARUSDT,2026-02-11 16:00:00+00:00,0.947,2026-02-14 08:00:00+00:00,1.0417,10.0,9.8,True,16,2.67,2.813
ENJUSDT,2026-02-12 00:00:00+00:00,0.02295,2026-02-14 20:00:00+00:00,0.02269,-1.133,-1.333,False,17,2.83,2.5
AXSUSDT,2026-02-14 04:00:00+00:00,1.495,2026-02-17 00:00:00+00:00,1.396,-6.622,-6.822,False,17,2.83,3.217
OPUSDT,2026-02-17 12:00:00+00:00,0.1874,2026-02-20 08:00:00+00:00,0.1278,-31.804,-32.004,False,17,2.83,7.554
ENJUSDT,2026-02-18 04:00:00+00:00,0.0211,2026-02-21 00:00:00+00:00,0.02068,-1.991,-2.191,False,17,2.83,2.802
AVAXUSDT,2026-02-19 16:00:00+00:00,8.83,2026-02-22 12:00:00+00:00,8.88,0.566,0.366,False,17,2.83,2.676
OPUSDT,2026-02-19 20:00:00+00:00,0.1387,2026-02-22 16:00:00+00:00,0.123,-11.319,-11.519,False,17,2.83,2.523
ARBUSDT,2026-02-19 20:00:00+00:00,0.0984,2026-02-22 16:00:00+00:00,0.0941,-4.37,-4.57,False,17,2.83,3.115
AXSUSDT,2026-02-20 04:00:00+00:00,1.348,2026-02-23 00:00:00+00:00,1.222,-9.347,-9.547,False,17,2.83,9.553
AVAXUSDT,2026-02-20 08:00:00+00:00,9.19,2026-02-23 04:00:00+00:00,8.57,-6.746,-6.946,False,17,2.83,2.669
SHIBUSDT,2026-02-20 12:00:00+00:00,6.28e-06,2026-02-23 08:00:00+00:00,6.14e-06,-2.229,-2.429,False,17,2.83,7.281
ARBUSDT,2026-02-20 16:00:00+00:00,0.097,2026-02-23 12:00:00+00:00,0.0927,-4.433,-4.633,False,17,2.83,3.32
DOTUSDT,2026-02-20 16:00:00+00:00,1.351,2026-02-23 12:00:00+00:00,1.281,-5.181,-5.381,False,17,2.83,3.184
ETCUSDT,2026-02-20 16:00:00+00:00,8.61,2026-02-21 08:00:00+00:00,9.471,10.0,9.8,True,4,0.67,3.909
DOGEUSDT,2026-02-20 16:00:00+00:00,0.1003,2026-02-23 12:00:00+00:00,0.09496,-5.324,-5.524,False,17,2.83,2.609
MANAUSDT,2026-02-20 16:00:00+00:00,0.0982,2026-02-23 12:00:00+00:00,0.093,-5.295,-5.495,False,17,2.83,3.334
UNIUSDT,2026-02-20 16:00:00+00:00,3.456,2026-02-23 12:00:00+00:00,3.395,-1.765,-1.965,False,17,2.83,2.608
CHZUSDT,2026-02-20 16:00:00+00:00,0.03677,2026-02-23 12:00:00+00:00,0.03381,-8.05,-8.25,False,17,2.83,5.347
FILUSDT,2026-02-20 16:00:00+00:00,0.953,2026-02-23 12:00:00+00:00,0.894,-6.191,-6.391,False,17,2.83,2.7
CHZUSDT,2026-02-23 04:00:00+00:00,0.03351,2026-02-26 00:00:00+00:00,0.03491,4.178,3.978,False,17,2.83,2.744
APTUSDT,2026-02-23 08:00:00+00:00,0.84,2026-02-25 12:00:00+00:00,0.924,10.0,9.8,True,13,2.17,3.864
MANAUSDT,2026-02-23 16:00:00+00:00,0.0929,2026-02-25 20:00:00+00:00,0.10219,10.0,9.8,True,13,2.17,2.783
XRPUSDT,2026-02-23 16:00:00+00:00,1.3708,2026-02-26 12:00:00+00:00,1.4212,3.677,3.477,False,17,2.83,2.644
ENJUSDT,2026-02-25 00:00:00+00:00,0.01923,2026-02-27 20:00:00+00:00,0.01993,3.64,3.44,False,17,2.83,7.984
UNIUSDT,2026-02-25 04:00:00+00:00,3.473,2026-02-25 12:00:00+00:00,3.8203,10.0,9.8,True,2,0.33,2.582
DOTUSDT,2026-02-25 12:00:00+00:00,1.383,2026-02-25 12:00:00+00:00,1.5213,10.0,9.8,True,0,0.0,4.294
ATOMUSDT,2026-02-25 20:00:00+00:00,2.085,2026-02-28 16:00:00+00:00,1.837,-11.894,-12.094,False,17,2.83,3.094
LTCUSDT,2026-03-08 12:00:00+00:00,53.55,2026-03-11 08:00:00+00:00,53.86,0.579,0.379,False,17,2.83,2.94
MANAUSDT,2026-03-09 00:00:00+00:00,0.0892,2026-03-11 20:00:00+00:00,0.0924,3.587,3.387,False,17,2.83,4.018
ENJUSDT,2026-03-09 08:00:00+00:00,0.01842,2026-03-12 04:00:00+00:00,0.01833,-0.489,-0.689,False,17,2.83,3.045
UNIUSDT,2026-03-09 08:00:00+00:00,3.779,2026-03-12 04:00:00+00:00,3.89,2.937,2.737,False,17,2.83,2.686
AVAXUSDT,2026-03-09 08:00:00+00:00,9.08,2026-03-12 04:00:00+00:00,9.59,5.617,5.417,False,17,2.83,2.581
UNIUSDT,2026-03-09 16:00:00+00:00,3.935,2026-03-12 12:00:00+00:00,3.896,-0.991,-1.191,False,17,2.83,2.537
AAVEUSDT,2026-03-09 20:00:00+00:00,107.93,2026-03-12 16:00:00+00:00,111.68,3.474,3.274,False,17,2.83,3.063
FILUSDT,2026-03-11 00:00:00+00:00,0.866,2026-03-13 20:00:00+00:00,0.869,0.346,0.146,False,17,2.83,3.403
APTUSDT,2026-03-13 04:00:00+00:00,0.948,2026-03-16 00:00:00+00:00,0.952,0.422,0.222,False,17,2.83,2.862
DOGEUSDT,2026-03-16 04:00:00+00:00,0.09998,2026-03-19 00:00:00+00:00,0.09546,-4.521,-4.721,False,17,2.83,2.548
ADAUSDT,2026-03-16 04:00:00+00:00,0.2774,2026-03-19 00:00:00+00:00,0.2746,-1.009,-1.209,False,17,2.83,2.723
ETCUSDT,2026-03-16 08:00:00+00:00,9.05,2026-03-19 04:00:00+00:00,8.38,-7.403,-7.603,False,17,2.83,4.718
DOTUSDT,2026-03-16 08:00:00+00:00,1.584,2026-03-19 04:00:00+00:00,1.533,-3.22,-3.42,False,17,2.83,6.43
SHIBUSDT,2026-03-16 08:00:00+00:00,6.35e-06,2026-03-19 04:00:00+00:00,5.73e-06,-9.764,-9.964,False,17,2.83,2.884
DOGEUSDT,2026-03-23 12:00:00+00:00,0.09255,2026-03-26 08:00:00+00:00,0.09133,-1.318,-1.518,False,17,2.83,4.7
SANDUSDT,2026-03-23 12:00:00+00:00,0.0799,2026-03-26 08:00:00+00:00,0.078,-2.378,-2.578,False,17,2.83,3.911
NEARUSDT,2026-03-23 12:00:00+00:00,1.303,2026-03-26 08:00:00+00:00,1.225,-5.986,-6.186,False,17,2.83,3.974
OPUSDT,2026-03-23 12:00:00+00:00,0.1168,2026-03-26 08:00:00+00:00,0.1083,-7.277,-7.477,False,17,2.83,5.298
AVAXUSDT,2026-03-23 12:00:00+00:00,9.39,2026-03-26 08:00:00+00:00,9.23,-1.704,-1.904,False,17,2.83,5.469
DOTUSDT,2026-03-23 12:00:00+00:00,1.466,2026-03-26 08:00:00+00:00,1.313,-10.437,-10.637,False,17,2.83,4.642
XLMUSDT,2026-03-23 12:00:00+00:00,0.1618,2026-03-25 00:00:00+00:00,0.17798000000000003,10.0,9.8,True,9,1.5,5.163
BNBUSDT,2026-03-23 12:00:00+00:00,638.4,2026-03-26 08:00:00+00:00,629.17,-1.446,-1.646,False,17,2.83,5.122
ETCUSDT,2026-03-23 12:00:00+00:00,8.32,2026-03-26 08:00:00+00:00,8.3,-0.24,-0.44,False,17,2.83,4.78
ETHUSDT,2026-03-23 12:00:00+00:00,2134.78,2026-03-26 08:00:00+00:00,2068.44,-3.108,-3.308,False,17,2.83,4.524
LTCUSDT,2026-03-23 12:00:00+00:00,54.95,2026-03-26 08:00:00+00:00,54.61,-0.619,-0.819,False,17,2.83,4.324
ARBUSDT,2026-03-23 12:00:00+00:00,0.0951,2026-03-26 08:00:00+00:00,0.0941,-1.052,-1.252,False,17,2.83,5.11
XRPUSDT,2026-03-23 12:00:00+00:00,1.4115,2026-03-26 08:00:00+00:00,1.3715,-2.834,-3.034,False,17,2.83,4.421
SOLUSDT,2026-03-23 12:00:00+00:00,88.78,2026-03-26 08:00:00+00:00,87.58,-1.352,-1.552,False,17,2.83,4.589
SUIUSDT,2026-03-23 12:00:00+00:00,0.941,2026-03-26 08:00:00+00:00,0.9245,-1.753,-1.953,False,17,2.83,4.534
UNIUSDT,2026-03-23 12:00:00+00:00,3.576,2026-03-26 08:00:00+00:00,3.527,-1.37,-1.57,False,17,2.83,5.479
ADAUSDT,2026-03-23 12:00:00+00:00,0.2589,2026-03-26 08:00:00+00:00,0.2573,-0.618,-0.818,False,17,2.83,6.012
AAVEUSDT,2026-03-23 12:00:00+00:00,109.34,2026-03-26 08:00:00+00:00,106.62,-2.488,-2.688,False,17,2.83,7.949
SHIBUSDT,2026-03-23 12:00:00+00:00,6.02e-06,2026-03-26 08:00:00+00:00,5.9e-06,-1.993,-2.193,False,17,2.83,2.893
AXSUSDT,2026-03-23 12:00:00+00:00,1.086,2026-03-26 08:00:00+00:00,1.073,-1.197,-1.397,False,17,2.83,3.064
LINKUSDT,2026-03-23 12:00:00+00:00,8.98,2026-03-26 08:00:00+00:00,8.95,-0.334,-0.534,False,17,2.83,5.001
APTUSDT,2026-03-23 20:00:00+00:00,1.005,2026-03-24 20:00:00+00:00,1.1055,10.0,9.8,True,6,1.0,3.576
ATOMUSDT,2026-03-23 20:00:00+00:00,1.762,2026-03-26 16:00:00+00:00,1.68,-4.654,-4.854,False,17,2.83,3.945
ENJUSDT,2026-03-26 16:00:00+00:00,0.02203,2026-03-26 16:00:00+00:00,0.024233000000000005,10.0,9.8,True,0,0.0,10.22
AXSUSDT,2026-03-27 00:00:00+00:00,1.116,2026-03-29 20:00:00+00:00,1.118,0.179,-0.021,False,17,2.83,11.587
CHZUSDT,2026-03-27 08:00:00+00:00,0.03618,2026-03-28 12:00:00+00:00,0.039798,10.0,9.8,True,7,1.17,2.725
DOGEUSDT,2026-03-28 16:00:00+00:00,0.09406,2026-03-31 12:00:00+00:00,0.09042,-3.87,-4.07,False,17,2.83,2.533
SUIUSDT,2026-03-28 16:00:00+00:00,0.8859,2026-03-31 12:00:00+00:00,0.8586,-3.082,-3.282,False,17,2.83,2.722
ENJUSDT,2026-03-29 12:00:00+00:00,0.02199,2026-04-01 08:00:00+00:00,0.02094,-4.775,-4.975,False,17,2.83,5.71
ENJUSDT,2026-03-29 20:00:00+00:00,0.02121,2026-04-01 16:00:00+00:00,0.02092,-1.367,-1.567,False,17,2.83,3.723
ATOMUSDT,2026-03-30 04:00:00+00:00,1.669,2026-04-02 00:00:00+00:00,1.635,-2.037,-2.237,False,17,2.83,2.562
AAVEUSDT,2026-04-06 00:00:00+00:00,94.15,2026-04-08 20:00:00+00:00,91.96,-2.326,-2.526,False,17,2.83,3.185
FILUSDT,2026-04-06 00:00:00+00:00,0.845,2026-04-08 20:00:00+00:00,0.884,4.615,4.415,False,17,2.83,3.414
SHIBUSDT,2026-04-06 04:00:00+00:00,6.02e-06,2026-04-09 00:00:00+00:00,5.88e-06,-2.326,-2.526,False,17,2.83,2.534
ATOMUSDT,2026-04-06 04:00:00+00:00,1.705,2026-04-09 00:00:00+00:00,1.785,4.692,4.492,False,17,2.83,2.82
XRPUSDT,2026-04-06 04:00:00+00:00,1.3382,2026-04-09 00:00:00+00:00,1.3311,-0.531,-0.731,False,17,2.83,2.858
AAVEUSDT,2026-04-07 16:00:00+00:00,86.16,2026-04-07 20:00:00+00:00,94.77600000000001,10.0,9.8,True,1,0.17,4.173
AAVEUSDT,2026-04-08 00:00:00+00:00,95.8,2026-04-10 20:00:00+00:00,93.62,-2.276,-2.476,False,17,2.83,4.008
ATOMUSDT,2026-04-13 12:00:00+00:00,1.727,2026-04-16 08:00:00+00:00,1.789,3.59,3.39,False,17,2.83,2.696
APTUSDT,2026-04-13 16:00:00+00:00,0.849,2026-04-15 16:00:00+00:00,0.9339000000000001,10.0,9.8,True,12,2.0,2.87
FILUSDT,2026-04-14 00:00:00+00:00,0.919,2026-04-16 12:00:00+00:00,1.0109000000000001,10.0,9.8,True,15,2.5,3.041
AXSUSDT,2026-04-14 00:00:00+00:00,1.124,2026-04-16 20:00:00+00:00,1.186,5.516,5.316,False,17,2.83,2.685
DOGEUSDT,2026-04-14 00:00:00+00:00,0.09411,2026-04-16 20:00:00+00:00,0.09921,5.419,5.219,False,17,2.83,2.925
BCHUSDT,2026-04-14 00:00:00+00:00,438.3,2026-04-16 20:00:00+00:00,454.9,3.787,3.587,False,17,2.83,2.686
SOLUSDT,2026-04-14 00:00:00+00:00,86.51,2026-04-16 20:00:00+00:00,89.05,2.936,2.736,False,17,2.83,2.995
AAVEUSDT,2026-04-19 12:00:00+00:00,91.05,2026-04-22 08:00:00+00:00,93.49,2.68,2.48,False,17,2.83,2.565
XLMUSDT,2026-04-26 16:00:00+00:00,0.1713,2026-04-29 12:00:00+00:00,0.1599,-6.655,-6.855,False,17,2.83,2.777
BCHUSDT,2026-04-27 04:00:00+00:00,455.8,2026-04-30 00:00:00+00:00,447.0,-1.931,-2.131,False,17,2.83,2.622
XLMUSDT,2026-04-27 08:00:00+00:00,0.1678,2026-04-30 04:00:00+00:00,0.1606,-4.291,-4.491,False,17,2.83,2.825
BCHUSDT,2026-04-27 16:00:00+00:00,451.2,2026-04-30 12:00:00+00:00,444.2,-1.551,-1.751,False,17,2.83,3.645
SANDUSDT,2026-04-29 16:00:00+00:00,0.074,2026-05-02 12:00:00+00:00,0.0721,-2.568,-2.768,False,17,2.83,2.683
BCHUSDT,2026-05-01 16:00:00+00:00,451.5,2026-05-04 12:00:00+00:00,442.6,-1.971,-2.171,False,17,2.83,3.846
DOTUSDT,2026-05-01 16:00:00+00:00,1.214,2026-05-04 12:00:00+00:00,1.225,0.906,0.706,False,17,2.83,3.161
BCHUSDT,2026-05-04 04:00:00+00:00,449.8,2026-05-07 00:00:00+00:00,461.7,2.646,2.446,False,17,2.83,3.259
MANAUSDT,2026-05-04 04:00:00+00:00,0.0896,2026-05-07 00:00:00+00:00,0.0912,1.786,1.586,False,17,2.83,2.77
XLMUSDT,2026-05-04 04:00:00+00:00,0.1607,2026-05-07 00:00:00+00:00,0.1601,-0.373,-0.573,False,17,2.83,2.634
ATOMUSDT,2026-05-04 12:00:00+00:00,1.877,2026-05-07 08:00:00+00:00,1.914,1.971,1.771,False,17,2.83,3.139
BCHUSDT,2026-05-04 12:00:00+00:00,444.0,2026-05-06 04:00:00+00:00,488.40000000000003,10.0,9.8,True,10,1.67,6.635
NEARUSDT,2026-05-04 16:00:00+00:00,1.269,2026-05-06 08:00:00+00:00,1.3959,10.0,9.8,True,10,1.67,3.526
NEARUSDT,2026-05-05 00:00:00+00:00,1.262,2026-05-06 08:00:00+00:00,1.3882,10.0,9.8,True,8,1.33,3.154
ENJUSDT,2026-05-06 16:00:00+00:00,0.05063,2026-05-07 00:00:00+00:00,0.055693000000000006,10.0,9.8,True,2,0.33,2.865
ENJUSDT,2026-05-07 00:00:00+00:00,0.05091,2026-05-09 20:00:00+00:00,0.05018,-1.434,-1.634,False,17,2.83,3.093
ENJUSDT,2026-05-12 04:00:00+00:00,0.04856,2026-05-12 04:00:00+00:00,0.053416000000000005,10.0,9.8,True,0,0.0,2.91
OPUSDT,2026-05-14 12:00:00+00:00,0.1434,2026-05-17 08:00:00+00:00,0.1324,-7.671,-7.871,False,17,2.83,2.902
UNIUSDT,2026-05-14 16:00:00+00:00,3.761,2026-05-17 12:00:00+00:00,3.554,-5.504,-5.704,False,17,2.83,3.569
LINKUSDT,2026-05-14 16:00:00+00:00,10.64,2026-05-17 12:00:00+00:00,9.71,-8.741,-8.941,False,17,2.83,2.704
ADAUSDT,2026-05-14 20:00:00+00:00,0.274,2026-05-17 16:00:00+00:00,0.2553,-6.825,-7.025,False,17,2.83,2.99
XLMUSDT,2026-05-14 20:00:00+00:00,0.1658,2026-05-17 16:00:00+00:00,0.1517,-8.504,-8.704,False,17,2.83,2.961
ARBUSDT,2026-05-17 16:00:00+00:00,0.1195,2026-05-20 12:00:00+00:00,0.113,-5.439,-5.639,False,17,2.83,4.464
APTUSDT,2026-05-17 16:00:00+00:00,0.941,2026-05-20 12:00:00+00:00,0.955,1.488,1.288,False,17,2.83,3.886
ADAUSDT,2026-05-18 00:00:00+00:00,0.2521,2026-05-20 20:00:00+00:00,0.2492,-1.15,-1.35,False,17,2.83,2.78
OPUSDT,2026-05-18 00:00:00+00:00,0.1282,2026-05-20 20:00:00+00:00,0.1291,0.702,0.502,False,17,2.83,4.252
SHIBUSDT,2026-05-18 00:00:00+00:00,5.74e-06,2026-05-20 20:00:00+00:00,5.78e-06,0.697,0.497,False,17,2.83,2.711
MANAUSDT,2026-05-18 00:00:00+00:00,0.0869,2026-05-20 20:00:00+00:00,0.089,2.417,2.217,False,17,2.83,4.614
SANDUSDT,2026-05-18 00:00:00+00:00,0.0707,2026-05-20 20:00:00+00:00,0.07195,1.768,1.568,False,17,2.83,2.897
LTCUSDT,2026-05-18 00:00:00+00:00,54.56,2026-05-20 20:00:00+00:00,53.96,-1.1,-1.3,False,17,2.83,3.018
AVAXUSDT,2026-05-18 00:00:00+00:00,9.19,2026-05-20 20:00:00+00:00,9.298,1.175,0.975,False,17,2.83,3.145
UNIUSDT,2026-05-18 04:00:00+00:00,3.432,2026-05-21 00:00:00+00:00,3.653,6.439,6.239,False,17,2.83,2.568
ENJUSDT,2026-05-18 08:00:00+00:00,0.04169,2026-05-19 00:00:00+00:00,0.045859000000000004,10.0,9.8,True,4,0.67,4.811
APTUSDT,2026-05-18 16:00:00+00:00,0.923,2026-05-21 12:00:00+00:00,0.958,3.792,3.592,False,17,2.83,2.723
ETHUSDT,2026-05-18 16:00:00+00:00,2107.49,2026-05-21 12:00:00+00:00,2132.65,1.194,0.994,False,17,2.83,3.082
BCHUSDT,2026-05-18 16:00:00+00:00,372.6,2026-05-21 12:00:00+00:00,379.6,1.879,1.679,False,17,2.83,5.048
AXSUSDT,2026-05-18 20:00:00+00:00,1.17,2026-05-21 16:00:00+00:00,1.208,3.248,3.048,False,17,2.83,13.877
ENJUSDT,2026-05-19 04:00:00+00:00,0.04314,2026-05-19 12:00:00+00:00,0.047454,10.0,9.8,True,2,0.33,7.44
ETHUSDT,2026-05-24 00:00:00+00:00,2117.69,2026-05-26 20:00:00+00:00,2073.77,-2.074,-2.274,False,17,2.83,2.732
UNIUSDT,2026-05-25 08:00:00+00:00,3.373,2026-05-28 04:00:00+00:00,3.043,-9.784,-9.984,False,17,2.83,7.267
ENJUSDT,2026-05-26 12:00:00+00:00,0.04008,2026-05-29 08:00:00+00:00,0.03839,-4.217,-4.417,False,17,2.83,5.725
AXSUSDT,2026-05-27 08:00:00+00:00,1.164,2026-05-30 00:00:00+00:00,1.2804,10.0,9.8,True,16,2.67,3.923
AAVEUSDT,2026-05-28 08:00:00+00:00,81.43,2026-05-31 04:00:00+00:00,82.91,1.818,1.618,False,17,2.83,2.643
SHIBUSDT,2026-05-28 08:00:00+00:00,5.31e-06,2026-05-31 04:00:00+00:00,5.49e-06,3.39,3.19,False,17,2.83,2.653
ETCUSDT,2026-05-28 20:00:00+00:00,8.28,2026-05-31 16:00:00+00:00,8.12,-1.932,-2.132,False,17,2.83,2.545
MANAUSDT,2026-05-28 20:00:00+00:00,0.0837,2026-05-31 16:00:00+00:00,0.0831,-0.717,-0.917,False,17,2.83,3.727
UNIUSDT,2026-05-29 12:00:00+00:00,2.995,2026-06-01 08:00:00+00:00,2.962,-1.102,-1.302,False,17,2.83,4.521
BCHUSDT,2026-05-29 12:00:00+00:00,299.1,2026-06-01 08:00:00+00:00,280.5,-6.219,-6.419,False,17,2.83,6.107
ETCUSDT,2026-05-29 16:00:00+00:00,8.25,2026-06-01 12:00:00+00:00,8.0,-3.03,-3.23,False,17,2.83,2.901
BNBUSDT,2026-05-30 04:00:00+00:00,658.2,2026-05-30 16:00:00+00:00,724.0200000000001,10.0,9.8,True,3,0.5,3.118
ATOMUSDT,2026-05-31 12:00:00+00:00,1.989,2026-06-03 08:00:00+00:00,1.902,-4.374,-4.574,False,17,2.83,3.455
LTCUSDT,2026-06-03 00:00:00+00:00,46.91,2026-06-05 20:00:00+00:00,43.32,-7.653,-7.853,False,17,2.83,2.543
ETCUSDT,2026-06-03 04:00:00+00:00,7.64,2026-06-06 00:00:00+00:00,6.73,-11.911,-12.111,False,17,2.83,5.125
BCHUSDT,2026-06-03 08:00:00+00:00,251.7,2026-06-06 04:00:00+00:00,222.1,-11.76,-11.96,False,17,2.83,8.263
ETHUSDT,2026-06-05 08:00:00+00:00,1679.22,2026-06-08 04:00:00+00:00,1673.47,-0.342,-0.542,False,17,2.83,3.258
AAVEUSDT,2026-06-05 08:00:00+00:00,69.42,2026-06-08 04:00:00+00:00,62.72,-9.651,-9.851,False,17,2.83,6.247
UNIUSDT,2026-06-05 08:00:00+00:00,2.553,2026-06-08 04:00:00+00:00,2.542,-0.431,-0.631,False,17,2.83,2.822
DOGEUSDT,2026-06-05 08:00:00+00:00,0.085,2026-06-08 04:00:00+00:00,0.08566,0.776,0.576,False,17,2.83,2.958
DOTUSDT,2026-06-05 08:00:00+00:00,0.994,2026-06-08 04:00:00+00:00,0.967,-2.716,-2.916,False,17,2.83,2.617
SHIBUSDT,2026-06-05 08:00:00+00:00,4.79e-06,2026-06-08 04:00:00+00:00,4.73e-06,-1.253,-1.453,False,17,2.83,3.134
ARBUSDT,2026-06-07 08:00:00+00:00,0.0827,2026-06-10 04:00:00+00:00,0.08,-3.265,-3.465,False,17,2.83,3.717
MANAUSDT,2026-06-07 20:00:00+00:00,0.0651,2026-06-10 16:00:00+00:00,0.0646,-0.768,-0.968,False,17,2.83,2.863
XLMUSDT,2026-06-10 12:00:00+00:00,0.1848,2026-06-13 08:00:00+00:00,0.1916,3.68,3.48,False,17,2.83,3.661
AVAXUSDT,2026-06-15 00:00:00+00:00,6.789,2026-06-17 20:00:00+00:00,6.766,-0.339,-0.539,False,17,2.83,3.032
MANAUSDT,2026-06-15 00:00:00+00:00,0.068,2026-06-17 20:00:00+00:00,0.0694,2.059,1.859,False,17,2.83,2.511
AVAXUSDT,2026-06-19 20:00:00+00:00,5.88,2026-06-22 12:00:00+00:00,6.468,10.0,9.8,True,16,2.67,6.269
MANAUSDT,2026-06-20 04:00:00+00:00,0.0696,2026-06-20 12:00:00+00:00,0.07656,10.0,9.8,True,2,0.33,4.343
AXSUSDT,2026-06-20 04:00:00+00:00,1.132,2026-06-21 00:00:00+00:00,1.2452,10.0,9.8,True,5,0.83,44.028
AVAXUSDT,2026-06-20 08:00:00+00:00,6.149,2026-06-23 04:00:00+00:00,6.157,0.13,-0.07,False,17,2.83,3.776
ATOMUSDT,2026-06-22 08:00:00+00:00,1.804,2026-06-25 04:00:00+00:00,1.661,-7.927,-8.127,False,17,2.83,3.14
ARBUSDT,2026-06-23 12:00:00+00:00,0.079,2026-06-26 08:00:00+00:00,0.0715,-9.494,-9.694,False,17,2.83,3.559
SHIBUSDT,2026-06-23 16:00:00+00:00,4.54e-06,2026-06-26 12:00:00+00:00,4.23e-06,-6.828,-7.028,False,17,2.83,2.847
LINKUSDT,2026-06-23 16:00:00+00:00,7.623,2026-06-26 12:00:00+00:00,7.337,-3.752,-3.952,False,17,2.83,3.287
ENJUSDT,2026-06-24 12:00:00+00:00,0.03135,2026-06-27 08:00:00+00:00,0.02944,-6.093,-6.293,False,17,2.83,3.234
AXSUSDT,2026-06-24 16:00:00+00:00,1.014,2026-06-27 12:00:00+00:00,0.992,-2.17,-2.37,False,17,2.83,2.738
APTUSDT,2026-06-25 16:00:00+00:00,0.589,2026-06-28 12:00:00+00:00,0.583,-1.019,-1.219,False,17,2.83,4.545
ARBUSDT,2026-06-25 16:00:00+00:00,0.0733,2026-06-28 12:00:00+00:00,0.074,0.955,0.755,False,17,2.83,3.384
SANDUSDT,2026-06-25 16:00:00+00:00,0.04752,2026-06-28 12:00:00+00:00,0.04718,-0.715,-0.915,False,17,2.83,3.449
BNBUSDT,2026-06-25 16:00:00+00:00,554.04,2026-06-28 12:00:00+00:00,554.55,0.092,-0.108,False,17,2.83,3.775
LTCUSDT,2026-06-25 16:00:00+00:00,40.44,2026-06-28 12:00:00+00:00,42.93,6.157,5.957,False,17,2.83,2.992
CHZUSDT,2026-06-25 16:00:00+00:00,0.01784,2026-06-28 12:00:00+00:00,0.01755,-1.626,-1.826,False,17,2.83,2.572
ATOMUSDT,2026-06-25 16:00:00+00:00,1.627,2026-06-28 12:00:00+00:00,1.573,-3.319,-3.519,False,17,2.83,2.816
NEARUSDT,2026-06-25 16:00:00+00:00,1.864,2026-06-28 12:00:00+00:00,1.866,0.107,-0.093,False,17,2.83,3.264
XLMUSDT,2026-06-25 16:00:00+00:00,0.1787,2026-06-28 12:00:00+00:00,0.1709,-4.365,-4.565,False,17,2.83,2.539
SOLUSDT,2026-06-25 16:00:00+00:00,66.32,2026-06-26 16:00:00+00:00,72.952,10.0,9.8,True,6,1.0,3.597
LINKUSDT,2026-06-25 16:00:00+00:00,7.217,2026-06-28 12:00:00+00:00,7.317,1.386,1.186,False,17,2.83,3.328
XRPUSDT,2026-06-25 16:00:00+00:00,1.0352,2026-06-28 12:00:00+00:00,1.0526,1.681,1.481,False,17,2.83,4.339
ETHUSDT,2026-06-25 16:00:00+00:00,1570.01,2026-06-28 12:00:00+00:00,1580.89,0.693,0.493,False,17,2.83,4.179
DOGEUSDT,2026-06-25 16:00:00+00:00,0.07342,2026-06-28 12:00:00+00:00,0.07358,0.218,0.018,False,17,2.83,3.257
DOTUSDT,2026-06-25 16:00:00+00:00,0.853,2026-06-28 12:00:00+00:00,0.811,-4.924,-5.124,False,17,2.83,3.209
XRPUSDT,2026-06-26 16:00:00+00:00,1.0452,2026-06-29 12:00:00+00:00,1.0494,0.402,0.202,False,17,2.83,2.501
CHZUSDT,2026-06-29 20:00:00+00:00,0.01823,2026-07-02 16:00:00+00:00,0.01774,-2.688,-2.888,False,17,2.83,2.802
MANAUSDT,2026-07-01 16:00:00+00:00,0.0637,2026-07-03 04:00:00+00:00,0.07007000000000001,10.0,9.8,True,9,1.5,2.919
ETCUSDT,2026-07-01 16:00:00+00:00,7.02,2026-07-04 12:00:00+00:00,7.36,4.843,4.643,False,17,2.83,3.655
UNIUSDT,2026-07-01 16:00:00+00:00,2.805,2026-07-02 12:00:00+00:00,3.0855000000000006,10.0,9.8,True,5,0.83,2.792
UNIUSDT,2026-07-02 12:00:00+00:00,3.046,2026-07-05 08:00:00+00:00,3.128,2.692,2.492,False,17,2.83,3.3
SOLUSDT,2026-07-06 16:00:00+00:00,81.5,2026-07-09 12:00:00+00:00,77.63,-4.748,-4.948,False,17,2.83,2.627
CHZUSDT,2026-07-06 16:00:00+00:00,0.01811,2026-07-09 12:00:00+00:00,0.01703,-5.964,-6.164,False,17,2.83,3.055
SUIUSDT,2026-07-06 16:00:00+00:00,0.7441,2026-07-09 12:00:00+00:00,0.717,-3.642,-3.842,False,17,2.83,3.109
CHZUSDT,2026-07-08 12:00:00+00:00,0.01675,2026-07-11 08:00:00+00:00,0.01742,4.0,3.8,False,17,2.83,2.735
OPUSDT,2026-07-08 12:00:00+00:00,0.0988,2026-07-11 08:00:00+00:00,0.1045,5.769,5.569,False,17,2.83,5.67
AXSUSDT,2026-07-08 12:00:00+00:00,0.993,2026-07-11 08:00:00+00:00,1.012,1.913,1.713,False,17,2.83,5.796
MANAUSDT,2026-07-08 16:00:00+00:00,0.0692,2026-07-11 12:00:00+00:00,0.0725,4.769,4.569,False,17,2.83,3.46
XLMUSDT,2026-07-09 08:00:00+00:00,0.1812,2026-07-12 04:00:00+00:00,0.1855,2.373,2.173,False,17,2.83,6.049
OPUSDT,2026-07-09 08:00:00+00:00,0.1035,2026-07-12 04:00:00+00:00,0.1015,-1.932,-2.132,False,17,2.83,2.918
DOTUSDT,2026-07-10 12:00:00+00:00,0.885,2026-07-13 08:00:00+00:00,0.832,-5.989,-6.189,False,17,2.83,3.866
OPUSDT,2026-07-13 08:00:00+00:00,0.0997,2026-07-16 04:00:00+00:00,0.1013,1.605,1.405,False,17,2.83,10.654
AVAXUSDT,2026-07-13 16:00:00+00:00,6.563,2026-07-16 12:00:00+00:00,6.628,0.99,0.79,False,17,2.83,3.229
ETCUSDT,2026-07-14 08:00:00+00:00,6.9,2026-07-17 04:00:00+00:00,6.9,0.0,-0.2,False,17,2.83,5.66
ENJUSDT,2026-07-14 08:00:00+00:00,0.02698,2026-07-17 04:00:00+00:00,0.02763,2.409,2.209,False,17,2.83,2.885
SANDUSDT,2026-07-14 12:00:00+00:00,0.04708,2026-07-17 08:00:00+00:00,0.04745,0.786,0.586,False,17,2.83,3.067
AAVEUSDT,2026-07-14 16:00:00+00:00,99.85,2026-07-17 12:00:00+00:00,91.48,-8.383,-8.583,False,17,2.83,2.74
XLMUSDT,2026-07-14 16:00:00+00:00,0.1846,2026-07-17 12:00:00+00:00,0.1869,1.246,1.046,False,17,2.83,3.082
ETCUSDT,2026-07-14 16:00:00+00:00,7.07,2026-07-17 12:00:00+00:00,7.03,-0.566,-0.766,False,17,2.83,2.842
DOTUSDT,2026-07-14 16:00:00+00:00,0.853,2026-07-17 12:00:00+00:00,0.85,-0.352,-0.552,False,17,2.83,3.337
XRPUSDT,2026-07-14 16:00:00+00:00,1.1047,2026-07-17 12:00:00+00:00,1.0831,-1.955,-2.155,False,17,2.83,4.079
SUIUSDT,2026-07-14 16:00:00+00:00,0.7593,2026-07-17 12:00:00+00:00,0.7347,-3.24,-3.44,False,17,2.83,6.153
SOLUSDT,2026-07-14 16:00:00+00:00,77.39,2026-07-17 12:00:00+00:00,74.77,-3.385,-3.585,False,17,2.83,3.802
SHIBUSDT,2026-07-14 16:00:00+00:00,4.23e-06,2026-07-17 12:00:00+00:00,4.12e-06,-2.6,-2.8,False,17,2.83,3.682
LTCUSDT,2026-07-14 16:00:00+00:00,44.78,2026-07-17 12:00:00+00:00,44.75,-0.067,-0.267,False,17,2.83,3.112
AVAXUSDT,2026-07-14 16:00:00+00:00,6.656,2026-07-17 12:00:00+00:00,6.482,-2.614,-2.814,False,17,2.83,2.754
DOGEUSDT,2026-07-14 16:00:00+00:00,0.07491,2026-07-17 12:00:00+00:00,0.07215,-3.684,-3.884,False,17,2.83,5.409
ADAUSDT,2026-07-14 16:00:00+00:00,0.1657,2026-07-17 12:00:00+00:00,0.164,-1.026,-1.226,False,17,2.83,4.049
APTUSDT,2026-07-14 16:00:00+00:00,0.624,2026-07-17 12:00:00+00:00,0.604,-3.205,-3.405,False,17,2.83,2.857
FILUSDT,2026-07-14 16:00:00+00:00,0.776,2026-07-17 12:00:00+00:00,0.765,-1.418,-1.618,False,17,2.83,2.507
AXSUSDT,2026-07-14 16:00:00+00:00,0.997,2026-07-17 12:00:00+00:00,0.933,-6.419,-6.619,False,17,2.83,2.797
XLMUSDT,2026-07-15 16:00:00+00:00,0.1862,2026-07-18 12:00:00+00:00,0.1872,0.537,0.337,False,17,2.83,4.371
BCHUSDT,2026-07-16 08:00:00+00:00,224.5,2026-07-19 04:00:00+00:00,218.1,-2.851,-3.051,False,17,2.83,4.214
BCHUSDT,2026-07-17 08:00:00+00:00,222.1,2026-07-20 04:00:00+00:00,212.6,-4.277,-4.477,False,17,2.83,2.808
ADAUSDT,2026-07-17 20:00:00+00:00,0.1661,2026-07-20 16:00:00+00:00,0.1678,1.023,0.823,False,17,2.83,2.723
CHZUSDT,2026-07-20 08:00:00+00:00,0.01479,2026-07-23 04:00:00+00:00,0.01467,-0.811,-1.011,False,17,2.83,3.775
SANDUSDT,2026-07-20 12:00:00+00:00,0.048,2026-07-23 08:00:00+00:00,0.0476,-0.833,-1.033,False,17,2.83,6.431
CHZUSDT,2026-07-20 16:00:00+00:00,0.0156,2026-07-23 12:00:00+00:00,0.01449,-7.115,-7.315,False,17,2.83,3.279
OPUSDT,2026-07-21 00:00:00+00:00,0.0941,2026-07-23 20:00:00+00:00,0.0926,-1.594,-1.794,False,17,2.83,3.611
APTUSDT,2026-07-21 08:00:00+00:00,0.619,2026-07-24 04:00:00+00:00,0.624,0.808,0.608,False,17,2.83,2.634
OPUSDT,2026-07-21 08:00:00+00:00,0.097,2026-07-24 04:00:00+00:00,0.0944,-2.68,-2.88,False,17,2.83,3.871
FILUSDT,2026-07-24 16:00:00+00:00,0.7246,2026-07-27 12:00:00+00:00,0.7213,-0.455,-0.655,False,17,2.83,2.753
AXSUSDT,2026-07-24 16:00:00+00:00,0.875,2026-07-27 12:00:00+00:00,0.859,-1.829,-2.029,False,17,2.83,3.422
MANAUSDT,2026-07-24 20:00:00+00:00,0.0675,2026-07-27 16:00:00+00:00,0.0665,-1.481,-1.681,False,17,2.83,2.667
MANAUSDT,2026-07-25 16:00:00+00:00,0.0689,2026-07-28 12:00:00+00:00,0.0672,-2.467,-2.667,False,17,2.83,3.389
AVAXUSDT,2026-07-25 16:00:00+00:00,6.58,2026-07-28 12:00:00+00:00,6.573,-0.106,-0.306,False,17,2.83,5.737
DOGEUSDT,2026-07-25 20:00:00+00:00,0.07282,2026-07-28 16:00:00+00:00,0.07076,-2.829,-3.029,False,17,2.83,2.634
AAVEUSDT,2026-07-26 08:00:00+00:00,93.21,2026-07-27 04:00:00+00:00,102.531,10.0,9.8,True,5,0.83,2.842
UNIUSDT,2026-07-26 16:00:00+00:00,3.954,2026-07-29 12:00:00+00:00,3.969,0.379,0.179,False,17,2.83,2.941
AAVEUSDT,2026-07-26 16:00:00+00:00,97.77,2026-07-29 12:00:00+00:00,98.72,0.972,0.772,False,17,2.83,3.966
MANAUSDT,2026-07-28 04:00:00+00:00,0.0683,2026-07-31 00:00:00+00:00,0.0663,-2.928,-3.128,False,17,2.83,3.329
DOTUSDT,2026-07-28 08:00:00+00:00,0.759,2026-07-31 04:00:00+00:00,0.772,1.713,1.513,False,17,2.83,4.26
ADAUSDT,2026-07-28 08:00:00+00:00,0.1571,2026-07-30 12:00:00+00:00,0.17281,10.0,9.8,True,13,2.17,2.866
CHZUSDT,2026-07-28 16:00:00+00:00,0.01362,2026-07-31 12:00:00+00:00,0.01287,-5.507,-5.707,False,17,2.83,2.541
OPUSDT,2026-07-28 16:00:00+00:00,0.0884,2026-07-31 12:00:00+00:00,0.0852,-3.62,-3.82,False,17,2.83,2.536
XRPUSDT,2026-07-29 04:00:00+00:00,1.0714,2026-08-01 00:00:00+00:00,1.066,-0.504,-0.704,False,17,2.83,2.556
MANAUSDT,2026-07-29 20:00:00+00:00,0.067,2026-08-01 16:00:00+00:00,0.066,-1.493,-1.693,False,17,2.83,2.976
SANDUSDT,2026-07-31 08:00:00+00:00,0.04324,2026-08-03 04:00:00+00:00,0.04116,-4.81,-5.01,False,17,2.83,10.669
AVAXUSDT,2026-08-02 08:00:00+00:00,6.612,2026-08-05 04:00:00+00:00,6.684,1.089,0.889,False,17,2.83,6.621
ENJUSDT,2026-08-03 16:00:00+00:00,0.02547,2026-08-06 12:00:00+00:00,0.02539,-0.314,-0.514,False,17,2.83,12.973
FILUSDT,2026-08-06 20:00:00+00:00,0.7004,2026-08-09 16:00:00+00:00,0.7125,1.728,1.528,False,17,2.83,3.852
DOGEUSDT,2026-08-07 08:00:00+00:00,0.06929,2026-08-10 04:00:00+00:00,0.07004,1.082,0.882,False,17,2.83,4.153
SUIUSDT,2026-08-07 16:00:00+00:00,0.6728,2026-08-10 12:00:00+00:00,0.6909,2.69,2.49,False,17,2.83,7.006
DOTUSDT,2026-08-10 16:00:00+00:00,0.803,2026-08-13 12:00:00+00:00,0.771,-3.985,-4.185,False,17,2.83,4.036
ETCUSDT,2026-08-11 04:00:00+00:00,6.39,2026-08-14 00:00:00+00:00,6.16,-3.599,-3.799,False,17,2.83,3.514
XRPUSDT,2026-08-11 16:00:00+00:00,1.0039,2026-08-14 12:00:00+00:00,1.0066,0.269,0.069,False,17,2.83,3.47
UNIUSDT,2026-08-12 12:00:00+00:00,3.546,2026-08-15 08:00:00+00:00,3.258,-8.122,-8.322,False,17,2.83,5.209
MANAUSDT,2026-08-13 12:00:00+00:00,0.0636,2026-08-16 08:00:00+00:00,0.0636,0.0,-0.2,False,17,2.83,2.6
AXSUSDT,2026-08-14 16:00:00+00:00,0.87,2026-08-17 12:00:00+00:00,0.855,-1.724,-1.924,False,17,2.83,2.562
ENJUSDT,2026-08-14 20:00:00+00:00,0.02416,2026-08-17 16:00:00+00:00,0.02369,-1.945,-2.145,False,17,2.83,2.898
MANAUSDT,2026-08-14 20:00:00+00:00,0.0638,2026-08-17 16:00:00+00:00,0.0634,-0.627,-0.827,False,17,2.83,4.969
SANDUSDT,2026-08-14 20:00:00+00:00,0.03926,2026-08-17 16:00:00+00:00,0.03936,0.255,0.055,False,17,2.83,6.056
SUIUSDT,2026-08-14 20:00:00+00:00,0.6791,2026-08-17 16:00:00+00:00,0.6762,-0.427,-0.627,False,17,2.83,2.852
DOTUSDT,2026-08-15 12:00:00+00:00,0.776,2026-08-18 08:00:00+00:00,0.74,-4.639,-4.839,False,17,2.83,2.717
APTUSDT,2026-08-15 16:00:00+00:00,0.543,2026-08-18 12:00:00+00:00,0.528,-2.762,-2.962,False,17,2.83,2.656
BCHUSDT,2026-08-15 20:00:00+00:00,204.0,2026-08-18 16:00:00+00:00,204.3,0.147,-0.053,False,17,2.83,2.77
ADAUSDT,2026-08-16 20:00:00+00:00,0.1784,2026-08-19 16:00:00+00:00,0.1813,1.626,1.426,False,17,2.83,2.996
CHZUSDT,2026-08-17 16:00:00+00:00,0.01224,2026-08-20 12:00:00+00:00,0.013,6.209,6.009,False,17,2.83,2.995
TRXUSDT,2026-08-17 20:00:00+00:00,0.3313,2026-08-20 16:00:00+00:00,0.3395,2.475,2.275,False,17,2.83,3.106
OPUSDT,2026-08-18 08:00:00+00:00,0.0827,2026-08-19 20:00:00+00:00,0.09097000000000001,10.0,9.8,True,9,1.5,6.185
SUIUSDT,2026-08-18 08:00:00+00:00,0.6469,2026-08-19 20:00:00+00:00,0.7115900000000001,10.0,9.8,True,9,1.5,6.26
ETCUSDT,2026-08-18 08:00:00+00:00,6.04,2026-08-19 20:00:00+00:00,6.644000000000001,10.0,9.8,True,9,1.5,3.629
ENJUSDT,2026-08-18 16:00:00+00:00,0.02345,2026-08-20 12:00:00+00:00,0.025795000000000002,10.0,9.8,True,11,1.83,4.629
ATOMUSDT,2026-08-19 16:00:00+00:00,1.431,2026-08-21 08:00:00+00:00,1.5741000000000003,10.0,9.8,True,10,1.67,2.722
ETCUSDT,2026-08-19 16:00:00+00:00,6.27,2026-08-20 16:00:00+00:00,6.897,10.0,9.8,True,6,1.0,6.42
AXSUSDT,2026-08-19 16:00:00+00:00,0.872,2026-08-20 20:00:00+00:00,0.9592,10.0,9.8,True,7,1.17,3.063
SUIUSDT,2026-08-19 16:00:00+00:00,0.6799,2026-08-20 16:00:00+00:00,0.74789,10.0,9.8,True,6,1.0,5.715
CHZUSDT,2026-08-19 16:00:00+00:00,0.01245,2026-08-21 08:00:00+00:00,0.013695,10.0,9.8,True,10,1.67,3.994
SUIUSDT,2026-08-20 00:00:00+00:00,0.706,2026-08-21 04:00:00+00:00,0.7766000000000001,10.0,9.8,True,7,1.17,3.623
CHZUSDT,2026-08-20 00:00:00+00:00,0.01275,2026-08-21 08:00:00+00:00,0.014025000000000001,10.0,9.8,True,8,1.33,2.857
ETCUSDT,2026-08-20 00:00:00+00:00,6.53,2026-08-21 04:00:00+00:00,7.183000000000001,10.0,9.8,True,7,1.17,3.447
AXSUSDT,2026-08-20 00:00:00+00:00,0.9,2026-08-21 00:00:00+00:00,0.9900000000000001,10.0,9.8,True,6,1.0,3.838
ENJUSDT,2026-08-27 04:00:00+00:00,0.02632,2026-08-30 00:00:00+00:00,0.02538,-3.571,-3.771,False,17,2.83,2.589
FILUSDT,2026-08-28 00:00:00+00:00,0.7044,2026-08-30 20:00:00+00:00,0.66,-6.303,-6.503,False,17,2.83,3.324
ADAUSDT,2026-08-31 00:00:00+00:00,0.1926,2026-09-02 20:00:00+00:00,0.2012,4.465,4.265,False,17,2.83,3.543
DOGEUSDT,2026-08-31 00:00:00+00:00,0.08205,2026-09-02 20:00:00+00:00,0.08176,-0.353,-0.553,False,17,2.83,3.135
SHIBUSDT,2026-08-31 00:00:00+00:00,4.95e-06,2026-09-02 20:00:00+00:00,5.18e-06,4.646,4.446,False,17,2.83,3.699
XLMUSDT,2026-08-31 00:00:00+00:00,0.1745,2026-09-02 20:00:00+00:00,0.1756,0.63,0.43,False,17,2.83,2.631
SOLUSDT,2026-09-03 16:00:00+00:00,105.17,2026-09-06 12:00:00+00:00,105.76,0.561,0.361,False,17,2.83,2.739
ETHUSDT,2026-09-03 16:00:00+00:00,2516.58,2026-09-06 12:00:00+00:00,2479.79,-1.462,-1.662,False,17,2.83,2.934
XLMUSDT,2026-09-11 16:00:00+00:00,0.1807,2026-09-14 12:00:00+00:00,0.1924,6.475,6.275,False,17,2.83,2.501
ADAUSDT,2026-09-11 16:00:00+00:00,0.2083,2026-09-14 12:00:00+00:00,0.209,0.336,0.136,False,17,2.83,4.04
BNBUSDT,2026-09-11 16:00:00+00:00,728.58,2026-09-14 12:00:00+00:00,722.44,-0.843,-1.043,False,17,2.83,3.25
XRPUSDT,2026-09-11 16:00:00+00:00,1.3746,2026-09-14 12:00:00+00:00,1.4033,2.088,1.888,False,17,2.83,3.627
SHIBUSDT,2026-09-11 16:00:00+00:00,5.24e-06,2026-09-14 12:00:00+00:00,5.25e-06,0.191,-0.009,False,17,2.83,3.639
SUIUSDT,2026-09-11 16:00:00+00:00,0.7373,2026-09-14 12:00:00+00:00,0.7247,-1.709,-1.909,False,17,2.83,3.613
DOGEUSDT,2026-09-11 16:00:00+00:00,0.08498,2026-09-14 12:00:00+00:00,0.08405,-1.094,-1.294,False,17,2.83,2.809
AAVEUSDT,2026-09-11 16:00:00+00:00,125.8,2026-09-14 12:00:00+00:00,126.4,0.477,0.277,False,17,2.83,3.576
BCHUSDT,2026-09-11 16:00:00+00:00,232.2,2026-09-14 12:00:00+00:00,223.2,-3.876,-4.076,False,17,2.83,2.859
SOLUSDT,2026-09-11 16:00:00+00:00,101.6,2026-09-14 12:00:00+00:00,101.97,0.364,0.164,False,17,2.83,4.849
LINKUSDT,2026-09-11 16:00:00+00:00,11.709,2026-09-14 12:00:00+00:00,11.463,-2.101,-2.301,False,17,2.83,4.084
UNIUSDT,2026-09-11 16:00:00+00:00,6.166,2026-09-14 12:00:00+00:00,6.371,3.325,3.125,False,17,2.83,3.32
AVAXUSDT,2026-09-11 16:00:00+00:00,7.577,2026-09-14 12:00:00+00:00,7.462,-1.518,-1.718,False,17,2.83,4.053
FILUSDT,2026-09-11 16:00:00+00:00,0.7971,2026-09-13 12:00:00+00:00,0.8768100000000001,10.0,9.8,True,11,1.83,2.921
ETHUSDT,2026-09-15 20:00:00+00:00,2416.66,2026-09-18 16:00:00+00:00,2636.71,9.106,8.906,False,17,2.83,2.848
DOTUSDT,2026-09-16 16:00:00+00:00,0.972,2026-09-17 12:00:00+00:00,1.0692000000000002,10.0,9.8,True,5,0.83,2.814
AAVEUSDT,2026-09-16 20:00:00+00:00,116.64,2026-09-17 16:00:00+00:00,128.304,10.0,9.8,True,5,0.83,3.139
MANAUSDT,2026-09-16 20:00:00+00:00,0.0717,2026-09-18 20:00:00+00:00,0.07887000000000001,10.0,9.8,True,12,2.0,2.752
LINKUSDT,2026-09-24 20:00:00+00:00,13.263,2026-09-27 16:00:00+00:00,14.072,6.1,5.9,False,17,2.83,2.536
TRXUSDT,2026-09-28 16:00:00+00:00,0.3345,2026-09-30 00:00:00+00:00,0.3346,0.03,-0.17,False,8,1.33,2.602
XLMUSDT,2026-09-28 16:00:00+00:00,0.2206,2026-09-30 00:00:00+00:00,0.2232,1.179,0.979,False,8,1.33,6.455
ADAUSDT,2026-09-28 16:00:00+00:00,0.2445,2026-09-30 00:00:00+00:00,0.2464,0.777,0.577,False,8,1.33,2.578
ATOMUSDT,2026-09-29 08:00:00+00:00,1.762,2026-09-30 00:00:00+00:00,1.741,-1.192,-1.392,False,4,0.67,4.409
AAVEUSDT,2026-09-29 08:00:00+00:00,163.83,2026-09-30 00:00:00+00:00,161.65,-1.331,-1.531,False,4,0.67,5.542
