symbol,entry_time,entry_price,exit_time,exit_price,raw_return_pct,net_return_pct,resolved,bars_held,days_held,signal_volume_ratio
OPUSDT,2022-11-02 01:00:00+00:00,1.021,2022-11-03 15:00:00+00:00,1.1231,10.0,9.8,True,38,1.58,3.464
ETCUSDT,2022-11-02 01:00:00+00:00,24.09,2022-11-05 11:00:00+00:00,26.499000000000002,10.0,9.8,True,82,3.42,3.384
BCHUSDT,2022-11-02 09:00:00+00:00,118.6,2023-01-01 08:00:00+00:00,96.4,-18.718,-18.918,False,1439,59.96,12.938
ETCUSDT,2022-11-02 09:00:00+00:00,24.29,2022-11-05 11:00:00+00:00,26.719,10.0,9.8,True,74,3.08,2.875
ADAUSDT,2022-11-02 10:00:00+00:00,0.391,2022-11-05 01:00:00+00:00,0.43010000000000004,10.0,9.8,True,63,2.62,4.734
XLMUSDT,2022-11-02 11:00:00+00:00,0.1085,2023-01-01 10:00:00+00:00,0.0716,-34.009,-34.209,False,1439,59.96,4.468
BNBUSDT,2022-11-02 17:00:00+00:00,325.9,2022-11-04 14:00:00+00:00,358.49,10.0,9.8,True,45,1.88,2.873
ETHUSDT,2022-11-02 19:00:00+00:00,1563.68,2023-01-01 18:00:00+00:00,1200.92,-23.199,-23.399,False,1439,59.96,10.767
FILUSDT,2022-11-02 19:00:00+00:00,5.33,2022-11-03 04:00:00+00:00,5.863,10.0,9.8,True,9,0.38,5.141
MANAUSDT,2022-11-02 19:00:00+00:00,0.6279,2022-11-04 20:00:00+00:00,0.69069,10.0,9.8,True,49,2.04,7.008
ENJUSDT,2022-11-02 19:00:00+00:00,0.4323,2022-11-04 21:00:00+00:00,0.47553000000000006,10.0,9.8,True,50,2.08,7.163
NEARUSDT,2022-11-02 19:00:00+00:00,2.941,2022-11-04 08:00:00+00:00,3.2351,10.0,9.8,True,37,1.54,6.286
DOTUSDT,2022-11-02 19:00:00+00:00,6.39,2022-11-04 22:00:00+00:00,7.029,10.0,9.8,True,51,2.12,7.18
OPUSDT,2022-11-02 19:00:00+00:00,1.013,2022-11-03 14:00:00+00:00,1.1143,10.0,9.8,True,19,0.79,7.585
SANDUSDT,2022-11-02 19:00:00+00:00,0.8212,2022-11-05 00:00:00+00:00,0.9033200000000001,10.0,9.8,True,53,2.21,4.566
SHIBUSDT,2022-11-02 19:00:00+00:00,1.217e-05,2022-11-04 05:00:00+00:00,1.3387e-05,10.0,9.8,True,34,1.42,4.757
SOLUSDT,2022-11-02 19:00:00+00:00,31.82,2022-11-05 01:00:00+00:00,35.002,10.0,9.8,True,54,2.25,11.844
APTUSDT,2022-11-02 19:00:00+00:00,7.3456,2022-11-06 07:00:00+00:00,8.080160000000001,10.0,9.8,True,84,3.5,3.415
UNIUSDT,2022-11-02 19:00:00+00:00,7.21,2023-01-01 18:00:00+00:00,5.222,-27.573,-27.773,False,1439,59.96,8.202
AXSUSDT,2022-11-02 19:00:00+00:00,8.77,2022-11-04 21:00:00+00:00,9.647,10.0,9.8,True,50,2.08,5.833
ATOMUSDT,2022-11-02 19:00:00+00:00,13.567,2022-11-04 08:00:00+00:00,14.923700000000002,10.0,9.8,True,37,1.54,7.066
AAVEUSDT,2022-11-02 19:00:00+00:00,82.9,2022-11-04 07:00:00+00:00,91.19000000000001,10.0,9.8,True,36,1.5,10.213
MANAUSDT,2022-11-02 21:00:00+00:00,0.619,2022-11-04 11:00:00+00:00,0.6809000000000001,10.0,9.8,True,38,1.58,2.784
ETCUSDT,2022-11-02 21:00:00+00:00,22.72,2022-11-04 01:00:00+00:00,24.992,10.0,9.8,True,28,1.17,3.429
OPUSDT,2022-11-05 12:00:00+00:00,1.398,2023-01-04 11:00:00+00:00,1.037,-25.823,-26.023,False,1439,59.96,3.943
FILUSDT,2022-11-05 17:00:00+00:00,6.3,2023-01-04 16:00:00+00:00,3.282,-47.905,-48.105,False,1439,59.96,8.577
TRXUSDT,2022-11-06 10:00:00+00:00,0.06498,2023-01-05 09:00:00+00:00,0.05465,-15.897,-16.097,False,1439,59.96,8.118
FILUSDT,2022-11-06 11:00:00+00:00,6.3,2023-01-05 10:00:00+00:00,3.274,-48.032,-48.232,False,1439,59.96,2.867
DOGEUSDT,2022-11-06 15:00:00+00:00,0.1251,2023-01-05 14:00:00+00:00,0.07263,-41.942,-42.142,False,1439,59.96,2.853
SOLUSDT,2022-11-06 17:00:00+00:00,35.03,2023-01-05 16:00:00+00:00,13.17,-62.404,-62.604,False,1439,59.96,3.162
BCHUSDT,2022-11-06 20:00:00+00:00,120.1,2023-01-05 19:00:00+00:00,101.9,-15.154,-15.354,False,1439,59.96,2.743
AXSUSDT,2022-11-07 01:00:00+00:00,10.0,2022-11-13 13:00:00+00:00,11.0,10.0,9.8,True,156,6.5,2.971
BCHUSDT,2022-11-07 01:00:00+00:00,117.5,2023-01-06 00:00:00+00:00,101.4,-13.702,-13.902,False,1439,59.96,2.636
ATOMUSDT,2022-11-07 01:00:00+00:00,14.58,2023-01-06 00:00:00+00:00,10.178,-30.192,-30.392,False,1439,59.96,2.517
AXSUSDT,2022-11-07 06:00:00+00:00,9.97,2022-11-13 13:00:00+00:00,10.967000000000002,10.0,9.8,True,151,6.29,3.054
UNIUSDT,2022-11-07 06:00:00+00:00,7.54,2023-01-06 05:00:00+00:00,5.365,-28.846,-29.046,False,1439,59.96,10.437
UNIUSDT,2022-11-07 08:00:00+00:00,7.02,2023-01-06 07:00:00+00:00,5.335,-24.003,-24.203,False,1439,59.96,3.834
ATOMUSDT,2022-11-07 09:00:00+00:00,14.255,2023-01-06 08:00:00+00:00,9.984,-29.961,-30.161,False,1439,59.96,2.719
NEARUSDT,2022-11-08 05:00:00+00:00,2.846,2023-01-07 04:00:00+00:00,1.569,-44.87,-45.07,False,1439,59.96,4.578
APTUSDT,2022-11-08 17:00:00+00:00,6.432,2023-01-07 16:00:00+00:00,3.8077,-40.801,-41.001,False,1439,59.96,3.426
LTCUSDT,2022-11-08 17:00:00+00:00,66.9,2022-11-23 02:00:00+00:00,73.59000000000002,10.0,9.8,True,345,14.38,3.221
XLMUSDT,2022-11-08 17:00:00+00:00,0.1062,2023-01-07 16:00:00+00:00,0.0753,-29.096,-29.296,False,1439,59.96,3.024
ADAUSDT,2022-11-08 17:00:00+00:00,0.405,2023-01-07 16:00:00+00:00,0.2742,-32.296,-32.496,False,1439,59.96,3.75
BTCUSDT,2022-11-08 17:00:00+00:00,20369.58,2023-01-07 16:00:00+00:00,16922.79,-16.921,-17.121,False,1439,59.96,3.204
DOTUSDT,2022-11-08 17:00:00+00:00,6.82,2023-01-07 16:00:00+00:00,4.649,-31.833,-32.033,False,1439,59.96,3.517
AVAXUSDT,2022-11-08 17:00:00+00:00,17.44,2023-01-07 16:00:00+00:00,11.66,-33.142,-33.342,False,1439,59.96,3.174
ETHUSDT,2022-11-08 17:00:00+00:00,1545.82,2023-01-07 16:00:00+00:00,1262.49,-18.329,-18.529,False,1439,59.96,3.273
NEARUSDT,2022-11-08 17:00:00+00:00,2.941,2023-01-07 16:00:00+00:00,1.555,-47.127,-47.327,False,1439,59.96,3.036
XRPUSDT,2022-11-08 17:00:00+00:00,0.4487,2023-01-07 16:00:00+00:00,0.3434,-23.468,-23.668,False,1439,59.96,3.095
OPUSDT,2022-11-08 17:00:00+00:00,1.182,2023-01-07 16:00:00+00:00,1.093,-7.53,-7.73,False,1439,59.96,3.815
ATOMUSDT,2022-11-08 17:00:00+00:00,13.684,2023-01-07 16:00:00+00:00,10.19,-25.533,-25.733,False,1439,59.96,3.642
CHZUSDT,2022-11-08 17:00:00+00:00,0.2641,2023-01-07 16:00:00+00:00,0.1078,-59.182,-59.382,False,1439,59.96,3.352
SHIBUSDT,2022-11-08 17:00:00+00:00,1.116e-05,2023-01-07 16:00:00+00:00,8.4e-06,-24.731,-24.931,False,1439,59.96,2.666
ETCUSDT,2022-11-08 17:00:00+00:00,24.5,2023-01-07 16:00:00+00:00,20.06,-18.122,-18.322,False,1439,59.96,4.552
BCHUSDT,2022-11-08 17:00:00+00:00,116.3,2023-01-07 16:00:00+00:00,101.6,-12.64,-12.84,False,1439,59.96,2.564
AAVEUSDT,2022-11-08 17:00:00+00:00,85.5,2023-01-07 16:00:00+00:00,56.0,-34.503,-34.703,False,1439,59.96,3.068
UNIUSDT,2022-11-08 17:00:00+00:00,6.9,2023-01-07 16:00:00+00:00,5.422,-21.42,-21.62,False,1439,59.96,4.521
DOGEUSDT,2022-11-08 17:00:00+00:00,0.10812,2023-01-07 16:00:00+00:00,0.07202,-33.389,-33.589,False,1439,59.96,4.017
XRPUSDT,2022-11-08 19:00:00+00:00,0.4052,2023-01-07 18:00:00+00:00,0.3456,-14.709,-14.909,False,1439,59.96,4.447
SANDUSDT,2022-11-08 19:00:00+00:00,0.715,2023-01-07 18:00:00+00:00,0.4558,-36.252,-36.452,False,1439,59.96,3.05
AVAXUSDT,2022-11-08 19:00:00+00:00,15.91,2023-01-07 18:00:00+00:00,11.75,-26.147,-26.347,False,1439,59.96,3.889
BCHUSDT,2022-11-08 19:00:00+00:00,105.9,2022-11-23 03:00:00+00:00,116.49000000000001,10.0,9.8,True,344,14.33,3.124
BTCUSDT,2022-11-08 19:00:00+00:00,18600.51,2023-01-07 18:00:00+00:00,16938.12,-8.937,-9.137,False,1439,59.96,3.103
XLMUSDT,2022-11-08 19:00:00+00:00,0.0999,2023-01-07 18:00:00+00:00,0.0756,-24.324,-24.524,False,1439,59.96,4.07
ENJUSDT,2022-11-08 19:00:00+00:00,0.4106,2022-11-09 19:00:00+00:00,0.45166000000000006,10.0,9.8,True,24,1.0,3.417
ETCUSDT,2022-11-08 19:00:00+00:00,22.21,2023-01-07 18:00:00+00:00,20.02,-9.86,-10.06,False,1439,59.96,4.856
DOGEUSDT,2022-11-08 19:00:00+00:00,0.09038,2022-11-27 09:00:00+00:00,0.099418,10.0,9.8,True,446,18.58,3.353
MANAUSDT,2022-11-08 19:00:00+00:00,0.5935,2023-01-07 18:00:00+00:00,0.3515,-40.775,-40.975,False,1439,59.96,2.921
DOTUSDT,2022-11-08 19:00:00+00:00,6.3,2023-01-07 18:00:00+00:00,4.651,-26.175,-26.375,False,1439,59.96,3.27
APTUSDT,2022-11-08 19:00:00+00:00,5.4828,2023-01-07 18:00:00+00:00,3.8151,-30.417,-30.617,False,1439,59.96,3.789
AXSUSDT,2022-11-08 19:00:00+00:00,8.53,2022-11-13 13:00:00+00:00,9.383000000000001,10.0,9.8,True,114,4.75,2.83
OPUSDT,2022-11-08 19:00:00+00:00,1.006,2022-12-02 14:00:00+00:00,1.1066,10.0,9.8,True,571,23.79,4.571
CHZUSDT,2022-11-08 19:00:00+00:00,0.2151,2022-11-16 04:00:00+00:00,0.23661000000000004,10.0,9.8,True,177,7.38,4.205
NEARUSDT,2022-11-08 19:00:00+00:00,2.65,2023-01-07 18:00:00+00:00,1.557,-41.245,-41.445,False,1439,59.96,3.107
ATOMUSDT,2022-11-08 19:00:00+00:00,12.329,2023-01-07 18:00:00+00:00,10.212,-17.171,-17.371,False,1439,59.96,2.927
SHIBUSDT,2022-11-08 19:00:00+00:00,1.025e-05,2023-01-07 18:00:00+00:00,8.43e-06,-17.756,-17.956,False,1439,59.96,3.896
UNIUSDT,2022-11-08 19:00:00+00:00,6.24,2023-01-07 18:00:00+00:00,5.418,-13.173,-13.373,False,1439,59.96,3.687
AAVEUSDT,2022-11-08 19:00:00+00:00,76.6,2023-01-07 18:00:00+00:00,55.9,-27.023,-27.223,False,1439,59.96,4.493
TRXUSDT,2022-11-09 06:00:00+00:00,0.06077,2023-01-08 05:00:00+00:00,0.05194,-14.53,-14.73,False,1439,59.96,11.38
ETHUSDT,2022-11-09 11:00:00+00:00,1195.02,2022-11-10 13:00:00+00:00,1314.5220000000002,10.0,9.8,True,26,1.08,2.652
ENJUSDT,2022-11-09 16:00:00+00:00,0.3513,2022-11-09 19:00:00+00:00,0.38643000000000005,10.0,9.8,True,3,0.12,2.737
SOLUSDT,2022-11-09 19:00:00+00:00,14.26,2022-11-10 03:00:00+00:00,15.686000000000002,10.0,9.8,True,8,0.33,2.591
ENJUSDT,2022-11-09 20:00:00+00:00,0.3502,2022-11-10 21:00:00+00:00,0.38522000000000006,10.0,9.8,True,25,1.04,4.146
AAVEUSDT,2022-11-10 01:00:00+00:00,60.5,2022-11-10 13:00:00+00:00,66.55000000000001,10.0,9.8,True,12,0.5,2.626
TRXUSDT,2022-11-10 07:00:00+00:00,0.05647,2022-11-10 17:00:00+00:00,0.062117000000000006,10.0,9.8,True,10,0.42,5.209
ETHUSDT,2022-11-11 15:00:00+00:00,1261.99,2023-01-10 14:00:00+00:00,1332.12,5.557,5.357,False,1439,59.96,4.839
AAVEUSDT,2022-11-11 17:00:00+00:00,62.7,2023-01-10 16:00:00+00:00,62.2,-0.797,-0.997,False,1439,59.96,2.783
AVAXUSDT,2022-11-11 17:00:00+00:00,13.92,2023-01-10 16:00:00+00:00,12.65,-9.124,-9.324,False,1439,59.96,2.727
XLMUSDT,2022-11-11 22:00:00+00:00,0.094,2023-01-10 21:00:00+00:00,0.0797,-15.213,-15.413,False,1439,59.96,4.251
AAVEUSDT,2022-11-12 07:00:00+00:00,58.3,2022-11-30 00:00:00+00:00,64.13,10.0,9.8,True,425,17.71,7.905
LINKUSDT,2022-11-12 07:00:00+00:00,6.495,2022-11-26 14:00:00+00:00,7.144500000000001,10.0,9.8,True,343,14.29,5.572
BNBUSDT,2022-11-12 07:00:00+00:00,288.3,2022-11-26 09:00:00+00:00,317.13000000000005,10.0,9.8,True,338,14.08,4.672
DOGEUSDT,2022-11-12 08:00:00+00:00,0.08753,2022-11-27 06:00:00+00:00,0.09628300000000001,10.0,9.8,True,358,14.92,7.034
AXSUSDT,2022-11-13 01:00:00+00:00,6.7,2022-11-13 13:00:00+00:00,7.370000000000001,10.0,9.8,True,12,0.5,2.668
AVAXUSDT,2022-11-13 08:00:00+00:00,12.98,2022-12-05 05:00:00+00:00,14.278000000000002,10.0,9.8,True,525,21.88,2.588
SOLUSDT,2022-11-13 08:00:00+00:00,13.95,2023-01-09 01:00:00+00:00,15.345,10.0,9.8,True,1361,56.71,2.688
MANAUSDT,2022-11-13 08:00:00+00:00,0.4525,2023-01-12 07:00:00+00:00,0.4046,-10.586,-10.786,False,1439,59.96,2.998
ETHUSDT,2022-11-13 08:00:00+00:00,1250.94,2023-01-11 23:00:00+00:00,1376.034,10.0,9.8,True,1431,59.62,2.829
ATOMUSDT,2022-11-13 11:00:00+00:00,10.395,2023-01-09 07:00:00+00:00,11.4345,10.0,9.8,True,1364,56.83,2.549
TRXUSDT,2022-11-13 12:00:00+00:00,0.05245,2023-01-12 11:00:00+00:00,0.05605,6.864,6.664,False,1439,59.96,2.998
ATOMUSDT,2022-11-13 14:00:00+00:00,10.602,2023-01-11 23:00:00+00:00,11.662200000000002,10.0,9.8,True,1425,59.38,2.695
BCHUSDT,2022-11-13 14:00:00+00:00,100.8,2022-11-23 02:00:00+00:00,110.88000000000001,10.0,9.8,True,228,9.5,3.148
SANDUSDT,2022-11-13 14:00:00+00:00,0.6127,2022-11-13 15:00:00+00:00,0.6739700000000001,10.0,9.8,True,1,0.04,7.727
ENJUSDT,2022-11-13 14:00:00+00:00,0.3208,2022-12-03 03:00:00+00:00,0.35288,10.0,9.8,True,469,19.54,5.454
MANAUSDT,2022-11-13 14:00:00+00:00,0.4608,2023-01-12 13:00:00+00:00,0.404,-12.326,-12.526,False,1439,59.96,7.609
ETCUSDT,2022-11-13 14:00:00+00:00,20.16,2023-01-12 13:00:00+00:00,20.53,1.835,1.635,False,1439,59.96,2.519
ENJUSDT,2022-11-13 16:00:00+00:00,0.3193,2022-12-03 03:00:00+00:00,0.35123,10.0,9.8,True,467,19.46,2.655
ATOMUSDT,2022-11-13 16:00:00+00:00,10.617,2023-01-11 23:00:00+00:00,11.678700000000003,10.0,9.8,True,1423,59.29,2.749
ENJUSDT,2022-11-13 20:00:00+00:00,0.3228,2022-12-03 03:00:00+00:00,0.35508,10.0,9.8,True,463,19.29,6.034
OPUSDT,2022-11-13 22:00:00+00:00,0.878,2022-11-14 08:00:00+00:00,0.9658000000000001,10.0,9.8,True,10,0.42,3.898
XLMUSDT,2022-11-14 01:00:00+00:00,0.0877,2023-01-13 00:00:00+00:00,0.081,-7.64,-7.84,False,1439,59.96,3.846
LINKUSDT,2022-11-14 01:00:00+00:00,5.946,2022-11-15 09:00:00+00:00,6.5406,10.0,9.8,True,32,1.33,2.602
SHIBUSDT,2022-11-14 01:00:00+00:00,8.84e-06,2022-12-05 05:00:00+00:00,9.724e-06,10.0,9.8,True,508,21.17,2.597
TRXUSDT,2022-11-14 07:00:00+00:00,0.05077,2022-12-10 16:00:00+00:00,0.05584700000000001,10.0,9.8,True,633,26.38,4.255
SOLUSDT,2022-11-14 07:00:00+00:00,14.58,2023-01-09 02:00:00+00:00,16.038,10.0,9.8,True,1339,55.79,4.405
LINKUSDT,2022-11-14 07:00:00+00:00,6.11,2022-11-23 19:00:00+00:00,6.721000000000001,10.0,9.8,True,228,9.5,2.588
DOGEUSDT,2022-11-14 07:00:00+00:00,0.0874,2022-11-27 06:00:00+00:00,0.09614000000000002,10.0,9.8,True,311,12.96,2.664
SHIBUSDT,2022-11-14 07:00:00+00:00,9.3e-06,2023-01-13 06:00:00+00:00,9.49e-06,2.043,1.843,False,1439,59.96,2.814
BTCUSDT,2022-11-14 07:00:00+00:00,16639.75,2022-12-14 18:00:00+00:00,18303.725000000002,10.0,9.8,True,731,30.46,2.982
ETHUSDT,2022-11-14 07:00:00+00:00,1236.84,2023-01-11 23:00:00+00:00,1360.5240000000001,10.0,9.8,True,1408,58.67,2.782
CHZUSDT,2022-11-14 07:00:00+00:00,0.1987,2022-11-15 15:00:00+00:00,0.21857000000000001,10.0,9.8,True,32,1.33,3.098
LTCUSDT,2022-11-14 07:00:00+00:00,56.54,2022-11-17 20:00:00+00:00,62.194,10.0,9.8,True,85,3.54,2.792
APTUSDT,2022-11-14 07:00:00+00:00,4.3056,2022-11-16 16:00:00+00:00,4.736160000000001,10.0,9.8,True,57,2.38,3.024
OPUSDT,2022-11-14 07:00:00+00:00,0.931,2022-12-01 00:00:00+00:00,1.0241000000000002,10.0,9.8,True,401,16.71,2.877
ATOMUSDT,2022-11-14 08:00:00+00:00,10.517,2023-01-11 23:00:00+00:00,11.5687,10.0,9.8,True,1407,58.62,2.59
AVAXUSDT,2022-11-14 08:00:00+00:00,13.15,2023-01-11 19:00:00+00:00,14.465000000000002,10.0,9.8,True,1403,58.46,2.892
BNBUSDT,2022-11-16 15:00:00+00:00,271.8,2022-11-23 11:00:00+00:00,298.98,10.0,9.8,True,164,6.83,2.663
APTUSDT,2022-11-16 17:00:00+00:00,4.6653,2022-12-03 01:00:00+00:00,5.131830000000001,10.0,9.8,True,392,16.33,9.509
AAVEUSDT,2022-11-16 18:00:00+00:00,58.5,2022-11-30 01:00:00+00:00,64.35000000000001,10.0,9.8,True,319,13.29,2.614
MANAUSDT,2022-11-17 00:00:00+00:00,0.4319,2023-01-13 19:00:00+00:00,0.47509000000000007,10.0,9.8,True,1387,57.79,2.521
AXSUSDT,2022-11-17 01:00:00+00:00,7.2,2022-12-05 07:00:00+00:00,7.920000000000001,10.0,9.8,True,438,18.25,3.644
DOGEUSDT,2022-11-17 16:00:00+00:00,0.08406,2022-11-26 00:00:00+00:00,0.092466,10.0,9.8,True,200,8.33,3.546
TRXUSDT,2022-11-17 16:00:00+00:00,0.04933,2022-11-29 07:00:00+00:00,0.054263000000000006,10.0,9.8,True,279,11.62,2.621
DOTUSDT,2022-11-17 16:00:00+00:00,5.65,2023-01-14 06:00:00+00:00,6.215000000000001,10.0,9.8,True,1382,57.58,2.753
SOLUSDT,2022-11-17 16:00:00+00:00,13.52,2022-11-24 02:00:00+00:00,14.872,10.0,9.8,True,154,6.42,4.375
ETHUSDT,2022-11-17 16:00:00+00:00,1192.8,2022-12-13 13:00:00+00:00,1312.0800000000002,10.0,9.8,True,621,25.88,2.527
MANAUSDT,2022-11-17 19:00:00+00:00,0.4171,2023-01-13 04:00:00+00:00,0.45881000000000005,10.0,9.8,True,1353,56.38,2.545
ENJUSDT,2022-11-18 21:00:00+00:00,0.311,2022-12-03 03:00:00+00:00,0.3421,10.0,9.8,True,342,14.25,3.807
SANDUSDT,2022-11-18 22:00:00+00:00,0.5755,2022-12-05 17:00:00+00:00,0.6330500000000001,10.0,9.8,True,403,16.79,5.671
ETCUSDT,2022-11-19 06:00:00+00:00,19.13,2023-01-09 00:00:00+00:00,21.043,10.0,9.8,True,1218,50.75,2.819
LINKUSDT,2022-11-19 06:00:00+00:00,6.056,2022-11-23 19:00:00+00:00,6.661600000000001,10.0,9.8,True,109,4.54,2.578
SOLUSDT,2022-11-19 15:00:00+00:00,12.64,2022-11-23 19:00:00+00:00,13.904000000000002,10.0,9.8,True,100,4.17,2.931
OPUSDT,2022-11-19 16:00:00+00:00,0.908,2022-11-30 20:00:00+00:00,0.9988000000000001,10.0,9.8,True,268,11.17,4.616
ETCUSDT,2022-11-19 16:00:00+00:00,19.52,2023-01-09 00:00:00+00:00,21.472,10.0,9.8,True,1208,50.33,4.632
UNIUSDT,2022-11-19 17:00:00+00:00,5.81,2022-12-02 20:00:00+00:00,6.391,10.0,9.8,True,315,13.12,7.876
ETCUSDT,2022-11-19 18:00:00+00:00,19.4,2023-01-09 00:00:00+00:00,21.34,10.0,9.8,True,1206,50.25,4.678
CHZUSDT,2022-11-20 11:00:00+00:00,0.2349,2023-01-19 10:00:00+00:00,0.1264,-46.19,-46.39,False,1439,59.96,4.392
SHIBUSDT,2022-11-20 13:00:00+00:00,8.98e-06,2022-12-05 05:00:00+00:00,9.878000000000001e-06,10.0,9.8,True,352,14.67,3.13
CHZUSDT,2022-11-20 16:00:00+00:00,0.2255,2023-01-19 15:00:00+00:00,0.1261,-44.08,-44.28,False,1439,59.96,3.073
AVAXUSDT,2022-11-21 01:00:00+00:00,12.12,2022-11-24 02:00:00+00:00,13.332,10.0,9.8,True,73,3.04,2.646
LTCUSDT,2022-11-21 01:00:00+00:00,62.99,2022-11-22 13:00:00+00:00,69.289,10.0,9.8,True,36,1.5,3.04
SHIBUSDT,2022-11-21 01:00:00+00:00,8.72e-06,2022-11-27 11:00:00+00:00,9.592e-06,10.0,9.8,True,154,6.42,3.746
DOGEUSDT,2022-11-21 01:00:00+00:00,0.07648,2022-11-24 01:00:00+00:00,0.08412800000000001,10.0,9.8,True,72,3.0,2.971
BNBUSDT,2022-11-21 01:00:00+00:00,264.6,2022-11-23 08:00:00+00:00,291.06000000000006,10.0,9.8,True,55,2.29,2.919
XLMUSDT,2022-11-21 01:00:00+00:00,0.0862,2023-01-20 00:00:00+00:00,0.084,-2.552,-2.752,False,1439,59.96,2.632
XRPUSDT,2022-11-21 01:00:00+00:00,0.3592,2022-11-24 16:00:00+00:00,0.39512,10.0,9.8,True,87,3.62,3.064
ADAUSDT,2022-11-21 01:00:00+00:00,0.3129,2023-01-09 01:00:00+00:00,0.34419000000000005,10.0,9.8,True,1176,49.0,3.252
OPUSDT,2022-11-21 01:00:00+00:00,0.839,2022-11-23 10:00:00+00:00,0.9229,10.0,9.8,True,57,2.38,2.789
NEARUSDT,2022-11-21 01:00:00+00:00,1.558,2022-11-24 03:00:00+00:00,1.7138000000000002,10.0,9.8,True,74,3.08,3.372
ETCUSDT,2022-11-21 01:00:00+00:00,18.11,2022-11-23 11:00:00+00:00,19.921,10.0,9.8,True,58,2.42,2.58
ENJUSDT,2022-11-21 02:00:00+00:00,0.2903,2022-12-03 03:00:00+00:00,0.31933,10.0,9.8,True,289,12.04,9.395
MANAUSDT,2022-11-21 02:00:00+00:00,0.3806,2022-12-02 10:00:00+00:00,0.41866000000000003,10.0,9.8,True,272,11.33,3.314
AXSUSDT,2022-11-21 02:00:00+00:00,6.41,2022-11-22 19:00:00+00:00,7.051000000000001,10.0,9.8,True,41,1.71,4.475
UNIUSDT,2022-11-21 03:00:00+00:00,5.31,2022-11-30 08:00:00+00:00,5.841,10.0,9.8,True,221,9.21,4.513
OPUSDT,2022-11-21 03:00:00+00:00,0.818,2022-11-23 09:00:00+00:00,0.8998,10.0,9.8,True,54,2.25,3.373
ADAUSDT,2022-11-21 03:00:00+00:00,0.3037,2023-01-09 01:00:00+00:00,0.33407000000000003,10.0,9.8,True,1174,48.92,3.296
TRXUSDT,2022-11-21 03:00:00+00:00,0.04994,2022-12-01 10:00:00+00:00,0.054934000000000004,10.0,9.8,True,247,10.29,3.963
ETCUSDT,2022-11-21 03:00:00+00:00,17.75,2022-11-23 05:00:00+00:00,19.525000000000002,10.0,9.8,True,50,2.08,2.597
UNIUSDT,2022-11-21 07:00:00+00:00,5.31,2022-11-30 08:00:00+00:00,5.841,10.0,9.8,True,217,9.04,2.747
ATOMUSDT,2022-11-21 08:00:00+00:00,9.087,2022-11-24 01:00:00+00:00,9.995700000000001,10.0,9.8,True,65,2.71,3.183
XLMUSDT,2022-11-21 10:00:00+00:00,0.0861,2023-01-20 09:00:00+00:00,0.0837,-2.787,-2.987,False,1439,59.96,8.425
MANAUSDT,2022-11-21 21:00:00+00:00,0.368,2022-11-24 03:00:00+00:00,0.40480000000000005,10.0,9.8,True,54,2.25,3.021
ETCUSDT,2022-11-21 21:00:00+00:00,17.95,2022-11-23 10:00:00+00:00,19.745,10.0,9.8,True,37,1.54,3.025
NEARUSDT,2022-11-21 21:00:00+00:00,1.539,2022-11-23 23:00:00+00:00,1.6929,10.0,9.8,True,50,2.08,2.754
DOTUSDT,2022-11-22 08:00:00+00:00,5.06,2022-12-02 10:00:00+00:00,5.566,10.0,9.8,True,242,10.08,2.899
AAVEUSDT,2022-11-22 08:00:00+00:00,53.9,2022-11-23 07:00:00+00:00,59.290000000000006,10.0,9.8,True,23,0.96,3.098
AAVEUSDT,2022-11-22 14:00:00+00:00,54.1,2022-11-24 02:00:00+00:00,59.510000000000005,10.0,9.8,True,36,1.5,12.049
TRXUSDT,2022-11-22 14:00:00+00:00,0.05043,2022-12-10 16:00:00+00:00,0.05547300000000001,10.0,9.8,True,434,18.08,2.901
DOTUSDT,2022-11-22 14:00:00+00:00,5.3,2023-01-14 06:00:00+00:00,5.83,10.0,9.8,True,1264,52.67,2.954
CHZUSDT,2022-11-22 14:00:00+00:00,0.1849,2023-01-21 13:00:00+00:00,0.1363,-26.284,-26.484,False,1439,59.96,2.874
SOLUSDT,2022-11-22 14:00:00+00:00,11.87,2022-11-23 02:00:00+00:00,13.057,10.0,9.8,True,12,0.5,3.696
AAVEUSDT,2022-11-22 16:00:00+00:00,54.7,2022-11-25 15:00:00+00:00,60.17000000000001,10.0,9.8,True,71,2.96,2.716
AAVEUSDT,2022-11-22 19:00:00+00:00,56.7,2022-11-26 17:00:00+00:00,62.37000000000001,10.0,9.8,True,94,3.92,10.905
APTUSDT,2022-11-24 16:00:00+00:00,4.4443,2022-11-26 09:00:00+00:00,4.888730000000001,10.0,9.8,True,41,1.71,2.76
ENJUSDT,2022-11-24 23:00:00+00:00,0.3081,2022-12-03 03:00:00+00:00,0.33891,10.0,9.8,True,196,8.17,5.788
UNIUSDT,2022-11-25 09:00:00+00:00,5.35,2022-11-30 23:00:00+00:00,5.885,10.0,9.8,True,134,5.58,5.238
ADAUSDT,2022-11-25 09:00:00+00:00,0.3105,2023-01-09 01:00:00+00:00,0.34155,10.0,9.8,True,1072,44.67,4.636
SHIBUSDT,2022-11-25 11:00:00+00:00,9.09e-06,2022-12-05 05:00:00+00:00,9.999e-06,10.0,9.8,True,234,9.75,13.35
BNBUSDT,2022-11-25 13:00:00+00:00,301.7,2023-01-24 12:00:00+00:00,314.1,4.11,3.91,False,1439,59.96,3.707
DOGEUSDT,2022-11-27 05:00:00+00:00,0.09339,2022-11-27 10:00:00+00:00,0.10272900000000001,10.0,9.8,True,5,0.21,6.082
DOGEUSDT,2022-11-27 07:00:00+00:00,0.0967,2022-11-27 10:00:00+00:00,0.10637,10.0,9.8,True,3,0.12,3.69
ETHUSDT,2022-11-28 03:00:00+00:00,1163.8,2022-11-30 00:00:00+00:00,1280.18,10.0,9.8,True,45,1.88,3.889
AVAXUSDT,2022-11-28 05:00:00+00:00,12.28,2022-12-02 20:00:00+00:00,13.508000000000001,10.0,9.8,True,111,4.62,3.838
CHZUSDT,2022-11-28 06:00:00+00:00,0.1603,2022-12-02 16:00:00+00:00,0.17633000000000001,10.0,9.8,True,106,4.42,4.211
LINKUSDT,2022-11-28 07:00:00+00:00,6.742,2022-11-29 04:00:00+00:00,7.416200000000001,10.0,9.8,True,21,0.88,2.53
CHZUSDT,2022-11-28 08:00:00+00:00,0.1621,2023-01-27 07:00:00+00:00,0.1368,-15.608,-15.808,False,1439,59.96,4.24
ETCUSDT,2022-11-28 09:00:00+00:00,19.03,2023-01-09 00:00:00+00:00,20.933000000000003,10.0,9.8,True,999,41.62,3.325
XLMUSDT,2022-11-28 12:00:00+00:00,0.0872,2023-01-24 08:00:00+00:00,0.09592,10.0,9.8,True,1364,56.83,3.578
CHZUSDT,2022-11-28 15:00:00+00:00,0.168,2023-01-27 14:00:00+00:00,0.1351,-19.583,-19.783,False,1439,59.96,4.456
BTCUSDT,2022-11-28 17:00:00+00:00,16310.53,2022-12-13 13:00:00+00:00,17941.583000000002,10.0,9.8,True,356,14.83,2.605
ENJUSDT,2022-11-30 01:00:00+00:00,0.3069,2022-12-03 03:00:00+00:00,0.33759000000000006,10.0,9.8,True,74,3.08,7.717
MANAUSDT,2022-11-30 01:00:00+00:00,0.4059,2023-01-13 03:00:00+00:00,0.44649,10.0,9.8,True,1058,44.08,3.31
SHIBUSDT,2022-11-30 01:00:00+00:00,9.35e-06,2023-01-14 00:00:00+00:00,1.0285e-05,10.0,9.8,True,1079,44.96,3.734
ETCUSDT,2022-11-30 01:00:00+00:00,20.33,2023-01-14 00:00:00+00:00,22.363,10.0,9.8,True,1079,44.96,8.11
AVAXUSDT,2022-11-30 01:00:00+00:00,12.97,2022-12-05 05:00:00+00:00,14.267000000000001,10.0,9.8,True,124,5.17,4.105
DOGEUSDT,2022-11-30 19:00:00+00:00,0.10268,2023-01-29 18:00:00+00:00,0.08994,-12.407,-12.607,False,1439,59.96,2.976
ENJUSDT,2022-12-01 14:00:00+00:00,0.3091,2022-12-03 03:00:00+00:00,0.34001000000000003,10.0,9.8,True,37,1.54,3.203
LTCUSDT,2022-12-01 15:00:00+00:00,78.37,2023-01-12 00:00:00+00:00,86.20700000000001,10.0,9.8,True,993,41.38,3.538
DOTUSDT,2022-12-01 16:00:00+00:00,5.38,2023-01-14 06:00:00+00:00,5.918,10.0,9.8,True,1046,43.58,2.896
APTUSDT,2022-12-01 16:00:00+00:00,4.6536,2022-12-03 01:00:00+00:00,5.11896,10.0,9.8,True,33,1.38,2.816
CHZUSDT,2022-12-02 06:00:00+00:00,0.1605,2023-01-31 05:00:00+00:00,0.1312,-18.255,-18.455,False,1439,59.96,5.059
CHZUSDT,2022-12-02 08:00:00+00:00,0.1597,2022-12-02 16:00:00+00:00,0.17567000000000002,10.0,9.8,True,8,0.33,2.601
LINKUSDT,2022-12-02 14:00:00+00:00,7.579,2023-01-31 13:00:00+00:00,6.995,-7.706,-7.906,False,1439,59.96,2.863
SANDUSDT,2022-12-03 10:00:00+00:00,0.5917,2023-01-14 00:00:00+00:00,0.6508700000000001,10.0,9.8,True,998,41.58,3.185
AAVEUSDT,2022-12-03 22:00:00+00:00,63.3,2023-01-13 07:00:00+00:00,69.63,10.0,9.8,True,969,40.38,3.669
BNBUSDT,2022-12-04 13:00:00+00:00,290.7,2023-01-24 03:00:00+00:00,319.77000000000004,10.0,9.8,True,1214,50.58,2.853
MANAUSDT,2022-12-04 15:00:00+00:00,0.4093,2023-01-13 03:00:00+00:00,0.45023,10.0,9.8,True,948,39.5,10.717
OPUSDT,2022-12-04 19:00:00+00:00,1.052,2022-12-14 00:00:00+00:00,1.1572000000000002,10.0,9.8,True,221,9.21,4.067
CHZUSDT,2022-12-06 06:00:00+00:00,0.1607,2023-02-04 05:00:00+00:00,0.1441,-10.33,-10.53,False,1439,59.96,3.598
TRXUSDT,2022-12-06 16:00:00+00:00,0.05314,2023-01-13 21:00:00+00:00,0.058454000000000006,10.0,9.8,True,917,38.21,5.403
ENJUSDT,2022-12-07 01:00:00+00:00,0.3172,2023-01-14 00:00:00+00:00,0.34892,10.0,9.8,True,911,37.96,2.932
DOTUSDT,2022-12-07 01:00:00+00:00,5.5,2023-01-14 06:00:00+00:00,6.050000000000001,10.0,9.8,True,917,38.21,3.226
AVAXUSDT,2022-12-07 10:00:00+00:00,13.2,2023-01-11 19:00:00+00:00,14.52,10.0,9.8,True,849,35.38,2.73
ENJUSDT,2022-12-07 10:00:00+00:00,0.2974,2023-01-13 20:00:00+00:00,0.32714000000000004,10.0,9.8,True,898,37.42,6.145
ATOMUSDT,2022-12-07 13:00:00+00:00,9.662,2023-01-09 00:00:00+00:00,10.628200000000001,10.0,9.8,True,779,32.46,3.063
ENJUSDT,2022-12-07 16:00:00+00:00,0.299,2023-01-13 20:00:00+00:00,0.3289,10.0,9.8,True,892,37.17,3.993
SOLUSDT,2022-12-08 08:00:00+00:00,13.5,2022-12-14 18:00:00+00:00,14.850000000000001,10.0,9.8,True,154,6.42,2.723
OPUSDT,2022-12-08 12:00:00+00:00,1.023,2022-12-13 13:00:00+00:00,1.1253,10.0,9.8,True,121,5.04,3.666
SANDUSDT,2022-12-09 14:00:00+00:00,0.5851,2023-01-14 00:00:00+00:00,0.64361,10.0,9.8,True,850,35.42,2.985
AXSUSDT,2022-12-10 06:00:00+00:00,8.2,2023-01-13 21:00:00+00:00,9.02,10.0,9.8,True,831,34.62,2.637
LINKUSDT,2022-12-10 10:00:00+00:00,6.759,2023-01-27 18:00:00+00:00,7.434900000000001,10.0,9.8,True,1160,48.33,2.922
UNIUSDT,2022-12-11 17:00:00+00:00,6.06,2023-01-14 01:00:00+00:00,6.666,10.0,9.8,True,800,33.33,3.12
XLMUSDT,2022-12-11 18:00:00+00:00,0.085,2023-01-22 18:00:00+00:00,0.09350000000000001,10.0,9.8,True,1008,42.0,3.161
BCHUSDT,2022-12-11 19:00:00+00:00,108.3,2023-01-12 16:00:00+00:00,119.13000000000001,10.0,9.8,True,765,31.88,2.777
SANDUSDT,2022-12-11 20:00:00+00:00,0.578,2023-01-14 00:00:00+00:00,0.6358,10.0,9.8,True,796,33.17,2.573
BCHUSDT,2022-12-11 21:00:00+00:00,107.1,2023-01-12 16:00:00+00:00,117.81,10.0,9.8,True,763,31.79,3.44
AXSUSDT,2022-12-11 21:00:00+00:00,7.99,2023-01-13 21:00:00+00:00,8.789000000000001,10.0,9.8,True,792,33.0,2.968
TRXUSDT,2022-12-11 21:00:00+00:00,0.05406,2023-01-13 21:00:00+00:00,0.059466,10.0,9.8,True,792,33.0,2.801
XLMUSDT,2022-12-11 22:00:00+00:00,0.085,2023-01-22 18:00:00+00:00,0.09350000000000001,10.0,9.8,True,1004,41.83,3.791
UNIUSDT,2022-12-11 23:00:00+00:00,5.94,2023-01-14 00:00:00+00:00,6.534000000000001,10.0,9.8,True,793,33.04,2.574
MANAUSDT,2022-12-12 00:00:00+00:00,0.3897,2023-01-09 17:00:00+00:00,0.42867000000000005,10.0,9.8,True,689,28.71,2.908
NEARUSDT,2022-12-12 00:00:00+00:00,1.633,2023-01-11 20:00:00+00:00,1.7963000000000002,10.0,9.8,True,740,30.83,3.796
CHZUSDT,2022-12-12 00:00:00+00:00,0.1436,2023-02-07 10:00:00+00:00,0.15796000000000002,10.0,9.8,True,1378,57.42,4.312
SANDUSDT,2022-12-12 00:00:00+00:00,0.5645,2023-01-13 20:00:00+00:00,0.62095,10.0,9.8,True,788,32.83,2.579
DOTUSDT,2022-12-12 00:00:00+00:00,5.16,2023-01-14 01:00:00+00:00,5.676000000000001,10.0,9.8,True,793,33.04,2.521
UNIUSDT,2022-12-12 01:00:00+00:00,5.97,2023-01-14 00:00:00+00:00,6.567,10.0,9.8,True,791,32.96,2.556
BCHUSDT,2022-12-12 01:00:00+00:00,106.8,2023-01-12 15:00:00+00:00,117.48,10.0,9.8,True,758,31.58,2.832
ATOMUSDT,2022-12-12 03:00:00+00:00,9.462,2023-01-03 20:00:00+00:00,10.4082,10.0,9.8,True,545,22.71,3.324
UNIUSDT,2022-12-12 03:00:00+00:00,5.81,2023-01-14 00:00:00+00:00,6.391,10.0,9.8,True,789,32.88,5.935
BNBUSDT,2022-12-12 03:00:00+00:00,283.4,2023-01-14 06:00:00+00:00,311.74,10.0,9.8,True,795,33.12,2.627
LINKUSDT,2022-12-12 04:00:00+00:00,6.569,2023-01-22 15:00:00+00:00,7.2259,10.0,9.8,True,995,41.46,2.826
MANAUSDT,2022-12-12 04:00:00+00:00,0.3762,2023-01-09 16:00:00+00:00,0.41382,10.0,9.8,True,684,28.5,2.7
DOGEUSDT,2022-12-12 04:00:00+00:00,0.08747,2023-01-31 16:00:00+00:00,0.09621700000000001,10.0,9.8,True,1212,50.5,5.491
SHIBUSDT,2022-12-12 04:00:00+00:00,8.78e-06,2023-01-10 11:00:00+00:00,9.658000000000001e-06,10.0,9.8,True,703,29.29,4.538
XRPUSDT,2022-12-12 05:00:00+00:00,0.3742,2023-01-20 21:00:00+00:00,0.41162,10.0,9.8,True,952,39.67,2.865
LTCUSDT,2022-12-12 05:00:00+00:00,74.47,2023-01-09 01:00:00+00:00,81.917,10.0,9.8,True,668,27.83,2.751
TRXUSDT,2022-12-12 07:00:00+00:00,0.05277,2023-01-13 08:00:00+00:00,0.058047,10.0,9.8,True,769,32.04,4.046
TRXUSDT,2022-12-12 09:00:00+00:00,0.0528,2023-01-13 08:00:00+00:00,0.05808000000000001,10.0,9.8,True,767,31.96,5.799
BNBUSDT,2022-12-12 13:00:00+00:00,276.0,2023-01-14 00:00:00+00:00,303.6,10.0,9.8,True,779,32.46,11.037
BNBUSDT,2022-12-13 04:00:00+00:00,267.2,2023-01-13 21:00:00+00:00,293.92,10.0,9.8,True,761,31.71,2.89
BNBUSDT,2022-12-13 08:00:00+00:00,264.0,2023-01-13 04:00:00+00:00,290.40000000000003,10.0,9.8,True,740,30.83,4.748
XLMUSDT,2022-12-13 08:00:00+00:00,0.0824,2023-01-21 10:00:00+00:00,0.09064000000000001,10.0,9.8,True,938,39.08,4.109
ENJUSDT,2022-12-13 11:00:00+00:00,0.2897,2023-01-13 19:00:00+00:00,0.31867000000000006,10.0,9.8,True,752,31.33,2.841
ATOMUSDT,2022-12-13 14:00:00+00:00,9.816,2023-01-09 00:00:00+00:00,10.797600000000001,10.0,9.8,True,634,26.42,6.255
BNBUSDT,2022-12-13 14:00:00+00:00,273.3,2023-01-14 00:00:00+00:00,300.63000000000005,10.0,9.8,True,754,31.42,3.133
ENJUSDT,2022-12-13 14:00:00+00:00,0.3039,2023-01-13 21:00:00+00:00,0.33429000000000003,10.0,9.8,True,751,31.29,4.477
XLMUSDT,2022-12-13 14:00:00+00:00,0.0845,2023-01-21 20:00:00+00:00,0.09295000000000002,10.0,9.8,True,942,39.25,4.216
BCHUSDT,2022-12-14 19:00:00+00:00,109.9,2023-01-12 16:00:00+00:00,120.89000000000001,10.0,9.8,True,693,28.88,7.032
APTUSDT,2022-12-14 23:00:00+00:00,4.6752,2023-01-09 16:00:00+00:00,5.142720000000001,10.0,9.8,True,617,25.71,3.263
CHZUSDT,2022-12-15 09:00:00+00:00,0.1448,2023-02-07 17:00:00+00:00,0.15928000000000003,10.0,9.8,True,1304,54.33,7.593
XLMUSDT,2022-12-15 15:00:00+00:00,0.0835,2023-01-21 17:00:00+00:00,0.09185000000000001,10.0,9.8,True,890,37.08,27.088
BCHUSDT,2022-12-15 22:00:00+00:00,107.2,2023-01-12 16:00:00+00:00,117.92000000000002,10.0,9.8,True,666,27.75,2.74
AVAXUSDT,2022-12-15 22:00:00+00:00,13.21,2023-01-11 19:00:00+00:00,14.531000000000002,10.0,9.8,True,645,26.88,2.539
AVAXUSDT,2022-12-16 09:00:00+00:00,12.95,2023-01-11 19:00:00+00:00,14.245000000000001,10.0,9.8,True,634,26.42,2.762
MANAUSDT,2022-12-16 17:00:00+00:00,0.3609,2023-01-09 00:00:00+00:00,0.39699,10.0,9.8,True,559,23.29,3.538
ADAUSDT,2022-12-16 17:00:00+00:00,0.2823,2023-01-09 00:00:00+00:00,0.31053000000000003,10.0,9.8,True,559,23.29,2.593
APTUSDT,2022-12-16 17:00:00+00:00,4.3901,2023-01-09 16:00:00+00:00,4.829110000000001,10.0,9.8,True,575,23.96,2.528
UNIUSDT,2022-12-16 23:00:00+00:00,5.366,2023-01-09 14:00:00+00:00,5.9026000000000005,10.0,9.8,True,567,23.62,3.845
CHZUSDT,2022-12-17 00:00:00+00:00,0.1211,2023-01-14 00:00:00+00:00,0.13321000000000002,10.0,9.8,True,672,28.0,4.28
SHIBUSDT,2022-12-17 00:00:00+00:00,8.19e-06,2022-12-18 02:00:00+00:00,9.009e-06,10.0,9.8,True,26,1.08,2.541
SOLUSDT,2022-12-17 00:00:00+00:00,12.25,2023-01-03 16:00:00+00:00,13.475000000000001,10.0,9.8,True,424,17.67,3.734
ETHUSDT,2022-12-17 00:00:00+00:00,1166.82,2023-01-08 23:00:00+00:00,1283.502,10.0,9.8,True,551,22.96,3.186
ETCUSDT,2022-12-17 00:00:00+00:00,15.94,2023-01-04 03:00:00+00:00,17.534000000000002,10.0,9.8,True,435,18.12,5.229
XRPUSDT,2022-12-17 00:00:00+00:00,0.351,2023-01-13 21:00:00+00:00,0.3861,10.0,9.8,True,669,27.88,2.992
MANAUSDT,2022-12-17 00:00:00+00:00,0.3384,2023-01-08 20:00:00+00:00,0.37224,10.0,9.8,True,548,22.83,2.863
AVAXUSDT,2022-12-17 00:00:00+00:00,11.84,2023-01-11 18:00:00+00:00,13.024000000000001,10.0,9.8,True,618,25.75,3.371
APTUSDT,2022-12-17 00:00:00+00:00,4.0483,2023-01-09 15:00:00+00:00,4.453130000000001,10.0,9.8,True,567,23.62,3.555
NEARUSDT,2022-12-17 00:00:00+00:00,1.37,2023-01-04 09:00:00+00:00,1.5070000000000003,10.0,9.8,True,441,18.38,2.861
OPUSDT,2022-12-17 00:00:00+00:00,0.945,2023-01-04 11:00:00+00:00,1.0395,10.0,9.8,True,443,18.46,2.914
FILUSDT,2022-12-17 00:00:00+00:00,3.018,2022-12-17 22:00:00+00:00,3.3198,10.0,9.8,True,22,0.92,7.938
ADAUSDT,2022-12-17 00:00:00+00:00,0.2633,2023-01-08 12:00:00+00:00,0.28963,10.0,9.8,True,540,22.5,3.451
AXSUSDT,2022-12-17 00:00:00+00:00,6.66,2023-01-09 00:00:00+00:00,7.3260000000000005,10.0,9.8,True,552,23.0,4.369
BNBUSDT,2022-12-17 00:00:00+00:00,231.2,2022-12-18 04:00:00+00:00,254.32000000000002,10.0,9.8,True,28,1.17,2.861
TRXUSDT,2022-12-17 00:00:00+00:00,0.05293,2023-01-13 21:00:00+00:00,0.058223000000000004,10.0,9.8,True,669,27.88,2.783
LINKUSDT,2022-12-17 00:00:00+00:00,5.892,2023-01-13 20:00:00+00:00,6.481200000000001,10.0,9.8,True,668,27.83,3.726
ENJUSDT,2022-12-17 00:00:00+00:00,0.2603,2023-01-09 04:00:00+00:00,0.28633,10.0,9.8,True,556,23.17,2.725
DOGEUSDT,2022-12-17 00:00:00+00:00,0.07569,2023-01-13 22:00:00+00:00,0.083259,10.0,9.8,True,670,27.92,5.173
BNBUSDT,2022-12-17 03:00:00+00:00,228.5,2022-12-18 04:00:00+00:00,251.35000000000002,10.0,9.8,True,25,1.04,2.935
BCHUSDT,2022-12-17 03:00:00+00:00,101.9,2023-01-12 13:00:00+00:00,112.09000000000002,10.0,9.8,True,634,26.42,4.113
LTCUSDT,2022-12-17 07:00:00+00:00,64.34,2022-12-26 10:00:00+00:00,70.77400000000002,10.0,9.8,True,219,9.12,4.909
MANAUSDT,2022-12-17 08:00:00+00:00,0.3354,2023-01-08 20:00:00+00:00,0.36894,10.0,9.8,True,540,22.5,2.711
OPUSDT,2022-12-18 00:00:00+00:00,0.947,2023-01-04 11:00:00+00:00,1.0417,10.0,9.8,True,419,17.46,3.446
ENJUSDT,2022-12-18 19:00:00+00:00,0.2603,2023-01-09 04:00:00+00:00,0.28633,10.0,9.8,True,513,21.38,3.244
SANDUSDT,2022-12-18 19:00:00+00:00,0.471,2023-01-09 00:00:00+00:00,0.5181,10.0,9.8,True,509,21.21,3.184
DOGEUSDT,2022-12-18 19:00:00+00:00,0.07839,2023-01-14 00:00:00+00:00,0.08622900000000001,10.0,9.8,True,629,26.21,2.622
MANAUSDT,2022-12-18 20:00:00+00:00,0.3273,2023-01-07 05:00:00+00:00,0.36003,10.0,9.8,True,465,19.38,8.996
BCHUSDT,2022-12-19 05:00:00+00:00,100.8,2023-01-12 00:00:00+00:00,110.88000000000001,10.0,9.8,True,571,23.79,3.061
BCHUSDT,2022-12-19 17:00:00+00:00,100.7,2023-01-12 00:00:00+00:00,110.77000000000001,10.0,9.8,True,559,23.29,2.985
SOLUSDT,2022-12-19 17:00:00+00:00,12.06,2023-01-03 15:00:00+00:00,13.266000000000002,10.0,9.8,True,358,14.92,2.506
SANDUSDT,2022-12-19 17:00:00+00:00,0.4491,2023-01-08 20:00:00+00:00,0.49401000000000006,10.0,9.8,True,483,20.12,4.156
DOGEUSDT,2022-12-19 17:00:00+00:00,0.07574,2023-01-13 22:00:00+00:00,0.08331400000000001,10.0,9.8,True,605,25.21,3.042
DOTUSDT,2022-12-19 18:00:00+00:00,4.538,2023-01-09 10:00:00+00:00,4.9918000000000005,10.0,9.8,True,496,20.67,2.786
AXSUSDT,2022-12-20 01:00:00+00:00,6.67,2023-01-09 00:00:00+00:00,7.337000000000001,10.0,9.8,True,479,19.96,3.613
AAVEUSDT,2022-12-20 02:00:00+00:00,54.9,2023-01-09 00:00:00+00:00,60.39,10.0,9.8,True,478,19.92,5.183
ETHUSDT,2022-12-20 02:00:00+00:00,1185.82,2023-01-09 02:00:00+00:00,1304.402,10.0,9.8,True,480,20.0,2.939
AVAXUSDT,2022-12-20 02:00:00+00:00,11.61,2023-01-10 15:00:00+00:00,12.771,10.0,9.8,True,517,21.54,6.033
DOTUSDT,2022-12-21 09:00:00+00:00,4.52,2023-01-09 10:00:00+00:00,4.9719999999999995,10.0,9.8,True,457,19.04,2.659
CHZUSDT,2022-12-21 10:00:00+00:00,0.111,2023-01-10 04:00:00+00:00,0.12210000000000001,10.0,9.8,True,474,19.75,3.015
ENJUSDT,2022-12-22 10:00:00+00:00,0.261,2023-01-09 04:00:00+00:00,0.2871,10.0,9.8,True,426,17.75,5.471
AVAXUSDT,2022-12-22 16:00:00+00:00,11.5,2023-01-09 15:00:00+00:00,12.65,10.0,9.8,True,431,17.96,2.672
NEARUSDT,2022-12-22 16:00:00+00:00,1.286,2023-01-04 02:00:00+00:00,1.4146,10.0,9.8,True,298,12.42,2.844
SOLUSDT,2022-12-22 16:00:00+00:00,11.76,2023-01-03 15:00:00+00:00,12.936,10.0,9.8,True,287,11.96,2.673
XLMUSDT,2022-12-22 16:00:00+00:00,0.0741,2023-01-11 23:00:00+00:00,0.08151,10.0,9.8,True,487,20.29,2.834
OPUSDT,2022-12-22 16:00:00+00:00,0.904,2023-01-04 03:00:00+00:00,0.9944000000000001,10.0,9.8,True,299,12.46,3.139
XLMUSDT,2022-12-22 21:00:00+00:00,0.0757,2023-01-13 20:00:00+00:00,0.08327000000000001,10.0,9.8,True,527,21.96,3.213
ETHUSDT,2022-12-22 21:00:00+00:00,1217.36,2023-01-09 15:00:00+00:00,1339.096,10.0,9.8,True,426,17.75,5.086
AAVEUSDT,2022-12-22 21:00:00+00:00,55.0,2023-01-09 01:00:00+00:00,60.50000000000001,10.0,9.8,True,412,17.17,2.723
BCHUSDT,2022-12-22 21:00:00+00:00,100.9,2023-01-12 00:00:00+00:00,110.99000000000001,10.0,9.8,True,483,20.12,2.91
BNBUSDT,2022-12-22 21:00:00+00:00,245.0,2023-01-08 20:00:00+00:00,269.5,10.0,9.8,True,407,16.96,2.568
SOLUSDT,2022-12-22 21:00:00+00:00,11.94,2023-01-03 15:00:00+00:00,13.134,10.0,9.8,True,282,11.75,3.116
OPUSDT,2022-12-22 21:00:00+00:00,0.943,2023-01-04 08:00:00+00:00,1.0373,10.0,9.8,True,299,12.46,3.204
LINKUSDT,2022-12-22 21:00:00+00:00,5.966,2023-01-13 21:00:00+00:00,6.562600000000001,10.0,9.8,True,528,22.0,4.288
BTCUSDT,2022-12-22 21:00:00+00:00,16780.24,2023-01-12 17:00:00+00:00,18458.264000000003,10.0,9.8,True,500,20.83,2.501
UNIUSDT,2022-12-22 21:00:00+00:00,5.259,2023-01-09 09:00:00+00:00,5.784900000000001,10.0,9.8,True,420,17.5,2.678
TRXUSDT,2022-12-23 14:00:00+00:00,0.05473,2023-01-13 22:00:00+00:00,0.060203000000000007,10.0,9.8,True,512,21.33,3.546
CHZUSDT,2022-12-23 22:00:00+00:00,0.112,2023-01-10 07:00:00+00:00,0.12320000000000002,10.0,9.8,True,417,17.38,3.643
APTUSDT,2022-12-24 23:00:00+00:00,3.6939,2023-01-09 02:00:00+00:00,4.06329,10.0,9.8,True,363,15.12,3.21
BCHUSDT,2022-12-25 00:00:00+00:00,101.6,2023-01-12 13:00:00+00:00,111.76,10.0,9.8,True,445,18.54,3.469
AAVEUSDT,2022-12-25 08:00:00+00:00,54.7,2023-01-09 00:00:00+00:00,60.17000000000001,10.0,9.8,True,352,14.67,36.844
OPUSDT,2022-12-25 12:00:00+00:00,0.925,2023-01-04 03:00:00+00:00,1.0175,10.0,9.8,True,231,9.62,3.677
UNIUSDT,2022-12-25 13:00:00+00:00,5.154,2023-01-09 01:00:00+00:00,5.6694,10.0,9.8,True,348,14.5,3.176
OPUSDT,2022-12-25 15:00:00+00:00,0.921,2023-01-04 03:00:00+00:00,1.0131000000000001,10.0,9.8,True,228,9.5,7.651
XRPUSDT,2022-12-25 15:00:00+00:00,0.3468,2023-01-12 03:00:00+00:00,0.38148000000000004,10.0,9.8,True,420,17.5,4.294
OPUSDT,2022-12-25 19:00:00+00:00,0.914,2023-01-04 03:00:00+00:00,1.0054,10.0,9.8,True,224,9.33,2.732
BCHUSDT,2022-12-25 20:00:00+00:00,100.5,2023-01-12 00:00:00+00:00,110.55000000000001,10.0,9.8,True,412,17.17,2.786
ETHUSDT,2022-12-25 20:00:00+00:00,1209.52,2023-01-09 14:00:00+00:00,1330.472,10.0,9.8,True,354,14.75,4.065
DOGEUSDT,2022-12-25 20:00:00+00:00,0.0756,2023-01-13 22:00:00+00:00,0.08316000000000001,10.0,9.8,True,458,19.08,5.82
APTUSDT,2022-12-25 20:00:00+00:00,3.5748,2023-01-04 03:00:00+00:00,3.9322800000000004,10.0,9.8,True,223,9.29,2.717
DOTUSDT,2022-12-25 20:00:00+00:00,4.432,2023-01-09 01:00:00+00:00,4.8752,10.0,9.8,True,341,14.21,2.952
NEARUSDT,2022-12-25 20:00:00+00:00,1.325,2023-01-04 06:00:00+00:00,1.4575,10.0,9.8,True,226,9.42,3.083
ADAUSDT,2022-12-25 20:00:00+00:00,0.257,2023-01-08 09:00:00+00:00,0.2827,10.0,9.8,True,325,13.54,3.219
XLMUSDT,2022-12-25 20:00:00+00:00,0.0736,2023-01-11 05:00:00+00:00,0.08096,10.0,9.8,True,393,16.38,2.56
SANDUSDT,2022-12-25 20:00:00+00:00,0.4385,2023-01-08 20:00:00+00:00,0.48235000000000006,10.0,9.8,True,336,14.0,2.808
ENJUSDT,2022-12-25 20:00:00+00:00,0.2599,2023-01-09 04:00:00+00:00,0.28589000000000003,10.0,9.8,True,344,14.33,4.539
SHIBUSDT,2022-12-25 20:00:00+00:00,8.25e-06,2023-01-09 17:00:00+00:00,9.075000000000002e-06,10.0,9.8,True,357,14.88,4.295
ETHUSDT,2022-12-25 22:00:00+00:00,1218.75,2023-01-09 15:00:00+00:00,1340.625,10.0,9.8,True,353,14.71,3.075
AXSUSDT,2022-12-26 02:00:00+00:00,6.91,2023-01-09 09:00:00+00:00,7.601000000000001,10.0,9.8,True,343,14.29,49.337
LTCUSDT,2022-12-27 15:00:00+00:00,69.52,2023-01-02 07:00:00+00:00,76.47200000000001,10.0,9.8,True,136,5.67,3.285
SHIBUSDT,2022-12-27 16:00:00+00:00,8.23e-06,2023-01-09 17:00:00+00:00,9.053000000000001e-06,10.0,9.8,True,313,13.04,3.43
SOLUSDT,2022-12-27 17:00:00+00:00,10.86,2023-01-02 07:00:00+00:00,11.946,10.0,9.8,True,134,5.58,2.727
AVAXUSDT,2022-12-27 21:00:00+00:00,11.62,2023-01-10 15:00:00+00:00,12.782,10.0,9.8,True,330,13.75,2.851
OPUSDT,2022-12-28 07:00:00+00:00,0.897,2023-01-03 14:00:00+00:00,0.9867000000000001,10.0,9.8,True,151,6.29,3.954
ADAUSDT,2022-12-28 08:00:00+00:00,0.2514,2023-01-06 00:00:00+00:00,0.27654000000000006,10.0,9.8,True,208,8.67,2.858
CHZUSDT,2022-12-28 15:00:00+00:00,0.1042,2023-01-05 02:00:00+00:00,0.11462000000000001,10.0,9.8,True,179,7.46,3.547
ETHUSDT,2022-12-28 15:00:00+00:00,1204.58,2023-01-09 10:00:00+00:00,1325.038,10.0,9.8,True,283,11.79,3.982
MANAUSDT,2022-12-28 15:00:00+00:00,0.3121,2023-01-07 02:00:00+00:00,0.34331,10.0,9.8,True,227,9.46,3.348
SOLUSDT,2022-12-28 15:00:00+00:00,10.17,2023-01-02 07:00:00+00:00,11.187000000000001,10.0,9.8,True,112,4.67,2.527
ENJUSDT,2022-12-28 15:00:00+00:00,0.2493,2023-01-08 20:00:00+00:00,0.27423000000000003,10.0,9.8,True,269,11.21,3.116
LINKUSDT,2022-12-28 15:00:00+00:00,5.783,2023-01-12 00:00:00+00:00,6.361300000000001,10.0,9.8,True,345,14.38,3.594
BNBUSDT,2022-12-28 15:00:00+00:00,244.4,2023-01-08 20:00:00+00:00,268.84000000000003,10.0,9.8,True,269,11.21,3.196
ETCUSDT,2022-12-28 16:00:00+00:00,15.31,2023-01-04 02:00:00+00:00,16.841,10.0,9.8,True,154,6.42,2.509
BCHUSDT,2022-12-28 16:00:00+00:00,100.2,2023-01-12 00:00:00+00:00,110.22000000000001,10.0,9.8,True,344,14.33,2.684
ENJUSDT,2022-12-28 19:00:00+00:00,0.2484,2023-01-08 20:00:00+00:00,0.27324000000000004,10.0,9.8,True,265,11.04,2.543
BCHUSDT,2022-12-29 23:00:00+00:00,98.1,2023-01-10 04:00:00+00:00,107.91,10.0,9.8,True,269,11.21,2.54
SOLUSDT,2022-12-29 23:00:00+00:00,9.17,2022-12-30 00:00:00+00:00,10.087000000000002,10.0,9.8,True,1,0.04,6.67
AXSUSDT,2022-12-30 00:00:00+00:00,6.17,2023-01-05 00:00:00+00:00,6.787000000000001,10.0,9.8,True,144,6.0,3.043
ENJUSDT,2022-12-30 10:00:00+00:00,0.2315,2023-01-05 02:00:00+00:00,0.25465000000000004,10.0,9.8,True,136,5.67,7.629
XLMUSDT,2022-12-31 15:00:00+00:00,0.0717,2023-01-09 02:00:00+00:00,0.07887000000000001,10.0,9.8,True,203,8.46,3.21
SANDUSDT,2023-01-01 02:00:00+00:00,0.3796,2023-01-03 23:00:00+00:00,0.41756000000000004,10.0,9.8,True,69,2.88,6.878
AVAXUSDT,2023-01-01 06:00:00+00:00,10.74,2023-01-04 03:00:00+00:00,11.814000000000002,10.0,9.8,True,69,2.88,3.26
FILUSDT,2023-01-01 07:00:00+00:00,3.075,2023-01-04 04:00:00+00:00,3.3825000000000003,10.0,9.8,True,69,2.88,3.427
AXSUSDT,2023-01-01 14:00:00+00:00,6.16,2023-01-04 03:00:00+00:00,6.776000000000001,10.0,9.8,True,61,2.54,11.405
ENJUSDT,2023-01-02 03:00:00+00:00,0.2389,2023-01-07 02:00:00+00:00,0.26279,10.0,9.8,True,119,4.96,2.703
BCHUSDT,2023-01-02 04:00:00+00:00,96.5,2023-01-09 04:00:00+00:00,106.15,10.0,9.8,True,168,7.0,3.068
TRXUSDT,2023-01-02 08:00:00+00:00,0.05475,2023-01-13 22:00:00+00:00,0.06022500000000001,10.0,9.8,True,278,11.58,4.29
BCHUSDT,2023-01-03 07:00:00+00:00,99.6,2023-01-11 23:00:00+00:00,109.56,10.0,9.8,True,208,8.67,3.472
LINKUSDT,2023-01-03 15:00:00+00:00,5.622,2023-01-09 09:00:00+00:00,6.184200000000001,10.0,9.8,True,138,5.75,4.222
AAVEUSDT,2023-01-03 15:00:00+00:00,52.6,2023-01-04 14:00:00+00:00,57.86000000000001,10.0,9.8,True,23,0.96,3.322
ETCUSDT,2023-01-04 02:00:00+00:00,16.61,2023-01-04 12:00:00+00:00,18.271,10.0,9.8,True,10,0.42,7.07
TRXUSDT,2023-01-04 04:00:00+00:00,0.05545,2023-01-14 00:00:00+00:00,0.06099500000000001,10.0,9.8,True,236,9.83,2.951
DOGEUSDT,2023-01-04 04:00:00+00:00,0.07284,2023-01-12 03:00:00+00:00,0.08012400000000001,10.0,9.8,True,191,7.96,2.742
FILUSDT,2023-01-04 04:00:00+00:00,3.221,2023-01-09 01:00:00+00:00,3.5431000000000004,10.0,9.8,True,117,4.88,4.416
BCHUSDT,2023-01-04 20:00:00+00:00,101.2,2023-01-12 00:00:00+00:00,111.32000000000001,10.0,9.8,True,172,7.17,2.916
AXSUSDT,2023-01-05 01:00:00+00:00,7.03,2023-01-09 16:00:00+00:00,7.7330000000000005,10.0,9.8,True,111,4.62,11.852
UNIUSDT,2023-01-05 12:00:00+00:00,5.451,2023-01-12 00:00:00+00:00,5.9961,10.0,9.8,True,156,6.5,2.522
APTUSDT,2023-01-05 15:00:00+00:00,3.7007,2023-01-09 02:00:00+00:00,4.07077,10.0,9.8,True,83,3.46,3.605
UNIUSDT,2023-01-06 01:00:00+00:00,5.407,2023-01-09 17:00:00+00:00,5.9477,10.0,9.8,True,88,3.67,2.62
TRXUSDT,2023-01-06 06:00:00+00:00,0.05082,2023-01-09 02:00:00+00:00,0.055902,10.0,9.8,True,68,2.83,4.046
DOGEUSDT,2023-01-06 12:00:00+00:00,0.07052,2023-01-09 10:00:00+00:00,0.077572,10.0,9.8,True,70,2.92,4.118
BTCUSDT,2023-01-06 14:00:00+00:00,16774.19,2023-01-12 17:00:00+00:00,18451.609,10.0,9.8,True,147,6.12,2.926
NEARUSDT,2023-01-06 14:00:00+00:00,1.505,2023-01-08 23:00:00+00:00,1.6555,10.0,9.8,True,57,2.38,3.112
BCHUSDT,2023-01-06 14:00:00+00:00,99.2,2023-01-10 04:00:00+00:00,109.12000000000002,10.0,9.8,True,86,3.58,2.765
AAVEUSDT,2023-01-06 14:00:00+00:00,54.8,2023-01-09 00:00:00+00:00,60.28,10.0,9.8,True,58,2.42,5.237
SANDUSDT,2023-01-06 14:00:00+00:00,0.4126,2023-01-07 01:00:00+00:00,0.45386000000000004,10.0,9.8,True,11,0.46,2.813
UNIUSDT,2023-01-06 14:00:00+00:00,5.328,2023-01-09 11:00:00+00:00,5.860800000000001,10.0,9.8,True,69,2.88,3.13
DOGEUSDT,2023-01-06 14:00:00+00:00,0.07091,2023-01-09 11:00:00+00:00,0.078001,10.0,9.8,True,69,2.88,3.525
MANAUSDT,2023-01-06 14:00:00+00:00,0.3181,2023-01-07 05:00:00+00:00,0.34991,10.0,9.8,True,15,0.62,3.811
ETCUSDT,2023-01-06 14:00:00+00:00,18.21,2023-01-06 22:00:00+00:00,20.031000000000002,10.0,9.8,True,8,0.33,3.576
AVAXUSDT,2023-01-06 14:00:00+00:00,11.49,2023-01-09 15:00:00+00:00,12.639000000000001,10.0,9.8,True,73,3.04,5.976
AXSUSDT,2023-01-06 14:00:00+00:00,6.58,2023-01-08 21:00:00+00:00,7.238,10.0,9.8,True,55,2.29,2.605
LTCUSDT,2023-01-06 14:00:00+00:00,74.55,2023-01-09 01:00:00+00:00,82.00500000000001,10.0,9.8,True,59,2.46,2.683
LINKUSDT,2023-01-06 14:00:00+00:00,5.601,2023-01-09 08:00:00+00:00,6.1611,10.0,9.8,True,66,2.75,3.903
SOLUSDT,2023-01-06 14:00:00+00:00,12.98,2023-01-08 23:00:00+00:00,14.278000000000002,10.0,9.8,True,57,2.38,2.584
ETHUSDT,2023-01-06 14:00:00+00:00,1250.42,2023-01-11 23:00:00+00:00,1375.4620000000002,10.0,9.8,True,129,5.38,6.077
OPUSDT,2023-01-06 14:00:00+00:00,1.007,2023-01-07 00:00:00+00:00,1.1077,10.0,9.8,True,10,0.42,4.76
ETHUSDT,2023-01-06 16:00:00+00:00,1263.01,2023-01-11 23:00:00+00:00,1389.3110000000001,10.0,9.8,True,127,5.29,3.153
AAVEUSDT,2023-01-06 16:00:00+00:00,55.7,2023-01-09 02:00:00+00:00,61.27000000000001,10.0,9.8,True,58,2.42,2.92
APTUSDT,2023-01-06 17:00:00+00:00,3.7623,2023-01-09 02:00:00+00:00,4.13853,10.0,9.8,True,57,2.38,2.868
OPUSDT,2023-01-06 17:00:00+00:00,1.074,2023-01-08 20:00:00+00:00,1.1814000000000002,10.0,9.8,True,51,2.12,4.538
ETCUSDT,2023-01-06 18:00:00+00:00,19.19,2023-01-09 00:00:00+00:00,21.109,10.0,9.8,True,54,2.25,3.072
BCHUSDT,2023-01-06 19:00:00+00:00,101.4,2023-01-12 13:00:00+00:00,111.54000000000002,10.0,9.8,True,138,5.75,4.907
AAVEUSDT,2023-01-07 15:00:00+00:00,56.3,2023-01-09 09:00:00+00:00,61.93,10.0,9.8,True,42,1.75,4.688
FILUSDT,2023-01-07 20:00:00+00:00,3.331,2023-01-09 09:00:00+00:00,3.6641000000000004,10.0,9.8,True,37,1.54,9.725
DOTUSDT,2023-01-07 21:00:00+00:00,4.669,2023-01-11 23:00:00+00:00,5.1359,10.0,9.8,True,98,4.08,3.363
UNIUSDT,2023-01-08 02:00:00+00:00,5.429,2023-01-12 00:00:00+00:00,5.971900000000001,10.0,9.8,True,94,3.92,4.558
FILUSDT,2023-01-08 02:00:00+00:00,3.375,2023-01-09 10:00:00+00:00,3.7125000000000004,10.0,9.8,True,32,1.33,2.519
SOLUSDT,2023-01-08 02:00:00+00:00,13.2,2023-01-08 23:00:00+00:00,14.52,10.0,9.8,True,21,0.88,3.406
MANAUSDT,2023-01-08 05:00:00+00:00,0.3567,2023-01-08 20:00:00+00:00,0.39237000000000005,10.0,9.8,True,15,0.62,2.799
SANDUSDT,2023-01-08 05:00:00+00:00,0.4634,2023-01-08 20:00:00+00:00,0.50974,10.0,9.8,True,15,0.62,4.795
ETCUSDT,2023-01-08 10:00:00+00:00,20.04,2023-01-13 00:00:00+00:00,22.044,10.0,9.8,True,110,4.58,3.023
ATOMUSDT,2023-01-08 15:00:00+00:00,10.147,2023-01-09 01:00:00+00:00,11.161700000000002,10.0,9.8,True,10,0.42,6.422
APTUSDT,2023-01-08 17:00:00+00:00,3.7569,2023-01-09 02:00:00+00:00,4.13259,10.0,9.8,True,9,0.38,2.825
SHIBUSDT,2023-01-10 10:00:00+00:00,8.97e-06,2023-01-13 10:00:00+00:00,9.867e-06,10.0,9.8,True,72,3.0,3.619
SOLUSDT,2023-01-11 13:00:00+00:00,15.81,2023-01-13 20:00:00+00:00,17.391000000000002,10.0,9.8,True,55,2.29,2.791
AVAXUSDT,2023-01-11 15:00:00+00:00,12.5,2023-01-11 18:00:00+00:00,13.750000000000002,10.0,9.8,True,3,0.12,3.007
UNIUSDT,2023-01-11 17:00:00+00:00,5.61,2023-01-12 14:00:00+00:00,6.171000000000001,10.0,9.8,True,21,0.88,4.13
ETHUSDT,2023-01-11 19:00:00+00:00,1337.72,2023-01-14 00:00:00+00:00,1471.4920000000002,10.0,9.8,True,53,2.21,3.071
BTCUSDT,2023-01-11 19:00:00+00:00,17486.44,2023-01-13 15:00:00+00:00,19235.084,10.0,9.8,True,44,1.83,2.699
NEARUSDT,2023-01-11 20:00:00+00:00,1.684,2023-01-12 00:00:00+00:00,1.8524,10.0,9.8,True,4,0.17,12.354
BCHUSDT,2023-01-11 20:00:00+00:00,108.0,2023-01-12 16:00:00+00:00,118.80000000000001,10.0,9.8,True,20,0.83,2.687
BCHUSDT,2023-01-13 16:00:00+00:00,124.6,2023-01-23 08:00:00+00:00,137.06,10.0,9.8,True,232,9.67,7.379
LTCUSDT,2023-01-13 17:00:00+00:00,83.93,2023-01-23 12:00:00+00:00,92.32300000000002,10.0,9.8,True,235,9.79,2.693
FILUSDT,2023-01-15 00:00:00+00:00,4.805,2023-01-22 10:00:00+00:00,5.2855,10.0,9.8,True,178,7.42,3.084
APTUSDT,2023-01-15 12:00:00+00:00,8.0001,2023-01-15 13:00:00+00:00,8.80011,10.0,9.8,True,1,0.04,2.777
ETCUSDT,2023-01-17 01:00:00+00:00,22.37,2023-02-04 13:00:00+00:00,24.607000000000003,10.0,9.8,True,444,18.5,3.052
DOGEUSDT,2023-01-18 02:00:00+00:00,0.08546,2023-01-31 02:00:00+00:00,0.094006,10.0,9.8,True,312,13.0,4.434
AXSUSDT,2023-01-18 14:00:00+00:00,8.96,2023-01-22 12:00:00+00:00,9.856000000000002,10.0,9.8,True,94,3.92,2.626
UNIUSDT,2023-01-18 14:00:00+00:00,6.562,2023-02-02 16:00:00+00:00,7.218200000000001,10.0,9.8,True,362,15.08,6.603
DOTUSDT,2023-01-18 14:00:00+00:00,6.1,2023-01-23 18:00:00+00:00,6.71,10.0,9.8,True,124,5.17,3.368
APTUSDT,2023-01-18 17:00:00+00:00,7.7969,2023-01-20 16:00:00+00:00,8.576590000000001,10.0,9.8,True,47,1.96,6.185
MANAUSDT,2023-01-18 17:00:00+00:00,0.6496,2023-01-20 20:00:00+00:00,0.71456,10.0,9.8,True,51,2.12,4.267
OPUSDT,2023-01-18 17:00:00+00:00,1.712,2023-01-20 16:00:00+00:00,1.8832000000000002,10.0,9.8,True,47,1.96,6.144
LINKUSDT,2023-01-18 18:00:00+00:00,6.487,2023-01-22 15:00:00+00:00,7.135700000000001,10.0,9.8,True,93,3.88,2.684
ETHUSDT,2023-01-18 18:00:00+00:00,1541.58,2023-02-02 00:00:00+00:00,1695.738,10.0,9.8,True,342,14.25,2.88
XLMUSDT,2023-01-18 18:00:00+00:00,0.0841,2023-01-21 19:00:00+00:00,0.09251,10.0,9.8,True,73,3.04,3.794
BNBUSDT,2023-01-18 18:00:00+00:00,293.4,2023-01-24 03:00:00+00:00,322.74,10.0,9.8,True,129,5.38,4.385
AVAXUSDT,2023-01-18 18:00:00+00:00,16.35,2023-01-22 15:00:00+00:00,17.985000000000003,10.0,9.8,True,93,3.88,2.573
SANDUSDT,2023-01-18 18:00:00+00:00,0.7121,2023-01-21 00:00:00+00:00,0.7833100000000001,10.0,9.8,True,54,2.25,2.605
BTCUSDT,2023-01-18 18:00:00+00:00,20887.85,2023-01-21 09:00:00+00:00,22976.635000000002,10.0,9.8,True,63,2.62,2.775
ENJUSDT,2023-01-19 08:00:00+00:00,0.4265,2023-01-28 01:00:00+00:00,0.46915,10.0,9.8,True,209,8.71,8.642
OPUSDT,2023-01-22 06:00:00+00:00,2.351,2023-02-01 20:00:00+00:00,2.5861,10.0,9.8,True,254,10.58,2.759
ETCUSDT,2023-01-22 13:00:00+00:00,23.36,2023-03-23 12:00:00+00:00,20.61,-11.772,-11.972,False,1439,59.96,8.821
AAVEUSDT,2023-01-22 13:00:00+00:00,87.3,2023-03-23 12:00:00+00:00,76.9,-11.913,-12.113,False,1439,59.96,3.091
ETHUSDT,2023-01-23 16:00:00+00:00,1620.84,2023-03-17 22:00:00+00:00,1782.924,10.0,9.8,True,1278,53.25,2.756
OPUSDT,2023-01-23 23:00:00+00:00,2.185,2023-01-25 18:00:00+00:00,2.4035,10.0,9.8,True,43,1.79,5.736
BCHUSDT,2023-01-24 22:00:00+00:00,130.2,2023-02-02 15:00:00+00:00,143.22,10.0,9.8,True,209,8.71,2.586
AAVEUSDT,2023-01-25 00:00:00+00:00,79.9,2023-01-26 11:00:00+00:00,87.89000000000001,10.0,9.8,True,35,1.46,2.547
SHIBUSDT,2023-01-25 00:00:00+00:00,1.119e-05,2023-01-28 05:00:00+00:00,1.2309e-05,10.0,9.8,True,77,3.21,2.902
ETCUSDT,2023-01-25 00:00:00+00:00,21.17,2023-01-30 00:00:00+00:00,23.287000000000003,10.0,9.8,True,120,5.0,3.177
APTUSDT,2023-01-25 01:00:00+00:00,12.7694,2023-01-25 11:00:00+00:00,14.04634,10.0,9.8,True,10,0.42,3.415
OPUSDT,2023-01-25 13:00:00+00:00,2.171,2023-01-25 17:00:00+00:00,2.3881,10.0,9.8,True,4,0.17,4.866
AXSUSDT,2023-01-25 13:00:00+00:00,11.64,2023-03-26 13:00:00+00:00,8.49,-27.062,-27.262,False,1439,59.96,3.223
SOLUSDT,2023-01-25 13:00:00+00:00,24.28,2023-01-29 20:00:00+00:00,26.708000000000002,10.0,9.8,True,103,4.29,3.322
ATOMUSDT,2023-01-26 15:00:00+00:00,13.371,2023-02-01 19:00:00+00:00,14.708100000000002,10.0,9.8,True,148,6.17,2.526
AAVEUSDT,2023-01-27 14:00:00+00:00,87.2,2023-03-28 14:00:00+00:00,70.0,-19.725,-19.925,False,1439,59.96,3.995
AAVEUSDT,2023-01-27 16:00:00+00:00,88.0,2023-03-28 16:00:00+00:00,69.6,-20.909,-21.109,False,1439,59.96,2.564
MANAUSDT,2023-01-27 17:00:00+00:00,0.6778,2023-01-29 12:00:00+00:00,0.74558,10.0,9.8,True,43,1.79,3.178
AAVEUSDT,2023-01-28 17:00:00+00:00,84.7,2023-02-02 18:00:00+00:00,93.17000000000002,10.0,9.8,True,121,5.04,2.526
ETCUSDT,2023-01-28 17:00:00+00:00,21.79,2023-02-02 16:00:00+00:00,23.969,10.0,9.8,True,119,4.96,5.681
BCHUSDT,2023-01-28 17:00:00+00:00,132.8,2023-02-20 07:00:00+00:00,146.08,10.0,9.8,True,542,22.58,2.851
TRXUSDT,2023-01-28 18:00:00+00:00,0.063,2023-02-08 13:00:00+00:00,0.0693,10.0,9.8,True,259,10.79,5.56
MANAUSDT,2023-01-28 18:00:00+00:00,0.7126,2023-01-29 13:00:00+00:00,0.7838600000000001,10.0,9.8,True,19,0.79,2.75
UNIUSDT,2023-01-29 02:00:00+00:00,6.776,2023-02-02 18:00:00+00:00,7.453600000000001,10.0,9.8,True,112,4.67,3.208
ETHUSDT,2023-01-29 02:00:00+00:00,1602.69,2023-03-14 13:00:00+00:00,1762.9590000000003,10.0,9.8,True,1067,44.46,5.01
BCHUSDT,2023-01-30 12:00:00+00:00,131.4,2023-02-20 07:00:00+00:00,144.54000000000002,10.0,9.8,True,499,20.79,2.737
TRXUSDT,2023-01-30 15:00:00+00:00,0.0626,2023-02-08 13:00:00+00:00,0.06886,10.0,9.8,True,214,8.92,4.346
AVAXUSDT,2023-01-30 17:00:00+00:00,20.77,2023-03-31 17:00:00+00:00,17.58,-15.359,-15.559,False,1439,59.96,2.508
DOGEUSDT,2023-01-30 18:00:00+00:00,0.08775,2023-01-31 18:00:00+00:00,0.096525,10.0,9.8,True,24,1.0,12.408
ENJUSDT,2023-01-30 20:00:00+00:00,0.4334,2023-02-02 00:00:00+00:00,0.47674000000000005,10.0,9.8,True,52,2.17,2.955
LTCUSDT,2023-01-31 01:00:00+00:00,93.5,2023-02-15 22:00:00+00:00,102.85000000000001,10.0,9.8,True,381,15.88,2.622
CHZUSDT,2023-02-01 11:00:00+00:00,0.1318,2023-02-02 08:00:00+00:00,0.14498000000000003,10.0,9.8,True,21,0.88,2.516
AAVEUSDT,2023-02-01 19:00:00+00:00,82.3,2023-02-02 00:00:00+00:00,90.53,10.0,9.8,True,5,0.21,4.069
DOTUSDT,2023-02-01 20:00:00+00:00,6.296,2023-02-03 14:00:00+00:00,6.925600000000001,10.0,9.8,True,42,1.75,6.8
SHIBUSDT,2023-02-01 20:00:00+00:00,1.176e-05,2023-02-02 17:00:00+00:00,1.2936e-05,10.0,9.8,True,21,0.88,5.766
XLMUSDT,2023-02-01 20:00:00+00:00,0.0906,2023-03-21 20:00:00+00:00,0.09966000000000001,10.0,9.8,True,1152,48.0,3.47
APTUSDT,2023-02-01 20:00:00+00:00,16.7423,2023-02-01 22:00:00+00:00,18.41653,10.0,9.8,True,2,0.08,5.279
LINKUSDT,2023-02-01 20:00:00+00:00,7.005,2023-02-09 08:00:00+00:00,7.705500000000001,10.0,9.8,True,180,7.5,7.073
UNIUSDT,2023-02-01 20:00:00+00:00,6.625,2023-02-02 16:00:00+00:00,7.2875000000000005,10.0,9.8,True,20,0.83,4.792
AXSUSDT,2023-02-01 20:00:00+00:00,10.86,2023-02-02 18:00:00+00:00,11.946,10.0,9.8,True,22,0.92,5.083
ADAUSDT,2023-02-01 20:00:00+00:00,0.3875,2023-04-02 20:00:00+00:00,0.3795,-2.065,-2.265,False,1439,59.96,8.671
BNBUSDT,2023-02-01 20:00:00+00:00,314.5,2023-03-18 05:00:00+00:00,345.95000000000005,10.0,9.8,True,1065,44.38,6.704
CHZUSDT,2023-02-01 20:00:00+00:00,0.135,2023-02-02 10:00:00+00:00,0.14850000000000002,10.0,9.8,True,14,0.58,6.045
ENJUSDT,2023-02-01 20:00:00+00:00,0.457,2023-02-07 21:00:00+00:00,0.5027,10.0,9.8,True,145,6.04,3.359
SANDUSDT,2023-02-01 20:00:00+00:00,0.7288,2023-02-04 15:00:00+00:00,0.8016800000000001,10.0,9.8,True,67,2.79,4.432
BCHUSDT,2023-02-01 20:00:00+00:00,133.8,2023-02-20 07:00:00+00:00,147.18000000000004,10.0,9.8,True,443,18.46,3.849
ETCUSDT,2023-02-01 20:00:00+00:00,21.83,2023-02-02 16:00:00+00:00,24.013,10.0,9.8,True,20,0.83,6.766
SOLUSDT,2023-02-01 20:00:00+00:00,24.24,2023-02-20 05:00:00+00:00,26.664,10.0,9.8,True,441,18.38,9.129
LTCUSDT,2023-02-01 20:00:00+00:00,98.23,2023-04-02 20:00:00+00:00,91.47,-6.882,-7.082,False,1439,59.96,3.802
AVAXUSDT,2023-02-01 20:00:00+00:00,19.91,2023-02-02 02:00:00+00:00,21.901000000000003,10.0,9.8,True,6,0.25,10.146
NEARUSDT,2023-02-01 20:00:00+00:00,2.322,2023-02-02 17:00:00+00:00,2.5542000000000002,10.0,9.8,True,21,0.88,3.647
DOGEUSDT,2023-02-01 20:00:00+00:00,0.09204,2023-04-02 20:00:00+00:00,0.07975,-13.353,-13.553,False,1439,59.96,3.078
MANAUSDT,2023-02-01 20:00:00+00:00,0.7496,2023-02-02 18:00:00+00:00,0.8245600000000001,10.0,9.8,True,22,0.92,5.771
SANDUSDT,2023-02-01 22:00:00+00:00,0.7671,2023-02-07 21:00:00+00:00,0.8438100000000001,10.0,9.8,True,143,5.96,3.412
MANAUSDT,2023-02-01 22:00:00+00:00,0.8018,2023-04-02 22:00:00+00:00,0.5933,-26.004,-26.204,False,1439,59.96,6.092
SHIBUSDT,2023-02-02 16:00:00+00:00,1.239e-05,2023-02-04 00:00:00+00:00,1.3629000000000001e-05,10.0,9.8,True,32,1.33,4.521
OPUSDT,2023-02-03 13:00:00+00:00,3.086,2023-04-04 13:00:00+00:00,2.207,-28.483,-28.683,False,1439,59.96,3.453
ETHUSDT,2023-02-03 14:00:00+00:00,1637.1,2023-03-18 00:00:00+00:00,1800.81,10.0,9.8,True,1018,42.42,3.484
AVAXUSDT,2023-02-03 14:00:00+00:00,21.01,2023-04-04 14:00:00+00:00,17.32,-17.563,-17.763,False,1439,59.96,2.879
APTUSDT,2023-02-03 16:00:00+00:00,17.1903,2023-04-04 16:00:00+00:00,11.4553,-33.362,-33.562,False,1439,59.96,3.903
XLMUSDT,2023-02-05 12:00:00+00:00,0.0934,2023-03-29 03:00:00+00:00,0.10274,10.0,9.8,True,1238,51.58,2.665
LTCUSDT,2023-02-05 14:00:00+00:00,97.27,2023-04-06 14:00:00+00:00,90.93,-6.518,-6.718,False,1439,59.96,3.004
OPUSDT,2023-02-05 14:00:00+00:00,2.859,2023-02-08 01:00:00+00:00,3.1449000000000003,10.0,9.8,True,59,2.46,3.277
CHZUSDT,2023-02-05 14:00:00+00:00,0.1413,2023-02-07 10:00:00+00:00,0.15543,10.0,9.8,True,44,1.83,3.142
SANDUSDT,2023-02-05 14:00:00+00:00,0.7397,2023-02-07 21:00:00+00:00,0.8136700000000001,10.0,9.8,True,55,2.29,3.031
SOLUSDT,2023-02-05 14:00:00+00:00,23.65,2023-02-20 02:00:00+00:00,26.015,10.0,9.8,True,348,14.5,4.336
MANAUSDT,2023-02-05 14:00:00+00:00,0.7409,2023-02-07 22:00:00+00:00,0.8149900000000001,10.0,9.8,True,56,2.33,3.593
BCHUSDT,2023-02-05 14:00:00+00:00,135.1,2023-02-20 07:00:00+00:00,148.61,10.0,9.8,True,353,14.71,5.52
AAVEUSDT,2023-02-05 14:00:00+00:00,85.6,2023-02-19 13:00:00+00:00,94.16,10.0,9.8,True,335,13.96,2.632
UNIUSDT,2023-02-05 14:00:00+00:00,7.045,2023-04-06 14:00:00+00:00,6.112,-13.243,-13.443,False,1439,59.96,4.156
FILUSDT,2023-02-05 14:00:00+00:00,5.316,2023-02-16 18:00:00+00:00,5.8476,10.0,9.8,True,268,11.17,4.814
DOTUSDT,2023-02-05 14:00:00+00:00,6.684,2023-02-17 17:00:00+00:00,7.352400000000001,10.0,9.8,True,291,12.12,3.244
AXSUSDT,2023-02-05 14:00:00+00:00,11.0,2023-02-08 11:00:00+00:00,12.100000000000001,10.0,9.8,True,69,2.88,2.664
LINKUSDT,2023-02-05 14:00:00+00:00,7.016,2023-02-09 08:00:00+00:00,7.717600000000001,10.0,9.8,True,90,3.75,2.985
XLMUSDT,2023-02-05 14:00:00+00:00,0.0918,2023-03-29 02:00:00+00:00,0.10098000000000001,10.0,9.8,True,1235,51.46,3.401
ATOMUSDT,2023-02-05 14:00:00+00:00,14.338,2023-04-06 14:00:00+00:00,11.46,-20.073,-20.273,False,1439,59.96,3.536
APTUSDT,2023-02-05 14:00:00+00:00,15.5409,2023-04-06 14:00:00+00:00,11.4159,-26.543,-26.743,False,1439,59.96,4.988
ATOMUSDT,2023-02-05 16:00:00+00:00,14.453,2023-04-06 16:00:00+00:00,11.436,-20.875,-21.075,False,1439,59.96,2.564
ETCUSDT,2023-02-05 16:00:00+00:00,22.91,2023-04-06 16:00:00+00:00,20.77,-9.341,-9.541,False,1439,59.96,3.039
AAVEUSDT,2023-02-05 17:00:00+00:00,84.9,2023-02-19 12:00:00+00:00,93.39000000000001,10.0,9.8,True,331,13.79,2.889
SANDUSDT,2023-02-06 03:00:00+00:00,0.7234,2023-02-07 21:00:00+00:00,0.7957400000000001,10.0,9.8,True,42,1.75,4.943
APTUSDT,2023-02-06 16:00:00+00:00,15.8224,2023-04-07 16:00:00+00:00,11.1153,-29.75,-29.95,False,1439,59.96,2.748
UNIUSDT,2023-02-06 17:00:00+00:00,6.841,2023-02-19 14:00:00+00:00,7.525100000000001,10.0,9.8,True,309,12.88,4.263
FILUSDT,2023-02-06 17:00:00+00:00,5.313,2023-02-16 17:00:00+00:00,5.8443000000000005,10.0,9.8,True,240,10.0,3.99
SOLUSDT,2023-02-06 17:00:00+00:00,23.27,2023-02-19 22:00:00+00:00,25.597,10.0,9.8,True,317,13.21,2.82
BNBUSDT,2023-02-08 17:00:00+00:00,327.7,2023-04-09 17:00:00+00:00,310.7,-5.188,-5.388,False,1439,59.96,2.794
ETCUSDT,2023-02-08 17:00:00+00:00,22.6,2023-04-09 17:00:00+00:00,20.25,-10.398,-10.598,False,1439,59.96,4.113
DOGEUSDT,2023-02-08 17:00:00+00:00,0.09015,2023-04-03 18:00:00+00:00,0.099165,10.0,9.8,True,1296,54.0,5.412
ETHUSDT,2023-02-08 17:00:00+00:00,1653.47,2023-03-18 00:00:00+00:00,1818.8170000000002,10.0,9.8,True,895,37.29,3.21
UNIUSDT,2023-02-08 17:00:00+00:00,6.742,2023-02-19 14:00:00+00:00,7.416200000000001,10.0,9.8,True,261,10.88,5.527
DOTUSDT,2023-02-08 17:00:00+00:00,6.754,2023-02-19 06:00:00+00:00,7.4294,10.0,9.8,True,253,10.54,4.009
BTCUSDT,2023-02-08 17:00:00+00:00,22965.01,2023-03-14 12:00:00+00:00,25261.511,10.0,9.8,True,811,33.79,2.721
BCHUSDT,2023-02-08 17:00:00+00:00,132.6,2023-02-20 07:00:00+00:00,145.86,10.0,9.8,True,278,11.58,2.652
SOLUSDT,2023-02-08 17:00:00+00:00,23.33,2023-02-20 02:00:00+00:00,25.663,10.0,9.8,True,273,11.38,3.562
SHIBUSDT,2023-02-09 04:00:00+00:00,1.313e-05,2023-04-10 04:00:00+00:00,1.091e-05,-16.908,-17.108,False,1439,59.96,3.566
XLMUSDT,2023-02-09 15:00:00+00:00,0.0908,2023-03-29 01:00:00+00:00,0.09988000000000001,10.0,9.8,True,1137,47.38,4.636
AAVEUSDT,2023-02-09 15:00:00+00:00,86.6,2023-02-19 14:00:00+00:00,95.26,10.0,9.8,True,239,9.96,27.65
FILUSDT,2023-02-10 09:00:00+00:00,4.918,2023-02-15 19:00:00+00:00,5.409800000000001,10.0,9.8,True,130,5.42,2.675
BCHUSDT,2023-02-11 02:00:00+00:00,124.0,2023-02-18 12:00:00+00:00,136.4,10.0,9.8,True,178,7.42,3.391
AXSUSDT,2023-02-12 16:00:00+00:00,10.29,2023-02-18 00:00:00+00:00,11.319,10.0,9.8,True,128,5.33,2.684
BNBUSDT,2023-02-12 16:00:00+00:00,312.8,2023-03-18 01:00:00+00:00,344.08000000000004,10.0,9.8,True,801,33.38,3.295
ETHUSDT,2023-02-12 17:00:00+00:00,1543.05,2023-02-16 00:00:00+00:00,1697.355,10.0,9.8,True,79,3.29,2.731
CHZUSDT,2023-02-12 23:00:00+00:00,0.134,2023-04-13 23:00:00+00:00,0.1315,-1.866,-2.066,False,1439,59.96,4.042
ETCUSDT,2023-02-12 23:00:00+00:00,21.02,2023-02-18 13:00:00+00:00,23.122,10.0,9.8,True,134,5.58,3.154
UNIUSDT,2023-02-12 23:00:00+00:00,6.35,2023-02-16 00:00:00+00:00,6.985,10.0,9.8,True,73,3.04,2.973
BCHUSDT,2023-02-13 01:00:00+00:00,122.9,2023-02-15 21:00:00+00:00,135.19000000000003,10.0,9.8,True,68,2.83,15.296
XRPUSDT,2023-02-13 02:00:00+00:00,0.3717,2023-02-20 14:00:00+00:00,0.40887,10.0,9.8,True,180,7.5,3.884
DOTUSDT,2023-02-13 03:00:00+00:00,6.145,2023-02-16 18:00:00+00:00,6.7595,10.0,9.8,True,87,3.62,3.119
AXSUSDT,2023-02-13 03:00:00+00:00,9.65,2023-02-15 20:00:00+00:00,10.615000000000002,10.0,9.8,True,65,2.71,2.763
XLMUSDT,2023-02-13 03:00:00+00:00,0.0844,2023-02-18 15:00:00+00:00,0.09284,10.0,9.8,True,132,5.5,2.509
UNIUSDT,2023-02-13 03:00:00+00:00,6.32,2023-02-16 00:00:00+00:00,6.952000000000001,10.0,9.8,True,69,2.88,3.179
DOGEUSDT,2023-02-13 05:00:00+00:00,0.08441,2023-04-03 17:00:00+00:00,0.092851,10.0,9.8,True,1187,49.46,7.871
AAVEUSDT,2023-02-13 09:00:00+00:00,75.3,2023-02-13 12:00:00+00:00,82.83,10.0,9.8,True,3,0.12,3.784
MANAUSDT,2023-02-13 10:00:00+00:00,0.6217,2023-02-14 15:00:00+00:00,0.6838700000000001,10.0,9.8,True,29,1.21,2.509
APTUSDT,2023-02-13 11:00:00+00:00,12.8464,2023-02-14 00:00:00+00:00,14.13104,10.0,9.8,True,13,0.54,2.559
ETHUSDT,2023-02-13 11:00:00+00:00,1482.54,2023-02-15 20:00:00+00:00,1630.794,10.0,9.8,True,57,2.38,2.515
UNIUSDT,2023-02-13 11:00:00+00:00,6.186,2023-02-15 20:00:00+00:00,6.804600000000001,10.0,9.8,True,57,2.38,3.237
AAVEUSDT,2023-02-13 12:00:00+00:00,77.8,2023-02-15 19:00:00+00:00,85.58,10.0,9.8,True,55,2.29,14.442
APTUSDT,2023-02-13 13:00:00+00:00,13.2859,2023-02-14 18:00:00+00:00,14.614490000000002,10.0,9.8,True,29,1.21,2.552
UNIUSDT,2023-02-13 14:00:00+00:00,6.194,2023-02-15 20:00:00+00:00,6.813400000000001,10.0,9.8,True,54,2.25,2.987
DOTUSDT,2023-02-13 15:00:00+00:00,6.082,2023-02-16 18:00:00+00:00,6.690200000000001,10.0,9.8,True,75,3.12,3.098
SANDUSDT,2023-02-15 13:00:00+00:00,0.7163,2023-02-16 01:00:00+00:00,0.7879300000000001,10.0,9.8,True,12,0.5,4.581
UNIUSDT,2023-02-16 16:00:00+00:00,6.932,2023-04-17 16:00:00+00:00,6.123,-11.671,-11.871,False,1439,59.96,2.986
SHIBUSDT,2023-02-16 16:00:00+00:00,1.373e-05,2023-04-17 16:00:00+00:00,1.137e-05,-17.189,-17.389,False,1439,59.96,3.128
DOTUSDT,2023-02-16 17:00:00+00:00,6.631,2023-02-17 17:00:00+00:00,7.294100000000001,10.0,9.8,True,24,1.0,2.707
AVAXUSDT,2023-02-16 17:00:00+00:00,19.97,2023-04-17 17:00:00+00:00,20.56,2.954,2.754,False,1439,59.96,2.825
SOLUSDT,2023-02-16 17:00:00+00:00,23.68,2023-02-20 03:00:00+00:00,26.048000000000002,10.0,9.8,True,82,3.42,3.243
ATOMUSDT,2023-02-16 17:00:00+00:00,14.227,2023-04-17 17:00:00+00:00,12.439,-12.568,-12.768,False,1439,59.96,5.094
TRXUSDT,2023-02-17 10:00:00+00:00,0.0679,2023-04-18 10:00:00+00:00,0.06646,-2.121,-2.321,False,1439,59.96,3.021
BTCUSDT,2023-02-17 15:00:00+00:00,23863.31,2023-03-14 13:00:00+00:00,26249.641000000003,10.0,9.8,True,598,24.92,2.858
ETCUSDT,2023-02-18 14:00:00+00:00,22.73,2023-04-19 14:00:00+00:00,20.66,-9.107,-9.307,False,1439,59.96,5.212
AVAXUSDT,2023-02-21 09:00:00+00:00,20.2,2023-04-22 09:00:00+00:00,17.01,-15.792,-15.992,False,1439,59.96,2.997
LINKUSDT,2023-02-21 09:00:00+00:00,7.785,2023-04-18 09:00:00+00:00,8.563500000000001,10.0,9.8,True,1343,55.96,3.318
DOGEUSDT,2023-02-22 10:00:00+00:00,0.08753,2023-04-03 18:00:00+00:00,0.09628300000000001,10.0,9.8,True,967,40.29,12.722
ETHUSDT,2023-02-22 16:00:00+00:00,1613.72,2023-03-14 14:00:00+00:00,1775.092,10.0,9.8,True,478,19.92,3.343
BNBUSDT,2023-02-23 23:00:00+00:00,308.6,2023-03-17 23:00:00+00:00,339.46000000000004,10.0,9.8,True,528,22.0,2.738
NEARUSDT,2023-02-24 15:00:00+00:00,2.402,2023-04-25 15:00:00+00:00,1.86,-22.565,-22.765,False,1439,59.96,2.619
DOTUSDT,2023-02-24 15:00:00+00:00,6.941,2023-04-25 15:00:00+00:00,5.798,-16.467,-16.667,False,1439,59.96,3.038
BCHUSDT,2023-02-24 16:00:00+00:00,133.3,2023-04-25 16:00:00+00:00,117.4,-11.928,-12.128,False,1439,59.96,6.207
ENJUSDT,2023-02-24 17:00:00+00:00,0.5052,2023-04-25 17:00:00+00:00,0.3853,-23.733,-23.933,False,1439,59.96,2.683
AAVEUSDT,2023-02-25 03:00:00+00:00,81.0,2023-04-26 03:00:00+00:00,70.6,-12.84,-13.04,False,1439,59.96,3.678
AVAXUSDT,2023-02-25 08:00:00+00:00,18.25,2023-04-16 21:00:00+00:00,20.075000000000003,10.0,9.8,True,1212,50.5,5.496
ADAUSDT,2023-02-25 20:00:00+00:00,0.3582,2023-03-31 11:00:00+00:00,0.39402000000000004,10.0,9.8,True,806,33.58,2.618
DOTUSDT,2023-02-25 20:00:00+00:00,6.469,2023-04-26 20:00:00+00:00,5.811,-10.172,-10.372,False,1439,59.96,2.639
MANAUSDT,2023-02-25 20:00:00+00:00,0.639,2023-04-26 20:00:00+00:00,0.537,-15.962,-16.162,False,1439,59.96,2.739
XRPUSDT,2023-02-27 10:00:00+00:00,0.3723,2023-03-21 13:00:00+00:00,0.40953000000000006,10.0,9.8,True,531,22.12,2.668
ETCUSDT,2023-02-27 14:00:00+00:00,21.44,2023-04-28 14:00:00+00:00,19.52,-8.955,-9.155,False,1439,59.96,3.168
XLMUSDT,2023-02-27 14:00:00+00:00,0.0893,2023-03-21 20:00:00+00:00,0.09823000000000001,10.0,9.8,True,534,22.25,6.529
BTCUSDT,2023-02-27 14:00:00+00:00,23704.29,2023-03-14 13:00:00+00:00,26074.719000000005,10.0,9.8,True,359,14.96,2.762
DOTUSDT,2023-02-27 14:00:00+00:00,6.718,2023-04-28 14:00:00+00:00,5.831,-13.203,-13.403,False,1439,59.96,3.078
UNIUSDT,2023-02-27 14:00:00+00:00,6.596,2023-04-28 14:00:00+00:00,5.47,-17.071,-17.271,False,1439,59.96,2.72
SOLUSDT,2023-02-27 14:00:00+00:00,23.19,2023-04-17 00:00:00+00:00,25.509000000000004,10.0,9.8,True,1161,48.38,3.141
SANDUSDT,2023-02-27 15:00:00+00:00,0.7283,2023-04-28 15:00:00+00:00,0.5798,-20.39,-20.59,False,1439,59.96,2.989
MANAUSDT,2023-02-27 15:00:00+00:00,0.6685,2023-04-28 15:00:00+00:00,0.5457,-18.369,-18.569,False,1439,59.96,3.26
APTUSDT,2023-02-27 15:00:00+00:00,12.9161,2023-03-14 14:00:00+00:00,14.20771,10.0,9.8,True,359,14.96,3.519
AVAXUSDT,2023-02-27 16:00:00+00:00,18.33,2023-04-16 21:00:00+00:00,20.163,10.0,9.8,True,1156,48.17,2.84
APTUSDT,2023-02-28 13:00:00+00:00,12.1746,2023-03-01 11:00:00+00:00,13.39206,10.0,9.8,True,22,0.92,3.992
BCHUSDT,2023-02-28 15:00:00+00:00,133.0,2023-04-29 15:00:00+00:00,119.5,-10.15,-10.35,False,1439,59.96,5.734
ATOMUSDT,2023-02-28 22:00:00+00:00,12.191,2023-03-14 19:00:00+00:00,13.410100000000002,10.0,9.8,True,333,13.88,2.789
DOTUSDT,2023-02-28 22:00:00+00:00,6.31,2023-04-18 09:00:00+00:00,6.941,10.0,9.8,True,1162,48.42,2.73
ADAUSDT,2023-02-28 22:00:00+00:00,0.3508,2023-03-21 21:00:00+00:00,0.38588000000000006,10.0,9.8,True,503,20.96,3.963
ENJUSDT,2023-02-28 22:00:00+00:00,0.4573,2023-04-29 22:00:00+00:00,0.3967,-13.252,-13.452,False,1439,59.96,3.539
TRXUSDT,2023-03-02 12:00:00+00:00,0.06955,2023-05-01 12:00:00+00:00,0.06901,-0.776,-0.976,False,1439,59.96,3.656
DOTUSDT,2023-03-02 15:00:00+00:00,6.273,2023-04-18 09:00:00+00:00,6.9003000000000005,10.0,9.8,True,1121,46.71,2.738
AAVEUSDT,2023-03-02 15:00:00+00:00,78.8,2023-05-01 15:00:00+00:00,68.6,-12.944,-13.144,False,1439,59.96,4.955
DOGEUSDT,2023-03-02 15:00:00+00:00,0.08002,2023-04-03 17:00:00+00:00,0.088022,10.0,9.8,True,769,32.04,3.105
BCHUSDT,2023-03-02 18:00:00+00:00,130.3,2023-05-01 18:00:00+00:00,116.5,-10.591,-10.791,False,1439,59.96,7.073
NEARUSDT,2023-03-02 21:00:00+00:00,2.243,2023-05-01 21:00:00+00:00,1.819,-18.903,-19.103,False,1439,59.96,4.071
DOGEUSDT,2023-03-03 03:00:00+00:00,0.07497,2023-04-01 19:00:00+00:00,0.082467,10.0,9.8,True,711,29.62,4.245
FILUSDT,2023-03-03 03:00:00+00:00,6.193,2023-03-14 13:00:00+00:00,6.8123000000000005,10.0,9.8,True,274,11.42,3.23
XLMUSDT,2023-03-03 03:00:00+00:00,0.0844,2023-03-21 16:00:00+00:00,0.09284,10.0,9.8,True,445,18.54,3.505
LINKUSDT,2023-03-03 03:00:00+00:00,6.799,2023-03-20 16:00:00+00:00,7.478900000000001,10.0,9.8,True,421,17.54,3.463
AAVEUSDT,2023-03-03 03:00:00+00:00,75.1,2023-04-14 00:00:00+00:00,82.61,10.0,9.8,True,1004,41.83,3.523
LTCUSDT,2023-03-03 03:00:00+00:00,88.82,2023-04-14 00:00:00+00:00,97.702,10.0,9.8,True,1004,41.83,3.069
SANDUSDT,2023-03-03 03:00:00+00:00,0.6257,2023-03-18 00:00:00+00:00,0.68827,10.0,9.8,True,357,14.88,5.258
UNIUSDT,2023-03-03 03:00:00+00:00,6.164,2023-05-02 03:00:00+00:00,5.308,-13.887,-14.087,False,1439,59.96,2.726
ETCUSDT,2023-03-03 03:00:00+00:00,19.54,2023-03-18 01:00:00+00:00,21.494,10.0,9.8,True,358,14.92,3.158
AXSUSDT,2023-03-03 03:00:00+00:00,8.88,2023-03-19 01:00:00+00:00,9.768000000000002,10.0,9.8,True,382,15.92,4.377
XRPUSDT,2023-03-03 03:00:00+00:00,0.3635,2023-03-08 13:00:00+00:00,0.39985000000000004,10.0,9.8,True,130,5.42,2.79
XLMUSDT,2023-03-04 23:00:00+00:00,0.083,2023-03-21 13:00:00+00:00,0.0913,10.0,9.8,True,398,16.58,2.654
APTUSDT,2023-03-04 23:00:00+00:00,11.0408,2023-03-13 06:00:00+00:00,12.144880000000002,10.0,9.8,True,199,8.29,2.64
FILUSDT,2023-03-04 23:00:00+00:00,5.857,2023-03-13 17:00:00+00:00,6.4427,10.0,9.8,True,210,8.75,3.007
DOGEUSDT,2023-03-04 23:00:00+00:00,0.07378,2023-04-01 18:00:00+00:00,0.08115800000000001,10.0,9.8,True,666,27.75,2.605
AVAXUSDT,2023-03-04 23:00:00+00:00,16.06,2023-03-14 14:00:00+00:00,17.666,10.0,9.8,True,231,9.62,2.843
SOLUSDT,2023-03-05 01:00:00+00:00,21.4,2023-03-20 09:00:00+00:00,23.54,10.0,9.8,True,368,15.33,2.623
LTCUSDT,2023-03-05 02:00:00+00:00,91.49,2023-04-16 15:00:00+00:00,100.639,10.0,9.8,True,1020,42.5,3.186
ETCUSDT,2023-03-05 02:00:00+00:00,20.28,2023-03-18 01:00:00+00:00,22.308000000000003,10.0,9.8,True,311,12.96,4.149
ENJUSDT,2023-03-05 02:00:00+00:00,0.4359,2023-04-07 04:00:00+00:00,0.47949,10.0,9.8,True,793,33.04,3.342
DOTUSDT,2023-03-05 02:00:00+00:00,6.013,2023-03-17 22:00:00+00:00,6.6143,10.0,9.8,True,308,12.83,2.522
XLMUSDT,2023-03-05 02:00:00+00:00,0.0843,2023-03-21 16:00:00+00:00,0.09273,10.0,9.8,True,398,16.58,2.801
ATOMUSDT,2023-03-05 02:00:00+00:00,12.132,2023-03-14 19:00:00+00:00,13.3452,10.0,9.8,True,233,9.71,3.235
AAVEUSDT,2023-03-05 03:00:00+00:00,76.6,2023-04-15 15:00:00+00:00,84.26,10.0,9.8,True,995,41.46,3.287
ADAUSDT,2023-03-05 03:00:00+00:00,0.339,2023-03-21 20:00:00+00:00,0.37290000000000006,10.0,9.8,True,401,16.71,2.526
AAVEUSDT,2023-03-06 02:00:00+00:00,74.8,2023-04-14 00:00:00+00:00,82.28,10.0,9.8,True,933,38.88,3.506
SHIBUSDT,2023-03-06 03:00:00+00:00,1.096e-05,2023-05-05 03:00:00+00:00,9.95e-06,-9.215,-9.415,False,1439,59.96,2.784
DOGEUSDT,2023-03-06 03:00:00+00:00,0.07393,2023-04-01 18:00:00+00:00,0.081323,10.0,9.8,True,638,26.58,2.679
AVAXUSDT,2023-03-06 03:00:00+00:00,15.97,2023-03-14 14:00:00+00:00,17.567000000000004,10.0,9.8,True,203,8.46,2.883
ETCUSDT,2023-03-06 03:00:00+00:00,19.54,2023-03-18 01:00:00+00:00,21.494,10.0,9.8,True,286,11.92,3.202
XRPUSDT,2023-03-06 03:00:00+00:00,0.3628,2023-03-08 13:00:00+00:00,0.39908000000000005,10.0,9.8,True,58,2.42,3.96
XLMUSDT,2023-03-06 09:00:00+00:00,0.0826,2023-03-21 13:00:00+00:00,0.09086000000000001,10.0,9.8,True,364,15.17,2.982
SANDUSDT,2023-03-06 11:00:00+00:00,0.6218,2023-03-17 22:00:00+00:00,0.68398,10.0,9.8,True,275,11.46,5.286
ENJUSDT,2023-03-06 11:00:00+00:00,0.4181,2023-04-07 04:00:00+00:00,0.45991000000000004,10.0,9.8,True,760,31.67,2.769
AXSUSDT,2023-03-06 11:00:00+00:00,8.75,2023-03-19 01:00:00+00:00,9.625,10.0,9.8,True,302,12.58,3.773
NEARUSDT,2023-03-06 15:00:00+00:00,2.056,2023-04-14 01:00:00+00:00,2.2616,10.0,9.8,True,921,38.38,3.577
FILUSDT,2023-03-07 13:00:00+00:00,5.934,2023-03-13 22:00:00+00:00,6.527400000000001,10.0,9.8,True,153,6.38,3.113
XLMUSDT,2023-03-07 13:00:00+00:00,0.0827,2023-03-21 13:00:00+00:00,0.09097000000000001,10.0,9.8,True,336,14.0,3.309
ATOMUSDT,2023-03-07 14:00:00+00:00,11.648,2023-03-14 14:00:00+00:00,12.812800000000001,10.0,9.8,True,168,7.0,2.97
DOTUSDT,2023-03-07 15:00:00+00:00,5.837,2023-03-14 13:00:00+00:00,6.4207,10.0,9.8,True,166,6.92,2.604
CHZUSDT,2023-03-07 15:00:00+00:00,0.1208,2023-04-05 21:00:00+00:00,0.13288000000000003,10.0,9.8,True,701,29.21,2.501
TRXUSDT,2023-03-07 16:00:00+00:00,0.06692,2023-05-06 16:00:00+00:00,0.06973,4.199,3.999,False,1439,59.96,4.282
OPUSDT,2023-03-07 16:00:00+00:00,2.431,2023-03-13 15:00:00+00:00,2.6741,10.0,9.8,True,143,5.96,6.672
FILUSDT,2023-03-07 16:00:00+00:00,5.963,2023-03-13 22:00:00+00:00,6.5593,10.0,9.8,True,150,6.25,4.781
LTCUSDT,2023-03-07 16:00:00+00:00,86.09,2023-03-24 05:00:00+00:00,94.69900000000001,10.0,9.8,True,397,16.54,4.796
XLMUSDT,2023-03-07 16:00:00+00:00,0.0831,2023-03-21 13:00:00+00:00,0.09141,10.0,9.8,True,333,13.88,6.776
BCHUSDT,2023-03-07 20:00:00+00:00,122.5,2023-03-14 13:00:00+00:00,134.75,10.0,9.8,True,161,6.71,2.656
SHIBUSDT,2023-03-07 22:00:00+00:00,1.082e-05,2023-05-06 22:00:00+00:00,9.46e-06,-12.569,-12.769,False,1439,59.96,3.617
ETCUSDT,2023-03-08 09:00:00+00:00,18.78,2023-03-14 14:00:00+00:00,20.658,10.0,9.8,True,149,6.21,4.923
BCHUSDT,2023-03-08 09:00:00+00:00,120.3,2023-03-14 13:00:00+00:00,132.33,10.0,9.8,True,148,6.17,4.229
SOLUSDT,2023-03-08 16:00:00+00:00,19.24,2023-03-13 15:00:00+00:00,21.164,10.0,9.8,True,119,4.96,3.041
LINKUSDT,2023-03-08 16:00:00+00:00,6.717,2023-03-20 10:00:00+00:00,7.3887,10.0,9.8,True,282,11.75,2.98
MANAUSDT,2023-03-08 16:00:00+00:00,0.5638,2023-03-14 13:00:00+00:00,0.6201800000000001,10.0,9.8,True,141,5.88,2.709
DOTUSDT,2023-03-08 16:00:00+00:00,5.682,2023-03-14 12:00:00+00:00,6.250200000000001,10.0,9.8,True,140,5.83,2.901
LTCUSDT,2023-03-08 16:00:00+00:00,84.63,2023-03-23 15:00:00+00:00,93.093,10.0,9.8,True,359,14.96,2.989
ETHUSDT,2023-03-08 16:00:00+00:00,1560.39,2023-03-14 12:00:00+00:00,1716.4290000000003,10.0,9.8,True,140,5.83,3.064
NEARUSDT,2023-03-08 16:00:00+00:00,1.921,2023-03-14 13:00:00+00:00,2.1131,10.0,9.8,True,141,5.88,3.727
ADAUSDT,2023-03-08 16:00:00+00:00,0.3253,2023-03-14 12:00:00+00:00,0.35783,10.0,9.8,True,140,5.83,3.019
BTCUSDT,2023-03-08 16:00:00+00:00,22139.97,2023-03-13 15:00:00+00:00,24353.967000000004,10.0,9.8,True,119,4.96,3.027
DOGEUSDT,2023-03-08 16:00:00+00:00,0.07362,2023-04-01 18:00:00+00:00,0.08098200000000001,10.0,9.8,True,577,24.04,2.776
AXSUSDT,2023-03-08 16:00:00+00:00,8.19,2023-03-14 15:00:00+00:00,9.009,10.0,9.8,True,143,5.96,3.295
CHZUSDT,2023-03-08 16:00:00+00:00,0.1182,2023-04-05 10:00:00+00:00,0.13002,10.0,9.8,True,665,27.71,3.312
AVAXUSDT,2023-03-08 16:00:00+00:00,15.9,2023-03-14 13:00:00+00:00,17.490000000000002,10.0,9.8,True,141,5.88,3.372
NEARUSDT,2023-03-08 18:00:00+00:00,1.907,2023-03-14 12:00:00+00:00,2.0977,10.0,9.8,True,138,5.75,3.213
CHZUSDT,2023-03-08 21:00:00+00:00,0.1153,2023-04-04 00:00:00+00:00,0.12683,10.0,9.8,True,626,26.08,4.182
ATOMUSDT,2023-03-09 00:00:00+00:00,10.957,2023-03-13 15:00:00+00:00,12.052700000000002,10.0,9.8,True,111,4.62,3.252
AAVEUSDT,2023-03-09 02:00:00+00:00,72.6,2023-03-14 14:00:00+00:00,79.86,10.0,9.8,True,132,5.5,4.054
ATOMUSDT,2023-03-09 12:00:00+00:00,10.68,2023-03-13 00:00:00+00:00,11.748000000000001,10.0,9.8,True,84,3.5,2.797
AXSUSDT,2023-03-09 22:00:00+00:00,7.24,2023-03-13 00:00:00+00:00,7.964000000000001,10.0,9.8,True,74,3.08,2.877
DOGEUSDT,2023-03-09 22:00:00+00:00,0.06399,2023-03-12 22:00:00+00:00,0.07038900000000001,10.0,9.8,True,72,3.0,4.062
ETHUSDT,2023-03-09 22:00:00+00:00,1432.09,2023-03-12 22:00:00+00:00,1575.299,10.0,9.8,True,72,3.0,2.562
UNIUSDT,2023-03-09 22:00:00+00:00,5.663,2023-03-14 12:00:00+00:00,6.229300000000001,10.0,9.8,True,110,4.58,3.159
BCHUSDT,2023-03-09 22:00:00+00:00,107.6,2023-03-12 20:00:00+00:00,118.36,10.0,9.8,True,70,2.92,3.185
ETCUSDT,2023-03-09 22:00:00+00:00,16.75,2023-03-12 23:00:00+00:00,18.425,10.0,9.8,True,73,3.04,3.238
LTCUSDT,2023-03-09 22:00:00+00:00,75.21,2023-03-13 15:00:00+00:00,82.731,10.0,9.8,True,89,3.71,4.461
LINKUSDT,2023-03-09 22:00:00+00:00,6.073,2023-03-13 00:00:00+00:00,6.680300000000001,10.0,9.8,True,74,3.08,2.761
SHIBUSDT,2023-03-09 22:00:00+00:00,9.98e-06,2023-03-13 00:00:00+00:00,1.0978e-05,10.0,9.8,True,74,3.08,2.538
ADAUSDT,2023-03-09 22:00:00+00:00,0.3047,2023-03-13 00:00:00+00:00,0.3351700000000001,10.0,9.8,True,74,3.08,3.297
TRXUSDT,2023-03-09 23:00:00+00:00,0.05811,2023-03-12 23:00:00+00:00,0.063921,10.0,9.8,True,72,3.0,3.045
OPUSDT,2023-03-10 02:00:00+00:00,2.23,2023-03-13 01:00:00+00:00,2.4530000000000003,10.0,9.8,True,71,2.96,4.448
MANAUSDT,2023-03-10 11:00:00+00:00,0.4868,2023-03-11 00:00:00+00:00,0.5354800000000001,10.0,9.8,True,13,0.54,2.551
CHZUSDT,2023-03-10 11:00:00+00:00,0.1024,2023-03-12 22:00:00+00:00,0.11264000000000002,10.0,9.8,True,59,2.46,2.567
LINKUSDT,2023-03-10 11:00:00+00:00,5.982,2023-03-13 00:00:00+00:00,6.5802000000000005,10.0,9.8,True,61,2.54,2.538
SANDUSDT,2023-03-10 11:00:00+00:00,0.5081,2023-03-12 22:00:00+00:00,0.55891,10.0,9.8,True,59,2.46,3.339
BCHUSDT,2023-03-10 11:00:00+00:00,106.6,2023-03-12 18:00:00+00:00,117.26,10.0,9.8,True,55,2.29,2.622
LTCUSDT,2023-03-10 11:00:00+00:00,69.37,2023-03-12 23:00:00+00:00,76.30700000000002,10.0,9.8,True,60,2.5,3.42
LTCUSDT,2023-03-11 09:00:00+00:00,66.68,2023-03-12 22:00:00+00:00,73.34800000000001,10.0,9.8,True,37,1.54,2.576
FILUSDT,2023-03-11 09:00:00+00:00,4.805,2023-03-12 20:00:00+00:00,5.2855,10.0,9.8,True,35,1.46,2.548
UNIUSDT,2023-03-11 09:00:00+00:00,5.358,2023-03-12 23:00:00+00:00,5.8938,10.0,9.8,True,38,1.58,2.744
ADAUSDT,2023-03-11 18:00:00+00:00,0.3051,2023-03-13 00:00:00+00:00,0.33561,10.0,9.8,True,30,1.25,2.615
ETCUSDT,2023-03-12 15:00:00+00:00,16.92,2023-03-12 23:00:00+00:00,18.612000000000002,10.0,9.8,True,8,0.33,7.432
AXSUSDT,2023-03-12 16:00:00+00:00,7.1,2023-03-12 23:00:00+00:00,7.8100000000000005,10.0,9.8,True,7,0.29,4.226
XRPUSDT,2023-03-12 17:00:00+00:00,0.3509,2023-03-14 14:00:00+00:00,0.38599,10.0,9.8,True,45,1.88,2.872
SHIBUSDT,2023-03-12 18:00:00+00:00,1.027e-05,2023-03-14 12:00:00+00:00,1.1297e-05,10.0,9.8,True,42,1.75,4.57
ETCUSDT,2023-03-12 18:00:00+00:00,17.34,2023-03-13 00:00:00+00:00,19.074,10.0,9.8,True,6,0.25,3.784
APTUSDT,2023-03-12 18:00:00+00:00,10.5104,2023-03-12 22:00:00+00:00,11.561440000000001,10.0,9.8,True,4,0.17,4.71
CHZUSDT,2023-03-12 18:00:00+00:00,0.1093,2023-03-14 12:00:00+00:00,0.12023,10.0,9.8,True,42,1.75,5.94
FILUSDT,2023-03-12 18:00:00+00:00,5.11,2023-03-12 23:00:00+00:00,5.621,10.0,9.8,True,5,0.21,2.628
BNBUSDT,2023-03-12 18:00:00+00:00,278.9,2023-03-13 04:00:00+00:00,306.79,10.0,9.8,True,10,0.42,4.344
LTCUSDT,2023-03-12 18:00:00+00:00,70.52,2023-03-13 00:00:00+00:00,77.572,10.0,9.8,True,6,0.25,4.221
SANDUSDT,2023-03-12 18:00:00+00:00,0.5319,2023-03-12 23:00:00+00:00,0.5850900000000001,10.0,9.8,True,5,0.21,4.296
BTCUSDT,2023-03-12 18:00:00+00:00,20786.52,2023-03-13 14:00:00+00:00,22865.172000000002,10.0,9.8,True,20,0.83,2.979
XRPUSDT,2023-03-12 19:00:00+00:00,0.3605,2023-03-19 13:00:00+00:00,0.39655,10.0,9.8,True,162,6.75,2.665
SOLUSDT,2023-03-13 15:00:00+00:00,20.47,2023-03-18 01:00:00+00:00,22.517,10.0,9.8,True,106,4.42,3.143
XRPUSDT,2023-03-13 16:00:00+00:00,0.3731,2023-03-21 13:00:00+00:00,0.41041,10.0,9.8,True,189,7.88,2.994
SOLUSDT,2023-03-14 13:00:00+00:00,21.41,2023-03-20 09:00:00+00:00,23.551000000000002,10.0,9.8,True,140,5.83,7.371
NEARUSDT,2023-03-15 12:00:00+00:00,2.052,2023-04-14 01:00:00+00:00,2.2572,10.0,9.8,True,708,29.5,2.583
NEARUSDT,2023-03-18 17:00:00+00:00,2.124,2023-04-15 09:00:00+00:00,2.3364000000000003,10.0,9.8,True,663,27.62,2.575
BCHUSDT,2023-03-18 17:00:00+00:00,133.2,2023-05-17 17:00:00+00:00,117.8,-11.562,-11.762,False,1439,59.96,3.015
ATOMUSDT,2023-03-18 17:00:00+00:00,12.527,2023-05-17 17:00:00+00:00,10.885,-13.108,-13.308,False,1439,59.96,2.538
AVAXUSDT,2023-03-18 17:00:00+00:00,17.39,2023-04-12 17:00:00+00:00,19.129,10.0,9.8,True,599,24.96,3.552
AXSUSDT,2023-03-19 01:00:00+00:00,9.28,2023-05-18 01:00:00+00:00,7.44,-19.828,-20.028,False,1439,59.96,6.85
ETCUSDT,2023-03-20 18:00:00+00:00,19.66,2023-04-01 16:00:00+00:00,21.626,10.0,9.8,True,285,11.88,2.799
AXSUSDT,2023-03-21 01:00:00+00:00,8.73,2023-05-20 01:00:00+00:00,6.97,-20.16,-20.36,False,1439,59.96,3.06
BCHUSDT,2023-03-21 08:00:00+00:00,126.9,2023-05-20 08:00:00+00:00,115.9,-8.668,-8.868,False,1439,59.96,2.608
NEARUSDT,2023-03-21 12:00:00+00:00,1.999,2023-04-12 14:00:00+00:00,2.1989,10.0,9.8,True,529,22.04,2.512
LTCUSDT,2023-03-22 15:00:00+00:00,80.89,2023-03-23 00:00:00+00:00,88.97900000000001,10.0,9.8,True,9,0.38,3.1
DOGEUSDT,2023-03-22 16:00:00+00:00,0.07738,2023-04-02 01:00:00+00:00,0.08511800000000001,10.0,9.8,True,248,10.33,3.882
SANDUSDT,2023-03-22 16:00:00+00:00,0.6624,2023-05-21 16:00:00+00:00,0.5132,-22.524,-22.724,False,1439,59.96,3.555
UNIUSDT,2023-03-22 16:00:00+00:00,6.293,2023-05-21 16:00:00+00:00,5.167,-17.893,-18.093,False,1439,59.96,3.214
UNIUSDT,2023-03-22 19:00:00+00:00,6.216,2023-05-21 19:00:00+00:00,5.16,-16.988,-17.188,False,1439,59.96,4.26
TRXUSDT,2023-03-22 21:00:00+00:00,0.05921,2023-03-23 19:00:00+00:00,0.06513100000000001,10.0,9.8,True,22,0.92,6.041
AAVEUSDT,2023-03-22 23:00:00+00:00,75.1,2023-04-14 00:00:00+00:00,82.61,10.0,9.8,True,528,22.0,3.066
APTUSDT,2023-03-23 16:00:00+00:00,12.9173,2023-05-22 16:00:00+00:00,8.1579,-36.845,-37.045,False,1439,59.96,2.549
OPUSDT,2023-03-24 09:00:00+00:00,2.351,2023-04-14 02:00:00+00:00,2.5861,10.0,9.8,True,496,20.67,3.341
CHZUSDT,2023-03-24 09:00:00+00:00,0.119,2023-04-05 21:00:00+00:00,0.13090000000000002,10.0,9.8,True,299,12.46,3.217
NEARUSDT,2023-03-24 15:00:00+00:00,2.02,2023-04-12 20:00:00+00:00,2.2220000000000004,10.0,9.8,True,461,19.21,3.193
AXSUSDT,2023-03-24 16:00:00+00:00,8.39,2023-04-14 01:00:00+00:00,9.229000000000001,10.0,9.8,True,489,20.38,2.738
XLMUSDT,2023-03-24 16:00:00+00:00,0.0892,2023-03-28 21:00:00+00:00,0.09812000000000001,10.0,9.8,True,101,4.21,4.103
ENJUSDT,2023-03-24 17:00:00+00:00,0.3875,2023-04-05 11:00:00+00:00,0.4262500000000001,10.0,9.8,True,282,11.75,2.587
CHZUSDT,2023-03-24 18:00:00+00:00,0.1178,2023-04-05 10:00:00+00:00,0.12958,10.0,9.8,True,280,11.67,3.246
AXSUSDT,2023-03-25 02:00:00+00:00,8.52,2023-04-17 23:00:00+00:00,9.372,10.0,9.8,True,573,23.88,2.784
AAVEUSDT,2023-03-25 07:00:00+00:00,72.4,2023-04-06 15:00:00+00:00,79.64000000000001,10.0,9.8,True,296,12.33,2.646
ATOMUSDT,2023-03-25 21:00:00+00:00,11.084,2023-04-14 05:00:00+00:00,12.192400000000001,10.0,9.8,True,464,19.33,8.918
AVAXUSDT,2023-03-25 23:00:00+00:00,16.72,2023-04-11 10:00:00+00:00,18.392,10.0,9.8,True,395,16.46,4.542
BCHUSDT,2023-03-27 10:00:00+00:00,122.7,2023-04-16 15:00:00+00:00,134.97000000000003,10.0,9.8,True,485,20.21,2.98
BTCUSDT,2023-03-27 14:00:00+00:00,27693.0,2023-04-11 19:00:00+00:00,30462.300000000003,10.0,9.8,True,365,15.21,2.581
AAVEUSDT,2023-03-27 16:00:00+00:00,69.5,2023-04-04 13:00:00+00:00,76.45,10.0,9.8,True,189,7.88,4.228
MANAUSDT,2023-03-27 16:00:00+00:00,0.5611,2023-04-02 08:00:00+00:00,0.6172100000000001,10.0,9.8,True,136,5.67,5.707
ETCUSDT,2023-03-27 16:00:00+00:00,19.34,2023-04-01 16:00:00+00:00,21.274,10.0,9.8,True,120,5.0,7.603
AXSUSDT,2023-03-27 16:00:00+00:00,7.93,2023-04-05 22:00:00+00:00,8.723,10.0,9.8,True,222,9.25,6.238
NEARUSDT,2023-03-27 16:00:00+00:00,1.858,2023-04-05 01:00:00+00:00,2.0438,10.0,9.8,True,201,8.38,6.924
SOLUSDT,2023-03-27 16:00:00+00:00,19.77,2023-04-11 04:00:00+00:00,21.747,10.0,9.8,True,348,14.5,8.084
ETHUSDT,2023-03-27 16:00:00+00:00,1711.73,2023-04-04 13:00:00+00:00,1882.9030000000002,10.0,9.8,True,189,7.88,8.382
AVAXUSDT,2023-03-27 16:00:00+00:00,16.44,2023-04-05 02:00:00+00:00,18.084000000000003,10.0,9.8,True,202,8.42,8.743
ADAUSDT,2023-03-27 16:00:00+00:00,0.3433,2023-03-29 03:00:00+00:00,0.37763,10.0,9.8,True,35,1.46,4.751
SANDUSDT,2023-03-27 16:00:00+00:00,0.5939,2023-04-05 22:00:00+00:00,0.65329,10.0,9.8,True,222,9.25,5.924
BCHUSDT,2023-03-27 16:00:00+00:00,118.8,2023-04-11 19:00:00+00:00,130.68,10.0,9.8,True,363,15.12,4.16
LINKUSDT,2023-03-27 16:00:00+00:00,6.883,2023-03-31 08:00:00+00:00,7.571300000000001,10.0,9.8,True,88,3.67,9.1
BTCUSDT,2023-03-27 16:00:00+00:00,26903.63,2023-04-10 22:00:00+00:00,29593.993000000002,10.0,9.8,True,342,14.25,6.493
TRXUSDT,2023-03-27 16:00:00+00:00,0.0631,2023-05-02 18:00:00+00:00,0.06941000000000001,10.0,9.8,True,866,36.08,5.27
LTCUSDT,2023-03-27 16:00:00+00:00,89.02,2023-04-14 00:00:00+00:00,97.922,10.0,9.8,True,416,17.33,7.969
OPUSDT,2023-03-27 16:00:00+00:00,2.083,2023-03-29 09:00:00+00:00,2.2913000000000006,10.0,9.8,True,41,1.71,7.525
APTUSDT,2023-03-27 16:00:00+00:00,11.0954,2023-04-02 11:00:00+00:00,12.20494,10.0,9.8,True,139,5.79,7.078
ATOMUSDT,2023-03-27 16:00:00+00:00,10.8,2023-04-13 16:00:00+00:00,11.880000000000003,10.0,9.8,True,408,17.0,4.818
UNIUSDT,2023-03-27 16:00:00+00:00,5.619,2023-04-01 11:00:00+00:00,6.1809,10.0,9.8,True,115,4.79,7.25
FILUSDT,2023-03-27 16:00:00+00:00,5.306,2023-03-30 02:00:00+00:00,5.836600000000001,10.0,9.8,True,58,2.42,7.831
ARBUSDT,2023-03-27 16:00:00+00:00,1.2054,2023-03-30 02:00:00+00:00,1.3259400000000001,10.0,9.8,True,58,2.42,3.776
LTCUSDT,2023-03-28 13:00:00+00:00,86.29,2023-04-03 19:00:00+00:00,94.91900000000001,10.0,9.8,True,150,6.25,3.071
UNIUSDT,2023-03-30 03:00:00+00:00,5.989,2023-05-29 02:00:00+00:00,5.142,-14.143,-14.343,False,1439,59.96,5.888
LTCUSDT,2023-03-30 03:00:00+00:00,92.54,2023-04-16 16:00:00+00:00,101.79400000000001,10.0,9.8,True,421,17.54,2.996
OPUSDT,2023-03-30 03:00:00+00:00,2.277,2023-04-14 01:00:00+00:00,2.5047,10.0,9.8,True,358,14.92,3.683
ETHUSDT,2023-03-30 03:00:00+00:00,1816.8,2023-04-13 12:00:00+00:00,1998.48,10.0,9.8,True,345,14.38,2.585
BNBUSDT,2023-03-30 03:00:00+00:00,316.9,2023-04-16 17:00:00+00:00,348.59,10.0,9.8,True,422,17.58,3.254
DOTUSDT,2023-03-30 04:00:00+00:00,6.171,2023-04-14 01:00:00+00:00,6.788100000000001,10.0,9.8,True,357,14.88,3.057
MANAUSDT,2023-03-31 13:00:00+00:00,0.5751,2023-04-14 01:00:00+00:00,0.63261,10.0,9.8,True,324,13.5,2.606
AXSUSDT,2023-03-31 14:00:00+00:00,8.27,2023-04-14 00:00:00+00:00,9.097,10.0,9.8,True,322,13.42,2.548
DOGEUSDT,2023-04-01 18:00:00+00:00,0.07849,2023-04-03 17:00:00+00:00,0.08633900000000001,10.0,9.8,True,47,1.96,3.06
APTUSDT,2023-04-01 19:00:00+00:00,11.2761,2023-04-02 12:00:00+00:00,12.40371,10.0,9.8,True,17,0.71,2.585
FILUSDT,2023-04-01 19:00:00+00:00,5.736,2023-04-14 06:00:00+00:00,6.3096000000000005,10.0,9.8,True,299,12.46,3.131
BTCUSDT,2023-04-02 14:00:00+00:00,28279.52,2023-06-01 13:00:00+00:00,26891.74,-4.907,-5.107,False,1439,59.96,3.801
ARBUSDT,2023-04-02 16:00:00+00:00,1.1848,2023-04-13 09:00:00+00:00,1.3032800000000002,10.0,9.8,True,257,10.71,3.979
LINKUSDT,2023-04-02 16:00:00+00:00,7.322,2023-04-15 17:00:00+00:00,8.054200000000002,10.0,9.8,True,313,13.04,4.778
UNIUSDT,2023-04-02 16:00:00+00:00,5.947,2023-06-01 15:00:00+00:00,5.028,-15.453,-15.653,False,1439,59.96,4.54
ENJUSDT,2023-04-03 01:00:00+00:00,0.3955,2023-04-07 01:00:00+00:00,0.43505000000000005,10.0,9.8,True,96,4.0,2.744
SANDUSDT,2023-04-03 01:00:00+00:00,0.6191,2023-04-14 00:00:00+00:00,0.68101,10.0,9.8,True,263,10.96,3.176
BCHUSDT,2023-04-03 04:00:00+00:00,124.5,2023-06-02 03:00:00+00:00,114.4,-8.112,-8.312,False,1439,59.96,4.62
BTCUSDT,2023-04-03 09:00:00+00:00,28335.0,2023-06-02 08:00:00+00:00,27166.14,-4.125,-4.325,False,1439,59.96,3.443
BNBUSDT,2023-04-03 22:00:00+00:00,305.9,2023-04-16 12:00:00+00:00,336.49,10.0,9.8,True,302,12.58,3.109
ADAUSDT,2023-04-06 11:00:00+00:00,0.3789,2023-04-13 11:00:00+00:00,0.41679000000000005,10.0,9.8,True,168,7.0,4.06
BCHUSDT,2023-04-07 09:00:00+00:00,123.8,2023-06-06 08:00:00+00:00,109.3,-11.712,-11.912,False,1439,59.96,3.421
CHZUSDT,2023-04-07 14:00:00+00:00,0.1275,2023-04-08 13:00:00+00:00,0.14025,10.0,9.8,True,23,0.96,2.704
XLMUSDT,2023-04-08 23:00:00+00:00,0.1042,2023-06-07 22:00:00+00:00,0.087,-16.507,-16.707,False,1439,59.96,2.857
XLMUSDT,2023-04-09 02:00:00+00:00,0.1052,2023-06-08 01:00:00+00:00,0.0874,-16.92,-17.12,False,1439,59.96,3.566
BTCUSDT,2023-04-09 20:00:00+00:00,28140.41,2023-04-14 06:00:00+00:00,30954.451,10.0,9.8,True,106,4.42,4.294
SANDUSDT,2023-04-09 20:00:00+00:00,0.6375,2023-04-15 00:00:00+00:00,0.70125,10.0,9.8,True,124,5.17,2.688
UNIUSDT,2023-04-10 14:00:00+00:00,5.85,2023-04-14 02:00:00+00:00,6.4350000000000005,10.0,9.8,True,84,3.5,2.585
DOTUSDT,2023-04-10 17:00:00+00:00,6.198,2023-04-14 01:00:00+00:00,6.817800000000001,10.0,9.8,True,80,3.33,2.759
BNBUSDT,2023-04-10 17:00:00+00:00,314.2,2023-04-16 14:00:00+00:00,345.62,10.0,9.8,True,141,5.88,2.773
SHIBUSDT,2023-04-10 17:00:00+00:00,1.098e-05,2023-06-09 16:00:00+00:00,7.94e-06,-27.687,-27.887,False,1439,59.96,2.711
XLMUSDT,2023-04-10 18:00:00+00:00,0.1041,2023-06-09 17:00:00+00:00,0.088,-15.466,-15.666,False,1439,59.96,3.009
AAVEUSDT,2023-04-12 05:00:00+00:00,76.5,2023-04-15 15:00:00+00:00,84.15,10.0,9.8,True,82,3.42,2.839
NEARUSDT,2023-04-12 08:00:00+00:00,2.092,2023-04-15 08:00:00+00:00,2.3012,10.0,9.8,True,72,3.0,3.126
FILUSDT,2023-04-12 13:00:00+00:00,5.971,2023-06-11 12:00:00+00:00,3.401,-43.041,-43.241,False,1439,59.96,2.642
DOGEUSDT,2023-04-12 13:00:00+00:00,0.08265,2023-04-14 01:00:00+00:00,0.09091500000000001,10.0,9.8,True,36,1.5,2.612
LTCUSDT,2023-04-12 13:00:00+00:00,92.28,2023-04-16 15:00:00+00:00,101.50800000000001,10.0,9.8,True,98,4.08,3.663
DOTUSDT,2023-04-12 13:00:00+00:00,6.335,2023-04-18 12:00:00+00:00,6.968500000000001,10.0,9.8,True,143,5.96,2.831
ETHUSDT,2023-04-12 13:00:00+00:00,1882.17,2023-04-14 00:00:00+00:00,2070.387,10.0,9.8,True,35,1.46,4.005
MANAUSDT,2023-04-12 13:00:00+00:00,0.5932,2023-04-17 07:00:00+00:00,0.65252,10.0,9.8,True,114,4.75,2.711
LINKUSDT,2023-04-12 13:00:00+00:00,7.28,2023-04-15 16:00:00+00:00,8.008000000000001,10.0,9.8,True,75,3.12,3.321
AAVEUSDT,2023-04-12 13:00:00+00:00,78.4,2023-06-11 12:00:00+00:00,52.7,-32.781,-32.981,False,1439,59.96,2.673
ATOMUSDT,2023-04-12 13:00:00+00:00,11.217,2023-04-14 09:00:00+00:00,12.338700000000001,10.0,9.8,True,44,1.83,3.364
ARBUSDT,2023-04-12 13:00:00+00:00,1.1786,2023-04-13 09:00:00+00:00,1.2964600000000002,10.0,9.8,True,20,0.83,3.091
CHZUSDT,2023-04-12 13:00:00+00:00,0.1287,2023-04-19 06:00:00+00:00,0.14157000000000003,10.0,9.8,True,161,6.71,2.966
BCHUSDT,2023-04-12 13:00:00+00:00,127.9,2023-06-11 12:00:00+00:00,102.3,-20.016,-20.216,False,1439,59.96,3.941
APTUSDT,2023-04-12 13:00:00+00:00,11.3133,2023-04-13 15:00:00+00:00,12.44463,10.0,9.8,True,26,1.08,2.765
SANDUSDT,2023-04-12 13:00:00+00:00,0.6363,2023-04-15 00:00:00+00:00,0.69993,10.0,9.8,True,59,2.46,2.758
ETHUSDT,2023-04-12 15:00:00+00:00,1914.45,2023-04-14 00:00:00+00:00,2105.8950000000004,10.0,9.8,True,33,1.38,4.903
UNIUSDT,2023-04-12 15:00:00+00:00,5.954,2023-06-11 14:00:00+00:00,4.03,-32.314,-32.514,False,1439,59.96,4.666
AAVEUSDT,2023-04-13 08:00:00+00:00,77.9,2023-06-12 07:00:00+00:00,51.8,-33.504,-33.704,False,1439,59.96,2.952
FILUSDT,2023-04-15 17:00:00+00:00,6.309,2023-06-14 16:00:00+00:00,3.688,-41.544,-41.744,False,1439,59.96,6.029
BCHUSDT,2023-04-17 14:00:00+00:00,131.8,2023-06-16 13:00:00+00:00,103.6,-21.396,-21.596,False,1439,59.96,2.637
NEARUSDT,2023-04-19 06:00:00+00:00,2.381,2023-06-18 05:00:00+00:00,1.245,-47.711,-47.911,False,1439,59.96,2.736
SOLUSDT,2023-04-19 07:00:00+00:00,24.29,2023-06-18 06:00:00+00:00,15.56,-35.941,-36.141,False,1439,59.96,2.669
AVAXUSDT,2023-04-19 10:00:00+00:00,19.51,2023-06-18 09:00:00+00:00,11.57,-40.697,-40.897,False,1439,59.96,2.59
ATOMUSDT,2023-04-19 10:00:00+00:00,11.772,2023-06-18 09:00:00+00:00,8.804,-25.212,-25.412,False,1439,59.96,2.642
DOGEUSDT,2023-04-19 15:00:00+00:00,0.0914,2023-06-18 14:00:00+00:00,0.0632,-30.853,-31.053,False,1439,59.96,2.948
TRXUSDT,2023-04-19 22:00:00+00:00,0.06657,2023-05-21 13:00:00+00:00,0.07322700000000001,10.0,9.8,True,759,31.62,2.606
LTCUSDT,2023-04-20 00:00:00+00:00,90.46,2023-06-18 23:00:00+00:00,77.19,-14.669,-14.869,False,1439,59.96,2.543
ARBUSDT,2023-04-20 00:00:00+00:00,1.4886,2023-06-18 23:00:00+00:00,0.9943,-33.206,-33.406,False,1439,59.96,2.795
BTCUSDT,2023-04-20 00:00:00+00:00,28797.1,2023-06-18 23:00:00+00:00,26339.97,-8.533,-8.733,False,1439,59.96,2.656
MANAUSDT,2023-04-20 00:00:00+00:00,0.6158,2023-06-18 23:00:00+00:00,0.336,-45.437,-45.637,False,1439,59.96,3.034
BTCUSDT,2023-04-20 13:00:00+00:00,28892.99,2023-06-19 12:00:00+00:00,26531.39,-8.174,-8.374,False,1439,59.96,2.661
AVAXUSDT,2023-04-20 13:00:00+00:00,19.27,2023-06-19 12:00:00+00:00,11.36,-41.048,-41.248,False,1439,59.96,2.592
SOLUSDT,2023-04-20 17:00:00+00:00,22.14,2023-06-19 16:00:00+00:00,15.55,-29.765,-29.965,False,1439,59.96,3.744
MANAUSDT,2023-04-20 17:00:00+00:00,0.5862,2023-06-19 16:00:00+00:00,0.3327,-43.245,-43.445,False,1439,59.96,2.926
AVAXUSDT,2023-04-21 07:00:00+00:00,17.93,2023-06-20 06:00:00+00:00,11.45,-36.141,-36.341,False,1439,59.96,3.696
BNBUSDT,2023-04-21 08:00:00+00:00,329.7,2023-06-20 07:00:00+00:00,241.4,-26.782,-26.982,False,1439,59.96,10.875
APTUSDT,2023-04-22 00:00:00+00:00,10.1486,2023-06-20 23:00:00+00:00,7.2154,-28.903,-29.103,False,1439,59.96,2.676
MANAUSDT,2023-04-22 10:00:00+00:00,0.558,2023-06-21 09:00:00+00:00,0.3642,-34.731,-34.931,False,1439,59.96,3.593
ATOMUSDT,2023-04-23 16:00:00+00:00,10.844,2023-04-30 08:00:00+00:00,11.9284,10.0,9.8,True,160,6.67,2.935
XLMUSDT,2023-04-23 16:00:00+00:00,0.0935,2023-06-22 15:00:00+00:00,0.0866,-7.38,-7.58,False,1439,59.96,2.689
SANDUSDT,2023-04-23 23:00:00+00:00,0.5869,2023-06-22 22:00:00+00:00,0.4151,-29.272,-29.472,False,1439,59.96,2.589
BCHUSDT,2023-04-24 01:00:00+00:00,120.9,2023-06-21 06:00:00+00:00,132.99,10.0,9.8,True,1397,58.21,5.446
SANDUSDT,2023-04-24 01:00:00+00:00,0.5904,2023-06-23 00:00:00+00:00,0.4218,-28.557,-28.757,False,1439,59.96,2.608
ENJUSDT,2023-04-25 10:00:00+00:00,0.3828,2023-06-24 09:00:00+00:00,0.2968,-22.466,-22.666,False,1439,59.96,2.608
MANAUSDT,2023-04-25 13:00:00+00:00,0.5412,2023-06-24 12:00:00+00:00,0.3945,-27.106,-27.306,False,1439,59.96,2.599
AXSUSDT,2023-04-25 16:00:00+00:00,7.67,2023-05-17 09:00:00+00:00,8.437000000000001,10.0,9.8,True,521,21.71,2.768
OPUSDT,2023-04-25 19:00:00+00:00,2.156,2023-06-24 18:00:00+00:00,1.291,-40.121,-40.321,False,1439,59.96,2.583
DOTUSDT,2023-04-26 21:00:00+00:00,5.812,2023-06-25 20:00:00+00:00,5.149,-11.407,-11.607,False,1439,59.96,4.529
XLMUSDT,2023-04-26 21:00:00+00:00,0.0926,2023-06-25 20:00:00+00:00,0.0919,-0.756,-0.956,False,1439,59.96,5.353
DOGEUSDT,2023-04-26 21:00:00+00:00,0.07818,2023-06-25 20:00:00+00:00,0.06678,-14.582,-14.782,False,1439,59.96,5.42
BCHUSDT,2023-04-26 21:00:00+00:00,116.4,2023-06-21 05:00:00+00:00,128.04000000000002,10.0,9.8,True,1328,55.33,3.35
LTCUSDT,2023-04-26 21:00:00+00:00,88.05,2023-06-03 10:00:00+00:00,96.855,10.0,9.8,True,901,37.54,3.077
ATOMUSDT,2023-04-26 21:00:00+00:00,10.631,2023-04-27 19:00:00+00:00,11.6941,10.0,9.8,True,22,0.92,4.877
CHZUSDT,2023-04-26 21:00:00+00:00,0.1246,2023-06-25 20:00:00+00:00,0.0791,-36.517,-36.717,False,1439,59.96,5.141
AVAXUSDT,2023-04-26 21:00:00+00:00,17.02,2023-06-25 20:00:00+00:00,13.38,-21.387,-21.587,False,1439,59.96,5.91
BNBUSDT,2023-04-26 21:00:00+00:00,331.2,2023-06-25 20:00:00+00:00,237.3,-28.351,-28.551,False,1439,59.96,3.344
LINKUSDT,2023-04-26 21:00:00+00:00,6.99,2023-06-25 20:00:00+00:00,6.083,-12.976,-13.176,False,1439,59.96,6.029
SHIBUSDT,2023-04-26 21:00:00+00:00,1.014e-05,2023-06-25 20:00:00+00:00,7.8e-06,-23.077,-23.277,False,1439,59.96,6.585
FILUSDT,2023-04-26 21:00:00+00:00,5.187,2023-06-25 20:00:00+00:00,4.044,-22.036,-22.236,False,1439,59.96,3.941
UNIUSDT,2023-04-26 21:00:00+00:00,5.285,2023-06-25 20:00:00+00:00,5.328,0.814,0.614,False,1439,59.96,5.116
SANDUSDT,2023-04-26 21:00:00+00:00,0.5663,2023-06-25 20:00:00+00:00,0.4369,-22.85,-23.05,False,1439,59.96,5.67
ENJUSDT,2023-04-26 21:00:00+00:00,0.3844,2023-06-25 20:00:00+00:00,0.3024,-21.332,-21.532,False,1439,59.96,5.094
ETCUSDT,2023-04-26 21:00:00+00:00,19.16,2023-06-25 20:00:00+00:00,18.16,-5.219,-5.419,False,1439,59.96,7.705
MANAUSDT,2023-04-26 21:00:00+00:00,0.5371,2023-06-25 20:00:00+00:00,0.3916,-27.09,-27.29,False,1439,59.96,4.861
AXSUSDT,2023-04-26 21:00:00+00:00,7.74,2023-06-25 20:00:00+00:00,5.86,-24.289,-24.489,False,1439,59.96,5.564
NEARUSDT,2023-04-26 21:00:00+00:00,1.872,2023-06-25 20:00:00+00:00,1.398,-25.321,-25.521,False,1439,59.96,5.121
XRPUSDT,2023-04-26 21:00:00+00:00,0.455,2023-05-30 04:00:00+00:00,0.5005000000000001,10.0,9.8,True,799,33.29,3.525
BCHUSDT,2023-04-27 16:00:00+00:00,117.2,2023-06-21 05:00:00+00:00,128.92000000000002,10.0,9.8,True,1309,54.54,4.131
BCHUSDT,2023-04-27 19:00:00+00:00,118.0,2023-06-21 05:00:00+00:00,129.8,10.0,9.8,True,1306,54.42,2.635
CHZUSDT,2023-04-28 10:00:00+00:00,0.1281,2023-06-27 09:00:00+00:00,0.0772,-39.735,-39.935,False,1439,59.96,2.808
BNBUSDT,2023-04-28 11:00:00+00:00,321.1,2023-06-27 10:00:00+00:00,239.5,-25.413,-25.613,False,1439,59.96,4.966
CHZUSDT,2023-04-28 12:00:00+00:00,0.1291,2023-06-27 11:00:00+00:00,0.078,-39.582,-39.782,False,1439,59.96,5.4
OPUSDT,2023-04-28 14:00:00+00:00,2.133,2023-06-27 13:00:00+00:00,1.327,-37.787,-37.987,False,1439,59.96,2.703
UNIUSDT,2023-04-28 14:00:00+00:00,5.471,2023-06-27 13:00:00+00:00,5.3,-3.126,-3.326,False,1439,59.96,2.871
ETHUSDT,2023-04-28 16:00:00+00:00,1886.8,2023-06-27 15:00:00+00:00,1871.6,-0.806,-1.006,False,1439,59.96,3.366
LTCUSDT,2023-04-28 17:00:00+00:00,89.42,2023-06-27 16:00:00+00:00,88.45,-1.085,-1.285,False,1439,59.96,3.252
MANAUSDT,2023-04-30 16:00:00+00:00,0.5518,2023-06-29 15:00:00+00:00,0.3676,-33.382,-33.582,False,1439,59.96,4.151
ENJUSDT,2023-04-30 16:00:00+00:00,0.3923,2023-06-29 15:00:00+00:00,0.2874,-26.74,-26.94,False,1439,59.96,4.617
APTUSDT,2023-04-30 16:00:00+00:00,10.5821,2023-06-29 15:00:00+00:00,7.2212,-31.76,-31.96,False,1439,59.96,2.836
AXSUSDT,2023-04-30 16:00:00+00:00,8.0,2023-06-29 15:00:00+00:00,5.64,-29.5,-29.7,False,1439,59.96,5.587
APTUSDT,2023-05-01 00:00:00+00:00,10.3198,2023-06-29 23:00:00+00:00,7.1474,-30.741,-30.941,False,1439,59.96,3.926
XRPUSDT,2023-05-01 01:00:00+00:00,0.4711,2023-05-30 16:00:00+00:00,0.5182100000000001,10.0,9.8,True,711,29.62,3.376
UNIUSDT,2023-05-01 01:00:00+00:00,5.486,2023-06-30 00:00:00+00:00,4.921,-10.299,-10.499,False,1439,59.96,2.925
LINKUSDT,2023-05-01 02:00:00+00:00,6.921,2023-06-30 01:00:00+00:00,5.91,-14.608,-14.808,False,1439,59.96,4.651
CHZUSDT,2023-05-01 13:00:00+00:00,0.1253,2023-06-30 12:00:00+00:00,0.0769,-38.627,-38.827,False,1439,59.96,3.338
ATOMUSDT,2023-05-01 15:00:00+00:00,11.122,2023-06-30 14:00:00+00:00,9.077,-18.387,-18.587,False,1439,59.96,2.619
CHZUSDT,2023-05-01 15:00:00+00:00,0.1291,2023-06-30 14:00:00+00:00,0.0733,-43.222,-43.422,False,1439,59.96,3.774
NEARUSDT,2023-05-01 16:00:00+00:00,1.846,2023-06-30 15:00:00+00:00,1.325,-28.223,-28.423,False,1439,59.96,5.249
AAVEUSDT,2023-05-01 16:00:00+00:00,68.7,2023-06-25 11:00:00+00:00,75.57000000000001,10.0,9.8,True,1315,54.79,3.661
BTCUSDT,2023-05-01 16:00:00+00:00,28170.64,2023-06-23 15:00:00+00:00,30987.704,10.0,9.8,True,1271,52.96,2.662
OPUSDT,2023-05-01 17:00:00+00:00,2.093,2023-06-30 16:00:00+00:00,1.368,-34.639,-34.839,False,1439,59.96,2.856
OPUSDT,2023-05-01 21:00:00+00:00,2.068,2023-06-30 20:00:00+00:00,1.333,-35.542,-35.742,False,1439,59.96,2.658
BCHUSDT,2023-05-01 22:00:00+00:00,116.2,2023-06-21 05:00:00+00:00,127.82000000000001,10.0,9.8,True,1207,50.29,2.653
FILUSDT,2023-05-02 15:00:00+00:00,5.281,2023-07-01 14:00:00+00:00,4.139,-21.625,-21.825,False,1439,59.96,3.991
DOGEUSDT,2023-05-02 15:00:00+00:00,0.07838,2023-07-01 14:00:00+00:00,0.06803,-13.205,-13.405,False,1439,59.96,2.748
UNIUSDT,2023-05-02 15:00:00+00:00,5.3,2023-07-01 14:00:00+00:00,5.423,2.321,2.121,False,1439,59.96,4.092
CHZUSDT,2023-05-02 15:00:00+00:00,0.1251,2023-07-01 14:00:00+00:00,0.0775,-38.05,-38.25,False,1439,59.96,2.734
SHIBUSDT,2023-05-02 15:00:00+00:00,9.92e-06,2023-07-01 14:00:00+00:00,7.64e-06,-22.984,-23.184,False,1439,59.96,3.137
BNBUSDT,2023-05-02 15:00:00+00:00,325.0,2023-07-01 14:00:00+00:00,248.0,-23.692,-23.892,False,1439,59.96,2.972
XLMUSDT,2023-05-02 15:00:00+00:00,0.0927,2023-06-27 18:00:00+00:00,0.10197000000000002,10.0,9.8,True,1347,56.12,3.145
AAVEUSDT,2023-05-02 15:00:00+00:00,68.9,2023-06-25 11:00:00+00:00,75.79,10.0,9.8,True,1292,53.83,5.844
ETCUSDT,2023-05-02 15:00:00+00:00,19.12,2023-06-30 23:00:00+00:00,21.032000000000004,10.0,9.8,True,1424,59.33,4.596
ETCUSDT,2023-05-02 17:00:00+00:00,19.15,2023-06-30 23:00:00+00:00,21.065,10.0,9.8,True,1422,59.25,2.598
XLMUSDT,2023-05-03 14:00:00+00:00,0.0923,2023-06-27 18:00:00+00:00,0.10153,10.0,9.8,True,1324,55.17,2.56
LTCUSDT,2023-05-03 14:00:00+00:00,86.3,2023-05-17 18:00:00+00:00,94.93,10.0,9.8,True,340,14.17,4.077
AXSUSDT,2023-05-03 14:00:00+00:00,7.46,2023-05-17 09:00:00+00:00,8.206000000000001,10.0,9.8,True,331,13.79,2.677
OPUSDT,2023-05-03 14:00:00+00:00,2.112,2023-07-02 13:00:00+00:00,1.322,-37.405,-37.605,False,1439,59.96,8.595
MANAUSDT,2023-05-03 14:00:00+00:00,0.5209,2023-07-02 13:00:00+00:00,0.3981,-23.575,-23.775,False,1439,59.96,2.516
ETCUSDT,2023-05-03 14:00:00+00:00,18.97,2023-06-30 10:00:00+00:00,20.867,10.0,9.8,True,1388,57.83,2.763
APTUSDT,2023-05-03 17:00:00+00:00,9.5979,2023-07-02 16:00:00+00:00,7.2661,-24.295,-24.495,False,1439,59.96,2.764
ADAUSDT,2023-05-03 18:00:00+00:00,0.382,2023-07-02 17:00:00+00:00,0.288,-24.607,-24.807,False,1439,59.96,2.867
ETCUSDT,2023-05-03 18:00:00+00:00,19.01,2023-06-30 11:00:00+00:00,20.911000000000005,10.0,9.8,True,1385,57.71,2.655
CHZUSDT,2023-05-03 19:00:00+00:00,0.1276,2023-07-02 18:00:00+00:00,0.0772,-39.498,-39.698,False,1439,59.96,3.716
OPUSDT,2023-05-03 19:00:00+00:00,2.122,2023-07-02 18:00:00+00:00,1.313,-38.124,-38.324,False,1439,59.96,3.334
UNIUSDT,2023-05-03 19:00:00+00:00,5.292,2023-07-02 18:00:00+00:00,5.507,4.063,3.863,False,1439,59.96,3.099
SOLUSDT,2023-05-03 19:00:00+00:00,21.59,2023-07-02 18:00:00+00:00,19.37,-10.283,-10.483,False,1439,59.96,3.436
SANDUSDT,2023-05-03 19:00:00+00:00,0.5599,2023-07-02 18:00:00+00:00,0.4427,-20.932,-21.132,False,1439,59.96,4.313
ENJUSDT,2023-05-03 19:00:00+00:00,0.3761,2023-07-02 18:00:00+00:00,0.3056,-18.745,-18.945,False,1439,59.96,4.575
XLMUSDT,2023-05-03 19:00:00+00:00,0.0927,2023-06-27 18:00:00+00:00,0.10197000000000002,10.0,9.8,True,1319,54.96,2.709
ARBUSDT,2023-05-03 19:00:00+00:00,1.3258,2023-07-02 18:00:00+00:00,1.1328,-14.557,-14.757,False,1439,59.96,3.064
MANAUSDT,2023-05-03 19:00:00+00:00,0.5303,2023-07-02 18:00:00+00:00,0.4026,-24.081,-24.281,False,1439,59.96,4.557
SHIBUSDT,2023-05-03 19:00:00+00:00,9.96e-06,2023-07-02 18:00:00+00:00,7.57e-06,-23.996,-24.196,False,1439,59.96,2.75
DOTUSDT,2023-05-03 19:00:00+00:00,5.684,2023-07-02 18:00:00+00:00,5.378,-5.384,-5.584,False,1439,59.96,4.581
LTCUSDT,2023-05-03 19:00:00+00:00,86.93,2023-06-01 16:00:00+00:00,95.62300000000002,10.0,9.8,True,693,28.88,3.089
BCHUSDT,2023-05-03 19:00:00+00:00,117.5,2023-06-21 05:00:00+00:00,129.25,10.0,9.8,True,1162,48.42,3.41
BCHUSDT,2023-05-03 22:00:00+00:00,119.9,2023-06-21 05:00:00+00:00,131.89000000000001,10.0,9.8,True,1159,48.29,4.903
AVAXUSDT,2023-05-04 16:00:00+00:00,16.89,2023-07-03 15:00:00+00:00,13.27,-21.433,-21.633,False,1439,59.96,5.123
DOGEUSDT,2023-05-04 19:00:00+00:00,0.07845,2023-07-03 18:00:00+00:00,0.06847,-12.721,-12.921,False,1439,59.96,3.663
DOTUSDT,2023-05-05 02:00:00+00:00,5.751,2023-07-04 01:00:00+00:00,5.429,-5.599,-5.799,False,1439,59.96,2.531
UNIUSDT,2023-05-05 03:00:00+00:00,5.319,2023-07-04 02:00:00+00:00,5.502,3.44,3.24,False,1439,59.96,2.507
SUIUSDT,2023-05-05 11:00:00+00:00,1.3668,2023-07-04 10:00:00+00:00,0.722,-47.176,-47.376,False,1439,59.96,2.589
OPUSDT,2023-05-05 17:00:00+00:00,1.988,2023-07-04 16:00:00+00:00,1.319,-33.652,-33.852,False,1439,59.96,3.053
CHZUSDT,2023-05-06 16:00:00+00:00,0.1241,2023-07-05 15:00:00+00:00,0.0765,-38.356,-38.556,False,1439,59.96,3.273
SANDUSDT,2023-05-06 16:00:00+00:00,0.5415,2023-06-04 19:00:00+00:00,0.59565,10.0,9.8,True,699,29.12,3.22
AXSUSDT,2023-05-06 16:00:00+00:00,7.32,2023-05-17 09:00:00+00:00,8.052000000000001,10.0,9.8,True,257,10.71,2.56
UNIUSDT,2023-05-06 17:00:00+00:00,5.3,2023-07-05 16:00:00+00:00,5.381,1.528,1.328,False,1439,59.96,4.48
SHIBUSDT,2023-05-07 15:00:00+00:00,9.49e-06,2023-07-06 14:00:00+00:00,7.25e-06,-23.604,-23.804,False,1439,59.96,3.195
BTCUSDT,2023-05-08 01:00:00+00:00,28572.17,2023-06-23 16:00:00+00:00,31429.387,10.0,9.8,True,1119,46.62,2.599
XRPUSDT,2023-05-08 01:00:00+00:00,0.4508,2023-05-30 00:00:00+00:00,0.49588000000000004,10.0,9.8,True,527,21.96,3.5
ARBUSDT,2023-05-08 01:00:00+00:00,1.2273,2023-07-07 00:00:00+00:00,1.0769,-12.255,-12.455,False,1439,59.96,2.886
MANAUSDT,2023-05-08 01:00:00+00:00,0.5107,2023-07-07 00:00:00+00:00,0.3725,-27.061,-27.261,False,1439,59.96,2.84
BCHUSDT,2023-05-08 01:00:00+00:00,116.6,2023-06-21 05:00:00+00:00,128.26,10.0,9.8,True,1060,44.17,3.068
ETCUSDT,2023-05-08 01:00:00+00:00,18.79,2023-06-30 08:00:00+00:00,20.669,10.0,9.8,True,1279,53.29,2.945
AXSUSDT,2023-05-08 03:00:00+00:00,6.99,2023-05-17 09:00:00+00:00,7.689000000000001,10.0,9.8,True,222,9.25,3.286
XRPUSDT,2023-05-08 03:00:00+00:00,0.4395,2023-05-28 22:00:00+00:00,0.48345000000000005,10.0,9.8,True,499,20.79,2.538
FILUSDT,2023-05-08 03:00:00+00:00,4.864,2023-07-07 02:00:00+00:00,4.394,-9.663,-9.863,False,1439,59.96,2.969
LINKUSDT,2023-05-08 03:00:00+00:00,6.709,2023-07-07 02:00:00+00:00,6.14,-8.481,-8.681,False,1439,59.96,2.947
UNIUSDT,2023-05-08 03:00:00+00:00,5.118,2023-07-02 10:00:00+00:00,5.629800000000001,10.0,9.8,True,1327,55.29,2.633
AAVEUSDT,2023-05-08 03:00:00+00:00,68.0,2023-06-25 11:00:00+00:00,74.80000000000001,10.0,9.8,True,1160,48.33,2.939
ETCUSDT,2023-05-08 03:00:00+00:00,18.34,2023-06-30 08:00:00+00:00,20.174000000000003,10.0,9.8,True,1277,53.21,4.81
DOTUSDT,2023-05-08 04:00:00+00:00,5.465,2023-07-07 03:00:00+00:00,5.094,-6.789,-6.989,False,1439,59.96,2.604
ENJUSDT,2023-05-08 08:00:00+00:00,0.3459,2023-07-07 07:00:00+00:00,0.2916,-15.698,-15.898,False,1439,59.96,2.537
XLMUSDT,2023-05-08 08:00:00+00:00,0.0894,2023-06-27 14:00:00+00:00,0.09834,10.0,9.8,True,1206,50.25,2.572
LINKUSDT,2023-05-08 08:00:00+00:00,6.628,2023-07-07 07:00:00+00:00,6.108,-7.846,-8.046,False,1439,59.96,2.502
UNIUSDT,2023-05-08 08:00:00+00:00,5.083,2023-07-01 16:00:00+00:00,5.5913,10.0,9.8,True,1304,54.33,3.125
DOTUSDT,2023-05-08 08:00:00+00:00,5.386,2023-07-07 07:00:00+00:00,5.083,-5.626,-5.826,False,1439,59.96,4.755
AVAXUSDT,2023-05-08 09:00:00+00:00,15.73,2023-07-07 08:00:00+00:00,12.51,-20.47,-20.67,False,1439,59.96,2.756
MANAUSDT,2023-05-08 18:00:00+00:00,0.47,2023-05-17 02:00:00+00:00,0.517,10.0,9.8,True,200,8.33,3.161
CHZUSDT,2023-05-08 18:00:00+00:00,0.1137,2023-07-07 17:00:00+00:00,0.0766,-32.63,-32.83,False,1439,59.96,3.019
SHIBUSDT,2023-05-08 19:00:00+00:00,8.83e-06,2023-07-07 18:00:00+00:00,7.26e-06,-17.78,-17.98,False,1439,59.96,8.014
DOGEUSDT,2023-05-08 19:00:00+00:00,0.07174,2023-07-07 18:00:00+00:00,0.06517,-9.158,-9.358,False,1439,59.96,6.664
ARBUSDT,2023-05-08 19:00:00+00:00,1.0584,2023-05-10 12:00:00+00:00,1.1642400000000002,10.0,9.8,True,41,1.71,6.537
ADAUSDT,2023-05-08 19:00:00+00:00,0.3597,2023-07-07 18:00:00+00:00,0.2816,-21.713,-21.913,False,1439,59.96,4.433
NEARUSDT,2023-05-08 19:00:00+00:00,1.616,2023-07-07 18:00:00+00:00,1.326,-17.946,-18.146,False,1439,59.96,4.878
SOLUSDT,2023-05-08 19:00:00+00:00,20.47,2023-07-07 18:00:00+00:00,21.13,3.224,3.024,False,1439,59.96,3.446
ETCUSDT,2023-05-08 19:00:00+00:00,18.0,2023-06-30 04:00:00+00:00,19.8,10.0,9.8,True,1257,52.38,8.51
BTCUSDT,2023-05-08 19:00:00+00:00,27475.26,2023-06-21 16:00:00+00:00,30222.786,10.0,9.8,True,1053,43.88,2.593
DOTUSDT,2023-05-08 19:00:00+00:00,5.31,2023-07-07 18:00:00+00:00,5.08,-4.331,-4.531,False,1439,59.96,4.233
AAVEUSDT,2023-05-08 19:00:00+00:00,64.3,2023-06-25 06:00:00+00:00,70.73,10.0,9.8,True,1139,47.46,4.299
XRPUSDT,2023-05-08 19:00:00+00:00,0.4195,2023-05-17 02:00:00+00:00,0.46145,10.0,9.8,True,199,8.29,3.439
ETHUSDT,2023-05-08 19:00:00+00:00,1830.73,2023-07-07 18:00:00+00:00,1860.09,1.604,1.404,False,1439,59.96,2.877
APTUSDT,2023-05-08 19:00:00+00:00,8.1589,2023-05-15 08:00:00+00:00,8.97479,10.0,9.8,True,157,6.54,5.159
BCHUSDT,2023-05-08 19:00:00+00:00,110.1,2023-05-09 09:00:00+00:00,121.11,10.0,9.8,True,14,0.58,5.951
LINKUSDT,2023-05-08 19:00:00+00:00,6.523,2023-07-07 18:00:00+00:00,6.131,-6.01,-6.21,False,1439,59.96,4.412
SANDUSDT,2023-05-08 19:00:00+00:00,0.502,2023-05-28 10:00:00+00:00,0.5522,10.0,9.8,True,471,19.62,5.355
LTCUSDT,2023-05-08 19:00:00+00:00,77.26,2023-05-15 02:00:00+00:00,84.98600000000002,10.0,9.8,True,151,6.29,3.93
AVAXUSDT,2023-05-08 19:00:00+00:00,15.25,2023-07-07 18:00:00+00:00,12.59,-17.443,-17.643,False,1439,59.96,7.003
AXSUSDT,2023-05-08 19:00:00+00:00,6.68,2023-05-17 09:00:00+00:00,7.348,10.0,9.8,True,206,8.58,3.862
BCHUSDT,2023-05-09 06:00:00+00:00,115.7,2023-06-21 05:00:00+00:00,127.27000000000001,10.0,9.8,True,1031,42.96,6.839
AXSUSDT,2023-05-10 12:00:00+00:00,6.85,2023-05-17 09:00:00+00:00,7.535,10.0,9.8,True,165,6.88,3.021
CHZUSDT,2023-05-10 13:00:00+00:00,0.1121,2023-07-09 12:00:00+00:00,0.0766,-31.668,-31.868,False,1439,59.96,2.935
ETCUSDT,2023-05-10 13:00:00+00:00,18.74,2023-06-30 08:00:00+00:00,20.614,10.0,9.8,True,1219,50.79,5.281
ADAUSDT,2023-05-10 13:00:00+00:00,0.3689,2023-07-09 12:00:00+00:00,0.2876,-22.038,-22.238,False,1439,59.96,5.297
ETHUSDT,2023-05-10 13:00:00+00:00,1877.1,2023-07-09 12:00:00+00:00,1875.86,-0.066,-0.266,False,1439,59.96,6.68
SHIBUSDT,2023-05-10 13:00:00+00:00,9.06e-06,2023-07-09 12:00:00+00:00,7.75e-06,-14.459,-14.659,False,1439,59.96,5.175
ADAUSDT,2023-05-11 15:00:00+00:00,0.3542,2023-07-10 14:00:00+00:00,0.2871,-18.944,-19.144,False,1439,59.96,2.599
SOLUSDT,2023-05-11 15:00:00+00:00,20.1,2023-06-04 13:00:00+00:00,22.110000000000003,10.0,9.8,True,574,23.92,2.739
AXSUSDT,2023-05-11 15:00:00+00:00,6.72,2023-05-17 09:00:00+00:00,7.392,10.0,9.8,True,138,5.75,2.736
OPUSDT,2023-05-11 15:00:00+00:00,1.57,2023-05-17 01:00:00+00:00,1.7270000000000003,10.0,9.8,True,130,5.42,2.993
MANAUSDT,2023-05-11 15:00:00+00:00,0.4537,2023-05-17 01:00:00+00:00,0.49907,10.0,9.8,True,130,5.42,2.712
LINKUSDT,2023-05-11 18:00:00+00:00,6.292,2023-07-10 17:00:00+00:00,6.147,-2.305,-2.505,False,1439,59.96,3.424
BCHUSDT,2023-05-11 18:00:00+00:00,111.7,2023-06-21 05:00:00+00:00,122.87000000000002,10.0,9.8,True,971,40.46,3.355
ETHUSDT,2023-05-11 18:00:00+00:00,1782.92,2023-07-03 07:00:00+00:00,1961.2120000000002,10.0,9.8,True,1261,52.54,2.881
AVAXUSDT,2023-05-11 18:00:00+00:00,14.9,2023-07-10 17:00:00+00:00,13.35,-10.403,-10.603,False,1439,59.96,2.752
ADAUSDT,2023-05-11 18:00:00+00:00,0.3527,2023-07-10 17:00:00+00:00,0.2881,-18.316,-18.516,False,1439,59.96,2.539
SOLUSDT,2023-05-11 18:00:00+00:00,19.99,2023-06-04 13:00:00+00:00,21.989,10.0,9.8,True,571,23.79,4.523
SUIUSDT,2023-05-11 18:00:00+00:00,1.0635,2023-05-14 14:00:00+00:00,1.16985,10.0,9.8,True,68,2.83,3.523
MANAUSDT,2023-05-11 18:00:00+00:00,0.4487,2023-05-17 00:00:00+00:00,0.49357,10.0,9.8,True,126,5.25,3.553
BNBUSDT,2023-05-12 06:00:00+00:00,302.3,2023-07-11 05:00:00+00:00,247.1,-18.26,-18.46,False,1439,59.96,3.125
AAVEUSDT,2023-05-12 06:00:00+00:00,60.8,2023-05-18 08:00:00+00:00,66.88,10.0,9.8,True,146,6.08,2.559
BTCUSDT,2023-05-12 20:00:00+00:00,26459.63,2023-06-21 10:00:00+00:00,29105.593000000004,10.0,9.8,True,950,39.58,3.474
ATOMUSDT,2023-05-13 18:00:00+00:00,10.955,2023-07-12 17:00:00+00:00,9.065,-17.252,-17.452,False,1439,59.96,3.584
SOLUSDT,2023-05-14 02:00:00+00:00,20.72,2023-07-12 12:00:00+00:00,22.792,10.0,9.8,True,1426,59.42,3.461
SOLUSDT,2023-05-15 02:00:00+00:00,21.12,2023-07-13 15:00:00+00:00,23.232000000000003,10.0,9.8,True,1429,59.54,5.78
ARBUSDT,2023-05-16 02:00:00+00:00,1.1817,2023-07-14 16:00:00+00:00,1.29987,10.0,9.8,True,1430,59.58,4.029
FILUSDT,2023-05-16 02:00:00+00:00,4.428,2023-05-30 10:00:00+00:00,4.8708,10.0,9.8,True,344,14.33,2.587
NEARUSDT,2023-05-16 02:00:00+00:00,1.645,2023-07-15 01:00:00+00:00,1.47,-10.638,-10.838,False,1439,59.96,2.571
UNIUSDT,2023-05-16 02:00:00+00:00,5.071,2023-07-01 16:00:00+00:00,5.5781,10.0,9.8,True,1118,46.58,4.431
APTUSDT,2023-05-16 04:00:00+00:00,8.5574,2023-06-04 17:00:00+00:00,9.41314,10.0,9.8,True,469,19.54,5.494
FILUSDT,2023-05-16 05:00:00+00:00,4.426,2023-05-30 10:00:00+00:00,4.868600000000001,10.0,9.8,True,341,14.21,2.622
OPUSDT,2023-05-16 07:00:00+00:00,1.617,2023-05-17 18:00:00+00:00,1.7787000000000002,10.0,9.8,True,35,1.46,5.033
ADAUSDT,2023-05-16 08:00:00+00:00,0.3683,2023-07-15 07:00:00+00:00,0.3348,-9.096,-9.296,False,1439,59.96,4.769
ARBUSDT,2023-05-16 09:00:00+00:00,1.1941,2023-07-14 16:00:00+00:00,1.31351,10.0,9.8,True,1423,59.29,2.687
ENJUSDT,2023-05-16 09:00:00+00:00,0.3402,2023-07-15 08:00:00+00:00,0.3149,-7.437,-7.637,False,1439,59.96,2.938
AXSUSDT,2023-05-16 09:00:00+00:00,6.8,2023-05-17 09:00:00+00:00,7.48,10.0,9.8,True,24,1.0,3.82
SOLUSDT,2023-05-16 22:00:00+00:00,20.71,2023-07-12 12:00:00+00:00,22.781000000000002,10.0,9.8,True,1358,56.58,3.046
CHZUSDT,2023-05-17 01:00:00+00:00,0.1074,2023-07-16 00:00:00+00:00,0.0818,-23.836,-24.036,False,1439,59.96,6.171
SUIUSDT,2023-05-17 16:00:00+00:00,1.1727,2023-07-16 15:00:00+00:00,0.6902,-41.144,-41.344,False,1439,59.96,4.834
APTUSDT,2023-05-17 19:00:00+00:00,8.7095,2023-07-16 18:00:00+00:00,7.4746,-14.179,-14.379,False,1439,59.96,3.544
AAVEUSDT,2023-05-17 19:00:00+00:00,64.1,2023-06-25 06:00:00+00:00,70.51,10.0,9.8,True,923,38.46,4.626
ARBUSDT,2023-05-17 20:00:00+00:00,1.203,2023-07-14 16:00:00+00:00,1.3233000000000001,10.0,9.8,True,1388,57.83,2.674
SHIBUSDT,2023-05-18 19:00:00+00:00,8.56e-06,2023-07-17 18:00:00+00:00,7.72e-06,-9.813,-10.013,False,1439,59.96,2.604
AVAXUSDT,2023-05-18 19:00:00+00:00,14.51,2023-07-14 09:00:00+00:00,15.961,10.0,9.8,True,1358,56.58,2.516
ETCUSDT,2023-05-18 22:00:00+00:00,18.36,2023-06-30 08:00:00+00:00,20.196,10.0,9.8,True,1018,42.42,2.72
ATOMUSDT,2023-05-18 23:00:00+00:00,10.894,2023-07-17 22:00:00+00:00,9.421,-13.521,-13.721,False,1439,59.96,2.507
ATOMUSDT,2023-05-19 16:00:00+00:00,10.569,2023-07-18 15:00:00+00:00,9.235,-12.622,-12.822,False,1439,59.96,3.195
MANAUSDT,2023-05-19 16:00:00+00:00,0.4946,2023-07-18 15:00:00+00:00,0.4032,-18.48,-18.68,False,1439,59.96,3.015
OPUSDT,2023-05-19 16:00:00+00:00,1.682,2023-07-18 15:00:00+00:00,1.453,-13.615,-13.815,False,1439,59.96,3.656
OPUSDT,2023-05-20 07:00:00+00:00,1.651,2023-07-19 06:00:00+00:00,1.491,-9.691,-9.891,False,1439,59.96,3.976
XLMUSDT,2023-05-20 18:00:00+00:00,0.0886,2023-06-27 14:00:00+00:00,0.09746,10.0,9.8,True,908,37.83,2.512
ADAUSDT,2023-05-21 12:00:00+00:00,0.3613,2023-07-20 11:00:00+00:00,0.3253,-9.964,-10.164,False,1439,59.96,2.846
TRXUSDT,2023-05-21 14:00:00+00:00,0.07503,2023-06-02 21:00:00+00:00,0.08253300000000001,10.0,9.8,True,295,12.29,14.668
ATOMUSDT,2023-05-21 16:00:00+00:00,10.461,2023-07-20 15:00:00+00:00,9.292,-11.175,-11.375,False,1439,59.96,3.462
APTUSDT,2023-05-21 16:00:00+00:00,8.2217,2023-06-02 07:00:00+00:00,9.043870000000002,10.0,9.8,True,279,11.62,3.798
UNIUSDT,2023-05-21 16:00:00+00:00,5.176,2023-07-03 03:00:00+00:00,5.693600000000001,10.0,9.8,True,1019,42.46,2.655
SHIBUSDT,2023-05-21 17:00:00+00:00,8.53e-06,2023-07-20 16:00:00+00:00,7.67e-06,-10.082,-10.282,False,1439,59.96,4.172
XRPUSDT,2023-05-21 18:00:00+00:00,0.4577,2023-05-30 04:00:00+00:00,0.5034700000000001,10.0,9.8,True,202,8.42,2.568
DOGEUSDT,2023-05-21 22:00:00+00:00,0.07218,2023-07-20 21:00:00+00:00,0.07061,-2.175,-2.375,False,1439,59.96,3.377
AVAXUSDT,2023-05-21 22:00:00+00:00,14.32,2023-07-14 07:00:00+00:00,15.752000000000002,10.0,9.8,True,1281,53.38,3.197
BTCUSDT,2023-05-21 22:00:00+00:00,26745.15,2023-06-21 14:00:00+00:00,29419.665000000005,10.0,9.8,True,736,30.67,2.537
CHZUSDT,2023-05-22 01:00:00+00:00,0.1037,2023-07-21 00:00:00+00:00,0.0787,-24.108,-24.308,False,1439,59.96,4.382
UNIUSDT,2023-05-22 01:00:00+00:00,5.079,2023-07-01 16:00:00+00:00,5.5869,10.0,9.8,True,975,40.62,2.965
BNBUSDT,2023-05-22 01:00:00+00:00,305.9,2023-07-21 00:00:00+00:00,242.9,-20.595,-20.795,False,1439,59.96,3.005
BCHUSDT,2023-05-22 01:00:00+00:00,114.0,2023-06-21 05:00:00+00:00,125.4,10.0,9.8,True,724,30.17,3.864
AAVEUSDT,2023-05-22 01:00:00+00:00,63.2,2023-06-25 06:00:00+00:00,69.52000000000001,10.0,9.8,True,821,34.21,4.094
APTUSDT,2023-05-22 01:00:00+00:00,8.0775,2023-06-02 04:00:00+00:00,8.885250000000001,10.0,9.8,True,267,11.12,3.761
LINKUSDT,2023-05-22 01:00:00+00:00,6.393,2023-07-13 23:00:00+00:00,7.0323,10.0,9.8,True,1270,52.92,3.323
SANDUSDT,2023-05-22 01:00:00+00:00,0.5055,2023-05-28 10:00:00+00:00,0.55605,10.0,9.8,True,153,6.38,4.189
DOTUSDT,2023-05-22 01:00:00+00:00,5.266,2023-07-21 00:00:00+00:00,5.407,2.678,2.478,False,1439,59.96,3.3
AXSUSDT,2023-05-22 04:00:00+00:00,6.83,2023-07-21 03:00:00+00:00,6.54,-4.246,-4.446,False,1439,59.96,3.39
CHZUSDT,2023-05-22 05:00:00+00:00,0.1032,2023-07-21 04:00:00+00:00,0.0798,-22.674,-22.874,False,1439,59.96,4.019
UNIUSDT,2023-05-22 06:00:00+00:00,5.116,2023-07-02 10:00:00+00:00,5.6276,10.0,9.8,True,988,41.17,2.752
SOLUSDT,2023-05-23 02:00:00+00:00,19.8,2023-06-04 06:00:00+00:00,21.78,10.0,9.8,True,292,12.17,2.651
UNIUSDT,2023-05-23 04:00:00+00:00,5.195,2023-07-03 03:00:00+00:00,5.714500000000001,10.0,9.8,True,983,40.96,2.582
AXSUSDT,2023-05-23 04:00:00+00:00,7.03,2023-07-22 03:00:00+00:00,6.5,-7.539,-7.739,False,1439,59.96,2.615
LTCUSDT,2023-05-23 04:00:00+00:00,92.74,2023-06-30 10:00:00+00:00,102.014,10.0,9.8,True,918,38.25,3.661
APTUSDT,2023-05-23 04:00:00+00:00,8.3668,2023-06-04 11:00:00+00:00,9.20348,10.0,9.8,True,295,12.29,3.314
SUIUSDT,2023-05-23 04:00:00+00:00,1.0877,2023-07-22 03:00:00+00:00,0.6894,-36.619,-36.819,False,1439,59.96,3.329
SOLUSDT,2023-05-23 04:00:00+00:00,20.04,2023-06-04 13:00:00+00:00,22.044,10.0,9.8,True,297,12.38,2.797
SUIUSDT,2023-05-23 21:00:00+00:00,1.044,2023-07-22 20:00:00+00:00,0.6937,-33.554,-33.754,False,1439,59.96,3.137
SUIUSDT,2023-05-24 04:00:00+00:00,1.0246,2023-07-23 03:00:00+00:00,0.6982,-31.856,-32.056,False,1439,59.96,3.619
SANDUSDT,2023-05-24 04:00:00+00:00,0.4954,2023-05-28 10:00:00+00:00,0.5449400000000001,10.0,9.8,True,102,4.25,2.57
SHIBUSDT,2023-05-24 04:00:00+00:00,8.66e-06,2023-07-23 03:00:00+00:00,7.82e-06,-9.7,-9.9,False,1439,59.96,2.856
NEARUSDT,2023-05-24 05:00:00+00:00,1.612,2023-07-23 04:00:00+00:00,1.458,-9.553,-9.753,False,1439,59.96,2.51
ADAUSDT,2023-05-24 08:00:00+00:00,0.3662,2023-07-23 07:00:00+00:00,0.316,-13.708,-13.908,False,1439,59.96,3.132
TRXUSDT,2023-05-24 14:00:00+00:00,0.07724,2023-06-03 08:00:00+00:00,0.08496400000000001,10.0,9.8,True,234,9.75,2.599
XLMUSDT,2023-05-24 15:00:00+00:00,0.0863,2023-06-27 10:00:00+00:00,0.09493000000000001,10.0,9.8,True,811,33.79,2.992
ARBUSDT,2023-05-24 15:00:00+00:00,1.0991,2023-05-28 01:00:00+00:00,1.2090100000000001,10.0,9.8,True,82,3.42,2.992
OPUSDT,2023-05-24 15:00:00+00:00,1.57,2023-07-23 14:00:00+00:00,1.555,-0.955,-1.155,False,1439,59.96,3.307
SUIUSDT,2023-05-24 15:00:00+00:00,0.9646,2023-05-28 22:00:00+00:00,1.0610600000000001,10.0,9.8,True,103,4.29,4.24
ATOMUSDT,2023-05-24 16:00:00+00:00,10.363,2023-07-23 15:00:00+00:00,9.293,-10.325,-10.525,False,1439,59.96,4.912
BTCUSDT,2023-05-24 16:00:00+00:00,26314.69,2023-06-21 01:00:00+00:00,28946.159,10.0,9.8,True,657,27.38,3.158
OPUSDT,2023-05-24 21:00:00+00:00,1.594,2023-07-23 20:00:00+00:00,1.626,2.008,1.808,False,1439,59.96,5.866
MANAUSDT,2023-05-25 02:00:00+00:00,0.4501,2023-05-28 22:00:00+00:00,0.49511000000000005,10.0,9.8,True,92,3.83,3.462
NEARUSDT,2023-05-25 02:00:00+00:00,1.555,2023-07-24 01:00:00+00:00,1.438,-7.524,-7.724,False,1439,59.96,2.553
MANAUSDT,2023-05-25 04:00:00+00:00,0.4632,2023-06-04 18:00:00+00:00,0.5095200000000001,10.0,9.8,True,254,10.58,2.852
ETHUSDT,2023-05-25 13:00:00+00:00,1801.81,2023-07-13 17:00:00+00:00,1981.9910000000002,10.0,9.8,True,1180,49.17,2.859
BNBUSDT,2023-05-26 07:00:00+00:00,306.0,2023-07-25 06:00:00+00:00,237.4,-22.418,-22.618,False,1439,59.96,6.209
ENJUSDT,2023-05-26 14:00:00+00:00,0.3314,2023-07-25 13:00:00+00:00,0.3069,-7.393,-7.593,False,1439,59.96,3.936
ADAUSDT,2023-05-29 16:00:00+00:00,0.3776,2023-07-28 15:00:00+00:00,0.311,-17.638,-17.838,False,1439,59.96,5.279
OPUSDT,2023-05-31 01:00:00+00:00,1.481,2023-07-14 16:00:00+00:00,1.6291000000000002,10.0,9.8,True,1071,44.62,2.928
ETCUSDT,2023-05-31 05:00:00+00:00,17.97,2023-06-30 04:00:00+00:00,19.767,10.0,9.8,True,719,29.96,5.022
NEARUSDT,2023-05-31 05:00:00+00:00,1.569,2023-07-30 04:00:00+00:00,1.41,-10.134,-10.334,False,1439,59.96,2.831
CHZUSDT,2023-05-31 15:00:00+00:00,0.0992,2023-07-30 14:00:00+00:00,0.0787,-20.665,-20.865,False,1439,59.96,5.285
ADAUSDT,2023-05-31 18:00:00+00:00,0.3747,2023-07-30 17:00:00+00:00,0.3151,-15.906,-16.106,False,1439,59.96,3.991
AAVEUSDT,2023-05-31 20:00:00+00:00,63.6,2023-06-25 06:00:00+00:00,69.96000000000001,10.0,9.8,True,586,24.42,3.172
ADAUSDT,2023-06-01 12:00:00+00:00,0.3633,2023-07-31 11:00:00+00:00,0.3135,-13.708,-13.908,False,1439,59.96,3.1
SHIBUSDT,2023-06-02 02:00:00+00:00,8.37e-06,2023-08-01 01:00:00+00:00,8.37e-06,0.0,-0.2,False,1439,59.96,4.445
ENJUSDT,2023-06-04 00:00:00+00:00,0.3297,2023-08-02 23:00:00+00:00,0.2908,-11.799,-11.999,False,1439,59.96,2.531
UNIUSDT,2023-06-04 17:00:00+00:00,5.02,2023-06-26 00:00:00+00:00,5.522,10.0,9.8,True,511,21.29,3.604
FILUSDT,2023-06-04 20:00:00+00:00,4.723,2023-08-03 19:00:00+00:00,4.181,-11.476,-11.676,False,1439,59.96,3.293
FILUSDT,2023-06-04 23:00:00+00:00,4.666,2023-08-03 22:00:00+00:00,4.12,-11.702,-11.902,False,1439,59.96,2.869
OPUSDT,2023-06-05 04:00:00+00:00,1.451,2023-07-14 16:00:00+00:00,1.5961000000000003,10.0,9.8,True,948,39.5,2.714
ARBUSDT,2023-06-05 06:00:00+00:00,1.1688,2023-07-14 16:00:00+00:00,1.2856800000000002,10.0,9.8,True,946,39.42,3.44
DOTUSDT,2023-06-05 07:00:00+00:00,5.262,2023-08-04 06:00:00+00:00,4.996,-5.055,-5.255,False,1439,59.96,2.601
ETHUSDT,2023-06-05 17:00:00+00:00,1813.24,2023-07-13 17:00:00+00:00,1994.564,10.0,9.8,True,912,38.0,7.937
UNIUSDT,2023-06-05 17:00:00+00:00,4.751,2023-06-25 07:00:00+00:00,5.226100000000001,10.0,9.8,True,470,19.58,10.632
TRXUSDT,2023-06-05 17:00:00+00:00,0.07819,2023-07-22 03:00:00+00:00,0.086009,10.0,9.8,True,1114,46.42,5.698
BNBUSDT,2023-06-05 17:00:00+00:00,280.2,2023-08-04 16:00:00+00:00,243.3,-13.169,-13.369,False,1439,59.96,6.497
MANAUSDT,2023-06-05 17:00:00+00:00,0.4725,2023-08-04 16:00:00+00:00,0.3692,-21.862,-22.062,False,1439,59.96,3.532
LTCUSDT,2023-06-05 17:00:00+00:00,87.18,2023-06-30 03:00:00+00:00,95.89800000000001,10.0,9.8,True,586,24.42,8.795
APTUSDT,2023-06-05 17:00:00+00:00,8.2065,2023-08-04 16:00:00+00:00,6.829,-16.785,-16.985,False,1439,59.96,4.882
SANDUSDT,2023-06-05 17:00:00+00:00,0.5376,2023-08-04 16:00:00+00:00,0.404,-24.851,-25.051,False,1439,59.96,3.717
AXSUSDT,2023-06-05 17:00:00+00:00,6.75,2023-08-04 16:00:00+00:00,5.81,-13.926,-14.126,False,1439,59.96,4.629
FILUSDT,2023-06-05 17:00:00+00:00,4.207,2023-07-03 02:00:00+00:00,4.6277,10.0,9.8,True,657,27.38,6.528
OPUSDT,2023-06-05 17:00:00+00:00,1.35,2023-06-06 13:00:00+00:00,1.4850000000000003,10.0,9.8,True,20,0.83,7.034
SHIBUSDT,2023-06-05 17:00:00+00:00,8.05e-06,2023-08-04 16:00:00+00:00,8.75e-06,8.696,8.496,False,1439,59.96,18.327
DOTUSDT,2023-06-05 17:00:00+00:00,5.023,2023-07-02 22:00:00+00:00,5.5253000000000005,10.0,9.8,True,653,27.21,7.608
ARBUSDT,2023-06-05 17:00:00+00:00,1.1278,2023-06-27 16:00:00+00:00,1.24058,10.0,9.8,True,527,21.96,7.452
AVAXUSDT,2023-06-05 17:00:00+00:00,13.99,2023-07-14 07:00:00+00:00,15.389000000000001,10.0,9.8,True,926,38.58,7.561
LINKUSDT,2023-06-05 17:00:00+00:00,6.107,2023-07-13 17:00:00+00:00,6.717700000000001,10.0,9.8,True,912,38.0,9.93
BCHUSDT,2023-06-05 17:00:00+00:00,108.5,2023-06-21 05:00:00+00:00,119.35000000000001,10.0,9.8,True,372,15.5,9.178
XRPUSDT,2023-06-05 17:00:00+00:00,0.5047,2023-06-13 11:00:00+00:00,0.55517,10.0,9.8,True,186,7.75,5.161
AAVEUSDT,2023-06-05 17:00:00+00:00,59.6,2023-06-25 02:00:00+00:00,65.56,10.0,9.8,True,465,19.38,12.5
SUIUSDT,2023-06-05 17:00:00+00:00,0.8029,2023-06-22 01:00:00+00:00,0.88319,10.0,9.8,True,392,16.33,7.993
SOLUSDT,2023-06-05 17:00:00+00:00,20.02,2023-07-08 07:00:00+00:00,22.022000000000002,10.0,9.8,True,782,32.58,8.142
CHZUSDT,2023-06-05 17:00:00+00:00,0.0948,2023-08-04 16:00:00+00:00,0.0773,-18.46,-18.66,False,1439,59.96,16.072
ATOMUSDT,2023-06-05 18:00:00+00:00,10.018,2023-08-04 17:00:00+00:00,8.615,-14.005,-14.205,False,1439,59.96,2.768
ETCUSDT,2023-06-05 18:00:00+00:00,16.85,2023-06-23 16:00:00+00:00,18.535000000000004,10.0,9.8,True,430,17.92,2.85
DOGEUSDT,2023-06-05 18:00:00+00:00,0.06646,2023-07-14 15:00:00+00:00,0.07310600000000002,10.0,9.8,True,933,38.88,2.836
MANAUSDT,2023-06-06 14:00:00+00:00,0.4458,2023-08-05 13:00:00+00:00,0.3612,-18.977,-19.177,False,1439,59.96,2.737
APTUSDT,2023-06-06 14:00:00+00:00,7.91,2023-08-05 13:00:00+00:00,6.6764,-15.595,-15.795,False,1439,59.96,3.224
SUIUSDT,2023-06-06 14:00:00+00:00,0.7876,2023-06-22 01:00:00+00:00,0.86636,10.0,9.8,True,371,15.46,2.556
SOLUSDT,2023-06-06 14:00:00+00:00,19.75,2023-07-07 15:00:00+00:00,21.725,10.0,9.8,True,745,31.04,3.168
ADAUSDT,2023-06-06 15:00:00+00:00,0.3498,2023-08-05 14:00:00+00:00,0.2922,-16.467,-16.667,False,1439,59.96,2.828
BNBUSDT,2023-06-07 11:00:00+00:00,272.6,2023-08-06 10:00:00+00:00,244.4,-10.345,-10.545,False,1439,59.96,3.037
ADAUSDT,2023-06-07 11:00:00+00:00,0.3374,2023-07-14 00:00:00+00:00,0.37114,10.0,9.8,True,877,36.54,2.615
BNBUSDT,2023-06-07 16:00:00+00:00,259.0,2023-08-06 15:00:00+00:00,243.1,-6.139,-6.339,False,1439,59.96,3.949
DOTUSDT,2023-06-07 16:00:00+00:00,5.037,2023-07-03 00:00:00+00:00,5.5407,10.0,9.8,True,608,25.33,2.857
AXSUSDT,2023-06-07 17:00:00+00:00,6.34,2023-08-06 16:00:00+00:00,5.84,-7.886,-8.086,False,1439,59.96,2.591
SOLUSDT,2023-06-07 18:00:00+00:00,19.07,2023-07-06 19:00:00+00:00,20.977,10.0,9.8,True,697,29.04,3.129
AAVEUSDT,2023-06-07 18:00:00+00:00,59.3,2023-06-25 02:00:00+00:00,65.23,10.0,9.8,True,416,17.33,2.842
CHZUSDT,2023-06-08 04:00:00+00:00,0.0858,2023-08-07 03:00:00+00:00,0.0774,-9.79,-9.99,False,1439,59.96,2.624
ENJUSDT,2023-06-08 11:00:00+00:00,0.305,2023-07-05 07:00:00+00:00,0.3355,10.0,9.8,True,644,26.83,9.697
ATOMUSDT,2023-06-09 08:00:00+00:00,9.269,2023-07-14 02:00:00+00:00,10.195900000000002,10.0,9.8,True,834,34.75,8.178
ADAUSDT,2023-06-09 13:00:00+00:00,0.3211,2023-07-13 18:00:00+00:00,0.35321,10.0,9.8,True,821,34.21,4.606
TRXUSDT,2023-06-09 22:00:00+00:00,0.07204,2023-07-07 15:00:00+00:00,0.07924400000000001,10.0,9.8,True,665,27.71,2.704
SHIBUSDT,2023-06-10 06:00:00+00:00,6.17e-06,2023-06-10 17:00:00+00:00,6.787e-06,10.0,9.8,True,11,0.46,4.086
DOGEUSDT,2023-06-10 06:00:00+00:00,0.06052,2023-06-21 18:00:00+00:00,0.066572,10.0,9.8,True,276,11.5,3.125
OPUSDT,2023-06-10 06:00:00+00:00,1.081,2023-06-13 12:00:00+00:00,1.1891,10.0,9.8,True,78,3.25,4.482
ENJUSDT,2023-06-10 06:00:00+00:00,0.2441,2023-06-21 00:00:00+00:00,0.26851,10.0,9.8,True,258,10.75,3.037
FILUSDT,2023-06-10 06:00:00+00:00,3.109,2023-06-10 09:00:00+00:00,3.4199,10.0,9.8,True,3,0.12,5.984
NEARUSDT,2023-06-10 06:00:00+00:00,1.201,2023-06-21 01:00:00+00:00,1.3211000000000002,10.0,9.8,True,259,10.79,3.831
BNBUSDT,2023-06-10 06:00:00+00:00,238.5,2023-08-09 05:00:00+00:00,244.8,2.642,2.442,False,1439,59.96,4.091
ADAUSDT,2023-06-10 06:00:00+00:00,0.2442,2023-06-10 21:00:00+00:00,0.26862,10.0,9.8,True,15,0.62,2.893
DOTUSDT,2023-06-10 07:00:00+00:00,4.278,2023-06-13 12:00:00+00:00,4.7058,10.0,9.8,True,77,3.21,4.063
ARBUSDT,2023-06-10 07:00:00+00:00,1.0062,2023-06-21 01:00:00+00:00,1.1068200000000001,10.0,9.8,True,258,10.75,3.875
BCHUSDT,2023-06-10 07:00:00+00:00,99.2,2023-06-16 20:00:00+00:00,109.12000000000002,10.0,9.8,True,157,6.54,5.732
BTCUSDT,2023-06-10 07:00:00+00:00,25538.81,2023-06-20 18:00:00+00:00,28092.691000000003,10.0,9.8,True,251,10.46,2.679
AVAXUSDT,2023-06-10 08:00:00+00:00,11.26,2023-06-21 05:00:00+00:00,12.386000000000001,10.0,9.8,True,261,10.88,2.676
FILUSDT,2023-06-10 09:00:00+00:00,3.369,2023-06-13 03:00:00+00:00,3.7059000000000006,10.0,9.8,True,66,2.75,3.897
ETHUSDT,2023-06-10 09:00:00+00:00,1740.25,2023-06-22 00:00:00+00:00,1914.275,10.0,9.8,True,279,11.62,2.58
BTCUSDT,2023-06-10 18:00:00+00:00,26022.34,2023-06-21 01:00:00+00:00,28624.574000000004,10.0,9.8,True,247,10.29,3.016
ETHUSDT,2023-06-10 18:00:00+00:00,1760.16,2023-06-23 16:00:00+00:00,1936.1760000000002,10.0,9.8,True,310,12.92,2.521
BNBUSDT,2023-06-12 04:00:00+00:00,226.2,2023-06-14 00:00:00+00:00,248.82000000000002,10.0,9.8,True,44,1.83,4.498
BNBUSDT,2023-06-12 09:00:00+00:00,229.5,2023-06-14 04:00:00+00:00,252.45000000000002,10.0,9.8,True,43,1.79,3.9
ETHUSDT,2023-06-14 18:00:00+00:00,1743.45,2023-06-22 00:00:00+00:00,1917.7950000000003,10.0,9.8,True,174,7.25,2.546
XRPUSDT,2023-06-14 19:00:00+00:00,0.5041,2023-07-13 15:00:00+00:00,0.5545100000000001,10.0,9.8,True,692,28.83,2.779
XLMUSDT,2023-06-14 19:00:00+00:00,0.0812,2023-06-22 10:00:00+00:00,0.08932,10.0,9.8,True,183,7.62,3.645
ARBUSDT,2023-06-14 19:00:00+00:00,0.9983,2023-06-21 01:00:00+00:00,1.09813,10.0,9.8,True,150,6.25,4.761
SUIUSDT,2023-06-14 19:00:00+00:00,0.6786,2023-06-17 05:00:00+00:00,0.74646,10.0,9.8,True,58,2.42,3.129
OPUSDT,2023-06-14 19:00:00+00:00,1.15,2023-06-20 17:00:00+00:00,1.265,10.0,9.8,True,142,5.92,5.713
OPUSDT,2023-06-14 22:00:00+00:00,1.091,2023-06-20 15:00:00+00:00,1.2001000000000002,10.0,9.8,True,137,5.71,2.638
ADAUSDT,2023-06-14 22:00:00+00:00,0.2624,2023-06-21 23:00:00+00:00,0.28864000000000006,10.0,9.8,True,169,7.04,2.504
SOLUSDT,2023-06-15 03:00:00+00:00,14.77,2023-06-20 00:00:00+00:00,16.247,10.0,9.8,True,117,4.88,2.591
AAVEUSDT,2023-06-15 04:00:00+00:00,51.2,2023-06-22 00:00:00+00:00,56.32000000000001,10.0,9.8,True,164,6.83,2.607
ADAUSDT,2023-06-15 06:00:00+00:00,0.2602,2023-06-21 16:00:00+00:00,0.28622000000000003,10.0,9.8,True,154,6.42,3.325
DOGEUSDT,2023-06-15 10:00:00+00:00,0.06092,2023-06-22 01:00:00+00:00,0.067012,10.0,9.8,True,159,6.62,2.893
BCHUSDT,2023-06-15 10:00:00+00:00,103.0,2023-06-21 05:00:00+00:00,113.30000000000001,10.0,9.8,True,139,5.79,3.926
LINKUSDT,2023-06-16 15:00:00+00:00,5.238,2023-06-22 02:00:00+00:00,5.761800000000001,10.0,9.8,True,131,5.46,2.547
ENJUSDT,2023-06-16 15:00:00+00:00,0.253,2023-06-21 05:00:00+00:00,0.27830000000000005,10.0,9.8,True,110,4.58,2.8
APTUSDT,2023-06-16 15:00:00+00:00,6.1355,2023-06-17 06:00:00+00:00,6.749050000000001,10.0,9.8,True,15,0.62,2.996
AXSUSDT,2023-06-16 15:00:00+00:00,4.74,2023-06-20 20:00:00+00:00,5.214,10.0,9.8,True,101,4.21,3.464
ETCUSDT,2023-06-16 15:00:00+00:00,14.93,2023-06-21 05:00:00+00:00,16.423000000000002,10.0,9.8,True,110,4.58,4.748
MANAUSDT,2023-06-16 15:00:00+00:00,0.3323,2023-06-21 05:00:00+00:00,0.36553,10.0,9.8,True,110,4.58,2.529
ADAUSDT,2023-06-16 17:00:00+00:00,0.2612,2023-06-21 16:00:00+00:00,0.28732,10.0,9.8,True,119,4.96,2.577
BCHUSDT,2023-06-18 03:00:00+00:00,107.0,2023-06-21 05:00:00+00:00,117.7,10.0,9.8,True,74,3.08,2.512
AVAXUSDT,2023-06-18 04:00:00+00:00,11.53,2023-06-21 16:00:00+00:00,12.683,10.0,9.8,True,84,3.5,6.161
ENJUSDT,2023-06-19 03:00:00+00:00,0.2589,2023-06-22 00:00:00+00:00,0.28479000000000004,10.0,9.8,True,69,2.88,4.021
SUIUSDT,2023-06-19 06:00:00+00:00,0.7544,2023-06-21 00:00:00+00:00,0.82984,10.0,9.8,True,42,1.75,2.738
ATOMUSDT,2023-06-19 08:00:00+00:00,8.57,2023-06-23 18:00:00+00:00,9.427000000000001,10.0,9.8,True,106,4.42,2.857
LINKUSDT,2023-06-19 11:00:00+00:00,5.074,2023-06-21 23:00:00+00:00,5.5814,10.0,9.8,True,60,2.5,3.241
CHZUSDT,2023-06-19 13:00:00+00:00,0.068,2023-06-22 00:00:00+00:00,0.0748,10.0,9.8,True,59,2.46,2.52
FILUSDT,2023-06-19 13:00:00+00:00,3.656,2023-06-22 00:00:00+00:00,4.0216,10.0,9.8,True,59,2.46,2.697
BNBUSDT,2023-06-19 19:00:00+00:00,240.4,2023-08-18 18:00:00+00:00,217.0,-9.734,-9.934,False,1439,59.96,3.894
BCHUSDT,2023-06-19 19:00:00+00:00,105.6,2023-06-21 05:00:00+00:00,116.16,10.0,9.8,True,34,1.42,3.623
ATOMUSDT,2023-06-19 19:00:00+00:00,8.488,2023-06-22 10:00:00+00:00,9.3368,10.0,9.8,True,63,2.62,3.493
AVAXUSDT,2023-06-19 19:00:00+00:00,11.33,2023-06-21 14:00:00+00:00,12.463000000000001,10.0,9.8,True,43,1.79,4.094
LINKUSDT,2023-06-19 19:00:00+00:00,5.079,2023-06-21 23:00:00+00:00,5.5869,10.0,9.8,True,52,2.17,3.318
DOTUSDT,2023-06-19 19:00:00+00:00,4.46,2023-06-21 16:00:00+00:00,4.906000000000001,10.0,9.8,True,45,1.88,3.877
NEARUSDT,2023-06-19 19:00:00+00:00,1.219,2023-06-21 16:00:00+00:00,1.3409000000000002,10.0,9.8,True,45,1.88,3.138
UNIUSDT,2023-06-19 19:00:00+00:00,4.406,2023-06-22 00:00:00+00:00,4.8466000000000005,10.0,9.8,True,53,2.21,2.783
FILUSDT,2023-06-19 19:00:00+00:00,3.636,2023-06-22 00:00:00+00:00,3.9996000000000005,10.0,9.8,True,53,2.21,2.95
LTCUSDT,2023-06-19 19:00:00+00:00,76.46,2023-06-21 05:00:00+00:00,84.106,10.0,9.8,True,34,1.42,4.098
SANDUSDT,2023-06-19 19:00:00+00:00,0.3833,2023-06-21 18:00:00+00:00,0.42163,10.0,9.8,True,47,1.96,3.352
TRXUSDT,2023-06-20 10:00:00+00:00,0.06868,2023-06-30 04:00:00+00:00,0.07554800000000002,10.0,9.8,True,234,9.75,2.786
BNBUSDT,2023-06-20 16:00:00+00:00,240.4,2023-08-19 15:00:00+00:00,217.3,-9.609,-9.809,False,1439,59.96,3.668
ARBUSDT,2023-06-20 17:00:00+00:00,1.0151,2023-06-21 01:00:00+00:00,1.1166099999999999,10.0,9.8,True,8,0.33,3.89
LINKUSDT,2023-06-20 17:00:00+00:00,5.102,2023-06-22 00:00:00+00:00,5.6122000000000005,10.0,9.8,True,31,1.29,2.707
SHIBUSDT,2023-06-20 17:00:00+00:00,7.11e-06,2023-06-22 01:00:00+00:00,7.821e-06,10.0,9.8,True,32,1.33,3.073
ATOMUSDT,2023-06-20 17:00:00+00:00,8.427,2023-06-22 02:00:00+00:00,9.2697,10.0,9.8,True,33,1.38,2.725
LTCUSDT,2023-06-20 17:00:00+00:00,77.13,2023-06-21 07:00:00+00:00,84.843,10.0,9.8,True,14,0.58,3.708
ETHUSDT,2023-06-20 17:00:00+00:00,1745.07,2023-06-22 00:00:00+00:00,1919.577,10.0,9.8,True,31,1.29,3.636
AVAXUSDT,2023-06-20 17:00:00+00:00,11.46,2023-06-21 16:00:00+00:00,12.606000000000002,10.0,9.8,True,23,0.96,3.179
SOLUSDT,2023-06-20 17:00:00+00:00,16.08,2023-06-22 00:00:00+00:00,17.688,10.0,9.8,True,31,1.29,2.779
MANAUSDT,2023-06-20 17:00:00+00:00,0.3377,2023-06-21 16:00:00+00:00,0.37147,10.0,9.8,True,23,0.96,2.786
BNBUSDT,2023-06-20 18:00:00+00:00,243.6,2023-08-19 17:00:00+00:00,217.7,-10.632,-10.832,False,1439,59.96,2.781
UNIUSDT,2023-06-20 18:00:00+00:00,4.53,2023-06-25 03:00:00+00:00,4.9830000000000005,10.0,9.8,True,105,4.38,2.577
NEARUSDT,2023-06-20 18:00:00+00:00,1.264,2023-06-23 16:00:00+00:00,1.3904,10.0,9.8,True,70,2.92,2.899
ADAUSDT,2023-06-20 18:00:00+00:00,0.2652,2023-06-22 00:00:00+00:00,0.29172000000000003,10.0,9.8,True,30,1.25,3.862
DOGEUSDT,2023-06-20 18:00:00+00:00,0.0621,2023-06-22 01:00:00+00:00,0.06831000000000001,10.0,9.8,True,31,1.29,3.003
ETCUSDT,2023-06-20 18:00:00+00:00,15.44,2023-06-21 16:00:00+00:00,16.984,10.0,9.8,True,22,0.92,3.687
APTUSDT,2023-06-20 18:00:00+00:00,6.9713,2023-06-22 00:00:00+00:00,7.668430000000001,10.0,9.8,True,30,1.25,3.101
XLMUSDT,2023-06-20 18:00:00+00:00,0.0813,2023-06-23 15:00:00+00:00,0.08943000000000001,10.0,9.8,True,69,2.88,4.186
DOTUSDT,2023-06-20 18:00:00+00:00,4.545,2023-06-23 15:00:00+00:00,4.9995,10.0,9.8,True,69,2.88,4.013
ENJUSDT,2023-06-20 18:00:00+00:00,0.2612,2023-06-22 01:00:00+00:00,0.28732,10.0,9.8,True,31,1.29,3.701
ATOMUSDT,2023-06-20 19:00:00+00:00,8.67,2023-06-25 02:00:00+00:00,9.537,10.0,9.8,True,103,4.29,7.133
SHIBUSDT,2023-06-20 19:00:00+00:00,7.23e-06,2023-06-22 03:00:00+00:00,7.953000000000002e-06,10.0,9.8,True,32,1.33,3.68
AXSUSDT,2023-06-23 01:00:00+00:00,5.49,2023-06-24 00:00:00+00:00,6.039000000000001,10.0,9.8,True,23,0.96,2.849
AXSUSDT,2023-06-23 03:00:00+00:00,5.69,2023-06-24 00:00:00+00:00,6.259000000000001,10.0,9.8,True,21,0.88,5.742
SANDUSDT,2023-06-23 03:00:00+00:00,0.428,2023-07-13 17:00:00+00:00,0.47080000000000005,10.0,9.8,True,494,20.58,3.124
SUIUSDT,2023-06-23 10:00:00+00:00,0.7959,2023-08-22 09:00:00+00:00,0.5523,-30.607,-30.807,False,1439,59.96,2.636
SOLUSDT,2023-06-23 13:00:00+00:00,16.4,2023-06-29 11:00:00+00:00,18.04,10.0,9.8,True,142,5.92,2.918
SOLUSDT,2023-06-23 15:00:00+00:00,16.48,2023-06-29 11:00:00+00:00,18.128000000000004,10.0,9.8,True,140,5.83,3.718
DOTUSDT,2023-06-24 16:00:00+00:00,4.99,2023-07-02 21:00:00+00:00,5.489000000000001,10.0,9.8,True,197,8.21,3.161
MANAUSDT,2023-06-24 18:00:00+00:00,0.4143,2023-08-23 17:00:00+00:00,0.3122,-24.644,-24.844,False,1439,59.96,4.522
SANDUSDT,2023-06-24 19:00:00+00:00,0.4427,2023-08-23 18:00:00+00:00,0.3303,-25.39,-25.59,False,1439,59.96,3.322
AXSUSDT,2023-06-25 01:00:00+00:00,6.05,2023-07-01 16:00:00+00:00,6.655,10.0,9.8,True,159,6.62,7.476
UNIUSDT,2023-06-25 03:00:00+00:00,4.875,2023-06-25 08:00:00+00:00,5.362500000000001,10.0,9.8,True,5,0.21,7.724
APTUSDT,2023-06-25 03:00:00+00:00,7.6254,2023-08-24 02:00:00+00:00,6.0129,-21.146,-21.346,False,1439,59.96,3.114
ETCUSDT,2023-06-26 04:00:00+00:00,18.08,2023-06-30 04:00:00+00:00,19.887999999999998,10.0,9.8,True,96,4.0,2.706
NEARUSDT,2023-06-26 07:00:00+00:00,1.55,2023-08-25 06:00:00+00:00,1.171,-24.452,-24.652,False,1439,59.96,35.18
APTUSDT,2023-06-26 09:00:00+00:00,7.6555,2023-08-25 08:00:00+00:00,5.6616,-26.045,-26.245,False,1439,59.96,2.601
OPUSDT,2023-06-28 05:00:00+00:00,1.268,2023-07-13 17:00:00+00:00,1.3948,10.0,9.8,True,372,15.5,2.714
DOTUSDT,2023-06-28 13:00:00+00:00,4.972,2023-07-02 21:00:00+00:00,5.469200000000001,10.0,9.8,True,104,4.33,2.572
ADAUSDT,2023-06-28 14:00:00+00:00,0.2752,2023-07-13 15:00:00+00:00,0.30272000000000004,10.0,9.8,True,361,15.04,2.548
AVAXUSDT,2023-06-28 15:00:00+00:00,12.76,2023-07-09 02:00:00+00:00,14.036000000000001,10.0,9.8,True,251,10.46,7.797
ATOMUSDT,2023-06-28 22:00:00+00:00,9.082,2023-07-03 17:00:00+00:00,9.990200000000002,10.0,9.8,True,115,4.79,2.852
AAVEUSDT,2023-06-29 08:00:00+00:00,61.27,2023-06-30 10:00:00+00:00,67.397,10.0,9.8,True,26,1.08,7.734
SANDUSDT,2023-06-30 03:00:00+00:00,0.4138,2023-07-01 23:00:00+00:00,0.45518000000000003,10.0,9.8,True,44,1.83,2.907
OPUSDT,2023-06-30 03:00:00+00:00,1.243,2023-06-30 16:00:00+00:00,1.3673000000000002,10.0,9.8,True,13,0.54,2.668
ARBUSDT,2023-06-30 03:00:00+00:00,1.1612,2023-07-14 15:00:00+00:00,1.27732,10.0,9.8,True,348,14.5,2.649
BNBUSDT,2023-06-30 04:00:00+00:00,236.7,2023-07-14 02:00:00+00:00,260.37,10.0,9.8,True,334,13.92,2.553
ETHUSDT,2023-06-30 05:00:00+00:00,1887.4,2023-08-29 04:00:00+00:00,1650.96,-12.527,-12.727,False,1439,59.96,4.188
BTCUSDT,2023-06-30 05:00:00+00:00,30877.99,2023-08-29 04:00:00+00:00,26057.87,-15.61,-15.81,False,1439,59.96,3.815
OPUSDT,2023-07-02 06:00:00+00:00,1.339,2023-07-14 13:00:00+00:00,1.4729,10.0,9.8,True,295,12.29,3.659
UNIUSDT,2023-07-02 11:00:00+00:00,5.602,2023-07-18 07:00:00+00:00,6.162200000000001,10.0,9.8,True,380,15.83,4.089
DOGEUSDT,2023-07-02 16:00:00+00:00,0.06695,2023-07-15 07:00:00+00:00,0.073645,10.0,9.8,True,303,12.62,2.55
MANAUSDT,2023-07-02 16:00:00+00:00,0.4019,2023-07-13 23:00:00+00:00,0.44209000000000004,10.0,9.8,True,271,11.29,2.72
SUIUSDT,2023-07-02 16:00:00+00:00,0.6732,2023-07-14 16:00:00+00:00,0.7405200000000001,10.0,9.8,True,288,12.0,4.058
BCHUSDT,2023-07-04 00:00:00+00:00,292.2,2023-09-01 23:00:00+00:00,199.6,-31.691,-31.891,False,1439,59.96,2.893
ARBUSDT,2023-07-04 04:00:00+00:00,1.1922,2023-07-14 16:00:00+00:00,1.31142,10.0,9.8,True,252,10.5,2.615
UNIUSDT,2023-07-04 07:00:00+00:00,5.538,2023-07-14 16:00:00+00:00,6.091800000000001,10.0,9.8,True,249,10.38,6.202
TRXUSDT,2023-07-04 10:00:00+00:00,0.07794,2023-07-22 03:00:00+00:00,0.085734,10.0,9.8,True,425,17.71,5.129
ENJUSDT,2023-07-04 17:00:00+00:00,0.3184,2023-09-02 16:00:00+00:00,0.2305,-27.607,-27.807,False,1439,59.96,16.173
NEARUSDT,2023-07-04 17:00:00+00:00,1.41,2023-07-14 09:00:00+00:00,1.551,10.0,9.8,True,232,9.67,2.721
CHZUSDT,2023-07-04 20:00:00+00:00,0.078,2023-09-02 19:00:00+00:00,0.0596,-23.59,-23.79,False,1439,59.96,2.787
ETHUSDT,2023-07-05 09:00:00+00:00,1929.48,2023-09-03 08:00:00+00:00,1632.1,-15.412,-15.612,False,1439,59.96,3.069
OPUSDT,2023-07-05 09:00:00+00:00,1.273,2023-07-13 17:00:00+00:00,1.4003,10.0,9.8,True,200,8.33,2.715
XLMUSDT,2023-07-05 14:00:00+00:00,0.1012,2023-07-13 16:00:00+00:00,0.11132,10.0,9.8,True,194,8.08,2.929
ARBUSDT,2023-07-05 16:00:00+00:00,1.0972,2023-07-13 17:00:00+00:00,1.20692,10.0,9.8,True,193,8.04,3.016
DOGEUSDT,2023-07-05 16:00:00+00:00,0.06625,2023-07-14 15:00:00+00:00,0.07287500000000001,10.0,9.8,True,215,8.96,2.757
ATOMUSDT,2023-07-05 17:00:00+00:00,9.367,2023-09-03 16:00:00+00:00,6.769,-27.736,-27.936,False,1439,59.96,5.706
SOLUSDT,2023-07-06 01:00:00+00:00,19.3,2023-07-07 14:00:00+00:00,21.230000000000004,10.0,9.8,True,37,1.54,5.335
AXSUSDT,2023-07-08 07:00:00+00:00,5.87,2023-07-13 16:00:00+00:00,6.457000000000001,10.0,9.8,True,129,5.38,2.826
APTUSDT,2023-07-08 21:00:00+00:00,6.9956,2023-07-13 18:00:00+00:00,7.6951600000000004,10.0,9.8,True,117,4.88,4.858
AAVEUSDT,2023-07-09 14:00:00+00:00,72.6,2023-07-14 00:00:00+00:00,79.86,10.0,9.8,True,106,4.42,3.343
LTCUSDT,2023-07-09 15:00:00+00:00,96.65,2023-09-07 14:00:00+00:00,62.91,-34.909,-35.109,False,1439,59.96,3.498
ADAUSDT,2023-07-09 15:00:00+00:00,0.2875,2023-07-13 16:00:00+00:00,0.31625,10.0,9.8,True,97,4.04,7.005
BCHUSDT,2023-07-10 02:00:00+00:00,267.7,2023-07-12 12:00:00+00:00,294.47,10.0,9.8,True,58,2.42,3.559
UNIUSDT,2023-07-10 03:00:00+00:00,5.15,2023-07-13 17:00:00+00:00,5.665000000000001,10.0,9.8,True,86,3.58,2.503
ETCUSDT,2023-07-10 09:00:00+00:00,18.52,2023-09-08 08:00:00+00:00,15.55,-16.037,-16.237,False,1439,59.96,3.339
ENJUSDT,2023-07-10 09:00:00+00:00,0.2832,2023-07-13 15:00:00+00:00,0.31152,10.0,9.8,True,78,3.25,2.724
BNBUSDT,2023-07-10 10:00:00+00:00,240.7,2023-09-08 09:00:00+00:00,216.1,-10.22,-10.42,False,1439,59.96,21.184
APTUSDT,2023-07-10 13:00:00+00:00,7.0229,2023-07-14 00:00:00+00:00,7.7251900000000004,10.0,9.8,True,83,3.46,2.722
SUIUSDT,2023-07-10 14:00:00+00:00,0.6476,2023-07-13 18:00:00+00:00,0.71236,10.0,9.8,True,76,3.17,4.048
SUIUSDT,2023-07-10 16:00:00+00:00,0.6513,2023-07-14 00:00:00+00:00,0.71643,10.0,9.8,True,80,3.33,3.368
ATOMUSDT,2023-07-10 19:00:00+00:00,9.319,2023-07-14 04:00:00+00:00,10.250900000000001,10.0,9.8,True,81,3.38,2.59
ARBUSDT,2023-07-11 13:00:00+00:00,1.1227,2023-07-13 18:00:00+00:00,1.2349700000000001,10.0,9.8,True,53,2.21,4.214
XLMUSDT,2023-07-12 02:00:00+00:00,0.0974,2023-07-13 15:00:00+00:00,0.10714000000000001,10.0,9.8,True,37,1.54,3.076
SHIBUSDT,2023-07-12 21:00:00+00:00,7.51e-06,2023-07-14 15:00:00+00:00,8.261000000000001e-06,10.0,9.8,True,42,1.75,2.955
DOGEUSDT,2023-07-13 00:00:00+00:00,0.06504,2023-07-13 20:00:00+00:00,0.07154400000000001,10.0,9.8,True,20,0.83,2.507
AAVEUSDT,2023-07-13 00:00:00+00:00,75.64,2023-07-14 13:00:00+00:00,83.20400000000001,10.0,9.8,True,37,1.54,2.546
FILUSDT,2023-07-14 17:00:00+00:00,4.636,2023-09-12 16:00:00+00:00,3.12,-32.701,-32.901,False,1439,59.96,2.963
MANAUSDT,2023-07-14 17:00:00+00:00,0.434,2023-09-12 16:00:00+00:00,0.2736,-36.959,-37.159,False,1439,59.96,3.371
BTCUSDT,2023-07-14 20:00:00+00:00,30115.18,2023-09-12 19:00:00+00:00,26066.33,-13.445,-13.645,False,1439,59.96,3.016
SOLUSDT,2023-07-15 01:00:00+00:00,27.67,2023-09-13 00:00:00+00:00,18.11,-34.55,-34.75,False,1439,59.96,2.558
TRXUSDT,2023-07-15 01:00:00+00:00,0.08101,2023-07-22 03:00:00+00:00,0.08911100000000001,10.0,9.8,True,170,7.08,2.548
DOGEUSDT,2023-07-15 08:00:00+00:00,0.07315,2023-07-25 16:00:00+00:00,0.08046500000000001,10.0,9.8,True,248,10.33,8.029
SUIUSDT,2023-07-16 03:00:00+00:00,0.6858,2023-07-18 00:00:00+00:00,0.75438,10.0,9.8,True,45,1.88,3.136
LINKUSDT,2023-07-16 03:00:00+00:00,6.825,2023-07-20 08:00:00+00:00,7.507500000000001,10.0,9.8,True,101,4.21,3.495
AAVEUSDT,2023-07-16 08:00:00+00:00,78.07,2023-09-14 07:00:00+00:00,53.86,-31.011,-31.211,False,1439,59.96,2.926
XLMUSDT,2023-07-16 11:00:00+00:00,0.1326,2023-07-19 16:00:00+00:00,0.14586000000000002,10.0,9.8,True,77,3.21,11.92
ADAUSDT,2023-07-16 11:00:00+00:00,0.3214,2023-09-14 10:00:00+00:00,0.2481,-22.806,-23.006,False,1439,59.96,4.254
LINKUSDT,2023-07-16 15:00:00+00:00,6.84,2023-07-20 08:00:00+00:00,7.524,10.0,9.8,True,89,3.71,2.994
ATOMUSDT,2023-07-16 15:00:00+00:00,9.66,2023-09-14 14:00:00+00:00,6.657,-31.087,-31.287,False,1439,59.96,3.093
SANDUSDT,2023-07-17 01:00:00+00:00,0.4424,2023-09-15 00:00:00+00:00,0.2976,-32.731,-32.931,False,1439,59.96,4.148
MANAUSDT,2023-07-17 01:00:00+00:00,0.4057,2023-09-15 00:00:00+00:00,0.289,-28.765,-28.965,False,1439,59.96,2.558
AXSUSDT,2023-07-17 01:00:00+00:00,6.37,2023-09-15 00:00:00+00:00,4.76,-25.275,-25.475,False,1439,59.96,17.98
ENJUSDT,2023-07-17 03:00:00+00:00,0.3153,2023-09-15 02:00:00+00:00,0.2256,-28.449,-28.649,False,1439,59.96,3.827
BNBUSDT,2023-07-17 07:00:00+00:00,242.3,2023-09-15 06:00:00+00:00,212.5,-12.299,-12.499,False,1439,59.96,2.508
CHZUSDT,2023-07-18 13:00:00+00:00,0.0789,2023-09-16 12:00:00+00:00,0.0594,-24.715,-24.915,False,1439,59.96,5.842
BCHUSDT,2023-07-18 15:00:00+00:00,240.6,2023-09-16 14:00:00+00:00,213.3,-11.347,-11.547,False,1439,59.96,3.13
AVAXUSDT,2023-07-18 17:00:00+00:00,13.82,2023-09-16 16:00:00+00:00,9.43,-31.766,-31.966,False,1439,59.96,2.656
SHIBUSDT,2023-07-18 17:00:00+00:00,7.63e-06,2023-07-28 16:00:00+00:00,8.393e-06,10.0,9.8,True,239,9.96,2.845
TRXUSDT,2023-07-22 03:00:00+00:00,0.08454,2023-07-22 03:00:00+00:00,0.09299400000000001,10.0,9.8,True,0,0.0,16.293
UNIUSDT,2023-07-22 16:00:00+00:00,6.153,2023-09-20 15:00:00+00:00,4.39,-28.653,-28.853,False,1439,59.96,2.558
SANDUSDT,2023-07-23 00:00:00+00:00,0.4423,2023-09-20 23:00:00+00:00,0.3005,-32.06,-32.26,False,1439,59.96,5.412
LTCUSDT,2023-07-23 02:00:00+00:00,92.05,2023-09-21 01:00:00+00:00,64.57,-29.853,-30.053,False,1439,59.96,3.041
BCHUSDT,2023-07-23 03:00:00+00:00,242.9,2023-09-21 02:00:00+00:00,213.4,-12.145,-12.345,False,1439,59.96,2.889
AAVEUSDT,2023-07-24 11:00:00+00:00,69.84,2023-09-22 10:00:00+00:00,63.57,-8.978,-9.178,False,1439,59.96,4.379
XRPUSDT,2023-07-24 11:00:00+00:00,0.6993,2023-09-22 10:00:00+00:00,0.5084,-27.299,-27.499,False,1439,59.96,3.065
ETHUSDT,2023-07-24 11:00:00+00:00,1852.46,2023-09-22 10:00:00+00:00,1593.59,-13.974,-14.174,False,1439,59.96,3.299
ADAUSDT,2023-07-24 11:00:00+00:00,0.3077,2023-09-22 10:00:00+00:00,0.2447,-20.474,-20.674,False,1439,59.96,2.745
SANDUSDT,2023-07-24 11:00:00+00:00,0.4312,2023-09-22 10:00:00+00:00,0.2962,-31.308,-31.508,False,1439,59.96,2.603
SOLUSDT,2023-07-24 11:00:00+00:00,23.77,2023-09-22 10:00:00+00:00,19.6,-17.543,-17.743,False,1439,59.96,3.463
BTCUSDT,2023-07-24 11:00:00+00:00,29324.0,2023-09-22 10:00:00+00:00,26591.81,-9.317,-9.517,False,1439,59.96,3.62
SUIUSDT,2023-07-24 11:00:00+00:00,0.6324,2023-09-22 10:00:00+00:00,0.4409,-30.281,-30.481,False,1439,59.96,3.547
FILUSDT,2023-07-24 11:00:00+00:00,4.41,2023-09-22 10:00:00+00:00,3.22,-26.984,-27.184,False,1439,59.96,2.697
APTUSDT,2023-07-24 11:00:00+00:00,7.248,2023-08-09 12:00:00+00:00,7.972800000000001,10.0,9.8,True,385,16.04,3.534
BTCUSDT,2023-07-24 16:00:00+00:00,29093.78,2023-09-22 15:00:00+00:00,26631.01,-8.465,-8.665,False,1439,59.96,2.713
ETHUSDT,2023-07-24 16:00:00+00:00,1843.09,2023-09-22 15:00:00+00:00,1593.43,-13.546,-13.746,False,1439,59.96,3.13
SOLUSDT,2023-07-24 16:00:00+00:00,23.21,2023-07-26 18:00:00+00:00,25.531000000000002,10.0,9.8,True,50,2.08,3.008
ADAUSDT,2023-07-24 16:00:00+00:00,0.3027,2023-09-22 15:00:00+00:00,0.2444,-19.26,-19.46,False,1439,59.96,3.116
ARBUSDT,2023-07-24 16:00:00+00:00,1.179,2023-09-22 15:00:00+00:00,0.8389,-28.846,-29.046,False,1439,59.96,2.571
ENJUSDT,2023-07-25 01:00:00+00:00,0.305,2023-09-23 00:00:00+00:00,0.2301,-24.557,-24.757,False,1439,59.96,2.894
SHIBUSDT,2023-07-25 03:00:00+00:00,7.77e-06,2023-07-29 21:00:00+00:00,8.547000000000001e-06,10.0,9.8,True,114,4.75,2.638
XRPUSDT,2023-07-25 14:00:00+00:00,0.7029,2023-09-23 13:00:00+00:00,0.5093,-27.543,-27.743,False,1439,59.96,2.92
XLMUSDT,2023-07-25 14:00:00+00:00,0.1464,2023-07-26 21:00:00+00:00,0.16104000000000002,10.0,9.8,True,31,1.29,3.201
AXSUSDT,2023-07-25 15:00:00+00:00,5.96,2023-09-23 14:00:00+00:00,4.42,-25.839,-26.039,False,1439,59.96,3.749
OPUSDT,2023-07-26 03:00:00+00:00,1.459,2023-07-30 08:00:00+00:00,1.6049000000000002,10.0,9.8,True,101,4.21,2.712
ENJUSDT,2023-07-26 05:00:00+00:00,0.3033,2023-09-24 04:00:00+00:00,0.227,-25.157,-25.357,False,1439,59.96,4.856
FILUSDT,2023-07-26 10:00:00+00:00,4.313,2023-09-24 09:00:00+00:00,3.25,-24.646,-24.846,False,1439,59.96,3.385
XRPUSDT,2023-07-26 19:00:00+00:00,0.7142,2023-09-24 18:00:00+00:00,0.5092,-28.703,-28.903,False,1439,59.96,4.135
ATOMUSDT,2023-07-26 19:00:00+00:00,8.963,2023-09-24 18:00:00+00:00,7.098,-20.808,-21.008,False,1439,59.96,3.401
LTCUSDT,2023-07-26 19:00:00+00:00,89.32,2023-09-24 18:00:00+00:00,64.66,-27.609,-27.809,False,1439,59.96,2.747
DOGEUSDT,2023-07-26 19:00:00+00:00,0.07845,2023-09-24 18:00:00+00:00,0.06151,-21.593,-21.793,False,1439,59.96,2.593
SUIUSDT,2023-07-26 19:00:00+00:00,0.6346,2023-09-24 18:00:00+00:00,0.4454,-29.814,-30.014,False,1439,59.96,3.744
SUIUSDT,2023-07-26 21:00:00+00:00,0.635,2023-09-24 20:00:00+00:00,0.4446,-29.984,-30.184,False,1439,59.96,3.426
XRPUSDT,2023-07-26 21:00:00+00:00,0.7256,2023-09-24 20:00:00+00:00,0.5061,-30.251,-30.451,False,1439,59.96,2.997
ARBUSDT,2023-07-28 06:00:00+00:00,1.1637,2023-09-26 05:00:00+00:00,0.8189,-29.63,-29.83,False,1439,59.96,2.64
OPUSDT,2023-07-28 13:00:00+00:00,1.502,2023-07-31 00:00:00+00:00,1.6522000000000001,10.0,9.8,True,59,2.46,2.727
SHIBUSDT,2023-07-29 13:00:00+00:00,8.28e-06,2023-08-05 03:00:00+00:00,9.108000000000002e-06,10.0,9.8,True,158,6.58,5.997
LTCUSDT,2023-07-29 14:00:00+00:00,91.05,2023-09-27 13:00:00+00:00,64.57,-29.083,-29.283,False,1439,59.96,2.799
AAVEUSDT,2023-07-29 14:00:00+00:00,72.37,2023-09-27 13:00:00+00:00,61.79,-14.619,-14.819,False,1439,59.96,3.15
AAVEUSDT,2023-07-29 18:00:00+00:00,73.18,2023-09-27 17:00:00+00:00,60.36,-17.518,-17.718,False,1439,59.96,3.053
XLMUSDT,2023-07-30 11:00:00+00:00,0.1599,2023-09-28 10:00:00+00:00,0.1137,-28.893,-29.093,False,1439,59.96,13.975
NEARUSDT,2023-07-30 11:00:00+00:00,1.409,2023-09-28 10:00:00+00:00,1.089,-22.711,-22.911,False,1439,59.96,4.647
BTCUSDT,2023-07-30 12:00:00+00:00,29314.0,2023-09-28 11:00:00+00:00,26476.93,-9.678,-9.878,False,1439,59.96,2.561
ETCUSDT,2023-07-30 15:00:00+00:00,18.86,2023-09-28 14:00:00+00:00,15.82,-16.119,-16.319,False,1439,59.96,43.573
SANDUSDT,2023-07-30 15:00:00+00:00,0.4361,2023-09-28 14:00:00+00:00,0.3036,-30.383,-30.583,False,1439,59.96,3.241
BTCUSDT,2023-07-30 15:00:00+00:00,29391.82,2023-09-28 14:00:00+00:00,26793.37,-8.841,-9.041,False,1439,59.96,3.241
ATOMUSDT,2023-07-30 15:00:00+00:00,9.082,2023-09-28 14:00:00+00:00,7.099,-21.834,-22.034,False,1439,59.96,2.599
ETHUSDT,2023-07-30 16:00:00+00:00,1876.43,2023-09-28 15:00:00+00:00,1652.58,-11.93,-12.13,False,1439,59.96,2.701
SOLUSDT,2023-07-30 16:00:00+00:00,24.89,2023-09-28 15:00:00+00:00,19.59,-21.294,-21.494,False,1439,59.96,2.519
LINKUSDT,2023-07-30 17:00:00+00:00,7.644,2023-09-28 16:00:00+00:00,7.85,2.695,2.495,False,1439,59.96,3.556
SHIBUSDT,2023-07-30 20:00:00+00:00,8.24e-06,2023-08-05 02:00:00+00:00,9.064000000000002e-06,10.0,9.8,True,126,5.25,2.975
LINKUSDT,2023-07-30 20:00:00+00:00,7.521,2023-09-28 19:00:00+00:00,7.955,5.771,5.571,False,1439,59.96,4.532
MANAUSDT,2023-07-30 21:00:00+00:00,0.3877,2023-09-28 20:00:00+00:00,0.2977,-23.214,-23.414,False,1439,59.96,3.341
SANDUSDT,2023-07-30 21:00:00+00:00,0.4281,2023-09-28 20:00:00+00:00,0.305,-28.755,-28.955,False,1439,59.96,3.408
ARBUSDT,2023-07-30 21:00:00+00:00,1.1568,2023-09-28 20:00:00+00:00,0.8883,-23.211,-23.411,False,1439,59.96,5.101
ENJUSDT,2023-07-30 21:00:00+00:00,0.2994,2023-09-28 20:00:00+00:00,0.2222,-25.785,-25.985,False,1439,59.96,3.687
SOLUSDT,2023-07-30 21:00:00+00:00,24.29,2023-09-28 20:00:00+00:00,19.7,-18.897,-19.097,False,1439,59.96,6.04
DOTUSDT,2023-07-30 21:00:00+00:00,5.191,2023-09-28 20:00:00+00:00,4.077,-21.46,-21.66,False,1439,59.96,4.57
AAVEUSDT,2023-07-30 21:00:00+00:00,71.77,2023-09-28 20:00:00+00:00,66.18,-7.789,-7.989,False,1439,59.96,5.7
APTUSDT,2023-07-30 21:00:00+00:00,6.9768,2023-08-09 12:00:00+00:00,7.674480000000001,10.0,9.8,True,231,9.62,5.874
ADAUSDT,2023-07-30 21:00:00+00:00,0.3114,2023-09-28 20:00:00+00:00,0.2494,-19.91,-20.11,False,1439,59.96,3.64
LTCUSDT,2023-07-30 21:00:00+00:00,93.57,2023-09-28 20:00:00+00:00,65.21,-30.309,-30.509,False,1439,59.96,3.704
ATOMUSDT,2023-07-30 21:00:00+00:00,9.002,2023-09-28 20:00:00+00:00,7.126,-20.84,-21.04,False,1439,59.96,3.394
DOGEUSDT,2023-07-30 21:00:00+00:00,0.07834,2023-09-28 20:00:00+00:00,0.06139,-21.636,-21.836,False,1439,59.96,3.482
ETHUSDT,2023-07-30 21:00:00+00:00,1865.53,2023-09-28 20:00:00+00:00,1656.3,-11.216,-11.416,False,1439,59.96,6.923
CHZUSDT,2023-07-30 21:00:00+00:00,0.0779,2023-09-28 20:00:00+00:00,0.0583,-25.16,-25.36,False,1439,59.96,3.623
AXSUSDT,2023-07-30 21:00:00+00:00,6.08,2023-09-28 20:00:00+00:00,4.5,-25.987,-26.187,False,1439,59.96,3.4
SUIUSDT,2023-07-30 21:00:00+00:00,0.6173,2023-09-28 20:00:00+00:00,0.4478,-27.458,-27.658,False,1439,59.96,6.797
TRXUSDT,2023-07-31 09:00:00+00:00,0.07862,2023-09-28 22:00:00+00:00,0.086482,10.0,9.8,True,1429,59.54,3.779
LINKUSDT,2023-07-31 18:00:00+00:00,7.65,2023-09-29 17:00:00+00:00,7.789,1.817,1.617,False,1439,59.96,2.978
SANDUSDT,2023-07-31 20:00:00+00:00,0.4215,2023-09-29 19:00:00+00:00,0.3116,-26.074,-26.274,False,1439,59.96,3.58
ENJUSDT,2023-07-31 20:00:00+00:00,0.2947,2023-09-29 19:00:00+00:00,0.2227,-24.432,-24.632,False,1439,59.96,3.062
AVAXUSDT,2023-07-31 20:00:00+00:00,12.8,2023-09-29 19:00:00+00:00,9.08,-29.063,-29.263,False,1439,59.96,3.135
XLMUSDT,2023-07-31 20:00:00+00:00,0.1549,2023-09-29 19:00:00+00:00,0.1152,-25.629,-25.829,False,1439,59.96,2.509
XRPUSDT,2023-07-31 20:00:00+00:00,0.7151,2023-09-29 19:00:00+00:00,0.5328,-25.493,-25.693,False,1439,59.96,5.875
AXSUSDT,2023-07-31 21:00:00+00:00,5.97,2023-09-29 20:00:00+00:00,4.6,-22.948,-23.148,False,1439,59.96,2.807
AAVEUSDT,2023-07-31 21:00:00+00:00,65.24,2023-09-29 20:00:00+00:00,66.15,1.395,1.195,False,1439,59.96,3.44
MANAUSDT,2023-07-31 21:00:00+00:00,0.3813,2023-09-29 20:00:00+00:00,0.3143,-17.571,-17.771,False,1439,59.96,3.775
AXSUSDT,2023-08-01 01:00:00+00:00,6.29,2023-09-30 00:00:00+00:00,4.59,-27.027,-27.227,False,1439,59.96,12.222
MANAUSDT,2023-08-01 01:00:00+00:00,0.3872,2023-09-30 00:00:00+00:00,0.3134,-19.06,-19.26,False,1439,59.96,2.91
ENJUSDT,2023-08-01 01:00:00+00:00,0.3005,2023-09-30 00:00:00+00:00,0.2226,-25.923,-26.123,False,1439,59.96,2.827
SANDUSDT,2023-08-01 05:00:00+00:00,0.4182,2023-09-30 04:00:00+00:00,0.3116,-25.49,-25.69,False,1439,59.96,3.749
AAVEUSDT,2023-08-01 07:00:00+00:00,64.4,2023-09-30 06:00:00+00:00,67.31,4.519,4.319,False,1439,59.96,3.052
BNBUSDT,2023-08-01 08:00:00+00:00,245.5,2023-09-30 07:00:00+00:00,214.5,-12.627,-12.827,False,1439,59.96,13.153
LTCUSDT,2023-08-01 15:00:00+00:00,92.63,2023-09-30 14:00:00+00:00,65.93,-28.824,-29.024,False,1439,59.96,5.012
BTCUSDT,2023-08-01 16:00:00+00:00,28953.99,2023-09-30 15:00:00+00:00,26996.29,-6.761,-6.961,False,1439,59.96,3.602
SOLUSDT,2023-08-01 16:00:00+00:00,23.27,2023-09-30 15:00:00+00:00,21.43,-7.907,-8.107,False,1439,59.96,2.653
APTUSDT,2023-08-01 16:00:00+00:00,6.9677,2023-08-09 12:00:00+00:00,7.664470000000001,10.0,9.8,True,188,7.83,2.574
ETHUSDT,2023-08-01 16:00:00+00:00,1834.59,2023-09-30 15:00:00+00:00,1683.33,-8.245,-8.445,False,1439,59.96,3.121
ARBUSDT,2023-08-01 16:00:00+00:00,1.1416,2023-09-30 15:00:00+00:00,0.9166,-19.709,-19.909,False,1439,59.96,2.962
MANAUSDT,2023-08-01 16:00:00+00:00,0.3779,2023-09-30 15:00:00+00:00,0.3111,-17.677,-17.877,False,1439,59.96,2.552
ETCUSDT,2023-08-01 16:00:00+00:00,18.23,2023-09-30 15:00:00+00:00,16.09,-11.739,-11.939,False,1439,59.96,2.659
ENJUSDT,2023-08-02 16:00:00+00:00,0.2932,2023-10-01 15:00:00+00:00,0.2286,-22.033,-22.233,False,1439,59.96,2.61
SOLUSDT,2023-08-02 17:00:00+00:00,23.0,2023-08-14 16:00:00+00:00,25.3,10.0,9.8,True,287,11.96,4.025
AAVEUSDT,2023-08-02 17:00:00+00:00,65.19,2023-10-01 16:00:00+00:00,68.91,5.706,5.506,False,1439,59.96,6.519
ETCUSDT,2023-08-02 17:00:00+00:00,18.0,2023-10-01 16:00:00+00:00,16.33,-9.278,-9.478,False,1439,59.96,4.38
SHIBUSDT,2023-08-02 17:00:00+00:00,8.14e-06,2023-08-05 01:00:00+00:00,8.954000000000001e-06,10.0,9.8,True,56,2.33,4.354
MANAUSDT,2023-08-02 17:00:00+00:00,0.3722,2023-10-01 16:00:00+00:00,0.3164,-14.992,-15.192,False,1439,59.96,3.306
APTUSDT,2023-08-02 17:00:00+00:00,6.8503,2023-08-09 12:00:00+00:00,7.53533,10.0,9.8,True,163,6.79,4.4
NEARUSDT,2023-08-02 17:00:00+00:00,1.397,2023-10-01 16:00:00+00:00,1.139,-18.468,-18.668,False,1439,59.96,2.818
AVAXUSDT,2023-08-02 17:00:00+00:00,12.48,2023-10-01 16:00:00+00:00,9.53,-23.638,-23.838,False,1439,59.96,4.363
SANDUSDT,2023-08-02 17:00:00+00:00,0.4109,2023-10-01 16:00:00+00:00,0.3152,-23.29,-23.49,False,1439,59.96,3.79
BNBUSDT,2023-08-02 18:00:00+00:00,241.2,2023-10-01 17:00:00+00:00,213.4,-11.526,-11.726,False,1439,59.96,3.149
CHZUSDT,2023-08-02 18:00:00+00:00,0.0765,2023-10-01 17:00:00+00:00,0.063,-17.647,-17.847,False,1439,59.96,3.547
UNIUSDT,2023-08-03 01:00:00+00:00,6.155,2023-10-02 00:00:00+00:00,4.621,-24.923,-25.123,False,1439,59.96,2.809
ADAUSDT,2023-08-03 13:00:00+00:00,0.2945,2023-10-02 12:00:00+00:00,0.2674,-9.202,-9.402,False,1439,59.96,6.243
SUIUSDT,2023-08-03 15:00:00+00:00,0.6027,2023-10-02 14:00:00+00:00,0.4849,-19.545,-19.745,False,1439,59.96,4.281
LINKUSDT,2023-08-03 17:00:00+00:00,7.243,2023-09-28 19:00:00+00:00,7.967300000000001,10.0,9.8,True,1346,56.08,2.572
SUIUSDT,2023-08-03 21:00:00+00:00,0.593,2023-10-02 20:00:00+00:00,0.4681,-21.062,-21.262,False,1439,59.96,2.957
LINKUSDT,2023-08-03 23:00:00+00:00,7.142,2023-08-09 12:00:00+00:00,7.856200000000001,10.0,9.8,True,133,5.54,2.857
FILUSDT,2023-08-04 01:00:00+00:00,4.123,2023-10-03 00:00:00+00:00,3.334,-19.137,-19.337,False,1439,59.96,2.874
AXSUSDT,2023-08-04 13:00:00+00:00,5.76,2023-10-03 12:00:00+00:00,4.54,-21.181,-21.381,False,1439,59.96,5.422
SANDUSDT,2023-08-04 13:00:00+00:00,0.4016,2023-10-03 12:00:00+00:00,0.3052,-24.004,-24.204,False,1439,59.96,2.578
MANAUSDT,2023-08-04 21:00:00+00:00,0.3621,2023-10-03 20:00:00+00:00,0.3042,-15.99,-16.19,False,1439,59.96,3.419
BCHUSDT,2023-08-05 00:00:00+00:00,227.7,2023-10-02 14:00:00+00:00,250.47,10.0,9.8,True,1406,58.58,4.449
BCHUSDT,2023-08-05 15:00:00+00:00,225.8,2023-08-08 12:00:00+00:00,248.38000000000002,10.0,9.8,True,69,2.88,7.675
CHZUSDT,2023-08-05 21:00:00+00:00,0.0764,2023-10-04 20:00:00+00:00,0.0607,-20.55,-20.75,False,1439,59.96,3.087
UNIUSDT,2023-08-06 17:00:00+00:00,6.014,2023-10-05 16:00:00+00:00,4.279,-28.849,-29.049,False,1439,59.96,4.38
BCHUSDT,2023-08-07 01:00:00+00:00,219.4,2023-08-07 09:00:00+00:00,241.34000000000003,10.0,9.8,True,8,0.33,5.177
ETCUSDT,2023-08-07 01:00:00+00:00,17.81,2023-10-06 00:00:00+00:00,15.5,-12.97,-13.17,False,1439,59.96,3.316
AVAXUSDT,2023-08-07 01:00:00+00:00,12.61,2023-10-06 00:00:00+00:00,10.16,-19.429,-19.629,False,1439,59.96,2.822
NEARUSDT,2023-08-07 03:00:00+00:00,1.361,2023-10-06 02:00:00+00:00,1.087,-20.132,-20.332,False,1439,59.96,2.703
BCHUSDT,2023-08-07 03:00:00+00:00,228.2,2023-10-02 14:00:00+00:00,251.02,10.0,9.8,True,1355,56.46,6.432
BTCUSDT,2023-08-07 17:00:00+00:00,28937.99,2023-10-06 16:00:00+00:00,27877.74,-3.664,-3.864,False,1439,59.96,3.692
LINKUSDT,2023-08-07 17:00:00+00:00,7.073,2023-08-09 12:00:00+00:00,7.780300000000001,10.0,9.8,True,43,1.79,6.691
AXSUSDT,2023-08-07 18:00:00+00:00,5.74,2023-10-06 17:00:00+00:00,4.53,-21.08,-21.28,False,1439,59.96,3.284
BTCUSDT,2023-08-07 19:00:00+00:00,29094.42,2023-10-06 18:00:00+00:00,27904.12,-4.091,-4.291,False,1439,59.96,2.557
ATOMUSDT,2023-08-07 20:00:00+00:00,8.429,2023-10-06 19:00:00+00:00,6.895,-18.199,-18.399,False,1439,59.96,3.59
BCHUSDT,2023-08-10 21:00:00+00:00,231.6,2023-10-02 14:00:00+00:00,254.76000000000002,10.0,9.8,True,1265,52.71,2.803
LTCUSDT,2023-08-10 22:00:00+00:00,82.98,2023-10-09 21:00:00+00:00,63.07,-23.994,-24.194,False,1439,59.96,3.4
NEARUSDT,2023-08-11 15:00:00+00:00,1.333,2023-10-10 14:00:00+00:00,1.045,-21.605,-21.805,False,1439,59.96,4.777
BNBUSDT,2023-08-11 17:00:00+00:00,239.4,2023-10-10 16:00:00+00:00,207.8,-13.2,-13.4,False,1439,59.96,2.69
ENJUSDT,2023-08-11 20:00:00+00:00,0.2868,2023-10-10 19:00:00+00:00,0.2159,-24.721,-24.921,False,1439,59.96,2.777
BCHUSDT,2023-08-13 08:00:00+00:00,227.7,2023-10-02 14:00:00+00:00,250.47,10.0,9.8,True,1206,50.25,3.611
AXSUSDT,2023-08-13 10:00:00+00:00,5.95,2023-10-12 09:00:00+00:00,4.18,-29.748,-29.948,False,1439,59.96,3.063
SOLUSDT,2023-08-13 17:00:00+00:00,24.49,2023-10-12 16:00:00+00:00,21.14,-13.679,-13.879,False,1439,59.96,2.612
SANDUSDT,2023-08-13 19:00:00+00:00,0.3963,2023-10-12 18:00:00+00:00,0.28,-29.346,-29.546,False,1439,59.96,5.008
SOLUSDT,2023-08-14 01:00:00+00:00,24.33,2023-10-13 00:00:00+00:00,21.44,-11.878,-12.078,False,1439,59.96,2.767
ETCUSDT,2023-08-14 01:00:00+00:00,17.55,2023-10-13 00:00:00+00:00,14.82,-15.556,-15.756,False,1439,59.96,2.915
BTCUSDT,2023-08-14 02:00:00+00:00,29268.0,2023-10-13 01:00:00+00:00,26793.56,-8.454,-8.654,False,1439,59.96,2.703
ARBUSDT,2023-08-14 03:00:00+00:00,1.1416,2023-10-13 02:00:00+00:00,0.8017,-29.774,-29.974,False,1439,59.96,2.617
CHZUSDT,2023-08-14 15:00:00+00:00,0.0761,2023-10-13 14:00:00+00:00,0.05465,-28.187,-28.387,False,1439,59.96,4.688
XLMUSDT,2023-08-14 15:00:00+00:00,0.1373,2023-10-13 14:00:00+00:00,0.1028,-25.127,-25.327,False,1439,59.96,2.576
DOGEUSDT,2023-08-14 21:00:00+00:00,0.07436,2023-10-13 20:00:00+00:00,0.05854,-21.275,-21.475,False,1439,59.96,13.563
AAVEUSDT,2023-08-15 01:00:00+00:00,65.63,2023-10-01 23:00:00+00:00,72.193,10.0,9.8,True,1150,47.92,7.459
ENJUSDT,2023-08-15 06:00:00+00:00,0.2861,2023-10-14 05:00:00+00:00,0.211,-26.25,-26.45,False,1439,59.96,7.134
AXSUSDT,2023-08-15 08:00:00+00:00,5.77,2023-10-14 07:00:00+00:00,4.27,-25.997,-26.197,False,1439,59.96,3.936
FILUSDT,2023-08-15 09:00:00+00:00,4.037,2023-10-14 08:00:00+00:00,3.215,-20.362,-20.562,False,1439,59.96,3.102
LINKUSDT,2023-08-15 09:00:00+00:00,7.324,2023-09-28 19:00:00+00:00,8.0564,10.0,9.8,True,1066,44.42,6.251
BNBUSDT,2023-08-15 13:00:00+00:00,239.1,2023-10-14 12:00:00+00:00,206.2,-13.76,-13.96,False,1439,59.96,3.966
AXSUSDT,2023-08-15 14:00:00+00:00,5.79,2023-10-14 13:00:00+00:00,4.27,-26.252,-26.452,False,1439,59.96,7.035
XLMUSDT,2023-08-15 15:00:00+00:00,0.135,2023-10-14 14:00:00+00:00,0.104,-22.963,-23.163,False,1439,59.96,3.565
SANDUSDT,2023-08-15 15:00:00+00:00,0.3894,2023-10-14 14:00:00+00:00,0.2875,-26.168,-26.368,False,1439,59.96,2.535
CHZUSDT,2023-08-15 16:00:00+00:00,0.0742,2023-10-14 15:00:00+00:00,0.05559,-25.081,-25.281,False,1439,59.96,6.197
XRPUSDT,2023-08-15 19:00:00+00:00,0.6218,2023-10-14 18:00:00+00:00,0.486,-21.84,-22.04,False,1439,59.96,2.64
CHZUSDT,2023-08-15 19:00:00+00:00,0.0742,2023-10-14 18:00:00+00:00,0.05528,-25.499,-25.699,False,1439,59.96,3.606
ADAUSDT,2023-08-15 19:00:00+00:00,0.2873,2023-10-14 18:00:00+00:00,0.2469,-14.062,-14.262,False,1439,59.96,2.513
MANAUSDT,2023-08-15 19:00:00+00:00,0.3559,2023-10-14 18:00:00+00:00,0.2845,-20.062,-20.262,False,1439,59.96,5.948
BNBUSDT,2023-08-15 21:00:00+00:00,238.3,2023-10-14 20:00:00+00:00,206.4,-13.386,-13.586,False,1439,59.96,2.746
SUIUSDT,2023-08-16 02:00:00+00:00,0.5746,2023-10-15 01:00:00+00:00,0.4105,-28.559,-28.759,False,1439,59.96,7.314
LINKUSDT,2023-08-16 02:00:00+00:00,7.025,2023-09-27 12:00:00+00:00,7.727500000000001,10.0,9.8,True,1018,42.42,3.821
OPUSDT,2023-08-16 03:00:00+00:00,1.486,2023-10-15 02:00:00+00:00,1.203,-19.044,-19.244,False,1439,59.96,2.589
ENJUSDT,2023-08-16 03:00:00+00:00,0.2786,2023-10-15 02:00:00+00:00,0.2121,-23.869,-24.069,False,1439,59.96,2.704
XRPUSDT,2023-08-16 07:00:00+00:00,0.6036,2023-10-15 06:00:00+00:00,0.4863,-19.433,-19.633,False,1439,59.96,2.645
MANAUSDT,2023-08-16 09:00:00+00:00,0.3384,2023-10-15 08:00:00+00:00,0.2876,-15.012,-15.212,False,1439,59.96,3.035
ARBUSDT,2023-08-16 10:00:00+00:00,1.1028,2023-10-15 09:00:00+00:00,0.8074,-26.786,-26.986,False,1439,59.96,4.278
SANDUSDT,2023-08-16 12:00:00+00:00,0.3638,2023-10-15 11:00:00+00:00,0.2903,-20.203,-20.403,False,1439,59.96,3.278
UNIUSDT,2023-08-16 16:00:00+00:00,5.588,2023-10-15 15:00:00+00:00,4.103,-26.575,-26.775,False,1439,59.96,3.693
AVAXUSDT,2023-08-17 01:00:00+00:00,11.3,2023-10-16 00:00:00+00:00,9.2,-18.584,-18.784,False,1439,59.96,2.812
SHIBUSDT,2023-08-17 01:00:00+00:00,9.1e-06,2023-10-16 00:00:00+00:00,6.97e-06,-23.407,-23.607,False,1439,59.96,2.721
BCHUSDT,2023-08-17 05:00:00+00:00,209.2,2023-09-27 10:00:00+00:00,230.12,10.0,9.8,True,989,41.21,3.022
BTCUSDT,2023-08-17 17:00:00+00:00,27937.36,2023-10-16 16:00:00+00:00,28087.99,0.539,0.339,False,1439,59.96,3.804
ENJUSDT,2023-08-17 17:00:00+00:00,0.2577,2023-09-06 02:00:00+00:00,0.28347,10.0,9.8,True,465,19.38,2.982
NEARUSDT,2023-08-17 17:00:00+00:00,1.198,2023-10-16 16:00:00+00:00,1.025,-14.441,-14.641,False,1439,59.96,2.726
ETHUSDT,2023-08-17 17:00:00+00:00,1740.89,2023-10-16 16:00:00+00:00,1577.92,-9.361,-9.561,False,1439,59.96,3.346
ETCUSDT,2023-08-17 17:00:00+00:00,15.96,2023-10-16 16:00:00+00:00,15.18,-4.887,-5.087,False,1439,59.96,2.768
BNBUSDT,2023-08-17 17:00:00+00:00,225.3,2023-10-16 16:00:00+00:00,213.0,-5.459,-5.659,False,1439,59.96,3.177
SOLUSDT,2023-08-17 17:00:00+00:00,23.05,2023-10-16 16:00:00+00:00,23.2,0.651,0.451,False,1439,59.96,2.517
XLMUSDT,2023-08-17 23:00:00+00:00,0.1141,2023-08-19 15:00:00+00:00,0.12551,10.0,9.8,True,40,1.67,6.224
AAVEUSDT,2023-08-17 23:00:00+00:00,56.35,2023-09-16 02:00:00+00:00,61.98500000000001,10.0,9.8,True,699,29.12,7.019
ETCUSDT,2023-08-17 23:00:00+00:00,14.93,2023-08-29 14:00:00+00:00,16.423000000000002,10.0,9.8,True,279,11.62,5.499
BTCUSDT,2023-08-17 23:00:00+00:00,26801.3,2023-10-16 13:00:00+00:00,29481.43,10.0,9.8,True,1430,59.58,4.901
NEARUSDT,2023-08-17 23:00:00+00:00,1.13,2023-08-29 14:00:00+00:00,1.2429999999999999,10.0,9.8,True,279,11.62,4.219
BCHUSDT,2023-08-17 23:00:00+00:00,182.0,2023-08-27 21:00:00+00:00,200.20000000000002,10.0,9.8,True,238,9.92,3.575
APTUSDT,2023-08-17 23:00:00+00:00,5.7435,2023-10-16 22:00:00+00:00,5.0803,-11.547,-11.747,False,1439,59.96,5.268
FILUSDT,2023-08-17 23:00:00+00:00,3.435,2023-10-16 22:00:00+00:00,3.255,-5.24,-5.44,False,1439,59.96,6.325
ADAUSDT,2023-08-17 23:00:00+00:00,0.2572,2023-10-16 22:00:00+00:00,0.2519,-2.061,-2.261,False,1439,59.96,5.864
OPUSDT,2023-08-17 23:00:00+00:00,1.365,2023-08-19 16:00:00+00:00,1.5015,10.0,9.8,True,41,1.71,4.254
CHZUSDT,2023-08-17 23:00:00+00:00,0.0626,2023-10-16 22:00:00+00:00,0.0571,-8.786,-8.986,False,1439,59.96,3.464
AVAXUSDT,2023-08-17 23:00:00+00:00,10.61,2023-10-07 05:00:00+00:00,11.671000000000001,10.0,9.8,True,1206,50.25,5.188
XRPUSDT,2023-08-17 23:00:00+00:00,0.5103,2023-10-16 22:00:00+00:00,0.4989,-2.234,-2.434,False,1439,59.96,5.965
SANDUSDT,2023-08-17 23:00:00+00:00,0.3282,2023-10-16 22:00:00+00:00,0.2945,-10.268,-10.468,False,1439,59.96,3.848
LINKUSDT,2023-08-17 23:00:00+00:00,6.263,2023-09-19 04:00:00+00:00,6.8893,10.0,9.8,True,773,32.21,4.696
ENJUSDT,2023-08-17 23:00:00+00:00,0.2381,2023-09-06 02:00:00+00:00,0.26191000000000003,10.0,9.8,True,459,19.12,6.368
AXSUSDT,2023-08-17 23:00:00+00:00,4.84,2023-10-16 22:00:00+00:00,4.33,-10.537,-10.737,False,1439,59.96,4.189
UNIUSDT,2023-08-17 23:00:00+00:00,5.007,2023-10-16 22:00:00+00:00,4.137,-17.376,-17.576,False,1439,59.96,4.217
ARBUSDT,2023-08-17 23:00:00+00:00,0.9919,2023-10-16 22:00:00+00:00,0.8243,-16.897,-17.097,False,1439,59.96,4.407
ETHUSDT,2023-08-17 23:00:00+00:00,1695.31,2023-10-16 22:00:00+00:00,1601.95,-5.507,-5.707,False,1439,59.96,5.199
LTCUSDT,2023-08-17 23:00:00+00:00,65.41,2023-10-16 22:00:00+00:00,63.49,-2.935,-3.135,False,1439,59.96,6.935
BNBUSDT,2023-08-17 23:00:00+00:00,221.2,2023-10-16 22:00:00+00:00,215.2,-2.712,-2.912,False,1439,59.96,4.714
MANAUSDT,2023-08-17 23:00:00+00:00,0.2985,2023-10-16 22:00:00+00:00,0.2898,-2.915,-3.115,False,1439,59.96,5.815
TRXUSDT,2023-08-17 23:00:00+00:00,0.07304,2023-09-12 13:00:00+00:00,0.080344,10.0,9.8,True,614,25.58,2.857
SOLUSDT,2023-08-17 23:00:00+00:00,22.0,2023-10-01 10:00:00+00:00,24.200000000000003,10.0,9.8,True,1067,44.46,4.895
DOGEUSDT,2023-08-17 23:00:00+00:00,0.06186,2023-08-29 15:00:00+00:00,0.06804600000000001,10.0,9.8,True,280,11.67,5.429
DOTUSDT,2023-08-17 23:00:00+00:00,4.48,2023-10-16 22:00:00+00:00,3.812,-14.911,-15.111,False,1439,59.96,4.522
SUIUSDT,2023-08-17 23:00:00+00:00,0.4748,2023-08-19 16:00:00+00:00,0.5222800000000001,10.0,9.8,True,41,1.71,5.63
SHIBUSDT,2023-08-17 23:00:00+00:00,8.11e-06,2023-10-16 22:00:00+00:00,7.12e-06,-12.207,-12.407,False,1439,59.96,2.523
CHZUSDT,2023-08-18 10:00:00+00:00,0.0637,2023-10-17 09:00:00+00:00,0.05637,-11.507,-11.707,False,1439,59.96,10.221
BCHUSDT,2023-08-20 03:00:00+00:00,187.6,2023-08-29 14:00:00+00:00,206.36,10.0,9.8,True,227,9.46,2.972
SHIBUSDT,2023-08-20 16:00:00+00:00,8.27e-06,2023-10-19 15:00:00+00:00,6.74e-06,-18.501,-18.701,False,1439,59.96,2.762
APTUSDT,2023-08-20 18:00:00+00:00,6.0376,2023-10-19 17:00:00+00:00,4.9727,-17.638,-17.838,False,1439,59.96,9.294
BNBUSDT,2023-08-21 14:00:00+00:00,210.9,2023-08-29 14:00:00+00:00,231.99000000000004,10.0,9.8,True,192,8.0,3.195
ARBUSDT,2023-08-21 14:00:00+00:00,1.0096,2023-10-20 13:00:00+00:00,0.797,-21.058,-21.258,False,1439,59.96,3.258
AVAXUSDT,2023-08-21 14:00:00+00:00,10.52,2023-10-07 05:00:00+00:00,11.572000000000001,10.0,9.8,True,1119,46.62,2.666
BNBUSDT,2023-08-21 16:00:00+00:00,208.5,2023-08-29 14:00:00+00:00,229.35000000000002,10.0,9.8,True,190,7.92,4.617
BTCUSDT,2023-08-21 16:00:00+00:00,25939.59,2023-10-02 13:00:00+00:00,28533.549000000003,10.0,9.8,True,1005,41.88,4.395
ATOMUSDT,2023-08-21 16:00:00+00:00,7.484,2023-10-20 15:00:00+00:00,6.403,-14.444,-14.644,False,1439,59.96,4.064
SUIUSDT,2023-08-21 16:00:00+00:00,0.5115,2023-08-23 01:00:00+00:00,0.56265,10.0,9.8,True,33,1.38,3.633
FILUSDT,2023-08-21 16:00:00+00:00,3.405,2023-10-20 15:00:00+00:00,3.226,-5.257,-5.457,False,1439,59.96,5.13
SOLUSDT,2023-08-21 16:00:00+00:00,20.71,2023-10-01 10:00:00+00:00,22.781000000000002,10.0,9.8,True,978,40.75,8.71
APTUSDT,2023-08-21 16:00:00+00:00,5.838,2023-10-20 15:00:00+00:00,5.0724,-13.114,-13.314,False,1439,59.96,4.743
XRPUSDT,2023-08-21 16:00:00+00:00,0.5107,2023-10-20 15:00:00+00:00,0.524,2.604,2.404,False,1439,59.96,5.269
MANAUSDT,2023-08-21 20:00:00+00:00,0.3015,2023-10-20 19:00:00+00:00,0.2864,-5.008,-5.208,False,1439,59.96,3.192
UNIUSDT,2023-08-22 03:00:00+00:00,4.735,2023-10-21 02:00:00+00:00,3.978,-15.987,-16.187,False,1439,59.96,3.009
AAVEUSDT,2023-08-22 03:00:00+00:00,55.27,2023-09-16 02:00:00+00:00,60.79700000000001,10.0,9.8,True,599,24.96,4.248
SOLUSDT,2023-08-22 14:00:00+00:00,20.86,2023-10-01 10:00:00+00:00,22.946,10.0,9.8,True,956,39.83,3.348
AVAXUSDT,2023-08-22 14:00:00+00:00,10.11,2023-08-29 14:00:00+00:00,11.121,10.0,9.8,True,168,7.0,2.902
NEARUSDT,2023-08-22 14:00:00+00:00,1.12,2023-08-29 14:00:00+00:00,1.2320000000000002,10.0,9.8,True,168,7.0,3.359
SANDUSDT,2023-08-22 14:00:00+00:00,0.3196,2023-10-21 13:00:00+00:00,0.3068,-4.005,-4.205,False,1439,59.96,3.24
BNBUSDT,2023-08-22 15:00:00+00:00,206.9,2023-08-29 14:00:00+00:00,227.59000000000003,10.0,9.8,True,167,6.96,2.757
AAVEUSDT,2023-08-22 15:00:00+00:00,54.58,2023-08-29 14:00:00+00:00,60.038000000000004,10.0,9.8,True,167,6.96,2.596
XLMUSDT,2023-08-22 16:00:00+00:00,0.1202,2023-09-09 09:00:00+00:00,0.13222,10.0,9.8,True,425,17.71,3.149
SANDUSDT,2023-08-22 17:00:00+00:00,0.3212,2023-10-21 16:00:00+00:00,0.3076,-4.234,-4.434,False,1439,59.96,3.083
LTCUSDT,2023-08-22 17:00:00+00:00,65.94,2023-10-21 16:00:00+00:00,64.4,-2.335,-2.535,False,1439,59.96,3.938
ADAUSDT,2023-08-22 17:00:00+00:00,0.2571,2023-10-21 16:00:00+00:00,0.2586,0.583,0.383,False,1439,59.96,3.974
APTUSDT,2023-08-22 17:00:00+00:00,5.85,2023-10-21 16:00:00+00:00,5.7404,-1.874,-2.074,False,1439,59.96,3.665
AAVEUSDT,2023-08-22 17:00:00+00:00,54.52,2023-08-29 14:00:00+00:00,59.97200000000001,10.0,9.8,True,165,6.88,3.926
BNBUSDT,2023-08-22 17:00:00+00:00,207.1,2023-08-29 14:00:00+00:00,227.81,10.0,9.8,True,165,6.88,4.448
ATOMUSDT,2023-08-22 17:00:00+00:00,7.332,2023-10-21 16:00:00+00:00,6.608,-9.875,-10.075,False,1439,59.96,3.975
BTCUSDT,2023-08-22 17:00:00+00:00,26020.01,2023-10-16 13:00:00+00:00,28622.011000000002,10.0,9.8,True,1316,54.83,4.818
SOLUSDT,2023-08-22 19:00:00+00:00,20.3,2023-10-01 10:00:00+00:00,22.330000000000002,10.0,9.8,True,951,39.62,3.527
ENJUSDT,2023-08-22 19:00:00+00:00,0.2338,2023-09-06 02:00:00+00:00,0.25718,10.0,9.8,True,343,14.29,2.602
ETHUSDT,2023-08-22 19:00:00+00:00,1636.98,2023-10-21 18:00:00+00:00,1634.9,-0.127,-0.327,False,1439,59.96,2.566
BNBUSDT,2023-08-22 19:00:00+00:00,208.8,2023-08-29 14:00:00+00:00,229.68000000000004,10.0,9.8,True,163,6.79,2.681
LTCUSDT,2023-08-22 19:00:00+00:00,64.83,2023-10-21 18:00:00+00:00,65.08,0.386,0.186,False,1439,59.96,2.848
ETCUSDT,2023-08-22 22:00:00+00:00,15.16,2023-08-29 14:00:00+00:00,16.676000000000002,10.0,9.8,True,160,6.67,4.116
XLMUSDT,2023-08-22 22:00:00+00:00,0.119,2023-09-09 06:00:00+00:00,0.13090000000000002,10.0,9.8,True,416,17.33,3.054
ADAUSDT,2023-08-22 22:00:00+00:00,0.2536,2023-08-29 15:00:00+00:00,0.27896000000000004,10.0,9.8,True,161,6.71,2.573
AXSUSDT,2023-08-24 11:00:00+00:00,4.95,2023-10-23 10:00:00+00:00,4.47,-9.697,-9.897,False,1439,59.96,6.287
ARBUSDT,2023-08-24 16:00:00+00:00,0.9772,2023-10-23 15:00:00+00:00,0.8376,-14.286,-14.486,False,1439,59.96,2.896
CHZUSDT,2023-08-24 16:00:00+00:00,0.0629,2023-10-23 15:00:00+00:00,0.06355,1.033,0.833,False,1439,59.96,4.425
SANDUSDT,2023-08-24 18:00:00+00:00,0.3232,2023-10-23 17:00:00+00:00,0.309,-4.394,-4.594,False,1439,59.96,2.953
ADAUSDT,2023-08-24 18:00:00+00:00,0.2657,2023-10-23 17:00:00+00:00,0.2664,0.263,0.063,False,1439,59.96,2.664
ETHUSDT,2023-08-24 18:00:00+00:00,1649.38,2023-10-23 17:00:00+00:00,1686.96,2.278,2.078,False,1439,59.96,2.642
CHZUSDT,2023-08-25 00:00:00+00:00,0.063,2023-10-23 23:00:00+00:00,0.06624,5.143,4.943,False,1439,59.96,2.971
AAVEUSDT,2023-08-25 01:00:00+00:00,57.34,2023-09-19 09:00:00+00:00,63.07400000000001,10.0,9.8,True,608,25.33,6.667
FILUSDT,2023-08-25 04:00:00+00:00,3.248,2023-08-29 14:00:00+00:00,3.5728000000000004,10.0,9.8,True,106,4.42,2.728
MANAUSDT,2023-08-25 04:00:00+00:00,0.3015,2023-10-24 00:00:00+00:00,0.33165,10.0,9.8,True,1436,59.83,4.358
UNIUSDT,2023-08-25 04:00:00+00:00,4.625,2023-10-24 03:00:00+00:00,4.373,-5.449,-5.649,False,1439,59.96,3.718
CHZUSDT,2023-08-25 05:00:00+00:00,0.0616,2023-10-24 03:00:00+00:00,0.06776,10.0,9.8,True,1438,59.92,3.503
UNIUSDT,2023-08-25 08:00:00+00:00,4.592,2023-10-24 07:00:00+00:00,4.31,-6.141,-6.341,False,1439,59.96,2.632
OPUSDT,2023-08-25 15:00:00+00:00,1.503,2023-10-24 14:00:00+00:00,1.408,-6.321,-6.521,False,1439,59.96,4.181
LINKUSDT,2023-08-25 15:00:00+00:00,5.932,2023-09-18 03:00:00+00:00,6.525200000000001,10.0,9.8,True,564,23.5,5.837
ARBUSDT,2023-08-25 15:00:00+00:00,0.9398,2023-10-24 14:00:00+00:00,0.913,-2.852,-3.052,False,1439,59.96,4.019
BNBUSDT,2023-08-25 15:00:00+00:00,215.5,2023-10-24 02:00:00+00:00,237.05,10.0,9.8,True,1427,59.46,3.617
BTCUSDT,2023-08-25 16:00:00+00:00,25932.01,2023-10-02 13:00:00+00:00,28525.211,10.0,9.8,True,909,37.88,2.704
ADAUSDT,2023-08-26 03:00:00+00:00,0.2605,2023-10-24 02:00:00+00:00,0.28655,10.0,9.8,True,1415,58.96,3.38
ADAUSDT,2023-08-26 15:00:00+00:00,0.2605,2023-10-24 02:00:00+00:00,0.28655,10.0,9.8,True,1403,58.46,2.95
FILUSDT,2023-08-27 14:00:00+00:00,3.256,2023-10-23 18:00:00+00:00,3.5816,10.0,9.8,True,1372,57.17,10.351
OPUSDT,2023-08-27 15:00:00+00:00,1.473,2023-10-26 14:00:00+00:00,1.398,-5.092,-5.292,False,1439,59.96,2.577
DOTUSDT,2023-08-28 02:00:00+00:00,4.457,2023-10-27 01:00:00+00:00,4.126,-7.427,-7.627,False,1439,59.96,3.689
DOGEUSDT,2023-08-28 06:00:00+00:00,0.06242,2023-10-24 02:00:00+00:00,0.06866200000000001,10.0,9.8,True,1364,56.83,3.494
SHIBUSDT,2023-08-28 06:00:00+00:00,7.97e-06,2023-10-27 05:00:00+00:00,7.83e-06,-1.757,-1.957,False,1439,59.96,3.208
APTUSDT,2023-08-28 06:00:00+00:00,5.5991,2023-10-22 07:00:00+00:00,6.15901,10.0,9.8,True,1321,55.04,2.904
CHZUSDT,2023-08-28 08:00:00+00:00,0.0613,2023-10-24 02:00:00+00:00,0.06743,10.0,9.8,True,1362,56.75,2.71
ADAUSDT,2023-08-28 09:00:00+00:00,0.2599,2023-10-24 02:00:00+00:00,0.28589000000000003,10.0,9.8,True,1361,56.71,3.264
BNBUSDT,2023-08-28 10:00:00+00:00,216.4,2023-10-24 02:00:00+00:00,238.04000000000002,10.0,9.8,True,1360,56.67,2.924
BTCUSDT,2023-08-28 13:00:00+00:00,26136.54,2023-10-16 13:00:00+00:00,28750.194000000003,10.0,9.8,True,1176,49.0,4.83
ATOMUSDT,2023-08-28 13:00:00+00:00,7.209,2023-10-27 12:00:00+00:00,7.115,-1.304,-1.504,False,1439,59.96,2.526
ADAUSDT,2023-08-28 13:00:00+00:00,0.263,2023-10-24 02:00:00+00:00,0.28930000000000006,10.0,9.8,True,1357,56.54,5.304
ETHUSDT,2023-08-28 13:00:00+00:00,1655.39,2023-10-24 02:00:00+00:00,1820.9290000000003,10.0,9.8,True,1357,56.54,5.06
AVAXUSDT,2023-08-28 13:00:00+00:00,10.19,2023-08-29 14:00:00+00:00,11.209,10.0,9.8,True,25,1.04,3.324
BCHUSDT,2023-08-28 13:00:00+00:00,193.0,2023-08-29 14:00:00+00:00,212.3,10.0,9.8,True,25,1.04,2.599
SHIBUSDT,2023-08-28 13:00:00+00:00,8.03e-06,2023-10-27 12:00:00+00:00,7.9e-06,-1.619,-1.819,False,1439,59.96,2.549
SOLUSDT,2023-08-28 13:00:00+00:00,20.62,2023-10-01 10:00:00+00:00,22.682000000000002,10.0,9.8,True,813,33.88,3.947
APTUSDT,2023-08-28 13:00:00+00:00,5.6781,2023-10-22 07:00:00+00:00,6.24591,10.0,9.8,True,1314,54.75,3.658
MANAUSDT,2023-08-28 13:00:00+00:00,0.3003,2023-10-24 00:00:00+00:00,0.33033,10.0,9.8,True,1355,56.46,2.665
BNBUSDT,2023-08-28 13:00:00+00:00,217.8,2023-10-27 12:00:00+00:00,228.1,4.729,4.529,False,1439,59.96,2.893
AAVEUSDT,2023-08-28 13:00:00+00:00,58.09,2023-09-19 09:00:00+00:00,63.89900000000001,10.0,9.8,True,524,21.83,3.731
TRXUSDT,2023-08-28 13:00:00+00:00,0.07742,2023-09-27 01:00:00+00:00,0.08516200000000002,10.0,9.8,True,708,29.5,3.171
ATOMUSDT,2023-08-29 08:00:00+00:00,7.164,2023-10-28 07:00:00+00:00,7.192,0.391,0.191,False,1439,59.96,2.719
CHZUSDT,2023-08-29 11:00:00+00:00,0.0604,2023-10-24 00:00:00+00:00,0.06644000000000001,10.0,9.8,True,1333,55.54,2.793
MANAUSDT,2023-08-29 11:00:00+00:00,0.2931,2023-09-29 21:00:00+00:00,0.32241000000000003,10.0,9.8,True,754,31.42,4.199
CHZUSDT,2023-08-29 15:00:00+00:00,0.0633,2023-10-28 14:00:00+00:00,0.06496,2.622,2.422,False,1439,59.96,10.879
AXSUSDT,2023-08-29 15:00:00+00:00,4.95,2023-10-28 14:00:00+00:00,4.81,-2.828,-3.028,False,1439,59.96,37.396
ENJUSDT,2023-08-29 15:00:00+00:00,0.2473,2023-09-06 02:00:00+00:00,0.27203,10.0,9.8,True,179,7.46,16.109
DOGEUSDT,2023-08-29 15:00:00+00:00,0.06492,2023-10-26 02:00:00+00:00,0.07141200000000002,10.0,9.8,True,1379,57.46,21.987
ATOMUSDT,2023-08-29 15:00:00+00:00,7.458,2023-10-28 14:00:00+00:00,7.126,-4.452,-4.652,False,1439,59.96,21.665
TRXUSDT,2023-08-29 15:00:00+00:00,0.07734,2023-09-27 01:00:00+00:00,0.08507400000000001,10.0,9.8,True,682,28.42,11.851
SANDUSDT,2023-08-29 15:00:00+00:00,0.3374,2023-10-28 14:00:00+00:00,0.3278,-2.845,-3.045,False,1439,59.96,9.937
LINKUSDT,2023-08-29 15:00:00+00:00,6.25,2023-09-19 04:00:00+00:00,6.875000000000001,10.0,9.8,True,493,20.54,17.35
ARBUSDT,2023-08-29 15:00:00+00:00,0.9806,2023-10-28 14:00:00+00:00,0.9181,-6.374,-6.574,False,1439,59.96,18.312
ETHUSDT,2023-08-29 15:00:00+00:00,1721.28,2023-10-28 14:00:00+00:00,1786.54,3.791,3.591,False,1439,59.96,22.615
MANAUSDT,2023-08-29 15:00:00+00:00,0.3127,2023-10-24 00:00:00+00:00,0.34397,10.0,9.8,True,1329,55.38,19.302
SHIBUSDT,2023-08-29 15:00:00+00:00,8.35e-06,2023-10-28 14:00:00+00:00,7.78e-06,-6.826,-7.026,False,1439,59.96,19.883
APTUSDT,2023-08-29 15:00:00+00:00,5.8896,2023-10-24 02:00:00+00:00,6.47856,10.0,9.8,True,1331,55.46,21.088
NEARUSDT,2023-08-29 15:00:00+00:00,1.244,2023-10-28 14:00:00+00:00,1.214,-2.412,-2.612,False,1439,59.96,23.025
SOLUSDT,2023-08-29 15:00:00+00:00,21.73,2023-10-01 10:00:00+00:00,23.903000000000002,10.0,9.8,True,787,32.79,31.581
XRPUSDT,2023-08-29 15:00:00+00:00,0.541,2023-10-28 14:00:00+00:00,0.5451,0.758,0.558,False,1439,59.96,14.185
XLMUSDT,2023-08-29 15:00:00+00:00,0.126,2023-10-28 14:00:00+00:00,0.113,-10.317,-10.517,False,1439,59.96,26.626
SUIUSDT,2023-08-29 15:00:00+00:00,0.5335,2023-10-28 14:00:00+00:00,0.4597,-13.833,-14.033,False,1439,59.96,8.475
UNIUSDT,2023-08-29 15:00:00+00:00,4.833,2023-10-28 14:00:00+00:00,4.082,-15.539,-15.739,False,1439,59.96,12.149
ADAUSDT,2023-08-29 15:00:00+00:00,0.2777,2023-10-28 14:00:00+00:00,0.2918,5.077,4.877,False,1439,59.96,19.664
FILUSDT,2023-08-29 15:00:00+00:00,3.53,2023-10-23 19:00:00+00:00,3.883,10.0,9.8,True,1324,55.17,11.061
AAVEUSDT,2023-08-29 15:00:00+00:00,60.17,2023-09-28 16:00:00+00:00,66.18700000000001,10.0,9.8,True,721,30.04,11.246
ETCUSDT,2023-08-29 15:00:00+00:00,16.59,2023-10-28 14:00:00+00:00,16.25,-2.049,-2.249,False,1439,59.96,56.545
LTCUSDT,2023-08-29 15:00:00+00:00,69.66,2023-10-28 14:00:00+00:00,67.94,-2.469,-2.669,False,1439,59.96,25.664
TRXUSDT,2023-08-29 17:00:00+00:00,0.07781,2023-09-27 09:00:00+00:00,0.08559100000000001,10.0,9.8,True,688,28.67,3.039
ENJUSDT,2023-08-29 17:00:00+00:00,0.2509,2023-09-06 02:00:00+00:00,0.27599,10.0,9.8,True,177,7.38,2.602
LINKUSDT,2023-08-30 14:00:00+00:00,5.996,2023-09-18 03:00:00+00:00,6.595600000000001,10.0,9.8,True,445,18.54,2.517
ARBUSDT,2023-08-30 15:00:00+00:00,0.9424,2023-10-29 14:00:00+00:00,0.9336,-0.934,-1.134,False,1439,59.96,2.688
XLMUSDT,2023-08-30 15:00:00+00:00,0.1207,2023-09-09 10:00:00+00:00,0.13277,10.0,9.8,True,235,9.79,2.988
ADAUSDT,2023-08-30 15:00:00+00:00,0.262,2023-10-24 02:00:00+00:00,0.2882,10.0,9.8,True,1307,54.46,2.709
DOGEUSDT,2023-08-30 15:00:00+00:00,0.06474,2023-10-26 02:00:00+00:00,0.07121400000000001,10.0,9.8,True,1355,56.46,2.692
ETHUSDT,2023-08-30 15:00:00+00:00,1702.84,2023-10-29 14:00:00+00:00,1795.13,5.42,5.22,False,1439,59.96,3.071
SANDUSDT,2023-08-30 15:00:00+00:00,0.3223,2023-10-29 14:00:00+00:00,0.35453,10.0,9.8,True,1439,59.96,2.579
BNBUSDT,2023-08-30 15:00:00+00:00,222.7,2023-10-29 14:00:00+00:00,226.9,1.886,1.686,False,1439,59.96,2.807
AVAXUSDT,2023-08-30 15:00:00+00:00,10.43,2023-10-07 05:00:00+00:00,11.473,10.0,9.8,True,902,37.58,3.454
UNIUSDT,2023-08-30 15:00:00+00:00,4.665,2023-10-29 14:00:00+00:00,4.174,-10.525,-10.725,False,1439,59.96,2.625
DOTUSDT,2023-08-30 15:00:00+00:00,4.534,2023-10-29 14:00:00+00:00,4.269,-5.845,-6.045,False,1439,59.96,3.577
ATOMUSDT,2023-08-30 15:00:00+00:00,7.207,2023-10-29 14:00:00+00:00,7.285,1.082,0.882,False,1439,59.96,2.632
LINKUSDT,2023-08-30 16:00:00+00:00,5.942,2023-09-18 03:00:00+00:00,6.536200000000001,10.0,9.8,True,443,18.46,3.069
CHZUSDT,2023-08-31 02:00:00+00:00,0.0624,2023-10-24 03:00:00+00:00,0.06864,10.0,9.8,True,1297,54.04,2.685
SANDUSDT,2023-08-31 04:00:00+00:00,0.3218,2023-10-29 14:00:00+00:00,0.35398,10.0,9.8,True,1426,59.42,2.895
MANAUSDT,2023-08-31 05:00:00+00:00,0.3043,2023-10-24 00:00:00+00:00,0.33473,10.0,9.8,True,1291,53.79,3.291
NEARUSDT,2023-08-31 05:00:00+00:00,1.198,2023-10-30 04:00:00+00:00,1.269,5.927,5.727,False,1439,59.96,2.776
MANAUSDT,2023-08-31 07:00:00+00:00,0.3047,2023-10-24 00:00:00+00:00,0.3351700000000001,10.0,9.8,True,1289,53.71,3.821
DOTUSDT,2023-08-31 12:00:00+00:00,4.491,2023-10-30 11:00:00+00:00,4.326,-3.674,-3.874,False,1439,59.96,2.57
AAVEUSDT,2023-08-31 12:00:00+00:00,57.79,2023-09-19 09:00:00+00:00,63.569,10.0,9.8,True,453,18.88,4.589
DOTUSDT,2023-08-31 15:00:00+00:00,4.45,2023-10-30 14:00:00+00:00,4.337,-2.539,-2.739,False,1439,59.96,7.866
SANDUSDT,2023-08-31 18:00:00+00:00,0.3113,2023-10-26 07:00:00+00:00,0.34243000000000007,10.0,9.8,True,1333,55.54,5.541
ATOMUSDT,2023-08-31 18:00:00+00:00,6.953,2023-10-01 22:00:00+00:00,7.648300000000001,10.0,9.8,True,748,31.17,3.281
BTCUSDT,2023-08-31 18:00:00+00:00,26329.08,2023-10-16 13:00:00+00:00,28961.988000000005,10.0,9.8,True,1099,45.79,2.606
ENJUSDT,2023-08-31 18:00:00+00:00,0.236,2023-09-06 02:00:00+00:00,0.2596,10.0,9.8,True,128,5.33,5.766
SOLUSDT,2023-08-31 18:00:00+00:00,19.87,2023-10-01 09:00:00+00:00,21.857000000000003,10.0,9.8,True,735,30.62,5.982
SHIBUSDT,2023-08-31 18:00:00+00:00,7.98e-06,2023-10-30 17:00:00+00:00,7.92e-06,-0.752,-0.952,False,1439,59.96,4.883
XLMUSDT,2023-08-31 18:00:00+00:00,0.1161,2023-09-05 04:00:00+00:00,0.12771000000000002,10.0,9.8,True,106,4.42,3.644
MANAUSDT,2023-08-31 18:00:00+00:00,0.2937,2023-09-29 21:00:00+00:00,0.32307,10.0,9.8,True,699,29.12,5.382
ADAUSDT,2023-08-31 18:00:00+00:00,0.2558,2023-10-24 00:00:00+00:00,0.2813800000000001,10.0,9.8,True,1278,53.25,5.069
BNBUSDT,2023-08-31 18:00:00+00:00,217.8,2023-10-30 17:00:00+00:00,226.9,4.178,3.978,False,1439,59.96,2.677
DOTUSDT,2023-08-31 18:00:00+00:00,4.321,2023-10-30 17:00:00+00:00,4.316,-0.116,-0.316,False,1439,59.96,3.644
XRPUSDT,2023-08-31 18:00:00+00:00,0.5102,2023-10-24 12:00:00+00:00,0.56122,10.0,9.8,True,1290,53.75,4.732
ETCUSDT,2023-08-31 18:00:00+00:00,15.49,2023-10-24 02:00:00+00:00,17.039,10.0,9.8,True,1280,53.33,3.63
ETHUSDT,2023-08-31 18:00:00+00:00,1660.16,2023-10-24 02:00:00+00:00,1826.1760000000002,10.0,9.8,True,1280,53.33,2.997
SUIUSDT,2023-08-31 18:00:00+00:00,0.4994,2023-10-30 17:00:00+00:00,0.4514,-9.612,-9.812,False,1439,59.96,2.568
AAVEUSDT,2023-08-31 18:00:00+00:00,55.45,2023-09-16 02:00:00+00:00,60.995000000000005,10.0,9.8,True,368,15.33,4.446
LTCUSDT,2023-08-31 18:00:00+00:00,64.48,2023-10-24 02:00:00+00:00,70.92800000000001,10.0,9.8,True,1280,53.33,3.447
AXSUSDT,2023-08-31 18:00:00+00:00,4.68,2023-09-14 13:00:00+00:00,5.148,10.0,9.8,True,331,13.79,7.04
FILUSDT,2023-08-31 18:00:00+00:00,3.199,2023-10-23 03:00:00+00:00,3.5189,10.0,9.8,True,1257,52.38,4.067
AVAXUSDT,2023-08-31 18:00:00+00:00,10.04,2023-10-07 04:00:00+00:00,11.044,10.0,9.8,True,874,36.42,3.686
ARBUSDT,2023-08-31 18:00:00+00:00,0.9197,2023-10-30 17:00:00+00:00,0.9438,2.62,2.42,False,1439,59.96,4.33
CHZUSDT,2023-08-31 18:00:00+00:00,0.061,2023-10-24 01:00:00+00:00,0.0671,10.0,9.8,True,1279,53.29,3.735
NEARUSDT,2023-09-01 04:00:00+00:00,1.161,2023-10-29 23:00:00+00:00,1.2771000000000001,10.0,9.8,True,1411,58.79,5.106
AXSUSDT,2023-09-01 16:00:00+00:00,4.61,2023-09-14 13:00:00+00:00,5.071000000000001,10.0,9.8,True,309,12.88,3.555
ETHUSDT,2023-09-01 16:00:00+00:00,1634.87,2023-10-23 23:00:00+00:00,1798.357,10.0,9.8,True,1255,52.29,2.749
BTCUSDT,2023-09-01 16:00:00+00:00,25811.0,2023-10-02 07:00:00+00:00,28392.100000000002,10.0,9.8,True,735,30.62,2.576
BNBUSDT,2023-09-01 18:00:00+00:00,212.0,2023-10-24 02:00:00+00:00,233.20000000000002,10.0,9.8,True,1256,52.33,3.442
AXSUSDT,2023-09-01 23:00:00+00:00,4.49,2023-09-14 12:00:00+00:00,4.939000000000001,10.0,9.8,True,301,12.54,3.698
APTUSDT,2023-09-03 19:00:00+00:00,5.4667,2023-10-22 07:00:00+00:00,6.013370000000001,10.0,9.8,True,1164,48.5,2.631
FILUSDT,2023-09-03 19:00:00+00:00,3.165,2023-10-23 01:00:00+00:00,3.4815000000000005,10.0,9.8,True,1182,49.25,2.835
SUIUSDT,2023-09-03 22:00:00+00:00,0.4826,2023-11-02 21:00:00+00:00,0.458,-5.097,-5.297,False,1439,59.96,5.027
ARBUSDT,2023-09-05 03:00:00+00:00,0.8877,2023-10-01 22:00:00+00:00,0.9764700000000002,10.0,9.8,True,643,26.79,2.572
LINKUSDT,2023-09-05 03:00:00+00:00,5.931,2023-09-18 03:00:00+00:00,6.524100000000001,10.0,9.8,True,312,13.0,3.252
ETHUSDT,2023-09-05 05:00:00+00:00,1622.63,2023-10-23 22:00:00+00:00,1784.8930000000003,10.0,9.8,True,1169,48.71,2.566
UNIUSDT,2023-09-05 06:00:00+00:00,4.311,2023-11-01 19:00:00+00:00,4.742100000000001,10.0,9.8,True,1381,57.54,4.49
SUIUSDT,2023-09-05 09:00:00+00:00,0.473,2023-11-04 08:00:00+00:00,0.459,-2.96,-3.16,False,1439,59.96,3.233
BTCUSDT,2023-09-06 18:00:00+00:00,25860.0,2023-10-02 08:00:00+00:00,28446.000000000004,10.0,9.8,True,614,25.58,8.804
AVAXUSDT,2023-09-06 18:00:00+00:00,9.97,2023-10-07 03:00:00+00:00,10.967000000000002,10.0,9.8,True,729,30.38,6.912
APTUSDT,2023-09-06 18:00:00+00:00,5.5466,2023-10-22 07:00:00+00:00,6.10126,10.0,9.8,True,1093,45.54,6.863
DOTUSDT,2023-09-06 18:00:00+00:00,4.251,2023-11-01 19:00:00+00:00,4.676100000000001,10.0,9.8,True,1345,56.04,4.02
LTCUSDT,2023-09-06 18:00:00+00:00,63.14,2023-10-23 22:00:00+00:00,69.45400000000001,10.0,9.8,True,1132,47.17,7.392
SOLUSDT,2023-09-06 18:00:00+00:00,19.64,2023-09-30 15:00:00+00:00,21.604000000000003,10.0,9.8,True,573,23.88,3.574
ATOMUSDT,2023-09-06 18:00:00+00:00,6.885,2023-09-19 15:00:00+00:00,7.5735,10.0,9.8,True,309,12.88,6.666
XRPUSDT,2023-09-06 18:00:00+00:00,0.5023,2023-10-23 22:00:00+00:00,0.55253,10.0,9.8,True,1132,47.17,3.74
ADAUSDT,2023-09-06 18:00:00+00:00,0.2583,2023-10-24 02:00:00+00:00,0.28413,10.0,9.8,True,1136,47.33,4.91
ARBUSDT,2023-09-06 18:00:00+00:00,0.903,2023-10-26 07:00:00+00:00,0.9933000000000001,10.0,9.8,True,1189,49.54,4.068
AXSUSDT,2023-09-06 18:00:00+00:00,4.55,2023-09-14 12:00:00+00:00,5.005,10.0,9.8,True,186,7.75,4.51
AAVEUSDT,2023-09-06 18:00:00+00:00,55.41,2023-09-16 02:00:00+00:00,60.951,10.0,9.8,True,224,9.33,5.064
ETHUSDT,2023-09-06 18:00:00+00:00,1646.24,2023-10-24 02:00:00+00:00,1810.8640000000003,10.0,9.8,True,1136,47.33,10.163
DOGEUSDT,2023-09-06 18:00:00+00:00,0.06373,2023-10-24 12:00:00+00:00,0.070103,10.0,9.8,True,1146,47.75,4.042
BNBUSDT,2023-09-06 18:00:00+00:00,216.5,2023-11-04 23:00:00+00:00,238.15,10.0,9.8,True,1421,59.21,9.298
XLMUSDT,2023-09-06 18:00:00+00:00,0.121,2023-09-09 12:00:00+00:00,0.1331,10.0,9.8,True,66,2.75,2.672
CHZUSDT,2023-09-06 18:00:00+00:00,0.0597,2023-10-23 22:00:00+00:00,0.06567,10.0,9.8,True,1132,47.17,4.225
OPUSDT,2023-09-06 18:00:00+00:00,1.34,2023-10-26 07:00:00+00:00,1.4740000000000002,10.0,9.8,True,1189,49.54,4.008
BCHUSDT,2023-09-07 15:00:00+00:00,191.1,2023-09-12 16:00:00+00:00,210.21,10.0,9.8,True,121,5.04,2.562
CHZUSDT,2023-09-07 15:00:00+00:00,0.059,2023-09-30 08:00:00+00:00,0.0649,10.0,9.8,True,545,22.71,4.839
OPUSDT,2023-09-07 16:00:00+00:00,1.321,2023-10-02 05:00:00+00:00,1.4531,10.0,9.8,True,589,24.54,3.103
SOLUSDT,2023-09-07 17:00:00+00:00,19.63,2023-09-30 15:00:00+00:00,21.593,10.0,9.8,True,550,22.92,3.154
BTCUSDT,2023-09-07 17:00:00+00:00,25828.72,2023-10-02 07:00:00+00:00,28411.592000000004,10.0,9.8,True,590,24.58,2.604
BCHUSDT,2023-09-07 22:00:00+00:00,192.5,2023-09-15 02:00:00+00:00,211.75000000000003,10.0,9.8,True,172,7.17,3.247
ATOMUSDT,2023-09-07 22:00:00+00:00,6.906,2023-10-01 22:00:00+00:00,7.5966000000000005,10.0,9.8,True,576,24.0,2.559
CHZUSDT,2023-09-07 22:00:00+00:00,0.0594,2023-10-23 22:00:00+00:00,0.06534000000000001,10.0,9.8,True,1104,46.0,4.998
DOGEUSDT,2023-09-07 22:00:00+00:00,0.06343,2023-10-24 12:00:00+00:00,0.069773,10.0,9.8,True,1118,46.58,2.855
SHIBUSDT,2023-09-07 22:00:00+00:00,7.65e-06,2023-11-06 16:00:00+00:00,8.415e-06,10.0,9.8,True,1434,59.75,4.357
ENJUSDT,2023-09-08 01:00:00+00:00,0.2627,2023-10-30 05:00:00+00:00,0.28897,10.0,9.8,True,1252,52.17,3.038
ENJUSDT,2023-09-08 11:00:00+00:00,0.2503,2023-10-26 08:00:00+00:00,0.2753300000000001,10.0,9.8,True,1149,47.88,3.522
BCHUSDT,2023-09-09 16:00:00+00:00,194.0,2023-09-15 02:00:00+00:00,213.4,10.0,9.8,True,130,5.42,13.081
APTUSDT,2023-09-09 16:00:00+00:00,5.4908,2023-10-22 07:00:00+00:00,6.039880000000001,10.0,9.8,True,1023,42.62,2.637
ETCUSDT,2023-09-10 01:00:00+00:00,15.37,2023-10-24 02:00:00+00:00,16.907,10.0,9.8,True,1057,44.04,3.662
UNIUSDT,2023-09-10 03:00:00+00:00,4.29,2023-11-01 19:00:00+00:00,4.719,10.0,9.8,True,1264,52.67,5.7
ADAUSDT,2023-09-10 05:00:00+00:00,0.2478,2023-10-23 22:00:00+00:00,0.27258,10.0,9.8,True,1049,43.71,18.116
ARBUSDT,2023-09-10 06:00:00+00:00,0.8713,2023-10-01 09:00:00+00:00,0.95843,10.0,9.8,True,507,21.12,2.603
AAVEUSDT,2023-09-10 07:00:00+00:00,55.11,2023-09-16 02:00:00+00:00,60.621,10.0,9.8,True,139,5.79,2.683
DOTUSDT,2023-09-10 14:00:00+00:00,4.186,2023-11-01 19:00:00+00:00,4.6046000000000005,10.0,9.8,True,1253,52.21,3.841
SUIUSDT,2023-09-10 15:00:00+00:00,0.4577,2023-10-01 22:00:00+00:00,0.5034700000000001,10.0,9.8,True,511,21.29,2.655
ARBUSDT,2023-09-10 16:00:00+00:00,0.8518,2023-10-01 05:00:00+00:00,0.93698,10.0,9.8,True,493,20.54,2.906
LINKUSDT,2023-09-10 16:00:00+00:00,6.046,2023-09-18 04:00:00+00:00,6.650600000000001,10.0,9.8,True,180,7.5,2.59
LTCUSDT,2023-09-10 16:00:00+00:00,60.92,2023-09-16 02:00:00+00:00,67.012,10.0,9.8,True,130,5.42,2.626
SOLUSDT,2023-09-10 16:00:00+00:00,18.22,2023-09-18 15:00:00+00:00,20.042,10.0,9.8,True,191,7.96,3.148
MANAUSDT,2023-09-10 16:00:00+00:00,0.2831,2023-09-29 20:00:00+00:00,0.31141,10.0,9.8,True,460,19.17,3.532
FILUSDT,2023-09-10 16:00:00+00:00,3.112,2023-09-16 02:00:00+00:00,3.4232000000000005,10.0,9.8,True,130,5.42,2.698
BNBUSDT,2023-09-10 16:00:00+00:00,212.9,2023-10-24 02:00:00+00:00,234.19000000000003,10.0,9.8,True,1042,43.42,2.667
BTCUSDT,2023-09-10 17:00:00+00:00,25791.16,2023-10-02 07:00:00+00:00,28370.276,10.0,9.8,True,518,21.58,2.725
BTCUSDT,2023-09-10 20:00:00+00:00,25799.99,2023-10-02 07:00:00+00:00,28379.989000000005,10.0,9.8,True,515,21.46,3.138
ADAUSDT,2023-09-10 21:00:00+00:00,0.2486,2023-10-23 22:00:00+00:00,0.27346,10.0,9.8,True,1033,43.04,6.318
ENJUSDT,2023-09-11 03:00:00+00:00,0.2426,2023-10-26 08:00:00+00:00,0.26686000000000004,10.0,9.8,True,1085,45.21,3.121
SUIUSDT,2023-09-11 03:00:00+00:00,0.4498,2023-09-29 10:00:00+00:00,0.49478,10.0,9.8,True,439,18.29,2.599
XRPUSDT,2023-09-11 04:00:00+00:00,0.4969,2023-09-29 12:00:00+00:00,0.54659,10.0,9.8,True,440,18.33,2.772
DOTUSDT,2023-09-11 05:00:00+00:00,4.124,2023-10-31 00:00:00+00:00,4.5364,10.0,9.8,True,1195,49.79,2.822
MANAUSDT,2023-09-11 06:00:00+00:00,0.2807,2023-09-29 16:00:00+00:00,0.30877000000000004,10.0,9.8,True,442,18.42,3.447
AXSUSDT,2023-09-11 06:00:00+00:00,4.34,2023-09-14 12:00:00+00:00,4.774,10.0,9.8,True,78,3.25,5.5
ATOMUSDT,2023-09-11 06:00:00+00:00,6.631,2023-09-18 09:00:00+00:00,7.294100000000001,10.0,9.8,True,171,7.12,3.517
SUIUSDT,2023-09-11 07:00:00+00:00,0.4493,2023-09-29 10:00:00+00:00,0.49423,10.0,9.8,True,435,18.12,2.916
MANAUSDT,2023-09-11 13:00:00+00:00,0.2735,2023-09-16 02:00:00+00:00,0.30085000000000006,10.0,9.8,True,109,4.54,8.443
CHZUSDT,2023-09-11 15:00:00+00:00,0.0558,2023-09-30 07:00:00+00:00,0.06138000000000001,10.0,9.8,True,448,18.67,3.816
ATOMUSDT,2023-09-11 15:00:00+00:00,6.414,2023-09-16 02:00:00+00:00,7.055400000000001,10.0,9.8,True,107,4.46,3.782
SOLUSDT,2023-09-11 15:00:00+00:00,17.6,2023-09-15 23:00:00+00:00,19.360000000000003,10.0,9.8,True,104,4.33,3.324
APTUSDT,2023-09-11 15:00:00+00:00,4.968,2023-09-24 13:00:00+00:00,5.4648,10.0,9.8,True,310,12.92,3.522
NEARUSDT,2023-09-11 15:00:00+00:00,1.113,2023-10-27 12:00:00+00:00,1.2243000000000002,10.0,9.8,True,1101,45.88,2.626
SHIBUSDT,2023-09-11 15:00:00+00:00,7.02e-06,2023-10-24 12:00:00+00:00,7.722e-06,10.0,9.8,True,1029,42.88,4.657
LTCUSDT,2023-09-11 15:00:00+00:00,59.5,2023-09-15 21:00:00+00:00,65.45,10.0,9.8,True,102,4.25,3.879
SANDUSDT,2023-09-11 15:00:00+00:00,0.2824,2023-09-16 05:00:00+00:00,0.31064,10.0,9.8,True,110,4.58,3.148
DOGEUSDT,2023-09-11 15:00:00+00:00,0.06016,2023-10-23 22:00:00+00:00,0.066176,10.0,9.8,True,1015,42.29,4.247
OPUSDT,2023-09-11 15:00:00+00:00,1.269,2023-09-15 03:00:00+00:00,1.3959,10.0,9.8,True,84,3.5,7.323
ARBUSDT,2023-09-11 15:00:00+00:00,0.7699,2023-09-19 09:00:00+00:00,0.8468900000000001,10.0,9.8,True,186,7.75,4.576
BCHUSDT,2023-09-11 15:00:00+00:00,184.0,2023-09-12 16:00:00+00:00,202.4,10.0,9.8,True,25,1.04,3.983
LINKUSDT,2023-09-11 15:00:00+00:00,5.842,2023-09-18 03:00:00+00:00,6.4262,10.0,9.8,True,156,6.5,4.151
ADAUSDT,2023-09-11 15:00:00+00:00,0.2429,2023-10-01 22:00:00+00:00,0.26719000000000004,10.0,9.8,True,487,20.29,3.125
ETHUSDT,2023-09-11 15:00:00+00:00,1559.1,2023-10-01 22:00:00+00:00,1715.01,10.0,9.8,True,487,20.29,7.777
SUIUSDT,2023-09-11 15:00:00+00:00,0.4285,2023-09-29 07:00:00+00:00,0.47135000000000005,10.0,9.8,True,424,17.67,2.892
AVAXUSDT,2023-09-11 15:00:00+00:00,9.23,2023-10-04 19:00:00+00:00,10.153,10.0,9.8,True,556,23.17,4.228
FILUSDT,2023-09-11 15:00:00+00:00,3.03,2023-09-15 05:00:00+00:00,3.333,10.0,9.8,True,86,3.58,3.921
UNIUSDT,2023-09-11 15:00:00+00:00,4.108,2023-10-01 06:00:00+00:00,4.5188,10.0,9.8,True,471,19.62,3.601
AAVEUSDT,2023-09-11 15:00:00+00:00,52.36,2023-09-16 02:00:00+00:00,57.596000000000004,10.0,9.8,True,107,4.46,5.67
BNBUSDT,2023-09-11 15:00:00+00:00,205.8,2023-10-23 22:00:00+00:00,226.38000000000002,10.0,9.8,True,1015,42.29,5.976
ETCUSDT,2023-09-11 15:00:00+00:00,14.7,2023-09-30 11:00:00+00:00,16.17,10.0,9.8,True,452,18.83,4.336
BTCUSDT,2023-09-11 16:00:00+00:00,25115.98,2023-10-01 22:00:00+00:00,27627.578,10.0,9.8,True,486,20.25,3.568
ATOMUSDT,2023-09-11 19:00:00+00:00,6.43,2023-09-16 02:00:00+00:00,7.073,10.0,9.8,True,103,4.29,3.719
NEARUSDT,2023-09-11 21:00:00+00:00,1.091,2023-10-26 08:00:00+00:00,1.2001000000000002,10.0,9.8,True,1067,44.46,2.663
UNIUSDT,2023-09-12 01:00:00+00:00,4.121,2023-10-01 09:00:00+00:00,4.533100000000001,10.0,9.8,True,464,19.33,2.615
MANAUSDT,2023-09-12 01:00:00+00:00,0.2705,2023-09-15 22:00:00+00:00,0.29755000000000004,10.0,9.8,True,93,3.88,4.073
BTCUSDT,2023-09-12 04:00:00+00:00,25797.98,2023-10-02 07:00:00+00:00,28377.778000000002,10.0,9.8,True,483,20.12,3.785
ENJUSDT,2023-09-12 10:00:00+00:00,0.2368,2023-10-25 15:00:00+00:00,0.26048000000000004,10.0,9.8,True,1037,43.21,5.22
AXSUSDT,2023-09-13 06:00:00+00:00,4.12,2023-09-14 12:00:00+00:00,4.532000000000001,10.0,9.8,True,30,1.25,2.703
AVAXUSDT,2023-09-13 08:00:00+00:00,9.16,2023-10-04 19:00:00+00:00,10.076,10.0,9.8,True,515,21.46,5.797
ETHUSDT,2023-09-13 08:00:00+00:00,1584.51,2023-10-01 22:00:00+00:00,1742.9610000000002,10.0,9.8,True,446,18.58,2.847
AXSUSDT,2023-09-13 08:00:00+00:00,4.16,2023-09-14 12:00:00+00:00,4.5760000000000005,10.0,9.8,True,28,1.17,4.74
XRPUSDT,2023-09-13 08:00:00+00:00,0.4749,2023-09-20 03:00:00+00:00,0.52239,10.0,9.8,True,163,6.79,5.112
LTCUSDT,2023-09-13 08:00:00+00:00,60.13,2023-09-15 23:00:00+00:00,66.14300000000001,10.0,9.8,True,63,2.62,12.184
BCHUSDT,2023-09-13 08:00:00+00:00,200.3,2023-09-15 02:00:00+00:00,220.33000000000004,10.0,9.8,True,42,1.75,2.629
DOGEUSDT,2023-09-13 08:00:00+00:00,0.06082,2023-10-23 22:00:00+00:00,0.066902,10.0,9.8,True,974,40.58,5.827
SUIUSDT,2023-09-13 08:00:00+00:00,0.4294,2023-09-29 09:00:00+00:00,0.47234000000000004,10.0,9.8,True,385,16.04,4.613
ADAUSDT,2023-09-13 08:00:00+00:00,0.2454,2023-10-23 20:00:00+00:00,0.26994,10.0,9.8,True,972,40.5,3.921
ETCUSDT,2023-09-13 08:00:00+00:00,14.96,2023-09-30 16:00:00+00:00,16.456000000000003,10.0,9.8,True,416,17.33,9.229
CHZUSDT,2023-09-13 08:00:00+00:00,0.0556,2023-09-30 07:00:00+00:00,0.06116,10.0,9.8,True,407,16.96,17.702
DOTUSDT,2023-09-13 08:00:00+00:00,3.976,2023-10-24 00:00:00+00:00,4.373600000000001,10.0,9.8,True,976,40.67,3.992
MANAUSDT,2023-09-13 08:00:00+00:00,0.2704,2023-09-15 22:00:00+00:00,0.29744,10.0,9.8,True,62,2.58,5.56
BNBUSDT,2023-09-13 08:00:00+00:00,210.3,2023-10-24 00:00:00+00:00,231.33000000000004,10.0,9.8,True,976,40.67,2.893
ETHUSDT,2023-09-15 22:00:00+00:00,1631.9,2023-10-23 23:00:00+00:00,1795.0900000000001,10.0,9.8,True,913,38.04,3.011
SOLUSDT,2023-09-15 23:00:00+00:00,19.16,2023-09-30 13:00:00+00:00,21.076,10.0,9.8,True,350,14.58,3.179
DOGEUSDT,2023-09-17 02:00:00+00:00,0.06184,2023-10-24 00:00:00+00:00,0.068024,10.0,9.8,True,886,36.92,3.015
AAVEUSDT,2023-09-17 03:00:00+00:00,59.07,2023-09-20 18:00:00+00:00,64.977,10.0,9.8,True,87,3.62,3.479
XRPUSDT,2023-09-17 06:00:00+00:00,0.4941,2023-09-29 12:00:00+00:00,0.54351,10.0,9.8,True,294,12.25,2.78
FILUSDT,2023-09-17 09:00:00+00:00,3.325,2023-10-23 19:00:00+00:00,3.6575000000000006,10.0,9.8,True,874,36.42,3.086
SHIBUSDT,2023-09-17 17:00:00+00:00,7.22e-06,2023-10-25 15:00:00+00:00,7.942000000000001e-06,10.0,9.8,True,910,37.92,3.374
MANAUSDT,2023-09-17 17:00:00+00:00,0.2914,2023-09-29 21:00:00+00:00,0.32054,10.0,9.8,True,292,12.17,2.69
AVAXUSDT,2023-09-17 17:00:00+00:00,9.16,2023-10-04 19:00:00+00:00,10.076,10.0,9.8,True,410,17.08,2.844
DOTUSDT,2023-09-17 17:00:00+00:00,4.1,2023-10-30 23:00:00+00:00,4.51,10.0,9.8,True,1038,43.25,2.948
CHZUSDT,2023-09-17 17:00:00+00:00,0.0575,2023-09-30 08:00:00+00:00,0.06325000000000001,10.0,9.8,True,303,12.62,2.532
ARBUSDT,2023-09-17 17:00:00+00:00,0.8009,2023-09-28 15:00:00+00:00,0.88099,10.0,9.8,True,262,10.92,3.091
AXSUSDT,2023-09-17 21:00:00+00:00,4.43,2023-10-26 07:00:00+00:00,4.873,10.0,9.8,True,922,38.42,2.871
SUIUSDT,2023-09-17 21:00:00+00:00,0.43,2023-09-29 09:00:00+00:00,0.47300000000000003,10.0,9.8,True,276,11.5,3.649
MANAUSDT,2023-09-17 21:00:00+00:00,0.2861,2023-09-29 20:00:00+00:00,0.31471000000000005,10.0,9.8,True,287,11.96,4.385
LINKUSDT,2023-09-17 21:00:00+00:00,6.069,2023-09-18 10:00:00+00:00,6.6759,10.0,9.8,True,13,0.54,4.106
SHIBUSDT,2023-09-17 22:00:00+00:00,7.14e-06,2023-10-25 15:00:00+00:00,7.854000000000001e-06,10.0,9.8,True,905,37.71,2.827
ARBUSDT,2023-09-18 00:00:00+00:00,0.7947,2023-09-28 15:00:00+00:00,0.87417,10.0,9.8,True,255,10.62,2.839
NEARUSDT,2023-09-18 02:00:00+00:00,1.086,2023-10-26 08:00:00+00:00,1.1946,10.0,9.8,True,918,38.25,2.863
DOTUSDT,2023-09-18 02:00:00+00:00,4.055,2023-10-30 21:00:00+00:00,4.4605,10.0,9.8,True,1027,42.79,2.584
AVAXUSDT,2023-09-18 02:00:00+00:00,8.91,2023-10-01 22:00:00+00:00,9.801,10.0,9.8,True,332,13.83,4.081
ATOMUSDT,2023-09-18 02:00:00+00:00,6.947,2023-10-01 22:00:00+00:00,7.641700000000001,10.0,9.8,True,332,13.83,3.299
DOGEUSDT,2023-09-18 03:00:00+00:00,0.06179,2023-10-24 00:00:00+00:00,0.067969,10.0,9.8,True,861,35.88,2.94
ETHUSDT,2023-09-18 03:00:00+00:00,1629.54,2023-10-23 23:00:00+00:00,1792.4940000000001,10.0,9.8,True,860,35.83,3.748
SOLUSDT,2023-09-18 03:00:00+00:00,19.1,2023-09-30 13:00:00+00:00,21.01,10.0,9.8,True,298,12.42,5.074
BTCUSDT,2023-09-18 03:00:00+00:00,26663.12,2023-10-16 13:00:00+00:00,29329.432,10.0,9.8,True,682,28.42,4.108
SUIUSDT,2023-09-18 03:00:00+00:00,0.4371,2023-09-29 10:00:00+00:00,0.48081,10.0,9.8,True,271,11.29,2.861
ADAUSDT,2023-09-18 03:00:00+00:00,0.2487,2023-10-23 22:00:00+00:00,0.27357000000000004,10.0,9.8,True,859,35.79,3.982
ENJUSDT,2023-09-18 05:00:00+00:00,0.2269,2023-10-25 15:00:00+00:00,0.24959,10.0,9.8,True,898,37.42,2.885
AAVEUSDT,2023-09-19 01:00:00+00:00,61.14,2023-09-29 07:00:00+00:00,67.254,10.0,9.8,True,246,10.25,2.583
ATOMUSDT,2023-09-19 09:00:00+00:00,7.38,2023-10-30 23:00:00+00:00,8.118,10.0,9.8,True,998,41.58,2.768
DOTUSDT,2023-09-19 09:00:00+00:00,4.118,2023-10-30 23:00:00+00:00,4.529800000000001,10.0,9.8,True,998,41.58,3.056
ETHUSDT,2023-09-19 10:00:00+00:00,1653.36,2023-10-24 02:00:00+00:00,1818.6960000000001,10.0,9.8,True,832,34.67,2.702
BTCUSDT,2023-09-19 10:00:00+00:00,27288.95,2023-10-20 10:00:00+00:00,30017.845000000005,10.0,9.8,True,744,31.0,2.811
SANDUSDT,2023-09-19 10:00:00+00:00,0.3045,2023-10-24 01:00:00+00:00,0.33495,10.0,9.8,True,831,34.62,2.746
ETHUSDT,2023-09-20 07:00:00+00:00,1633.82,2023-10-23 23:00:00+00:00,1797.202,10.0,9.8,True,808,33.67,2.767
UNIUSDT,2023-09-20 07:00:00+00:00,4.399,2023-11-01 19:00:00+00:00,4.838900000000001,10.0,9.8,True,1020,42.5,3.067
LTCUSDT,2023-09-20 09:00:00+00:00,66.5,2023-11-06 14:00:00+00:00,73.15,10.0,9.8,True,1133,47.21,2.994
DOGEUSDT,2023-09-20 10:00:00+00:00,0.06211,2023-10-24 02:00:00+00:00,0.068321,10.0,9.8,True,808,33.67,2.627
UNIUSDT,2023-09-20 10:00:00+00:00,4.38,2023-11-01 19:00:00+00:00,4.8180000000000005,10.0,9.8,True,1017,42.38,3.622
AXSUSDT,2023-09-20 10:00:00+00:00,4.5,2023-10-26 07:00:00+00:00,4.95,10.0,9.8,True,861,35.88,2.58
ETHUSDT,2023-09-20 10:00:00+00:00,1627.43,2023-10-23 22:00:00+00:00,1790.1730000000002,10.0,9.8,True,804,33.5,3.085
ATOMUSDT,2023-09-20 13:00:00+00:00,7.283,2023-10-30 22:00:00+00:00,8.0113,10.0,9.8,True,969,40.38,3.027
BCHUSDT,2023-09-20 14:00:00+00:00,214.8,2023-09-27 13:00:00+00:00,236.28000000000003,10.0,9.8,True,167,6.96,2.807
LTCUSDT,2023-09-20 14:00:00+00:00,64.73,2023-10-24 02:00:00+00:00,71.20300000000002,10.0,9.8,True,804,33.5,2.963
AVAXUSDT,2023-09-20 14:00:00+00:00,9.04,2023-10-04 16:00:00+00:00,9.943999999999999,10.0,9.8,True,338,14.08,2.916
SANDUSDT,2023-09-20 17:00:00+00:00,0.2976,2023-10-24 00:00:00+00:00,0.32736,10.0,9.8,True,799,33.29,2.62
NEARUSDT,2023-09-20 19:00:00+00:00,1.12,2023-10-27 13:00:00+00:00,1.2320000000000002,10.0,9.8,True,882,36.75,2.628
SHIBUSDT,2023-09-20 19:00:00+00:00,7.4e-06,2023-10-26 02:00:00+00:00,8.140000000000002e-06,10.0,9.8,True,847,35.29,4.285
SUIUSDT,2023-09-20 20:00:00+00:00,0.4415,2023-09-29 10:00:00+00:00,0.48565,10.0,9.8,True,206,8.58,3.629
XLMUSDT,2023-09-20 20:00:00+00:00,0.1165,2023-11-05 11:00:00+00:00,0.12815000000000001,10.0,9.8,True,1095,45.62,4.736
ETCUSDT,2023-09-20 20:00:00+00:00,15.48,2023-10-24 02:00:00+00:00,17.028000000000002,10.0,9.8,True,798,33.25,2.72
BNBUSDT,2023-09-21 10:00:00+00:00,211.6,2023-10-24 00:00:00+00:00,232.76000000000002,10.0,9.8,True,782,32.58,2.511
BCHUSDT,2023-09-21 10:00:00+00:00,210.1,2023-09-27 11:00:00+00:00,231.11,10.0,9.8,True,145,6.04,2.649
UNIUSDT,2023-09-21 10:00:00+00:00,4.291,2023-11-01 19:00:00+00:00,4.7201,10.0,9.8,True,993,41.38,2.602
ARBUSDT,2023-09-21 12:00:00+00:00,0.8204,2023-09-28 16:00:00+00:00,0.9024400000000001,10.0,9.8,True,172,7.17,2.539
LINKUSDT,2023-09-21 13:00:00+00:00,6.7,2023-09-25 15:00:00+00:00,7.370000000000001,10.0,9.8,True,98,4.08,4.081
ETCUSDT,2023-09-21 13:00:00+00:00,15.31,2023-09-30 16:00:00+00:00,16.841,10.0,9.8,True,219,9.12,11.172
SUIUSDT,2023-09-21 23:00:00+00:00,0.4396,2023-09-29 10:00:00+00:00,0.48356000000000005,10.0,9.8,True,179,7.46,2.62
OPUSDT,2023-09-22 01:00:00+00:00,1.301,2023-10-02 04:00:00+00:00,1.4311,10.0,9.8,True,243,10.12,2.519
BCHUSDT,2023-09-22 01:00:00+00:00,208.1,2023-09-27 10:00:00+00:00,228.91000000000003,10.0,9.8,True,129,5.38,2.746
ADAUSDT,2023-09-22 01:00:00+00:00,0.246,2023-10-23 20:00:00+00:00,0.2706,10.0,9.8,True,763,31.79,3.583
XLMUSDT,2023-09-23 16:00:00+00:00,0.1134,2023-10-31 12:00:00+00:00,0.12474000000000002,10.0,9.8,True,908,37.83,3.246
LINKUSDT,2023-09-23 17:00:00+00:00,7.054,2023-09-27 12:00:00+00:00,7.759400000000001,10.0,9.8,True,91,3.79,7.019
AAVEUSDT,2023-09-23 17:00:00+00:00,62.99,2023-10-01 05:00:00+00:00,69.289,10.0,9.8,True,180,7.5,2.835
DOTUSDT,2023-09-23 17:00:00+00:00,4.024,2023-10-26 09:00:00+00:00,4.4264,10.0,9.8,True,784,32.67,3.496
DOTUSDT,2023-09-23 19:00:00+00:00,4.027,2023-10-26 09:00:00+00:00,4.4297,10.0,9.8,True,782,32.58,2.507
MANAUSDT,2023-09-24 01:00:00+00:00,0.2933,2023-09-29 21:00:00+00:00,0.32263000000000003,10.0,9.8,True,140,5.83,2.911
ENJUSDT,2023-09-24 13:00:00+00:00,0.2299,2023-10-25 15:00:00+00:00,0.25289,10.0,9.8,True,746,31.08,34.895
XLMUSDT,2023-09-24 16:00:00+00:00,0.1131,2023-10-31 12:00:00+00:00,0.12441000000000002,10.0,9.8,True,884,36.83,3.548
BCHUSDT,2023-09-25 01:00:00+00:00,205.0,2023-09-27 10:00:00+00:00,225.50000000000003,10.0,9.8,True,57,2.38,3.887
ETCUSDT,2023-09-25 01:00:00+00:00,15.19,2023-09-30 16:00:00+00:00,16.709,10.0,9.8,True,135,5.62,2.715
NEARUSDT,2023-09-25 01:00:00+00:00,1.102,2023-10-26 10:00:00+00:00,1.2122000000000002,10.0,9.8,True,753,31.38,3.773
ADAUSDT,2023-09-25 01:00:00+00:00,0.2441,2023-10-02 09:00:00+00:00,0.26851,10.0,9.8,True,176,7.33,3.296
SOLUSDT,2023-09-25 01:00:00+00:00,19.43,2023-09-30 14:00:00+00:00,21.373,10.0,9.8,True,133,5.54,4.006
XLMUSDT,2023-09-25 01:00:00+00:00,0.1128,2023-10-31 12:00:00+00:00,0.12408000000000001,10.0,9.8,True,875,36.46,2.732
BNBUSDT,2023-09-25 01:00:00+00:00,208.4,2023-10-23 22:00:00+00:00,229.24000000000004,10.0,9.8,True,693,28.88,3.338
OPUSDT,2023-09-25 01:00:00+00:00,1.27,2023-10-01 14:00:00+00:00,1.3970000000000002,10.0,9.8,True,157,6.54,5.552
ETHUSDT,2023-09-25 01:00:00+00:00,1579.63,2023-10-01 22:00:00+00:00,1737.5930000000003,10.0,9.8,True,165,6.88,4.009
BTCUSDT,2023-09-25 01:00:00+00:00,26248.16,2023-10-16 13:00:00+00:00,28872.976000000002,10.0,9.8,True,516,21.5,4.156
LTCUSDT,2023-09-25 01:00:00+00:00,63.71,2023-10-24 02:00:00+00:00,70.081,10.0,9.8,True,697,29.04,3.646
DOGEUSDT,2023-09-25 01:00:00+00:00,0.06087,2023-10-23 22:00:00+00:00,0.066957,10.0,9.8,True,693,28.88,3.088
AVAXUSDT,2023-09-25 01:00:00+00:00,8.79,2023-10-01 10:00:00+00:00,9.669,10.0,9.8,True,153,6.38,3.773
ARBUSDT,2023-09-25 01:00:00+00:00,0.815,2023-09-28 16:00:00+00:00,0.8965,10.0,9.8,True,87,3.62,2.769
LINKUSDT,2023-09-25 02:00:00+00:00,7.173,2023-09-27 12:00:00+00:00,7.890300000000001,10.0,9.8,True,58,2.42,2.924
DOTUSDT,2023-09-25 06:00:00+00:00,4.013,2023-10-24 02:00:00+00:00,4.4143,10.0,9.8,True,692,28.83,4.157
SANDUSDT,2023-09-25 10:00:00+00:00,0.2959,2023-10-24 00:00:00+00:00,0.32549,10.0,9.8,True,686,28.58,2.56
ENJUSDT,2023-09-26 10:00:00+00:00,0.221,2023-10-24 12:00:00+00:00,0.2431,10.0,9.8,True,674,28.08,52.547
FILUSDT,2023-09-26 18:00:00+00:00,3.181,2023-10-23 01:00:00+00:00,3.4991000000000003,10.0,9.8,True,631,26.29,2.608
SOLUSDT,2023-09-26 22:00:00+00:00,19.0,2023-09-30 13:00:00+00:00,20.900000000000002,10.0,9.8,True,87,3.62,4.478
CHZUSDT,2023-09-26 22:00:00+00:00,0.0574,2023-09-30 08:00:00+00:00,0.06314,10.0,9.8,True,82,3.42,2.969
ATOMUSDT,2023-09-26 22:00:00+00:00,6.947,2023-10-01 22:00:00+00:00,7.641700000000001,10.0,9.8,True,120,5.0,2.7
ETCUSDT,2023-09-26 22:00:00+00:00,15.04,2023-09-30 16:00:00+00:00,16.544,10.0,9.8,True,90,3.75,3.821
DOGEUSDT,2023-09-26 22:00:00+00:00,0.06045,2023-10-23 22:00:00+00:00,0.066495,10.0,9.8,True,648,27.0,11.339
AXSUSDT,2023-09-26 22:00:00+00:00,4.47,2023-10-26 07:00:00+00:00,4.917,10.0,9.8,True,705,29.38,2.998
ETHUSDT,2023-09-28 03:00:00+00:00,1606.39,2023-10-23 22:00:00+00:00,1767.0290000000002,10.0,9.8,True,619,25.79,2.552
AAVEUSDT,2023-09-28 06:00:00+00:00,61.6,2023-09-29 07:00:00+00:00,67.76,10.0,9.8,True,25,1.04,3.123
MANAUSDT,2023-09-28 06:00:00+00:00,0.2956,2023-10-01 22:00:00+00:00,0.32516,10.0,9.8,True,88,3.67,4.938
BCHUSDT,2023-09-29 20:00:00+00:00,236.8,2023-10-23 22:00:00+00:00,260.48,10.0,9.8,True,578,24.08,2.656
AVAXUSDT,2023-09-29 20:00:00+00:00,9.08,2023-10-04 16:00:00+00:00,9.988000000000001,10.0,9.8,True,116,4.83,3.686
BCHUSDT,2023-10-01 23:00:00+00:00,245.0,2023-10-24 02:00:00+00:00,269.5,10.0,9.8,True,531,22.12,5.458
LINKUSDT,2023-10-01 23:00:00+00:00,8.085,2023-10-21 14:00:00+00:00,8.893500000000001,10.0,9.8,True,471,19.62,3.454
SANDUSDT,2023-10-02 14:00:00+00:00,0.3178,2023-10-29 14:00:00+00:00,0.34958000000000006,10.0,9.8,True,648,27.0,2.953
CHZUSDT,2023-10-02 15:00:00+00:00,0.0626,2023-10-24 03:00:00+00:00,0.06886,10.0,9.8,True,516,21.5,2.778
ATOMUSDT,2023-10-02 19:00:00+00:00,7.188,2023-10-30 20:00:00+00:00,7.9068000000000005,10.0,9.8,True,673,28.04,2.624
LTCUSDT,2023-10-02 19:00:00+00:00,65.59,2023-10-24 02:00:00+00:00,72.14900000000002,10.0,9.8,True,511,21.29,2.667
CHZUSDT,2023-10-02 19:00:00+00:00,0.061,2023-10-24 01:00:00+00:00,0.0671,10.0,9.8,True,510,21.25,3.822
FILUSDT,2023-10-02 19:00:00+00:00,3.331,2023-10-23 19:00:00+00:00,3.6641000000000004,10.0,9.8,True,504,21.0,3.301
MANAUSDT,2023-10-02 19:00:00+00:00,0.3101,2023-10-24 00:00:00+00:00,0.34111,10.0,9.8,True,509,21.21,3.315
ETCUSDT,2023-10-02 19:00:00+00:00,16.1,2023-10-31 12:00:00+00:00,17.710000000000004,10.0,9.8,True,689,28.71,2.619
AAVEUSDT,2023-10-02 19:00:00+00:00,68.94,2023-10-22 05:00:00+00:00,75.834,10.0,9.8,True,466,19.42,2.739
AVAXUSDT,2023-10-02 20:00:00+00:00,9.39,2023-10-05 09:00:00+00:00,10.329,10.0,9.8,True,61,2.54,2.784
ETCUSDT,2023-10-03 01:00:00+00:00,16.44,2023-11-05 11:00:00+00:00,18.084000000000003,10.0,9.8,True,802,33.42,5.452
SUIUSDT,2023-10-03 11:00:00+00:00,0.4549,2023-11-04 21:00:00+00:00,0.5003900000000001,10.0,9.8,True,778,32.42,2.606
SUIUSDT,2023-10-04 00:00:00+00:00,0.4444,2023-11-04 18:00:00+00:00,0.48884000000000005,10.0,9.8,True,762,31.75,3.01
FILUSDT,2023-10-04 00:00:00+00:00,3.309,2023-10-23 19:00:00+00:00,3.6399000000000004,10.0,9.8,True,475,19.79,2.745
OPUSDT,2023-10-04 01:00:00+00:00,1.275,2023-10-24 02:00:00+00:00,1.4025,10.0,9.8,True,481,20.04,6.79
SANDUSDT,2023-10-04 05:00:00+00:00,0.2942,2023-10-23 23:00:00+00:00,0.32362,10.0,9.8,True,474,19.75,10.045
DOTUSDT,2023-10-04 05:00:00+00:00,4.014,2023-10-24 02:00:00+00:00,4.415400000000001,10.0,9.8,True,477,19.88,2.523
SANDUSDT,2023-10-04 07:00:00+00:00,0.2952,2023-10-24 00:00:00+00:00,0.32472000000000006,10.0,9.8,True,473,19.71,12.64
OPUSDT,2023-10-05 14:00:00+00:00,1.312,2023-10-26 03:00:00+00:00,1.4432000000000003,10.0,9.8,True,493,20.54,3.489
ETHUSDT,2023-10-05 14:00:00+00:00,1642.68,2023-10-24 02:00:00+00:00,1806.9480000000003,10.0,9.8,True,444,18.5,3.138
BNBUSDT,2023-10-05 14:00:00+00:00,212.7,2023-10-24 02:00:00+00:00,233.97,10.0,9.8,True,444,18.5,2.568
XRPUSDT,2023-10-05 16:00:00+00:00,0.5189,2023-10-24 12:00:00+00:00,0.5707900000000001,10.0,9.8,True,452,18.83,2.729
OPUSDT,2023-10-05 16:00:00+00:00,1.302,2023-10-24 12:00:00+00:00,1.4322000000000001,10.0,9.8,True,452,18.83,4.002
BNBUSDT,2023-10-05 16:00:00+00:00,211.2,2023-10-24 00:00:00+00:00,232.32,10.0,9.8,True,440,18.33,4.191
DOGEUSDT,2023-10-05 16:00:00+00:00,0.06084,2023-10-23 22:00:00+00:00,0.066924,10.0,9.8,True,438,18.25,3.348
SANDUSDT,2023-10-05 16:00:00+00:00,0.2937,2023-10-23 22:00:00+00:00,0.32307,10.0,9.8,True,438,18.25,5.24
AAVEUSDT,2023-10-06 01:00:00+00:00,67.31,2023-10-22 05:00:00+00:00,74.04100000000001,10.0,9.8,True,388,16.17,4.387
CHZUSDT,2023-10-06 13:00:00+00:00,0.0591,2023-10-23 22:00:00+00:00,0.06501,10.0,9.8,True,417,17.38,2.668
XLMUSDT,2023-10-06 14:00:00+00:00,0.111,2023-10-31 11:00:00+00:00,0.12210000000000001,10.0,9.8,True,597,24.88,3.403
OPUSDT,2023-10-06 16:00:00+00:00,1.314,2023-10-26 03:00:00+00:00,1.4454000000000002,10.0,9.8,True,467,19.46,2.775
CHZUSDT,2023-10-06 16:00:00+00:00,0.0597,2023-10-23 22:00:00+00:00,0.06567,10.0,9.8,True,414,17.25,3.096
OPUSDT,2023-10-07 09:00:00+00:00,1.304,2023-10-24 12:00:00+00:00,1.4344000000000001,10.0,9.8,True,411,17.12,2.641
AAVEUSDT,2023-10-07 14:00:00+00:00,67.46,2023-10-22 05:00:00+00:00,74.206,10.0,9.8,True,351,14.62,2.991
DOTUSDT,2023-10-08 04:00:00+00:00,4.069,2023-10-30 21:00:00+00:00,4.4759,10.0,9.8,True,545,22.71,2.58
ENJUSDT,2023-10-08 06:00:00+00:00,0.2214,2023-10-25 14:00:00+00:00,0.24354000000000003,10.0,9.8,True,416,17.33,3.227
BTCUSDT,2023-10-08 14:00:00+00:00,27910.75,2023-10-23 03:00:00+00:00,30701.825,10.0,9.8,True,349,14.54,2.547
ARBUSDT,2023-10-08 14:00:00+00:00,0.8514,2023-10-24 02:00:00+00:00,0.9365400000000002,10.0,9.8,True,372,15.5,3.516
AVAXUSDT,2023-10-08 14:00:00+00:00,10.09,2023-10-26 04:00:00+00:00,11.099,10.0,9.8,True,422,17.58,3.709
BNBUSDT,2023-10-08 14:00:00+00:00,211.7,2023-10-24 00:00:00+00:00,232.87,10.0,9.8,True,370,15.42,4.393
MANAUSDT,2023-10-08 14:00:00+00:00,0.2955,2023-10-23 23:00:00+00:00,0.32505,10.0,9.8,True,369,15.38,4.316
ETCUSDT,2023-10-08 15:00:00+00:00,15.51,2023-10-24 02:00:00+00:00,17.061,10.0,9.8,True,371,15.46,2.587
OPUSDT,2023-10-08 19:00:00+00:00,1.276,2023-10-24 02:00:00+00:00,1.4036000000000002,10.0,9.8,True,367,15.29,4.847
ATOMUSDT,2023-10-08 21:00:00+00:00,6.961,2023-10-30 19:00:00+00:00,7.657100000000001,10.0,9.8,True,526,21.92,4.812
APTUSDT,2023-10-09 01:00:00+00:00,5.1654,2023-10-21 13:00:00+00:00,5.681940000000001,10.0,9.8,True,300,12.5,3.632
XRPUSDT,2023-10-09 01:00:00+00:00,0.5159,2023-10-24 12:00:00+00:00,0.56749,10.0,9.8,True,371,15.46,3.324
XLMUSDT,2023-10-09 11:00:00+00:00,0.1057,2023-10-23 22:00:00+00:00,0.11627000000000001,10.0,9.8,True,347,14.46,4.586
AXSUSDT,2023-10-09 11:00:00+00:00,4.3,2023-10-23 23:00:00+00:00,4.73,10.0,9.8,True,348,14.5,4.702
APTUSDT,2023-10-09 11:00:00+00:00,5.006,2023-10-21 13:00:00+00:00,5.506600000000001,10.0,9.8,True,290,12.08,2.828
ADAUSDT,2023-10-09 11:00:00+00:00,0.2511,2023-10-23 22:00:00+00:00,0.27621,10.0,9.8,True,347,14.46,3.473
ETCUSDT,2023-10-09 11:00:00+00:00,14.99,2023-10-23 22:00:00+00:00,16.489,10.0,9.8,True,347,14.46,2.702
ARBUSDT,2023-10-09 12:00:00+00:00,0.8094,2023-10-24 00:00:00+00:00,0.8903400000000001,10.0,9.8,True,348,14.5,2.5
OPUSDT,2023-10-09 17:00:00+00:00,1.218,2023-10-23 22:00:00+00:00,1.3398,10.0,9.8,True,341,14.21,6.861
UNIUSDT,2023-10-09 18:00:00+00:00,4.136,2023-11-01 18:00:00+00:00,4.549600000000001,10.0,9.8,True,552,23.0,2.779
AAVEUSDT,2023-10-10 02:00:00+00:00,63.51,2023-10-20 10:00:00+00:00,69.861,10.0,9.8,True,248,10.33,4.065
BTCUSDT,2023-10-10 15:00:00+00:00,27440.68,2023-10-20 10:00:00+00:00,30184.748000000003,10.0,9.8,True,235,9.79,3.443
BTCUSDT,2023-10-11 03:00:00+00:00,27120.93,2023-10-16 13:00:00+00:00,29833.023,10.0,9.8,True,130,5.42,3.636
ETHUSDT,2023-10-11 03:00:00+00:00,1559.33,2023-10-23 20:00:00+00:00,1715.2630000000001,10.0,9.8,True,305,12.71,2.722
BCHUSDT,2023-10-11 03:00:00+00:00,210.6,2023-10-16 12:00:00+00:00,231.66000000000003,10.0,9.8,True,129,5.38,2.955
AXSUSDT,2023-10-11 10:00:00+00:00,4.22,2023-10-23 22:00:00+00:00,4.642,10.0,9.8,True,300,12.5,2.734
LTCUSDT,2023-10-11 16:00:00+00:00,61.5,2023-10-23 20:00:00+00:00,67.65,10.0,9.8,True,292,12.17,3.529
ARBUSDT,2023-10-11 17:00:00+00:00,0.8022,2023-10-23 22:00:00+00:00,0.8824200000000001,10.0,9.8,True,293,12.21,2.806
BTCUSDT,2023-10-11 17:00:00+00:00,26682.69,2023-10-16 13:00:00+00:00,29350.959000000003,10.0,9.8,True,116,4.83,2.66
SHIBUSDT,2023-10-11 17:00:00+00:00,6.73e-06,2023-10-23 22:00:00+00:00,7.403000000000001e-06,10.0,9.8,True,293,12.21,2.702
ENJUSDT,2023-10-11 18:00:00+00:00,0.2165,2023-10-24 09:00:00+00:00,0.23815000000000003,10.0,9.8,True,303,12.62,2.646
CHZUSDT,2023-10-12 08:00:00+00:00,0.05516,2023-10-21 12:00:00+00:00,0.06067600000000001,10.0,9.8,True,220,9.17,3.025
XRPUSDT,2023-10-12 10:00:00+00:00,0.4774,2023-10-20 00:00:00+00:00,0.52514,10.0,9.8,True,182,7.58,3.276
AVAXUSDT,2023-10-12 11:00:00+00:00,9.0,2023-10-22 05:00:00+00:00,9.9,10.0,9.8,True,234,9.75,6.045
CHZUSDT,2023-10-12 11:00:00+00:00,0.05416,2023-10-21 03:00:00+00:00,0.059576000000000004,10.0,9.8,True,208,8.67,5.625
XRPUSDT,2023-10-12 17:00:00+00:00,0.4815,2023-10-20 00:00:00+00:00,0.5296500000000001,10.0,9.8,True,175,7.29,3.001
CHZUSDT,2023-10-12 17:00:00+00:00,0.0541,2023-10-21 03:00:00+00:00,0.05951000000000001,10.0,9.8,True,202,8.42,3.335
ATOMUSDT,2023-10-12 19:00:00+00:00,6.551,2023-10-24 02:00:00+00:00,7.206100000000001,10.0,9.8,True,271,11.29,2.578
AAVEUSDT,2023-10-15 02:00:00+00:00,64.53,2023-10-22 00:00:00+00:00,70.983,10.0,9.8,True,166,6.92,2.765
SUIUSDT,2023-10-15 02:00:00+00:00,0.4106,2023-10-24 09:00:00+00:00,0.45166000000000006,10.0,9.8,True,223,9.29,6.276
ENJUSDT,2023-10-15 04:00:00+00:00,0.2122,2023-10-24 01:00:00+00:00,0.23342000000000002,10.0,9.8,True,213,8.88,2.749
DOTUSDT,2023-10-15 09:00:00+00:00,3.747,2023-10-23 15:00:00+00:00,4.121700000000001,10.0,9.8,True,198,8.25,5.814
LINKUSDT,2023-10-17 14:00:00+00:00,7.362,2023-10-21 11:00:00+00:00,8.0982,10.0,9.8,True,93,3.88,3.618
UNIUSDT,2023-10-17 14:00:00+00:00,3.921,2023-10-23 01:00:00+00:00,4.3131,10.0,9.8,True,131,5.46,3.909
XRPUSDT,2023-10-17 14:00:00+00:00,0.4891,2023-10-23 20:00:00+00:00,0.53801,10.0,9.8,True,150,6.25,2.8
LTCUSDT,2023-10-17 14:00:00+00:00,62.09,2023-10-23 22:00:00+00:00,68.299,10.0,9.8,True,152,6.33,3.336
AAVEUSDT,2023-10-17 14:00:00+00:00,62.06,2023-10-20 09:00:00+00:00,68.266,10.0,9.8,True,67,2.79,2.889
DOTUSDT,2023-10-17 14:00:00+00:00,3.684,2023-10-23 04:00:00+00:00,4.0524000000000004,10.0,9.8,True,134,5.58,5.375
XLMUSDT,2023-10-17 14:00:00+00:00,0.1044,2023-10-23 22:00:00+00:00,0.11484000000000001,10.0,9.8,True,152,6.33,3.588
SHIBUSDT,2023-10-17 15:00:00+00:00,6.9e-06,2023-10-24 00:00:00+00:00,7.590000000000001e-06,10.0,9.8,True,153,6.38,2.68
ETHUSDT,2023-10-17 15:00:00+00:00,1573.09,2023-10-23 22:00:00+00:00,1730.3990000000001,10.0,9.8,True,151,6.29,2.838
MANAUSDT,2023-10-17 15:00:00+00:00,0.2798,2023-10-23 01:00:00+00:00,0.30778,10.0,9.8,True,130,5.42,2.521
AXSUSDT,2023-10-17 16:00:00+00:00,4.26,2023-10-23 22:00:00+00:00,4.686,10.0,9.8,True,150,6.25,8.341
BNBUSDT,2023-10-17 16:00:00+00:00,212.0,2023-10-24 02:00:00+00:00,233.20000000000002,10.0,9.8,True,154,6.42,4.934
CHZUSDT,2023-10-18 02:00:00+00:00,0.05645,2023-10-22 14:00:00+00:00,0.062095000000000004,10.0,9.8,True,108,4.5,6.995
SOLUSDT,2023-10-18 21:00:00+00:00,23.72,2023-10-20 04:00:00+00:00,26.092000000000002,10.0,9.8,True,31,1.29,2.77
APTUSDT,2023-10-19 02:00:00+00:00,4.8904,2023-10-21 13:00:00+00:00,5.37944,10.0,9.8,True,59,2.46,12.149
ARBUSDT,2023-10-19 03:00:00+00:00,0.7725,2023-10-22 06:00:00+00:00,0.84975,10.0,9.8,True,75,3.12,2.758
ENJUSDT,2023-10-19 07:00:00+00:00,0.2077,2023-10-23 22:00:00+00:00,0.22847,10.0,9.8,True,111,4.62,3.945
SUIUSDT,2023-10-20 01:00:00+00:00,0.3695,2023-10-22 07:00:00+00:00,0.40645000000000003,10.0,9.8,True,54,2.25,2.505
LTCUSDT,2023-10-22 16:00:00+00:00,64.77,2023-10-24 02:00:00+00:00,71.247,10.0,9.8,True,34,1.42,3.858
XLMUSDT,2023-10-22 21:00:00+00:00,0.1093,2023-10-24 12:00:00+00:00,0.12023,10.0,9.8,True,39,1.62,10.574
BCHUSDT,2023-10-22 23:00:00+00:00,241.9,2023-10-24 00:00:00+00:00,266.09000000000003,10.0,9.8,True,25,1.04,2.519
BCHUSDT,2023-10-26 08:00:00+00:00,254.5,2023-12-25 07:00:00+00:00,232.2,-8.762,-8.962,False,1439,59.96,2.516
LINKUSDT,2023-10-29 09:00:00+00:00,11.151,2023-11-05 03:00:00+00:00,12.266100000000002,10.0,9.8,True,162,6.75,2.689
BCHUSDT,2023-10-30 10:00:00+00:00,246.2,2023-12-28 04:00:00+00:00,270.82,10.0,9.8,True,1410,58.75,2.555
ADAUSDT,2023-10-30 10:00:00+00:00,0.2978,2023-11-02 19:00:00+00:00,0.32758000000000004,10.0,9.8,True,81,3.38,3.25
XLMUSDT,2023-10-30 11:00:00+00:00,0.1167,2023-11-05 11:00:00+00:00,0.12837,10.0,9.8,True,144,6.0,2.515
AAVEUSDT,2023-10-31 03:00:00+00:00,83.4,2023-11-01 20:00:00+00:00,91.74000000000001,10.0,9.8,True,41,1.71,4.492
AAVEUSDT,2023-10-31 05:00:00+00:00,81.67,2023-11-01 18:00:00+00:00,89.837,10.0,9.8,True,37,1.54,2.743
XRPUSDT,2023-10-31 12:00:00+00:00,0.604,2023-11-06 00:00:00+00:00,0.6644,10.0,9.8,True,132,5.5,6.501
AXSUSDT,2023-10-31 15:00:00+00:00,5.5,2023-11-06 08:00:00+00:00,6.050000000000001,10.0,9.8,True,137,5.71,2.904
BCHUSDT,2023-10-31 17:00:00+00:00,245.4,2023-12-28 04:00:00+00:00,269.94000000000005,10.0,9.8,True,1379,57.46,3.704
AVAXUSDT,2023-10-31 17:00:00+00:00,11.35,2023-11-02 03:00:00+00:00,12.485000000000001,10.0,9.8,True,34,1.42,2.654
OPUSDT,2023-10-31 20:00:00+00:00,1.402,2023-11-05 03:00:00+00:00,1.5422,10.0,9.8,True,103,4.29,3.772
BCHUSDT,2023-11-01 14:00:00+00:00,240.1,2023-12-06 09:00:00+00:00,264.11,10.0,9.8,True,835,34.79,4.234
AXSUSDT,2023-11-01 14:00:00+00:00,5.26,2023-11-05 11:00:00+00:00,5.7860000000000005,10.0,9.8,True,93,3.88,2.569
UNIUSDT,2023-11-01 14:00:00+00:00,4.077,2023-11-01 18:00:00+00:00,4.4847,10.0,9.8,True,4,0.17,2.907
DOGEUSDT,2023-11-01 14:00:00+00:00,0.06696,2023-11-06 12:00:00+00:00,0.07365600000000001,10.0,9.8,True,118,4.92,2.613
OPUSDT,2023-11-01 14:00:00+00:00,1.365,2023-11-04 22:00:00+00:00,1.5015,10.0,9.8,True,80,3.33,3.266
LTCUSDT,2023-11-01 14:00:00+00:00,67.76,2023-11-06 21:00:00+00:00,74.53600000000002,10.0,9.8,True,127,5.29,4.161
FILUSDT,2023-11-01 14:00:00+00:00,3.761,2023-11-02 19:00:00+00:00,4.1371,10.0,9.8,True,29,1.21,4.515
SHIBUSDT,2023-11-01 14:00:00+00:00,7.67e-06,2023-11-06 16:00:00+00:00,8.437e-06,10.0,9.8,True,122,5.08,3.197
ETHUSDT,2023-11-01 14:00:00+00:00,1801.93,2023-11-09 14:00:00+00:00,1982.1230000000003,10.0,9.8,True,192,8.0,4.815
SUIUSDT,2023-11-01 14:00:00+00:00,0.4355,2023-11-02 04:00:00+00:00,0.47905000000000003,10.0,9.8,True,14,0.58,4.204
BNBUSDT,2023-11-01 14:00:00+00:00,224.4,2023-11-06 12:00:00+00:00,246.84000000000003,10.0,9.8,True,118,4.92,3.23
LINKUSDT,2023-11-01 14:00:00+00:00,10.93,2023-11-05 02:00:00+00:00,12.023000000000001,10.0,9.8,True,84,3.5,2.995
UNIUSDT,2023-11-01 17:00:00+00:00,4.271,2023-11-01 19:00:00+00:00,4.6981,10.0,9.8,True,2,0.08,7.976
SHIBUSDT,2023-11-01 19:00:00+00:00,7.81e-06,2023-11-09 04:00:00+00:00,8.591000000000001e-06,10.0,9.8,True,177,7.38,4.443
APTUSDT,2023-11-01 19:00:00+00:00,7.0594,2023-11-11 01:00:00+00:00,7.765340000000001,10.0,9.8,True,222,9.25,3.039
OPUSDT,2023-11-01 20:00:00+00:00,1.409,2023-11-05 11:00:00+00:00,1.5499,10.0,9.8,True,87,3.62,4.034
NEARUSDT,2023-11-02 14:00:00+00:00,1.479,2023-11-05 09:00:00+00:00,1.6269000000000002,10.0,9.8,True,67,2.79,2.715
ADAUSDT,2023-11-02 18:00:00+00:00,0.3155,2023-11-05 16:00:00+00:00,0.34705,10.0,9.8,True,70,2.92,2.896
ATOMUSDT,2023-11-02 18:00:00+00:00,7.811,2023-11-06 01:00:00+00:00,8.5921,10.0,9.8,True,79,3.29,6.798
FILUSDT,2023-11-02 20:00:00+00:00,4.041,2023-11-06 12:00:00+00:00,4.445100000000001,10.0,9.8,True,88,3.67,4.016
BCHUSDT,2023-11-03 02:00:00+00:00,235.3,2023-12-06 09:00:00+00:00,258.83000000000004,10.0,9.8,True,799,33.29,3.326
FILUSDT,2023-11-07 14:00:00+00:00,4.275,2023-11-11 14:00:00+00:00,4.702500000000001,10.0,9.8,True,96,4.0,2.511
OPUSDT,2023-11-07 15:00:00+00:00,1.509,2023-11-09 15:00:00+00:00,1.6599,10.0,9.8,True,48,2.0,3.169
ATOMUSDT,2023-11-07 16:00:00+00:00,8.297,2023-11-10 00:00:00+00:00,9.126700000000001,10.0,9.8,True,56,2.33,4.443
ARBUSDT,2023-11-07 16:00:00+00:00,1.0613,2023-11-09 22:00:00+00:00,1.16743,10.0,9.8,True,54,2.25,2.638
CHZUSDT,2023-11-07 19:00:00+00:00,0.07747,2023-11-11 17:00:00+00:00,0.085217,10.0,9.8,True,94,3.92,2.559
ETHUSDT,2023-11-07 19:00:00+00:00,1893.78,2023-11-09 21:00:00+00:00,2083.1580000000004,10.0,9.8,True,50,2.08,2.622
ADAUSDT,2023-11-07 19:00:00+00:00,0.352,2023-11-10 23:00:00+00:00,0.3872,10.0,9.8,True,76,3.17,2.709
AXSUSDT,2023-11-10 01:00:00+00:00,6.1,2023-11-17 05:00:00+00:00,6.71,10.0,9.8,True,172,7.17,6.788
MANAUSDT,2023-11-10 01:00:00+00:00,0.4275,2023-11-11 16:00:00+00:00,0.47025,10.0,9.8,True,39,1.62,2.926
SANDUSDT,2023-11-10 01:00:00+00:00,0.411,2023-11-11 17:00:00+00:00,0.4521,10.0,9.8,True,40,1.67,3.783
BNBUSDT,2023-11-11 15:00:00+00:00,252.8,2023-12-26 08:00:00+00:00,278.08000000000004,10.0,9.8,True,1073,44.71,2.534
LTCUSDT,2023-11-13 15:00:00+00:00,73.28,2024-01-12 14:00:00+00:00,76.3,4.121,3.921,False,1439,59.96,3.525
ADAUSDT,2023-11-13 15:00:00+00:00,0.3679,2023-11-16 08:00:00+00:00,0.40469000000000005,10.0,9.8,True,65,2.71,2.696
LTCUSDT,2023-11-14 14:00:00+00:00,71.93,2023-12-09 05:00:00+00:00,79.12300000000002,10.0,9.8,True,591,24.62,2.787
BCHUSDT,2023-11-16 17:00:00+00:00,237.0,2023-12-06 09:00:00+00:00,260.70000000000005,10.0,9.8,True,472,19.67,3.028
AAVEUSDT,2023-11-16 18:00:00+00:00,94.34,2023-12-02 19:00:00+00:00,103.77400000000002,10.0,9.8,True,385,16.04,9.567
NEARUSDT,2023-11-17 03:00:00+00:00,1.942,2023-11-20 08:00:00+00:00,2.1362,10.0,9.8,True,77,3.21,3.396
LTCUSDT,2023-11-17 06:00:00+00:00,70.18,2023-12-08 16:00:00+00:00,77.19800000000001,10.0,9.8,True,514,21.42,2.677
ARBUSDT,2023-11-17 11:00:00+00:00,1.0579,2023-12-07 16:00:00+00:00,1.1636900000000001,10.0,9.8,True,485,20.21,2.52
BTCUSDT,2023-11-17 18:00:00+00:00,36500.0,2023-12-03 22:00:00+00:00,40150.0,10.0,9.8,True,388,16.17,3.036
AVAXUSDT,2023-11-18 16:00:00+00:00,22.22,2023-12-05 22:00:00+00:00,24.442,10.0,9.8,True,414,17.25,2.637
ETHUSDT,2023-11-18 16:00:00+00:00,1952.8,2023-12-02 18:00:00+00:00,2148.08,10.0,9.8,True,338,14.08,2.515
ADAUSDT,2023-11-18 17:00:00+00:00,0.37,2023-12-04 02:00:00+00:00,0.40700000000000003,10.0,9.8,True,369,15.38,2.708
UNIUSDT,2023-11-18 17:00:00+00:00,5.072,2023-11-22 14:00:00+00:00,5.5792,10.0,9.8,True,93,3.88,4.48
SOLUSDT,2023-11-20 15:00:00+00:00,60.01,2023-12-06 08:00:00+00:00,66.01100000000001,10.0,9.8,True,377,15.71,2.699
BCHUSDT,2023-11-20 18:00:00+00:00,228.8,2023-12-04 01:00:00+00:00,251.68000000000004,10.0,9.8,True,319,13.29,2.963
SHIBUSDT,2023-11-20 18:00:00+00:00,8.64e-06,2023-12-04 07:00:00+00:00,9.504e-06,10.0,9.8,True,325,13.54,2.743
FILUSDT,2023-11-21 04:00:00+00:00,4.654,2023-12-08 11:00:00+00:00,5.119400000000001,10.0,9.8,True,415,17.29,2.573
UNIUSDT,2023-11-21 11:00:00+00:00,5.121,2023-11-22 15:00:00+00:00,5.633100000000001,10.0,9.8,True,28,1.17,2.721
SHIBUSDT,2023-11-21 16:00:00+00:00,8.25e-06,2023-12-03 19:00:00+00:00,9.075000000000002e-06,10.0,9.8,True,291,12.12,6.907
NEARUSDT,2023-11-21 16:00:00+00:00,1.921,2023-12-04 03:00:00+00:00,2.1131,10.0,9.8,True,299,12.46,3.878
FILUSDT,2023-11-21 16:00:00+00:00,4.513,2023-12-07 04:00:00+00:00,4.964300000000001,10.0,9.8,True,372,15.5,7.084
BTCUSDT,2023-11-21 16:00:00+00:00,36975.03,2023-12-04 01:00:00+00:00,40672.533,10.0,9.8,True,297,12.38,7.353
XLMUSDT,2023-11-21 17:00:00+00:00,0.1179,2023-12-08 11:00:00+00:00,0.12969000000000003,10.0,9.8,True,402,16.75,2.668
BTCUSDT,2023-11-21 18:00:00+00:00,36901.99,2023-12-04 01:00:00+00:00,40592.189,10.0,9.8,True,295,12.29,3.002
ETHUSDT,2023-11-21 18:00:00+00:00,1975.81,2023-12-02 19:00:00+00:00,2173.391,10.0,9.8,True,265,11.04,2.786
ENJUSDT,2023-11-21 20:00:00+00:00,0.26,2023-11-25 07:00:00+00:00,0.28600000000000003,10.0,9.8,True,83,3.46,3.467
ETCUSDT,2023-11-22 00:00:00+00:00,18.06,2023-12-03 00:00:00+00:00,19.866,10.0,9.8,True,264,11.0,2.632
MANAUSDT,2023-11-23 19:00:00+00:00,0.4001,2023-11-25 04:00:00+00:00,0.44011000000000006,10.0,9.8,True,33,1.38,3.119
SOLUSDT,2023-11-25 02:00:00+00:00,58.79,2023-12-03 00:00:00+00:00,64.66900000000001,10.0,9.8,True,190,7.92,2.673
UNIUSDT,2023-11-26 13:00:00+00:00,6.064,2023-12-09 01:00:00+00:00,6.670400000000001,10.0,9.8,True,300,12.5,2.994
ARBUSDT,2023-11-26 16:00:00+00:00,1.0295,2023-12-04 08:00:00+00:00,1.1324500000000002,10.0,9.8,True,184,7.67,2.772
LTCUSDT,2023-11-26 16:00:00+00:00,70.22,2023-12-08 16:00:00+00:00,77.242,10.0,9.8,True,288,12.0,2.841
UNIUSDT,2023-11-26 17:00:00+00:00,5.948,2023-11-28 03:00:00+00:00,6.542800000000001,10.0,9.8,True,34,1.42,3.505
AVAXUSDT,2023-11-26 21:00:00+00:00,21.31,2023-12-05 18:00:00+00:00,23.441,10.0,9.8,True,213,8.88,3.528
BCHUSDT,2023-11-27 13:00:00+00:00,224.1,2023-12-04 01:00:00+00:00,246.51000000000002,10.0,9.8,True,156,6.5,4.796
BCHUSDT,2023-11-27 18:00:00+00:00,222.3,2023-12-04 01:00:00+00:00,244.53000000000003,10.0,9.8,True,151,6.29,2.971
OPUSDT,2023-11-29 16:00:00+00:00,1.669,2023-12-04 08:00:00+00:00,1.8359,10.0,9.8,True,112,4.67,3.761
ETHUSDT,2023-11-30 05:00:00+00:00,2036.45,2023-12-04 05:00:00+00:00,2240.0950000000003,10.0,9.8,True,96,4.0,3.848
AXSUSDT,2023-11-30 14:00:00+00:00,6.38,2023-12-05 01:00:00+00:00,7.018000000000001,10.0,9.8,True,107,4.46,4.686
AVAXUSDT,2023-11-30 21:00:00+00:00,21.39,2023-12-05 18:00:00+00:00,23.529000000000003,10.0,9.8,True,117,4.88,3.419
BNBUSDT,2023-12-02 20:00:00+00:00,228.9,2023-12-12 02:00:00+00:00,251.79000000000002,10.0,9.8,True,222,9.25,3.689
SANDUSDT,2023-12-03 13:00:00+00:00,0.4229,2023-12-07 07:00:00+00:00,0.46519000000000005,10.0,9.8,True,90,3.75,3.394
AXSUSDT,2023-12-03 15:00:00+00:00,6.61,2023-12-06 00:00:00+00:00,7.271000000000001,10.0,9.8,True,57,2.38,10.356
DOTUSDT,2023-12-03 16:00:00+00:00,5.51,2023-12-06 12:00:00+00:00,6.061,10.0,9.8,True,68,2.83,3.603
SUIUSDT,2023-12-03 19:00:00+00:00,0.6021,2023-12-06 00:00:00+00:00,0.6623100000000001,10.0,9.8,True,53,2.21,2.627
DOGEUSDT,2023-12-03 21:00:00+00:00,0.0849,2023-12-05 18:00:00+00:00,0.09339000000000001,10.0,9.8,True,45,1.88,2.867
NEARUSDT,2023-12-04 02:00:00+00:00,2.02,2023-12-05 00:00:00+00:00,2.2220000000000004,10.0,9.8,True,22,0.92,2.529
FILUSDT,2023-12-05 17:00:00+00:00,4.718,2023-12-08 14:00:00+00:00,5.1898,10.0,9.8,True,69,2.88,3.611
ADAUSDT,2023-12-05 18:00:00+00:00,0.4134,2023-12-06 22:00:00+00:00,0.45474000000000003,10.0,9.8,True,28,1.17,3.842
ARBUSDT,2023-12-05 18:00:00+00:00,1.0952,2023-12-09 05:00:00+00:00,1.20472,10.0,9.8,True,83,3.46,2.829
BNBUSDT,2023-12-05 18:00:00+00:00,232.8,2023-12-12 15:00:00+00:00,256.08000000000004,10.0,9.8,True,165,6.88,2.984
AVAXUSDT,2023-12-05 18:00:00+00:00,23.04,2023-12-06 00:00:00+00:00,25.344,10.0,9.8,True,6,0.25,2.94
AAVEUSDT,2023-12-05 18:00:00+00:00,97.92,2023-12-15 00:00:00+00:00,107.71200000000002,10.0,9.8,True,222,9.25,4.951
LTCUSDT,2023-12-05 18:00:00+00:00,73.42,2024-02-03 17:00:00+00:00,68.42,-6.81,-7.01,False,1439,59.96,2.863
AXSUSDT,2023-12-07 01:00:00+00:00,7.05,2023-12-09 00:00:00+00:00,7.755000000000001,10.0,9.8,True,47,1.96,3.676
ATOMUSDT,2023-12-07 06:00:00+00:00,9.939,2023-12-09 07:00:00+00:00,10.9329,10.0,9.8,True,49,2.04,2.952
LINKUSDT,2023-12-07 13:00:00+00:00,14.981,2023-12-08 11:00:00+00:00,16.479100000000003,10.0,9.8,True,22,0.92,3.952
APTUSDT,2023-12-10 08:00:00+00:00,8.2283,2023-12-12 15:00:00+00:00,9.051130000000002,10.0,9.8,True,55,2.29,3.061
APTUSDT,2023-12-10 12:00:00+00:00,8.1693,2023-12-12 15:00:00+00:00,8.98623,10.0,9.8,True,51,2.12,2.763
APTUSDT,2023-12-10 16:00:00+00:00,8.1414,2023-12-12 15:00:00+00:00,8.955540000000001,10.0,9.8,True,47,1.96,2.606
LINKUSDT,2023-12-11 04:00:00+00:00,15.1,2023-12-27 16:00:00+00:00,16.61,10.0,9.8,True,396,16.5,2.925
MANAUSDT,2023-12-11 05:00:00+00:00,0.4986,2023-12-24 19:00:00+00:00,0.5484600000000001,10.0,9.8,True,326,13.58,2.933
UNIUSDT,2023-12-11 05:00:00+00:00,6.26,2023-12-24 15:00:00+00:00,6.886,10.0,9.8,True,322,13.42,2.619
OPUSDT,2023-12-11 06:00:00+00:00,2.183,2023-12-11 12:00:00+00:00,2.4013,10.0,9.8,True,6,0.25,2.975
MANAUSDT,2023-12-11 07:00:00+00:00,0.4981,2023-12-24 19:00:00+00:00,0.54791,10.0,9.8,True,324,13.5,3.882
AAVEUSDT,2023-12-11 07:00:00+00:00,91.2,2023-12-14 19:00:00+00:00,100.32000000000001,10.0,9.8,True,84,3.5,2.891
ENJUSDT,2023-12-11 12:00:00+00:00,0.3339,2023-12-22 23:00:00+00:00,0.36729,10.0,9.8,True,275,11.46,4.164
CHZUSDT,2023-12-11 12:00:00+00:00,0.08542,2023-12-27 09:00:00+00:00,0.093962,10.0,9.8,True,381,15.88,2.555
BNBUSDT,2023-12-11 13:00:00+00:00,242.4,2023-12-21 09:00:00+00:00,266.64000000000004,10.0,9.8,True,236,9.83,10.747
UNIUSDT,2023-12-11 17:00:00+00:00,6.125,2023-12-24 02:00:00+00:00,6.737500000000001,10.0,9.8,True,297,12.38,5.723
AXSUSDT,2023-12-11 19:00:00+00:00,6.99,2023-12-23 23:00:00+00:00,7.689000000000001,10.0,9.8,True,292,12.17,2.757
CHZUSDT,2023-12-11 19:00:00+00:00,0.0819,2023-12-25 15:00:00+00:00,0.09009,10.0,9.8,True,332,13.83,3.104
AXSUSDT,2023-12-11 23:00:00+00:00,7.08,2023-12-24 01:00:00+00:00,7.788000000000001,10.0,9.8,True,290,12.08,2.964
OPUSDT,2023-12-13 06:00:00+00:00,2.155,2023-12-21 12:00:00+00:00,2.3705,10.0,9.8,True,198,8.25,3.019
APTUSDT,2023-12-13 20:00:00+00:00,8.5796,2023-12-23 00:00:00+00:00,9.43756,10.0,9.8,True,220,9.17,2.903
DOTUSDT,2023-12-14 18:00:00+00:00,7.395,2023-12-21 18:00:00+00:00,8.134500000000001,10.0,9.8,True,168,7.0,3.425
APTUSDT,2023-12-15 14:00:00+00:00,8.2,2023-12-22 21:00:00+00:00,9.02,10.0,9.8,True,175,7.29,2.55
CHZUSDT,2023-12-15 14:00:00+00:00,0.08484,2023-12-27 08:00:00+00:00,0.093324,10.0,9.8,True,282,11.75,2.601
NEARUSDT,2023-12-15 15:00:00+00:00,2.277,2023-12-20 00:00:00+00:00,2.5047,10.0,9.8,True,105,4.38,2.959
FILUSDT,2023-12-15 15:00:00+00:00,4.88,2023-12-16 12:00:00+00:00,5.368,10.0,9.8,True,21,0.88,5.023
XLMUSDT,2023-12-15 15:00:00+00:00,0.1251,2023-12-30 12:00:00+00:00,0.13761,10.0,9.8,True,357,14.88,2.946
APTUSDT,2023-12-15 16:00:00+00:00,8.2971,2023-12-22 21:00:00+00:00,9.12681,10.0,9.8,True,173,7.21,3.683
UNIUSDT,2023-12-15 16:00:00+00:00,6.141,2023-12-24 02:00:00+00:00,6.7551000000000005,10.0,9.8,True,202,8.42,3.248
XLMUSDT,2023-12-15 18:00:00+00:00,0.1243,2023-12-30 12:00:00+00:00,0.13673,10.0,9.8,True,354,14.75,2.61
DOTUSDT,2023-12-15 20:00:00+00:00,7.057,2023-12-21 14:00:00+00:00,7.7627000000000015,10.0,9.8,True,138,5.75,2.716
MANAUSDT,2023-12-16 10:00:00+00:00,0.4925,2023-12-24 19:00:00+00:00,0.5417500000000001,10.0,9.8,True,201,8.38,3.015
XRPUSDT,2023-12-17 11:00:00+00:00,0.6196,2024-02-15 10:00:00+00:00,0.553,-10.749,-10.949,False,1439,59.96,2.721
UNIUSDT,2023-12-17 11:00:00+00:00,6.196,2023-12-24 02:00:00+00:00,6.8156,10.0,9.8,True,159,6.62,2.661
BTCUSDT,2023-12-17 18:00:00+00:00,42091.38,2024-01-08 18:00:00+00:00,46300.518000000004,10.0,9.8,True,528,22.0,3.166
AXSUSDT,2023-12-18 01:00:00+00:00,7.01,2023-12-24 01:00:00+00:00,7.711,10.0,9.8,True,144,6.0,2.575
OPUSDT,2023-12-18 02:00:00+00:00,2.073,2023-12-21 07:00:00+00:00,2.2803,10.0,9.8,True,77,3.21,3.067
AXSUSDT,2023-12-18 03:00:00+00:00,6.87,2023-12-21 21:00:00+00:00,7.557,10.0,9.8,True,90,3.75,9.421
XRPUSDT,2023-12-18 09:00:00+00:00,0.6008,2024-02-16 08:00:00+00:00,0.565,-5.959,-6.159,False,1439,59.96,3.047
LINKUSDT,2023-12-18 09:00:00+00:00,14.193,2023-12-22 06:00:00+00:00,15.612300000000001,10.0,9.8,True,93,3.88,4.48
BCHUSDT,2023-12-18 10:00:00+00:00,222.4,2023-12-27 08:00:00+00:00,244.64000000000001,10.0,9.8,True,214,8.92,4.833
LTCUSDT,2023-12-18 12:00:00+00:00,68.69,2023-12-27 09:00:00+00:00,75.559,10.0,9.8,True,213,8.88,2.894
AAVEUSDT,2023-12-18 16:00:00+00:00,95.34,2023-12-19 01:00:00+00:00,104.87400000000001,10.0,9.8,True,9,0.38,2.757
AAVEUSDT,2023-12-19 19:00:00+00:00,101.84,2023-12-27 16:00:00+00:00,112.02400000000002,10.0,9.8,True,189,7.88,3.04
UNIUSDT,2023-12-21 08:00:00+00:00,5.958,2023-12-24 01:00:00+00:00,6.553800000000001,10.0,9.8,True,65,2.71,4.302
NEARUSDT,2023-12-21 09:00:00+00:00,3.269,2023-12-21 18:00:00+00:00,3.5959000000000003,10.0,9.8,True,9,0.38,3.558
AAVEUSDT,2023-12-21 11:00:00+00:00,99.99,2023-12-27 14:00:00+00:00,109.989,10.0,9.8,True,147,6.12,12.241
UNIUSDT,2023-12-23 07:00:00+00:00,6.177,2023-12-24 02:00:00+00:00,6.7947,10.0,9.8,True,19,0.79,2.906
SHIBUSDT,2023-12-25 13:00:00+00:00,1.099e-05,2024-02-23 12:00:00+00:00,9.51e-06,-13.467,-13.667,False,1439,59.96,2.572
TRXUSDT,2023-12-26 02:00:00+00:00,0.10624,2024-01-14 02:00:00+00:00,0.11686400000000001,10.0,9.8,True,456,19.0,2.81
BCHUSDT,2023-12-26 08:00:00+00:00,230.0,2023-12-27 09:00:00+00:00,253.00000000000003,10.0,9.8,True,25,1.04,9.177
APTUSDT,2023-12-26 19:00:00+00:00,10.1067,2024-02-24 18:00:00+00:00,9.4048,-6.945,-7.145,False,1439,59.96,3.457
ETCUSDT,2023-12-27 06:00:00+00:00,20.97,2023-12-28 12:00:00+00:00,23.067,10.0,9.8,True,30,1.25,2.921
BCHUSDT,2023-12-27 06:00:00+00:00,233.6,2023-12-27 10:00:00+00:00,256.96000000000004,10.0,9.8,True,4,0.17,3.925
AAVEUSDT,2023-12-27 09:00:00+00:00,104.73,2023-12-28 00:00:00+00:00,115.20300000000002,10.0,9.8,True,15,0.62,2.54
AXSUSDT,2023-12-29 01:00:00+00:00,9.31,2024-02-27 00:00:00+00:00,8.616,-7.454,-7.654,False,1439,59.96,6.032
SUIUSDT,2023-12-29 10:00:00+00:00,0.8229,2024-01-02 04:00:00+00:00,0.90519,10.0,9.8,True,90,3.75,3.419
ETCUSDT,2023-12-30 06:00:00+00:00,22.85,2024-01-10 23:00:00+00:00,25.135000000000005,10.0,9.8,True,281,11.71,2.774
CHZUSDT,2023-12-30 12:00:00+00:00,0.08676,2024-01-16 05:00:00+00:00,0.095436,10.0,9.8,True,401,16.71,2.689
SUIUSDT,2023-12-30 13:00:00+00:00,0.7732,2024-01-02 01:00:00+00:00,0.85052,10.0,9.8,True,60,2.5,2.786
SUIUSDT,2023-12-30 17:00:00+00:00,0.8015,2024-01-02 04:00:00+00:00,0.88165,10.0,9.8,True,59,2.46,2.799
ARBUSDT,2023-12-30 18:00:00+00:00,1.5144,2023-12-31 12:00:00+00:00,1.6658400000000002,10.0,9.8,True,18,0.75,2.79
SHIBUSDT,2024-01-01 00:00:00+00:00,1.036e-05,2024-02-27 19:00:00+00:00,1.1396000000000002e-05,10.0,9.8,True,1387,57.79,3.082
XRPUSDT,2024-01-01 00:00:00+00:00,0.6155,2024-02-29 23:00:00+00:00,0.5867,-4.679,-4.879,False,1439,59.96,2.843
BCHUSDT,2024-01-01 08:00:00+00:00,265.9,2024-01-12 03:00:00+00:00,292.49,10.0,9.8,True,259,10.79,6.076
NEARUSDT,2024-01-01 19:00:00+00:00,3.793,2024-01-02 07:00:00+00:00,4.172300000000001,10.0,9.8,True,12,0.5,2.517
UNIUSDT,2024-01-03 07:00:00+00:00,7.314,2024-02-23 14:00:00+00:00,8.0454,10.0,9.8,True,1231,51.29,3.685
TRXUSDT,2024-01-03 14:00:00+00:00,0.1044,2024-01-13 09:00:00+00:00,0.11484000000000001,10.0,9.8,True,235,9.79,2.509
SUIUSDT,2024-01-03 14:00:00+00:00,0.809,2024-01-05 23:00:00+00:00,0.8899000000000001,10.0,9.8,True,57,2.38,2.536
XRPUSDT,2024-01-03 14:00:00+00:00,0.5685,2024-02-29 16:00:00+00:00,0.6253500000000001,10.0,9.8,True,1370,57.08,4.883
XLMUSDT,2024-01-03 14:00:00+00:00,0.1218,2024-03-02 08:00:00+00:00,0.13398000000000002,10.0,9.8,True,1410,58.75,3.658
AXSUSDT,2024-01-03 16:00:00+00:00,8.05,2024-01-12 00:00:00+00:00,8.855000000000002,10.0,9.8,True,200,8.33,2.628
AXSUSDT,2024-01-04 04:00:00+00:00,8.38,2024-02-28 16:00:00+00:00,9.218000000000002,10.0,9.8,True,1332,55.5,2.622
SUIUSDT,2024-01-05 16:00:00+00:00,0.8245,2024-01-11 02:00:00+00:00,0.90695,10.0,9.8,True,130,5.42,2.71
OPUSDT,2024-01-06 07:00:00+00:00,3.134,2024-01-07 17:00:00+00:00,3.4474,10.0,9.8,True,34,1.42,2.672
ADAUSDT,2024-01-08 00:00:00+00:00,0.4945,2024-01-08 18:00:00+00:00,0.54395,10.0,9.8,True,18,0.75,2.972
LTCUSDT,2024-01-08 00:00:00+00:00,64.27,2024-01-10 23:00:00+00:00,70.697,10.0,9.8,True,71,2.96,2.923
AAVEUSDT,2024-01-08 00:00:00+00:00,94.92,2024-01-10 20:00:00+00:00,104.412,10.0,9.8,True,68,2.83,2.831
ETCUSDT,2024-01-08 00:00:00+00:00,19.26,2024-01-09 23:00:00+00:00,21.186000000000003,10.0,9.8,True,47,1.96,3.361
XLMUSDT,2024-01-08 00:00:00+00:00,0.1152,2024-02-29 06:00:00+00:00,0.12672,10.0,9.8,True,1254,52.25,3.662
UNIUSDT,2024-01-08 00:00:00+00:00,6.007,2024-01-10 22:00:00+00:00,6.6077,10.0,9.8,True,70,2.92,3.419
SHIBUSDT,2024-01-08 00:00:00+00:00,9.02e-06,2024-01-09 19:00:00+00:00,9.922000000000001e-06,10.0,9.8,True,43,1.79,2.858
XRPUSDT,2024-01-08 01:00:00+00:00,0.5777,2024-03-02 03:00:00+00:00,0.6354700000000001,10.0,9.8,True,1298,54.08,8.155
UNIUSDT,2024-01-08 02:00:00+00:00,5.901,2024-01-10 21:00:00+00:00,6.4911,10.0,9.8,True,67,2.79,3.107
ETCUSDT,2024-01-08 02:00:00+00:00,18.94,2024-01-09 22:00:00+00:00,20.834000000000003,10.0,9.8,True,44,1.83,3.488
NEARUSDT,2024-01-08 02:00:00+00:00,3.129,2024-01-08 19:00:00+00:00,3.4419000000000004,10.0,9.8,True,17,0.71,2.653
SHIBUSDT,2024-01-08 03:00:00+00:00,8.68e-06,2024-01-08 19:00:00+00:00,9.548e-06,10.0,9.8,True,16,0.67,2.969
ETCUSDT,2024-01-08 04:00:00+00:00,18.81,2024-01-09 21:00:00+00:00,20.691,10.0,9.8,True,41,1.71,3.758
CHZUSDT,2024-01-08 05:00:00+00:00,0.07106,2024-01-10 21:00:00+00:00,0.078166,10.0,9.8,True,64,2.67,2.733
TRXUSDT,2024-01-08 05:00:00+00:00,0.10262,2024-01-13 09:00:00+00:00,0.11288200000000001,10.0,9.8,True,124,5.17,2.587
BCHUSDT,2024-01-08 06:00:00+00:00,231.5,2024-01-08 22:00:00+00:00,254.65000000000003,10.0,9.8,True,16,0.67,8.456
AAVEUSDT,2024-01-08 07:00:00+00:00,93.44,2024-01-10 10:00:00+00:00,102.784,10.0,9.8,True,51,2.12,2.641
NEARUSDT,2024-01-08 07:00:00+00:00,3.153,2024-01-08 19:00:00+00:00,3.4683,10.0,9.8,True,12,0.5,3.221
BTCUSDT,2024-01-08 07:00:00+00:00,43912.88,2024-01-11 14:00:00+00:00,48304.168,10.0,9.8,True,79,3.29,2.674
AVAXUSDT,2024-01-08 13:00:00+00:00,34.28,2024-01-10 21:00:00+00:00,37.708000000000006,10.0,9.8,True,56,2.33,3.266
SOLUSDT,2024-01-08 13:00:00+00:00,94.1,2024-01-09 04:00:00+00:00,103.51,10.0,9.8,True,15,0.62,2.617
AXSUSDT,2024-01-09 14:00:00+00:00,7.49,2024-01-10 23:00:00+00:00,8.239,10.0,9.8,True,33,1.38,2.584
DOGEUSDT,2024-01-09 18:00:00+00:00,0.08039,2024-01-20 23:00:00+00:00,0.08842900000000001,10.0,9.8,True,269,11.21,12.378
XRPUSDT,2024-01-09 19:00:00+00:00,0.5697,2024-03-02 02:00:00+00:00,0.6266700000000001,10.0,9.8,True,1255,52.29,3.899
LTCUSDT,2024-01-09 19:00:00+00:00,65.95,2024-01-11 11:00:00+00:00,72.54500000000002,10.0,9.8,True,40,1.67,2.623
OPUSDT,2024-01-09 22:00:00+00:00,3.44,2024-01-10 16:00:00+00:00,3.7840000000000003,10.0,9.8,True,18,0.75,11.427
ADAUSDT,2024-01-09 22:00:00+00:00,0.5045,2024-01-10 21:00:00+00:00,0.5549499999999999,10.0,9.8,True,23,0.96,5.476
MANAUSDT,2024-01-09 22:00:00+00:00,0.4212,2024-01-10 22:00:00+00:00,0.46332000000000007,10.0,9.8,True,24,1.0,5.824
LINKUSDT,2024-01-09 22:00:00+00:00,13.478,2024-01-10 22:00:00+00:00,14.825800000000001,10.0,9.8,True,24,1.0,4.088
UNIUSDT,2024-01-09 22:00:00+00:00,5.815,2024-01-10 21:00:00+00:00,6.3965000000000005,10.0,9.8,True,23,0.96,4.705
TRXUSDT,2024-01-09 22:00:00+00:00,0.10196,2024-01-13 09:00:00+00:00,0.112156,10.0,9.8,True,83,3.46,5.413
AAVEUSDT,2024-01-09 22:00:00+00:00,94.22,2024-01-10 10:00:00+00:00,103.64200000000001,10.0,9.8,True,12,0.5,6.089
AXSUSDT,2024-01-09 22:00:00+00:00,7.33,2024-01-10 21:00:00+00:00,8.063,10.0,9.8,True,23,0.96,5.029
SUIUSDT,2024-01-09 22:00:00+00:00,0.7832,2024-01-10 23:00:00+00:00,0.8615200000000001,10.0,9.8,True,25,1.04,3.471
LTCUSDT,2024-01-09 22:00:00+00:00,65.35,2024-01-11 11:00:00+00:00,71.885,10.0,9.8,True,37,1.54,4.197
CHZUSDT,2024-01-09 22:00:00+00:00,0.07316,2024-01-10 23:00:00+00:00,0.080476,10.0,9.8,True,25,1.04,4.413
ATOMUSDT,2024-01-09 22:00:00+00:00,9.518,2024-01-10 22:00:00+00:00,10.469800000000001,10.0,9.8,True,24,1.0,3.198
ETHUSDT,2024-01-09 22:00:00+00:00,2317.65,2024-01-10 22:00:00+00:00,2549.4150000000004,10.0,9.8,True,24,1.0,8.741
ARBUSDT,2024-01-09 22:00:00+00:00,1.725,2024-01-10 00:00:00+00:00,1.8975000000000002,10.0,9.8,True,2,0.08,6.99
SANDUSDT,2024-01-09 22:00:00+00:00,0.4668,2024-01-10 21:00:00+00:00,0.51348,10.0,9.8,True,23,0.96,4.95
ENJUSDT,2024-01-09 22:00:00+00:00,0.2878,2024-01-10 22:00:00+00:00,0.31658000000000003,10.0,9.8,True,24,1.0,2.676
DOTUSDT,2024-01-09 22:00:00+00:00,6.986,2024-01-10 21:00:00+00:00,7.6846000000000005,10.0,9.8,True,23,0.96,4.127
APTUSDT,2024-01-09 22:00:00+00:00,8.0814,2024-01-10 22:00:00+00:00,8.889540000000002,10.0,9.8,True,24,1.0,4.95
FILUSDT,2024-01-09 22:00:00+00:00,5.283,2024-01-10 21:00:00+00:00,5.811300000000001,10.0,9.8,True,23,0.96,3.64
AVAXUSDT,2024-01-12 16:00:00+00:00,37.38,2024-02-10 21:00:00+00:00,41.11800000000001,10.0,9.8,True,701,29.21,3.643
SOLUSDT,2024-01-12 16:00:00+00:00,95.33,2024-01-30 11:00:00+00:00,104.863,10.0,9.8,True,427,17.79,3.263
XLMUSDT,2024-01-12 18:00:00+00:00,0.121,2024-03-02 03:00:00+00:00,0.1331,10.0,9.8,True,1185,49.38,3.132
FILUSDT,2024-01-12 18:00:00+00:00,6.016,2024-02-19 10:00:00+00:00,6.6176,10.0,9.8,True,904,37.67,2.791
ADAUSDT,2024-01-12 18:00:00+00:00,0.5581,2024-02-16 13:00:00+00:00,0.6139100000000001,10.0,9.8,True,835,34.79,2.684
SHIBUSDT,2024-01-12 18:00:00+00:00,9.8e-06,2024-02-27 18:00:00+00:00,1.078e-05,10.0,9.8,True,1104,46.0,2.918
ENJUSDT,2024-01-12 18:00:00+00:00,0.3218,2024-02-19 18:00:00+00:00,0.35398,10.0,9.8,True,912,38.0,7.714
AVAXUSDT,2024-01-12 18:00:00+00:00,37.06,2024-02-10 21:00:00+00:00,40.766000000000005,10.0,9.8,True,699,29.12,2.717
DOGEUSDT,2024-01-12 18:00:00+00:00,0.08137,2024-01-20 23:00:00+00:00,0.089507,10.0,9.8,True,197,8.21,2.957
ADAUSDT,2024-01-12 23:00:00+00:00,0.5437,2024-02-15 13:00:00+00:00,0.59807,10.0,9.8,True,806,33.58,2.521
SHIBUSDT,2024-01-12 23:00:00+00:00,9.58e-06,2024-02-27 10:00:00+00:00,1.0538000000000001e-05,10.0,9.8,True,1091,45.46,2.868
AVAXUSDT,2024-01-12 23:00:00+00:00,35.71,2024-02-10 03:00:00+00:00,39.281000000000006,10.0,9.8,True,676,28.17,2.924
BTCUSDT,2024-01-12 23:00:00+00:00,42509.99,2024-02-09 10:00:00+00:00,46760.989,10.0,9.8,True,659,27.46,3.199
CHZUSDT,2024-01-13 07:00:00+00:00,0.08466,2024-01-15 19:00:00+00:00,0.093126,10.0,9.8,True,60,2.5,3.954
ETCUSDT,2024-01-14 05:00:00+00:00,27.58,2024-02-28 17:00:00+00:00,30.338,10.0,9.8,True,1092,45.5,2.653
BTCUSDT,2024-01-14 22:00:00+00:00,42554.89,2024-02-09 11:00:00+00:00,46810.379,10.0,9.8,True,613,25.54,3.542
OPUSDT,2024-01-15 00:00:00+00:00,3.48,2024-02-12 16:00:00+00:00,3.8280000000000003,10.0,9.8,True,688,28.67,3.132
UNIUSDT,2024-01-15 04:00:00+00:00,6.513,2024-02-15 11:00:00+00:00,7.164300000000001,10.0,9.8,True,751,31.29,5.177
ATOMUSDT,2024-01-15 13:00:00+00:00,10.201,2024-02-27 01:00:00+00:00,11.221100000000002,10.0,9.8,True,1020,42.5,3.797
NEARUSDT,2024-01-15 19:00:00+00:00,3.357,2024-02-24 19:00:00+00:00,3.6927000000000003,10.0,9.8,True,960,40.0,4.513
AXSUSDT,2024-01-15 19:00:00+00:00,7.93,2024-02-27 01:00:00+00:00,8.723,10.0,9.8,True,1014,42.25,3.838
BCHUSDT,2024-01-16 04:00:00+00:00,253.8,2024-02-11 12:00:00+00:00,279.18,10.0,9.8,True,632,26.33,3.505
FILUSDT,2024-01-16 13:00:00+00:00,5.926,2024-02-19 07:00:00+00:00,6.518600000000001,10.0,9.8,True,810,33.75,3.86
NEARUSDT,2024-01-17 11:00:00+00:00,3.286,2024-02-19 01:00:00+00:00,3.6146000000000003,10.0,9.8,True,782,32.58,2.514
BNBUSDT,2024-01-17 12:00:00+00:00,313.0,2024-02-15 02:00:00+00:00,344.3,10.0,9.8,True,686,28.58,5.648
DOGEUSDT,2024-01-17 13:00:00+00:00,0.08086,2024-01-20 23:00:00+00:00,0.08894600000000001,10.0,9.8,True,82,3.42,2.525
SHIBUSDT,2024-01-17 15:00:00+00:00,9.54e-06,2024-02-27 03:00:00+00:00,1.0494000000000002e-05,10.0,9.8,True,972,40.5,2.606
BTCUSDT,2024-01-17 15:00:00+00:00,42576.02,2024-02-09 11:00:00+00:00,46833.622,10.0,9.8,True,548,22.83,2.725
ETCUSDT,2024-01-17 15:00:00+00:00,26.41,2024-02-28 16:00:00+00:00,29.051000000000002,10.0,9.8,True,1009,42.04,2.659
BCHUSDT,2024-01-17 15:00:00+00:00,242.7,2024-02-11 03:00:00+00:00,266.97,10.0,9.8,True,588,24.5,2.795
XLMUSDT,2024-01-17 18:00:00+00:00,0.1186,2024-03-02 02:00:00+00:00,0.13046000000000002,10.0,9.8,True,1064,44.33,3.185
BCHUSDT,2024-01-17 19:00:00+00:00,243.2,2024-02-11 03:00:00+00:00,267.52,10.0,9.8,True,584,24.33,3.555
ADAUSDT,2024-01-18 16:00:00+00:00,0.5203,2024-02-14 10:00:00+00:00,0.57233,10.0,9.8,True,642,26.75,3.341
SANDUSDT,2024-01-18 17:00:00+00:00,0.4887,2024-02-26 05:00:00+00:00,0.5375700000000001,10.0,9.8,True,924,38.5,4.196
AVAXUSDT,2024-01-18 17:00:00+00:00,34.36,2024-02-09 15:00:00+00:00,37.796,10.0,9.8,True,526,21.92,2.769
AXSUSDT,2024-01-18 17:00:00+00:00,7.71,2024-02-19 23:00:00+00:00,8.481,10.0,9.8,True,774,32.25,2.927
ARBUSDT,2024-01-18 17:00:00+00:00,1.9027,2024-02-13 00:00:00+00:00,2.09297,10.0,9.8,True,607,25.29,4.329
LINKUSDT,2024-01-18 17:00:00+00:00,14.904,2024-01-19 23:00:00+00:00,16.3944,10.0,9.8,True,30,1.25,2.801
SOLUSDT,2024-01-18 18:00:00+00:00,95.51,2024-01-30 11:00:00+00:00,105.061,10.0,9.8,True,281,11.71,2.564
BCHUSDT,2024-01-18 19:00:00+00:00,237.2,2024-02-11 03:00:00+00:00,260.92,10.0,9.8,True,560,23.33,3.846
ATOMUSDT,2024-01-18 22:00:00+00:00,9.689,2024-02-19 00:00:00+00:00,10.657900000000001,10.0,9.8,True,746,31.08,3.716
AXSUSDT,2024-01-19 01:00:00+00:00,7.63,2024-02-19 22:00:00+00:00,8.393,10.0,9.8,True,765,31.88,7.213
SANDUSDT,2024-01-19 04:00:00+00:00,0.4723,2024-02-17 00:00:00+00:00,0.51953,10.0,9.8,True,692,28.83,3.088
SOLUSDT,2024-01-19 18:00:00+00:00,91.41,2024-01-29 16:00:00+00:00,100.551,10.0,9.8,True,238,9.92,2.582
BCHUSDT,2024-01-19 18:00:00+00:00,232.5,2024-02-11 03:00:00+00:00,255.75000000000003,10.0,9.8,True,537,22.38,2.952
BTCUSDT,2024-01-19 18:00:00+00:00,41239.57,2024-02-08 15:00:00+00:00,45363.527,10.0,9.8,True,477,19.88,2.524
ETCUSDT,2024-01-20 22:00:00+00:00,24.69,2024-02-12 22:00:00+00:00,27.159000000000002,10.0,9.8,True,552,23.0,3.194
TRXUSDT,2024-01-21 20:00:00+00:00,0.10953,2024-02-06 07:00:00+00:00,0.120483,10.0,9.8,True,371,15.46,3.614
XRPUSDT,2024-01-22 01:00:00+00:00,0.5478,2024-02-28 16:00:00+00:00,0.60258,10.0,9.8,True,903,37.62,2.665
LINKUSDT,2024-01-22 04:00:00+00:00,15.579,2024-02-01 20:00:00+00:00,17.1369,10.0,9.8,True,256,10.67,2.609
XLMUSDT,2024-01-22 06:00:00+00:00,0.1146,2024-02-29 06:00:00+00:00,0.12606,10.0,9.8,True,912,38.0,2.723
ETHUSDT,2024-01-22 06:00:00+00:00,2427.14,2024-02-13 00:00:00+00:00,2669.8540000000003,10.0,9.8,True,522,21.75,2.701
BTCUSDT,2024-01-22 06:00:00+00:00,41138.47,2024-02-08 15:00:00+00:00,45252.317,10.0,9.8,True,417,17.38,2.598
AVAXUSDT,2024-01-22 07:00:00+00:00,32.12,2024-01-28 03:00:00+00:00,35.332,10.0,9.8,True,140,5.83,6.45
ARBUSDT,2024-01-22 08:00:00+00:00,1.7818,2024-01-30 16:00:00+00:00,1.9599800000000003,10.0,9.8,True,200,8.33,2.992
FILUSDT,2024-01-22 09:00:00+00:00,5.25,2024-02-15 04:00:00+00:00,5.775,10.0,9.8,True,571,23.79,2.623
XRPUSDT,2024-01-22 09:00:00+00:00,0.5367,2024-02-27 19:00:00+00:00,0.59037,10.0,9.8,True,874,36.42,2.724
BCHUSDT,2024-01-22 10:00:00+00:00,237.3,2024-02-11 03:00:00+00:00,261.03000000000003,10.0,9.8,True,473,19.71,8.243
XRPUSDT,2024-01-22 11:00:00+00:00,0.5295,2024-02-27 19:00:00+00:00,0.58245,10.0,9.8,True,872,36.33,3.07
BTCUSDT,2024-01-22 11:00:00+00:00,40703.9,2024-02-08 02:00:00+00:00,44774.29000000001,10.0,9.8,True,399,16.62,3.038
NEARUSDT,2024-01-22 11:00:00+00:00,2.806,2024-01-30 11:00:00+00:00,3.0866000000000002,10.0,9.8,True,192,8.0,2.778
SOLUSDT,2024-01-22 11:00:00+00:00,87.73,2024-01-28 03:00:00+00:00,96.50300000000001,10.0,9.8,True,136,5.67,2.928
APTUSDT,2024-01-22 11:00:00+00:00,8.1475,2024-01-27 11:00:00+00:00,8.962250000000001,10.0,9.8,True,120,5.0,2.961
NEARUSDT,2024-01-22 13:00:00+00:00,2.776,2024-01-28 05:00:00+00:00,3.0536,10.0,9.8,True,136,5.67,3.079
ARBUSDT,2024-01-22 15:00:00+00:00,1.7069,2024-01-28 08:00:00+00:00,1.8775900000000003,10.0,9.8,True,137,5.71,2.537
AXSUSDT,2024-01-22 16:00:00+00:00,7.46,2024-02-16 00:00:00+00:00,8.206000000000001,10.0,9.8,True,584,24.33,2.662
NEARUSDT,2024-01-22 16:00:00+00:00,2.708,2024-01-26 12:00:00+00:00,2.9788000000000006,10.0,9.8,True,92,3.83,2.928
AAVEUSDT,2024-01-22 16:00:00+00:00,93.3,2024-02-24 07:00:00+00:00,102.63000000000001,10.0,9.8,True,783,32.62,2.939
SOLUSDT,2024-01-22 16:00:00+00:00,87.29,2024-01-28 03:00:00+00:00,96.01900000000002,10.0,9.8,True,131,5.46,2.776
DOTUSDT,2024-01-22 16:00:00+00:00,6.518,2024-01-29 18:00:00+00:00,7.1698,10.0,9.8,True,170,7.08,3.309
APTUSDT,2024-01-22 16:00:00+00:00,8.174,2024-01-27 11:00:00+00:00,8.9914,10.0,9.8,True,115,4.79,2.842
NEARUSDT,2024-01-22 18:00:00+00:00,2.706,2024-01-26 12:00:00+00:00,2.9766000000000004,10.0,9.8,True,90,3.75,3.006
DOTUSDT,2024-01-22 19:00:00+00:00,6.474,2024-01-29 18:00:00+00:00,7.1214,10.0,9.8,True,167,6.96,2.559
XLMUSDT,2024-01-22 20:00:00+00:00,0.1129,2024-02-20 13:00:00+00:00,0.12419000000000001,10.0,9.8,True,689,28.71,3.167
AAVEUSDT,2024-01-22 21:00:00+00:00,93.07,2024-02-24 07:00:00+00:00,102.377,10.0,9.8,True,778,32.42,3.441
DOGEUSDT,2024-01-23 09:00:00+00:00,0.07838,2024-02-14 17:00:00+00:00,0.08621800000000002,10.0,9.8,True,536,22.33,2.715
BTCUSDT,2024-01-23 10:00:00+00:00,38961.39,2024-01-29 16:00:00+00:00,42857.529,10.0,9.8,True,150,6.25,2.953
SOLUSDT,2024-01-23 10:00:00+00:00,80.31,2024-01-24 10:00:00+00:00,88.34100000000001,10.0,9.8,True,24,1.0,3.009
XRPUSDT,2024-01-23 10:00:00+00:00,0.5072,2024-02-15 03:00:00+00:00,0.5579200000000001,10.0,9.8,True,545,22.71,4.366
AAVEUSDT,2024-01-23 14:00:00+00:00,85.59,2024-01-30 01:00:00+00:00,94.14900000000002,10.0,9.8,True,155,6.46,4.417
OPUSDT,2024-01-23 15:00:00+00:00,2.673,2024-01-25 19:00:00+00:00,2.9403,10.0,9.8,True,52,2.17,2.504
ENJUSDT,2024-01-23 15:00:00+00:00,0.2613,2024-01-27 01:00:00+00:00,0.28743,10.0,9.8,True,82,3.42,2.879
NEARUSDT,2024-01-23 16:00:00+00:00,2.644,2024-01-26 11:00:00+00:00,2.9084000000000003,10.0,9.8,True,67,2.79,2.582
ADAUSDT,2024-01-23 16:00:00+00:00,0.4676,2024-01-29 18:00:00+00:00,0.51436,10.0,9.8,True,146,6.08,2.607
AVAXUSDT,2024-01-23 16:00:00+00:00,29.1,2024-01-26 11:00:00+00:00,32.010000000000005,10.0,9.8,True,67,2.79,2.724
APTUSDT,2024-01-23 19:00:00+00:00,8.4676,2024-01-27 21:00:00+00:00,9.31436,10.0,9.8,True,98,4.08,9.433
ETCUSDT,2024-01-25 17:00:00+00:00,22.77,2024-01-30 06:00:00+00:00,25.047,10.0,9.8,True,109,4.54,6.272
AVAXUSDT,2024-01-25 19:00:00+00:00,30.25,2024-01-27 23:00:00+00:00,33.275000000000006,10.0,9.8,True,52,2.17,3.063
ETCUSDT,2024-01-26 11:00:00+00:00,23.83,2024-01-30 17:00:00+00:00,26.213,10.0,9.8,True,102,4.25,3.902
BCHUSDT,2024-01-26 12:00:00+00:00,240.0,2024-02-11 03:00:00+00:00,264.0,10.0,9.8,True,375,15.62,4.606
AXSUSDT,2024-01-27 13:00:00+00:00,7.31,2024-02-15 11:00:00+00:00,8.041,10.0,9.8,True,454,18.92,2.66
DOTUSDT,2024-01-28 22:00:00+00:00,6.749,2024-02-13 00:00:00+00:00,7.423900000000001,10.0,9.8,True,362,15.08,2.569
APTUSDT,2024-01-29 01:00:00+00:00,9.1096,2024-02-15 03:00:00+00:00,10.020560000000001,10.0,9.8,True,410,17.08,2.791
DOGEUSDT,2024-01-30 13:00:00+00:00,0.08098,2024-02-19 19:00:00+00:00,0.089078,10.0,9.8,True,486,20.25,3.187
ATOMUSDT,2024-01-31 00:00:00+00:00,9.41,2024-02-13 20:00:00+00:00,10.351,10.0,9.8,True,332,13.83,3.523
AAVEUSDT,2024-01-31 03:00:00+00:00,89.21,2024-02-23 15:00:00+00:00,98.131,10.0,9.8,True,564,23.5,2.606
ATOMUSDT,2024-01-31 06:00:00+00:00,9.428,2024-02-13 21:00:00+00:00,10.370800000000001,10.0,9.8,True,327,13.62,3.101
BCHUSDT,2024-01-31 12:00:00+00:00,235.4,2024-02-11 03:00:00+00:00,258.94000000000005,10.0,9.8,True,255,10.62,3.118
AAVEUSDT,2024-01-31 13:00:00+00:00,86.19,2024-02-16 06:00:00+00:00,94.80900000000001,10.0,9.8,True,377,15.71,4.628
AAVEUSDT,2024-01-31 15:00:00+00:00,85.85,2024-02-16 05:00:00+00:00,94.435,10.0,9.8,True,374,15.58,2.551
AXSUSDT,2024-01-31 15:00:00+00:00,7.0,2024-02-11 09:00:00+00:00,7.700000000000001,10.0,9.8,True,258,10.75,3.7
CHZUSDT,2024-01-31 16:00:00+00:00,0.09989,2024-02-16 08:00:00+00:00,0.10987900000000002,10.0,9.8,True,376,15.67,2.574
BNBUSDT,2024-01-31 16:00:00+00:00,304.7,2024-02-15 00:00:00+00:00,335.17,10.0,9.8,True,344,14.33,3.071
SOLUSDT,2024-01-31 16:00:00+00:00,101.54,2024-02-12 21:00:00+00:00,111.69400000000002,10.0,9.8,True,293,12.21,2.53
ADAUSDT,2024-01-31 18:00:00+00:00,0.5172,2024-02-14 10:00:00+00:00,0.5689200000000001,10.0,9.8,True,328,13.67,3.225
UNIUSDT,2024-02-01 02:00:00+00:00,5.9,2024-02-09 08:00:00+00:00,6.490000000000001,10.0,9.8,True,198,8.25,2.94
MANAUSDT,2024-02-01 13:00:00+00:00,0.4304,2024-02-10 02:00:00+00:00,0.47344,10.0,9.8,True,205,8.54,2.874
ETCUSDT,2024-02-01 16:00:00+00:00,24.29,2024-02-09 13:00:00+00:00,26.719,10.0,9.8,True,189,7.88,2.725
SOLUSDT,2024-02-03 16:00:00+00:00,98.0,2024-02-09 21:00:00+00:00,107.80000000000001,10.0,9.8,True,149,6.21,3.626
BTCUSDT,2024-02-03 16:00:00+00:00,43119.06,2024-02-09 12:00:00+00:00,47430.966,10.0,9.8,True,140,5.83,2.636
ETCUSDT,2024-02-03 17:00:00+00:00,25.16,2024-02-19 22:00:00+00:00,27.676000000000002,10.0,9.8,True,389,16.21,3.81
AVAXUSDT,2024-02-03 18:00:00+00:00,36.46,2024-02-10 20:00:00+00:00,40.106,10.0,9.8,True,170,7.08,3.196
ETCUSDT,2024-02-03 19:00:00+00:00,24.95,2024-02-15 14:00:00+00:00,27.445,10.0,9.8,True,283,11.79,2.562
BCHUSDT,2024-02-04 00:00:00+00:00,241.0,2024-02-11 03:00:00+00:00,265.1,10.0,9.8,True,171,7.12,6.372
ENJUSDT,2024-02-04 08:00:00+00:00,0.2786,2024-02-11 13:00:00+00:00,0.30646000000000007,10.0,9.8,True,173,7.21,2.879
ENJUSDT,2024-02-04 11:00:00+00:00,0.279,2024-02-11 13:00:00+00:00,0.30690000000000006,10.0,9.8,True,170,7.08,3.159
MANAUSDT,2024-02-04 19:00:00+00:00,0.4338,2024-02-12 00:00:00+00:00,0.47718000000000005,10.0,9.8,True,173,7.21,4.444
SHIBUSDT,2024-02-04 21:00:00+00:00,8.98e-06,2024-02-15 02:00:00+00:00,9.878000000000001e-06,10.0,9.8,True,245,10.21,2.76
FILUSDT,2024-02-05 02:00:00+00:00,4.926,2024-02-09 21:00:00+00:00,5.4186000000000005,10.0,9.8,True,115,4.79,2.798
DOTUSDT,2024-02-05 03:00:00+00:00,6.746,2024-02-13 00:00:00+00:00,7.420600000000001,10.0,9.8,True,189,7.88,7.405
ETCUSDT,2024-02-05 05:00:00+00:00,24.72,2024-02-12 22:00:00+00:00,27.192,10.0,9.8,True,185,7.71,4.074
ARBUSDT,2024-02-05 06:00:00+00:00,1.738,2024-02-07 20:00:00+00:00,1.9118000000000002,10.0,9.8,True,62,2.58,3.123
ENJUSDT,2024-02-05 08:00:00+00:00,0.2763,2024-02-11 06:00:00+00:00,0.30393000000000003,10.0,9.8,True,142,5.92,2.64
AVAXUSDT,2024-02-05 08:00:00+00:00,35.57,2024-02-10 03:00:00+00:00,39.127,10.0,9.8,True,115,4.79,3.02
TRXUSDT,2024-02-05 20:00:00+00:00,0.11877,2024-02-15 07:00:00+00:00,0.130647,10.0,9.8,True,227,9.46,3.811
AAVEUSDT,2024-02-07 13:00:00+00:00,82.99,2024-02-13 00:00:00+00:00,91.289,10.0,9.8,True,131,5.46,2.685
AAVEUSDT,2024-02-07 15:00:00+00:00,82.78,2024-02-13 00:00:00+00:00,91.058,10.0,9.8,True,129,5.38,2.527
XLMUSDT,2024-02-07 15:00:00+00:00,0.1072,2024-02-16 12:00:00+00:00,0.11792000000000001,10.0,9.8,True,213,8.88,3.415
AAVEUSDT,2024-02-07 17:00:00+00:00,83.3,2024-02-14 09:00:00+00:00,91.63000000000001,10.0,9.8,True,160,6.67,2.988
ETCUSDT,2024-02-07 18:00:00+00:00,24.91,2024-02-15 14:00:00+00:00,27.401000000000003,10.0,9.8,True,188,7.83,2.816
UNIUSDT,2024-02-08 15:00:00+00:00,6.357,2024-02-15 02:00:00+00:00,6.992700000000001,10.0,9.8,True,155,6.46,3.32
DOGEUSDT,2024-02-10 22:00:00+00:00,0.08163,2024-02-19 21:00:00+00:00,0.089793,10.0,9.8,True,215,8.96,2.535
AXSUSDT,2024-02-11 22:00:00+00:00,7.48,2024-02-16 01:00:00+00:00,8.228000000000002,10.0,9.8,True,99,4.12,3.26
AXSUSDT,2024-02-12 02:00:00+00:00,7.7,2024-02-19 23:00:00+00:00,8.47,10.0,9.8,True,189,7.88,5.022
AVAXUSDT,2024-02-12 02:00:00+00:00,39.28,2024-02-15 10:00:00+00:00,43.208000000000006,10.0,9.8,True,80,3.33,2.522
XLMUSDT,2024-02-12 03:00:00+00:00,0.1103,2024-02-20 13:00:00+00:00,0.12133000000000001,10.0,9.8,True,202,8.42,2.71
SOLUSDT,2024-02-12 03:00:00+00:00,105.86,2024-02-14 13:00:00+00:00,116.44600000000001,10.0,9.8,True,58,2.42,4.306
XRPUSDT,2024-02-12 03:00:00+00:00,0.5219,2024-02-15 21:00:00+00:00,0.5740900000000001,10.0,9.8,True,90,3.75,2.844
FILUSDT,2024-02-12 03:00:00+00:00,5.263,2024-02-15 13:00:00+00:00,5.789300000000001,10.0,9.8,True,82,3.42,2.969
XLMUSDT,2024-02-12 10:00:00+00:00,0.1104,2024-02-20 13:00:00+00:00,0.12144,10.0,9.8,True,195,8.12,4.453
BCHUSDT,2024-02-12 11:00:00+00:00,278.0,2024-02-27 03:00:00+00:00,305.8,10.0,9.8,True,352,14.67,2.741
AAVEUSDT,2024-02-12 12:00:00+00:00,86.13,2024-02-16 06:00:00+00:00,94.74300000000001,10.0,9.8,True,90,3.75,3.065
DOGEUSDT,2024-02-12 16:00:00+00:00,0.08155,2024-02-19 20:00:00+00:00,0.08970500000000001,10.0,9.8,True,172,7.17,4.966
FILUSDT,2024-02-12 16:00:00+00:00,5.377,2024-02-15 16:00:00+00:00,5.9147,10.0,9.8,True,72,3.0,3.237
SHIBUSDT,2024-02-12 16:00:00+00:00,9.42e-06,2024-02-27 03:00:00+00:00,1.0362e-05,10.0,9.8,True,347,14.46,3.145
LTCUSDT,2024-02-12 16:00:00+00:00,72.18,2024-02-29 04:00:00+00:00,79.39800000000001,10.0,9.8,True,396,16.5,3.233
AVAXUSDT,2024-02-12 16:00:00+00:00,40.2,2024-02-29 09:00:00+00:00,44.220000000000006,10.0,9.8,True,401,16.71,5.881
XRPUSDT,2024-02-12 16:00:00+00:00,0.5278,2024-02-27 19:00:00+00:00,0.5805800000000001,10.0,9.8,True,363,15.12,3.523
SOLUSDT,2024-02-12 16:00:00+00:00,108.87,2024-02-29 00:00:00+00:00,119.75700000000002,10.0,9.8,True,392,16.33,4.659
ATOMUSDT,2024-02-12 16:00:00+00:00,9.841,2024-02-26 15:00:00+00:00,10.8251,10.0,9.8,True,335,13.96,2.756
OPUSDT,2024-02-13 15:00:00+00:00,3.717,2024-02-20 13:00:00+00:00,4.0887,10.0,9.8,True,166,6.92,2.549
ETCUSDT,2024-02-13 16:00:00+00:00,26.02,2024-02-27 02:00:00+00:00,28.622000000000003,10.0,9.8,True,322,13.42,2.604
AXSUSDT,2024-02-13 16:00:00+00:00,7.47,2024-02-16 00:00:00+00:00,8.217,10.0,9.8,True,56,2.33,2.851
BCHUSDT,2024-02-15 10:00:00+00:00,270.3,2024-02-27 03:00:00+00:00,297.33000000000004,10.0,9.8,True,281,11.71,4.151
BCHUSDT,2024-02-16 12:00:00+00:00,272.0,2024-02-27 03:00:00+00:00,299.20000000000005,10.0,9.8,True,255,10.62,3.096
ATOMUSDT,2024-02-16 16:00:00+00:00,10.166,2024-02-27 00:00:00+00:00,11.1826,10.0,9.8,True,248,10.33,2.859
BCHUSDT,2024-02-17 14:00:00+00:00,264.0,2024-02-27 02:00:00+00:00,290.40000000000003,10.0,9.8,True,228,9.5,4.615
ETHUSDT,2024-02-17 15:00:00+00:00,2739.99,2024-02-20 23:00:00+00:00,3013.989,10.0,9.8,True,80,3.33,3.483
ATOMUSDT,2024-02-17 18:00:00+00:00,10.179,2024-02-27 00:00:00+00:00,11.196900000000001,10.0,9.8,True,222,9.25,3.768
BNBUSDT,2024-02-19 01:00:00+00:00,352.1,2024-02-25 11:00:00+00:00,387.31000000000006,10.0,9.8,True,154,6.42,3.751
LINKUSDT,2024-02-19 17:00:00+00:00,19.919,2024-03-10 23:00:00+00:00,21.9109,10.0,9.8,True,486,20.25,3.385
ARBUSDT,2024-02-20 14:00:00+00:00,2.0684,2024-03-08 13:00:00+00:00,2.27524,10.0,9.8,True,407,16.96,5.945
ATOMUSDT,2024-02-20 14:00:00+00:00,10.604,2024-02-28 10:00:00+00:00,11.6644,10.0,9.8,True,188,7.83,3.162
OPUSDT,2024-02-20 14:00:00+00:00,4.173,2024-03-05 16:00:00+00:00,4.5903,10.0,9.8,True,338,14.08,12.568
SUIUSDT,2024-02-20 15:00:00+00:00,1.6997,2024-03-21 01:00:00+00:00,1.8696700000000002,10.0,9.8,True,706,29.42,3.069
LTCUSDT,2024-02-20 15:00:00+00:00,70.0,2024-02-28 16:00:00+00:00,77.0,10.0,9.8,True,193,8.04,2.922
NEARUSDT,2024-02-20 15:00:00+00:00,3.377,2024-02-24 19:00:00+00:00,3.7147,10.0,9.8,True,100,4.17,2.833
LINKUSDT,2024-02-20 15:00:00+00:00,19.232,2024-03-02 05:00:00+00:00,21.1552,10.0,9.8,True,254,10.58,3.605
DOTUSDT,2024-02-20 15:00:00+00:00,7.707,2024-02-28 09:00:00+00:00,8.4777,10.0,9.8,True,186,7.75,2.896
SOLUSDT,2024-02-20 15:00:00+00:00,107.76,2024-02-28 23:00:00+00:00,118.53600000000002,10.0,9.8,True,200,8.33,4.205
AAVEUSDT,2024-02-20 15:00:00+00:00,93.23,2024-02-24 07:00:00+00:00,102.55300000000001,10.0,9.8,True,88,3.67,3.45
LINKUSDT,2024-02-21 17:00:00+00:00,18.397,2024-02-28 14:00:00+00:00,20.2367,10.0,9.8,True,165,6.88,2.56
UNIUSDT,2024-02-23 15:00:00+00:00,11.125,2024-02-23 15:00:00+00:00,12.2375,10.0,9.8,True,0,0.0,97.403
DOTUSDT,2024-02-23 15:00:00+00:00,7.5,2024-02-27 14:00:00+00:00,8.25,10.0,9.8,True,95,3.96,2.569
AAVEUSDT,2024-02-23 15:00:00+00:00,97.31,2024-02-28 07:00:00+00:00,107.04100000000001,10.0,9.8,True,112,4.67,25.529
ARBUSDT,2024-02-23 16:00:00+00:00,1.7636,2024-02-26 20:00:00+00:00,1.9399600000000001,10.0,9.8,True,76,3.17,2.563
ETCUSDT,2024-02-23 16:00:00+00:00,25.37,2024-02-26 21:00:00+00:00,27.907000000000004,10.0,9.8,True,77,3.21,3.67
MANAUSDT,2024-02-23 16:00:00+00:00,0.4801,2024-02-26 05:00:00+00:00,0.5281100000000001,10.0,9.8,True,61,2.54,3.498
LINKUSDT,2024-02-23 16:00:00+00:00,17.864,2024-02-28 14:00:00+00:00,19.6504,10.0,9.8,True,118,4.92,2.725
XRPUSDT,2024-02-23 17:00:00+00:00,0.5329,2024-02-27 19:00:00+00:00,0.5861900000000001,10.0,9.8,True,98,4.08,3.337
BNBUSDT,2024-02-25 12:00:00+00:00,384.0,2024-02-28 17:00:00+00:00,422.40000000000003,10.0,9.8,True,77,3.21,5.337
CHZUSDT,2024-02-26 07:00:00+00:00,0.13033,2024-02-27 16:00:00+00:00,0.14336300000000002,10.0,9.8,True,33,1.38,3.945
LINKUSDT,2024-02-26 14:00:00+00:00,18.492,2024-02-28 14:00:00+00:00,20.341200000000004,10.0,9.8,True,48,2.0,2.544
DOTUSDT,2024-02-26 16:00:00+00:00,7.856,2024-02-28 16:00:00+00:00,8.6416,10.0,9.8,True,48,2.0,2.594
DOGEUSDT,2024-02-26 16:00:00+00:00,0.08663,2024-02-27 09:00:00+00:00,0.095293,10.0,9.8,True,17,0.71,2.832
ETHUSDT,2024-02-26 16:00:00+00:00,3145.59,2024-02-28 17:00:00+00:00,3460.1490000000003,10.0,9.8,True,49,2.04,2.532
UNIUSDT,2024-02-26 16:00:00+00:00,10.76,2024-02-29 16:00:00+00:00,11.836,10.0,9.8,True,72,3.0,5.03
BTCUSDT,2024-02-26 16:00:00+00:00,52842.33,2024-02-28 07:00:00+00:00,58126.56300000001,10.0,9.8,True,39,1.62,7.462
BCHUSDT,2024-02-26 16:00:00+00:00,269.0,2024-02-27 03:00:00+00:00,295.90000000000003,10.0,9.8,True,11,0.46,7.89
SUIUSDT,2024-02-26 17:00:00+00:00,1.6606,2024-03-21 00:00:00+00:00,1.8266600000000002,10.0,9.8,True,559,23.29,2.851
ATOMUSDT,2024-02-27 18:00:00+00:00,11.302,2024-03-04 00:00:00+00:00,12.4322,10.0,9.8,True,126,5.25,3.109
ENJUSDT,2024-02-28 15:00:00+00:00,0.4247,2024-03-01 12:00:00+00:00,0.4671700000000001,10.0,9.8,True,45,1.88,2.99
SUIUSDT,2024-03-04 09:00:00+00:00,1.5374,2024-03-13 01:00:00+00:00,1.6911400000000003,10.0,9.8,True,208,8.67,2.546
ENJUSDT,2024-03-04 10:00:00+00:00,0.5734,2024-03-09 11:00:00+00:00,0.6307400000000001,10.0,9.8,True,121,5.04,5.324
SUIUSDT,2024-03-04 16:00:00+00:00,1.5113,2024-03-09 15:00:00+00:00,1.6624300000000003,10.0,9.8,True,119,4.96,2.651
SUIUSDT,2024-03-04 18:00:00+00:00,1.4402,2024-03-05 06:00:00+00:00,1.58422,10.0,9.8,True,12,0.5,2.624
NEARUSDT,2024-03-05 06:00:00+00:00,4.423,2024-03-06 16:00:00+00:00,4.8653,10.0,9.8,True,34,1.42,2.764
SHIBUSDT,2024-03-05 17:00:00+00:00,3.402e-05,2024-03-06 08:00:00+00:00,3.742200000000001e-05,10.0,9.8,True,15,0.62,3.027
DOGEUSDT,2024-03-05 17:00:00+00:00,0.16622,2024-03-09 17:00:00+00:00,0.18284200000000003,10.0,9.8,True,96,4.0,2.707
CHZUSDT,2024-03-05 21:00:00+00:00,0.12786,2024-03-06 07:00:00+00:00,0.14064600000000002,10.0,9.8,True,10,0.42,3.167
ENJUSDT,2024-03-05 21:00:00+00:00,0.4789,2024-03-06 06:00:00+00:00,0.52679,10.0,9.8,True,9,0.38,3.537
BNBUSDT,2024-03-05 21:00:00+00:00,379.1,2024-03-06 10:00:00+00:00,417.01000000000005,10.0,9.8,True,13,0.54,2.844
LINKUSDT,2024-03-05 21:00:00+00:00,17.965,2024-03-06 08:00:00+00:00,19.7615,10.0,9.8,True,11,0.46,2.996
ADAUSDT,2024-03-05 21:00:00+00:00,0.6555,2024-03-06 05:00:00+00:00,0.7210500000000001,10.0,9.8,True,8,0.33,5.243
ETHUSDT,2024-03-05 21:00:00+00:00,3387.81,2024-03-06 05:00:00+00:00,3726.5910000000003,10.0,9.8,True,8,0.33,2.64
LTCUSDT,2024-03-05 21:00:00+00:00,77.96,2024-03-06 07:00:00+00:00,85.756,10.0,9.8,True,10,0.42,2.659
NEARUSDT,2024-03-08 16:00:00+00:00,5.335,2024-03-09 02:00:00+00:00,5.8685,10.0,9.8,True,10,0.42,3.353
ATOMUSDT,2024-03-08 16:00:00+00:00,13.142,2024-05-07 15:00:00+00:00,9.199,-30.003,-30.203,False,1439,59.96,3.995
XRPUSDT,2024-03-08 17:00:00+00:00,0.6171,2024-03-11 15:00:00+00:00,0.67881,10.0,9.8,True,70,2.92,2.599
ADAUSDT,2024-03-08 17:00:00+00:00,0.7227,2024-03-14 09:00:00+00:00,0.7949700000000001,10.0,9.8,True,136,5.67,5.517
MANAUSDT,2024-03-08 17:00:00+00:00,0.6753,2024-03-09 03:00:00+00:00,0.7428300000000001,10.0,9.8,True,10,0.42,3.554
AXSUSDT,2024-03-08 17:00:00+00:00,10.378,2024-03-09 10:00:00+00:00,11.4158,10.0,9.8,True,17,0.71,3.178
SANDUSDT,2024-03-08 17:00:00+00:00,0.6704,2024-03-09 10:00:00+00:00,0.7374400000000001,10.0,9.8,True,17,0.71,3.332
OPUSDT,2024-03-08 17:00:00+00:00,4.456,2024-05-07 16:00:00+00:00,2.711,-39.161,-39.361,False,1439,59.96,2.834
ENJUSDT,2024-03-08 17:00:00+00:00,0.5609,2024-03-08 21:00:00+00:00,0.61699,10.0,9.8,True,4,0.17,5.318
BCHUSDT,2024-03-10 02:00:00+00:00,441.5,2024-03-24 13:00:00+00:00,485.65000000000003,10.0,9.8,True,347,14.46,4.313
LINKUSDT,2024-03-10 10:00:00+00:00,19.79,2024-03-10 23:00:00+00:00,21.769000000000002,10.0,9.8,True,13,0.54,2.928
UNIUSDT,2024-03-10 15:00:00+00:00,13.763,2024-05-09 14:00:00+00:00,7.315,-46.85,-47.05,False,1439,59.96,2.911
XLMUSDT,2024-03-11 01:00:00+00:00,0.1373,2024-03-11 15:00:00+00:00,0.15103000000000003,10.0,9.8,True,14,0.58,3.563
ETCUSDT,2024-03-11 01:00:00+00:00,35.02,2024-03-11 16:00:00+00:00,38.522000000000006,10.0,9.8,True,15,0.62,3.945
DOTUSDT,2024-03-11 01:00:00+00:00,10.083,2024-03-11 18:00:00+00:00,11.0913,10.0,9.8,True,17,0.71,2.832
LTCUSDT,2024-03-11 01:00:00+00:00,85.54,2024-03-11 09:00:00+00:00,94.09400000000001,10.0,9.8,True,8,0.33,2.675
ETHUSDT,2024-03-11 01:00:00+00:00,3827.59,2024-05-10 00:00:00+00:00,3026.0,-20.942,-21.142,False,1439,59.96,2.514
XRPUSDT,2024-03-11 01:00:00+00:00,0.5978,2024-03-11 15:00:00+00:00,0.65758,10.0,9.8,True,14,0.58,3.094
SOLUSDT,2024-03-11 01:00:00+00:00,140.28,2024-03-12 03:00:00+00:00,154.30800000000002,10.0,9.8,True,26,1.08,2.78
TRXUSDT,2024-03-11 01:00:00+00:00,0.13361,2024-05-10 00:00:00+00:00,0.12608,-5.636,-5.836,False,1439,59.96,2.964
ADAUSDT,2024-03-11 01:00:00+00:00,0.7018,2024-03-11 16:00:00+00:00,0.77198,10.0,9.8,True,15,0.62,2.651
OPUSDT,2024-03-11 02:00:00+00:00,4.589,2024-05-10 01:00:00+00:00,2.649,-42.275,-42.475,False,1439,59.96,3.297
NEARUSDT,2024-03-11 02:00:00+00:00,6.082,2024-03-11 03:00:00+00:00,6.690200000000001,10.0,9.8,True,1,0.04,3.517
APTUSDT,2024-03-11 02:00:00+00:00,12.6085,2024-03-14 09:00:00+00:00,13.86935,10.0,9.8,True,79,3.29,3.267
TRXUSDT,2024-03-11 08:00:00+00:00,0.13337,2024-05-10 07:00:00+00:00,0.12663,-5.054,-5.254,False,1439,59.96,4.0
BCHUSDT,2024-03-12 14:00:00+00:00,430.2,2024-03-14 09:00:00+00:00,473.22,10.0,9.8,True,43,1.79,2.755
APTUSDT,2024-03-12 18:00:00+00:00,13.0717,2024-03-14 11:00:00+00:00,14.378870000000001,10.0,9.8,True,41,1.71,3.44
OPUSDT,2024-03-12 18:00:00+00:00,4.295,2024-05-11 17:00:00+00:00,2.551,-40.605,-40.805,False,1439,59.96,2.718
ETHUSDT,2024-03-12 18:00:00+00:00,3950.56,2024-05-11 17:00:00+00:00,2930.28,-25.826,-26.026,False,1439,59.96,3.26
SHIBUSDT,2024-03-12 18:00:00+00:00,3.177e-05,2024-05-11 17:00:00+00:00,2.27e-05,-28.549,-28.749,False,1439,59.96,3.803
XLMUSDT,2024-03-12 18:00:00+00:00,0.1478,2024-05-11 17:00:00+00:00,0.1066,-27.876,-28.076,False,1439,59.96,2.669
ADAUSDT,2024-03-12 18:00:00+00:00,0.7374,2024-05-11 17:00:00+00:00,0.4418,-40.087,-40.287,False,1439,59.96,3.738
ARBUSDT,2024-03-12 18:00:00+00:00,1.9993,2024-03-13 08:00:00+00:00,2.1992300000000005,10.0,9.8,True,14,0.58,3.693
DOGEUSDT,2024-03-12 18:00:00+00:00,0.16545,2024-03-14 04:00:00+00:00,0.18199500000000002,10.0,9.8,True,34,1.42,4.026
UNIUSDT,2024-03-12 18:00:00+00:00,13.747,2024-05-11 17:00:00+00:00,7.11,-48.28,-48.48,False,1439,59.96,3.669
CHZUSDT,2024-03-12 18:00:00+00:00,0.1545,2024-05-11 17:00:00+00:00,0.12356,-20.026,-20.226,False,1439,59.96,2.561
AAVEUSDT,2024-03-12 18:00:00+00:00,130.4,2024-03-13 06:00:00+00:00,143.44000000000003,10.0,9.8,True,12,0.5,5.404
BTCUSDT,2024-03-12 18:00:00+00:00,71092.55,2024-05-11 17:00:00+00:00,61099.05,-14.057,-14.257,False,1439,59.96,4.171
ETCUSDT,2024-03-12 18:00:00+00:00,36.31,2024-05-11 17:00:00+00:00,26.52,-26.962,-27.162,False,1439,59.96,5.215
LINKUSDT,2024-03-12 18:00:00+00:00,20.345,2024-05-11 17:00:00+00:00,13.469,-33.797,-33.997,False,1439,59.96,2.967
SUIUSDT,2024-03-12 18:00:00+00:00,1.5457,2024-03-16 09:00:00+00:00,1.7002700000000002,10.0,9.8,True,87,3.62,3.738
DOTUSDT,2024-03-12 18:00:00+00:00,10.582,2024-03-14 09:00:00+00:00,11.640200000000002,10.0,9.8,True,39,1.62,3.479
MANAUSDT,2024-03-12 18:00:00+00:00,0.7473,2024-05-11 17:00:00+00:00,0.4193,-43.891,-44.091,False,1439,59.96,2.885
TRXUSDT,2024-03-12 18:00:00+00:00,0.13128,2024-05-11 17:00:00+00:00,0.1262,-3.87,-4.07,False,1439,59.96,2.814
BCHUSDT,2024-03-12 18:00:00+00:00,423.9,2024-03-14 08:00:00+00:00,466.29,10.0,9.8,True,38,1.58,5.041
SANDUSDT,2024-03-12 18:00:00+00:00,0.7499,2024-05-11 17:00:00+00:00,0.4263,-43.152,-43.352,False,1439,59.96,2.929
APTUSDT,2024-03-14 01:00:00+00:00,13.4163,2024-03-15 01:00:00+00:00,14.75793,10.0,9.8,True,24,1.0,3.717
SHIBUSDT,2024-03-14 04:00:00+00:00,3.335e-05,2024-05-13 03:00:00+00:00,2.184e-05,-34.513,-34.713,False,1439,59.96,6.84
ETHUSDT,2024-03-14 15:00:00+00:00,3887.21,2024-05-13 14:00:00+00:00,2951.92,-24.061,-24.261,False,1439,59.96,2.866
XLMUSDT,2024-03-14 15:00:00+00:00,0.1449,2024-05-13 14:00:00+00:00,0.1048,-27.674,-27.874,False,1439,59.96,2.552
OPUSDT,2024-03-14 15:00:00+00:00,4.158,2024-05-13 14:00:00+00:00,2.492,-40.067,-40.267,False,1439,59.96,2.68
ENJUSDT,2024-03-14 15:00:00+00:00,0.6037,2024-05-13 14:00:00+00:00,0.2825,-53.205,-53.405,False,1439,59.96,3.782
BTCUSDT,2024-03-14 17:00:00+00:00,71337.64,2024-05-13 16:00:00+00:00,63178.89,-11.437,-11.637,False,1439,59.96,2.918
OPUSDT,2024-03-15 04:00:00+00:00,3.931,2024-05-14 03:00:00+00:00,2.477,-36.988,-37.188,False,1439,59.96,2.996
BTCUSDT,2024-03-15 04:00:00+00:00,68224.01,2024-05-14 03:00:00+00:00,62488.46,-8.407,-8.607,False,1439,59.96,2.864
SANDUSDT,2024-03-15 04:00:00+00:00,0.6879,2024-05-14 03:00:00+00:00,0.4153,-39.628,-39.828,False,1439,59.96,3.014
ENJUSDT,2024-03-15 04:00:00+00:00,0.5708,2024-05-14 03:00:00+00:00,0.2765,-51.559,-51.759,False,1439,59.96,3.74
XLMUSDT,2024-03-15 04:00:00+00:00,0.1362,2024-05-14 03:00:00+00:00,0.104,-23.642,-23.842,False,1439,59.96,2.693
ETHUSDT,2024-03-15 04:00:00+00:00,3722.2,2024-05-14 03:00:00+00:00,2940.99,-20.988,-21.188,False,1439,59.96,2.872
UNIUSDT,2024-03-15 04:00:00+00:00,13.144,2024-05-14 03:00:00+00:00,6.957,-47.071,-47.271,False,1439,59.96,4.341
ETCUSDT,2024-03-15 04:00:00+00:00,33.21,2024-05-14 03:00:00+00:00,26.11,-21.379,-21.579,False,1439,59.96,5.154
TRXUSDT,2024-03-15 04:00:00+00:00,0.12728,2024-05-14 03:00:00+00:00,0.1255,-1.398,-1.598,False,1439,59.96,2.593
SHIBUSDT,2024-03-15 10:00:00+00:00,2.914e-05,2024-03-28 10:00:00+00:00,3.2054e-05,10.0,9.8,True,312,13.0,2.612
AAVEUSDT,2024-03-15 10:00:00+00:00,129.56,2024-05-14 09:00:00+00:00,81.61,-37.01,-37.21,False,1439,59.96,2.732
FILUSDT,2024-03-15 10:00:00+00:00,9.429,2024-04-01 01:00:00+00:00,10.371900000000002,10.0,9.8,True,399,16.62,2.578
LTCUSDT,2024-03-15 10:00:00+00:00,87.63,2024-03-26 20:00:00+00:00,96.393,10.0,9.8,True,274,11.42,2.55
SHIBUSDT,2024-03-16 20:00:00+00:00,2.489e-05,2024-03-17 11:00:00+00:00,2.7379000000000003e-05,10.0,9.8,True,15,0.62,2.653
LTCUSDT,2024-03-17 00:00:00+00:00,84.12,2024-03-26 18:00:00+00:00,92.53200000000001,10.0,9.8,True,234,9.75,2.699
BCHUSDT,2024-03-17 01:00:00+00:00,386.2,2024-03-21 06:00:00+00:00,424.82000000000005,10.0,9.8,True,101,4.21,3.034
AXSUSDT,2024-03-17 01:00:00+00:00,10.248,2024-03-26 06:00:00+00:00,11.2728,10.0,9.8,True,221,9.21,2.533
UNIUSDT,2024-03-17 08:00:00+00:00,11.622,2024-03-25 15:00:00+00:00,12.7842,10.0,9.8,True,199,8.29,2.856
BCHUSDT,2024-03-17 11:00:00+00:00,400.4,2024-03-23 01:00:00+00:00,440.44,10.0,9.8,True,134,5.58,3.225
TRXUSDT,2024-03-18 15:00:00+00:00,0.12431,2024-05-17 14:00:00+00:00,0.12481,0.402,0.202,False,1439,59.96,2.65
ENJUSDT,2024-03-18 15:00:00+00:00,0.4979,2024-05-17 14:00:00+00:00,0.3193,-35.871,-36.071,False,1439,59.96,3.337
LTCUSDT,2024-03-18 23:00:00+00:00,85.06,2024-03-26 18:00:00+00:00,93.56600000000002,10.0,9.8,True,187,7.79,3.09
XRPUSDT,2024-03-18 23:00:00+00:00,0.6331,2024-05-17 22:00:00+00:00,0.5241,-17.217,-17.417,False,1439,59.96,5.309
XLMUSDT,2024-03-18 23:00:00+00:00,0.1311,2024-03-29 11:00:00+00:00,0.14421,10.0,9.8,True,252,10.5,5.242
TRXUSDT,2024-03-19 02:00:00+00:00,0.1234,2024-05-18 01:00:00+00:00,0.12414,0.6,0.4,False,1439,59.96,2.613
ENJUSDT,2024-03-19 04:00:00+00:00,0.4797,2024-03-22 06:00:00+00:00,0.5276700000000001,10.0,9.8,True,74,3.08,2.691
UNIUSDT,2024-03-19 04:00:00+00:00,11.332,2024-03-25 15:00:00+00:00,12.465200000000001,10.0,9.8,True,155,6.46,3.103
AXSUSDT,2024-03-19 04:00:00+00:00,9.683,2024-03-23 21:00:00+00:00,10.6513,10.0,9.8,True,113,4.71,3.902
MANAUSDT,2024-03-19 04:00:00+00:00,0.5872,2024-03-21 03:00:00+00:00,0.6459200000000002,10.0,9.8,True,47,1.96,2.559
FILUSDT,2024-03-19 08:00:00+00:00,8.432,2024-03-21 10:00:00+00:00,9.275200000000002,10.0,9.8,True,50,2.08,2.874
SANDUSDT,2024-03-19 08:00:00+00:00,0.58,2024-03-20 19:00:00+00:00,0.638,10.0,9.8,True,35,1.46,3.152
ATOMUSDT,2024-03-19 08:00:00+00:00,11.155,2024-03-25 17:00:00+00:00,12.2705,10.0,9.8,True,153,6.38,2.647
ADAUSDT,2024-03-19 08:00:00+00:00,0.6265,2024-05-18 07:00:00+00:00,0.4805,-23.304,-23.504,False,1439,59.96,2.893
CHZUSDT,2024-03-19 08:00:00+00:00,0.12432,2024-03-21 09:00:00+00:00,0.136752,10.0,9.8,True,49,2.04,3.07
AAVEUSDT,2024-03-19 08:00:00+00:00,114.23,2024-03-24 23:00:00+00:00,125.65300000000002,10.0,9.8,True,135,5.62,2.822
MANAUSDT,2024-03-19 08:00:00+00:00,0.5769,2024-03-20 20:00:00+00:00,0.63459,10.0,9.8,True,36,1.5,3.16
DOGEUSDT,2024-03-19 08:00:00+00:00,0.13279,2024-03-20 19:00:00+00:00,0.146069,10.0,9.8,True,35,1.46,2.547
ENJUSDT,2024-03-19 08:00:00+00:00,0.4671,2024-03-20 20:00:00+00:00,0.5138100000000001,10.0,9.8,True,36,1.5,3.071
UNIUSDT,2024-03-19 10:00:00+00:00,10.801,2024-03-20 20:00:00+00:00,11.881100000000002,10.0,9.8,True,34,1.42,2.541
ADAUSDT,2024-03-19 10:00:00+00:00,0.6178,2024-03-26 07:00:00+00:00,0.6795800000000001,10.0,9.8,True,165,6.88,2.557
BCHUSDT,2024-03-20 08:00:00+00:00,367.2,2024-03-20 19:00:00+00:00,403.92,10.0,9.8,True,11,0.46,2.516
SHIBUSDT,2024-03-21 17:00:00+00:00,2.797e-05,2024-03-26 11:00:00+00:00,3.0767000000000005e-05,10.0,9.8,True,114,4.75,2.757
NEARUSDT,2024-03-21 18:00:00+00:00,6.72,2024-03-25 09:00:00+00:00,7.392,10.0,9.8,True,87,3.62,2.924
BCHUSDT,2024-03-22 05:00:00+00:00,415.7,2024-03-23 10:00:00+00:00,457.27000000000004,10.0,9.8,True,29,1.21,4.88
XLMUSDT,2024-03-22 15:00:00+00:00,0.1265,2024-03-25 19:00:00+00:00,0.13915000000000002,10.0,9.8,True,76,3.17,2.658
ADAUSDT,2024-03-22 15:00:00+00:00,0.6065,2024-03-25 17:00:00+00:00,0.6671500000000001,10.0,9.8,True,74,3.08,2.98
FILUSDT,2024-03-22 16:00:00+00:00,8.716,2024-03-26 02:00:00+00:00,9.5876,10.0,9.8,True,82,3.42,2.812
ARBUSDT,2024-03-24 11:00:00+00:00,1.6499,2024-05-23 10:00:00+00:00,1.1869,-28.062,-28.262,False,1439,59.96,2.543
BCHUSDT,2024-03-24 14:00:00+00:00,492.6,2024-03-27 14:00:00+00:00,541.86,10.0,9.8,True,72,3.0,7.151
DOGEUSDT,2024-03-25 15:00:00+00:00,0.18204,2024-03-28 00:00:00+00:00,0.20024400000000003,10.0,9.8,True,57,2.38,5.336
SANDUSDT,2024-03-25 15:00:00+00:00,0.69,2024-05-24 14:00:00+00:00,0.4472,-35.188,-35.388,False,1439,59.96,2.73
SHIBUSDT,2024-03-25 15:00:00+00:00,2.955e-05,2024-03-28 10:00:00+00:00,3.2505e-05,10.0,9.8,True,67,2.79,9.855
LTCUSDT,2024-03-26 19:00:00+00:00,93.8,2024-03-29 11:00:00+00:00,103.18,10.0,9.8,True,64,2.67,11.231
SANDUSDT,2024-03-26 19:00:00+00:00,0.7161,2024-05-25 18:00:00+00:00,0.4537,-36.643,-36.843,False,1439,59.96,2.801
CHZUSDT,2024-03-27 11:00:00+00:00,0.14582,2024-04-08 21:00:00+00:00,0.16040200000000002,10.0,9.8,True,298,12.42,2.58
XRPUSDT,2024-03-27 14:00:00+00:00,0.6187,2024-05-26 13:00:00+00:00,0.5336,-13.755,-13.955,False,1439,59.96,2.678
AVAXUSDT,2024-03-27 14:00:00+00:00,54.1,2024-05-26 13:00:00+00:00,37.1,-31.423,-31.623,False,1439,59.96,4.654
TRXUSDT,2024-03-27 14:00:00+00:00,0.12011,2024-05-26 13:00:00+00:00,0.11383,-5.229,-5.429,False,1439,59.96,4.531
DOTUSDT,2024-03-29 06:00:00+00:00,9.606,2024-05-28 05:00:00+00:00,7.421,-22.746,-22.946,False,1439,59.96,3.891
LTCUSDT,2024-03-29 10:00:00+00:00,98.27,2024-03-29 23:00:00+00:00,108.09700000000001,10.0,9.8,True,13,0.54,4.576
ETCUSDT,2024-03-29 11:00:00+00:00,33.64,2024-05-28 10:00:00+00:00,31.58,-6.124,-6.324,False,1439,59.96,7.337
ADAUSDT,2024-03-29 12:00:00+00:00,0.652,2024-05-28 11:00:00+00:00,0.4597,-29.494,-29.694,False,1439,59.96,2.624
ADAUSDT,2024-03-30 20:00:00+00:00,0.6504,2024-05-29 19:00:00+00:00,0.4525,-30.427,-30.627,False,1439,59.96,2.87
ETCUSDT,2024-03-31 06:00:00+00:00,34.18,2024-05-30 05:00:00+00:00,30.48,-10.825,-11.025,False,1439,59.96,3.395
ARBUSDT,2024-03-31 07:00:00+00:00,1.6839,2024-05-30 06:00:00+00:00,1.1251,-33.185,-33.385,False,1439,59.96,2.627
UNIUSDT,2024-04-01 01:00:00+00:00,12.854,2024-05-31 00:00:00+00:00,10.86,-15.513,-15.713,False,1439,59.96,2.767
SANDUSDT,2024-04-01 07:00:00+00:00,0.668,2024-05-31 06:00:00+00:00,0.4341,-35.015,-35.215,False,1439,59.96,2.706
MANAUSDT,2024-04-01 07:00:00+00:00,0.6417,2024-05-31 06:00:00+00:00,0.4413,-31.23,-31.43,False,1439,59.96,2.936
DOTUSDT,2024-04-01 07:00:00+00:00,9.311,2024-05-31 06:00:00+00:00,6.977,-25.067,-25.267,False,1439,59.96,2.885
TRXUSDT,2024-04-01 07:00:00+00:00,0.12146,2024-05-31 06:00:00+00:00,0.11144,-8.25,-8.45,False,1439,59.96,2.527
BTCUSDT,2024-04-01 07:00:00+00:00,69614.96,2024-05-31 06:00:00+00:00,68272.0,-1.929,-2.129,False,1439,59.96,3.479
DOGEUSDT,2024-04-01 07:00:00+00:00,0.20589,2024-05-31 06:00:00+00:00,0.15939,-22.585,-22.785,False,1439,59.96,2.777
XRPUSDT,2024-04-01 07:00:00+00:00,0.6132,2024-05-31 06:00:00+00:00,0.5173,-15.639,-15.839,False,1439,59.96,4.811
LINKUSDT,2024-04-01 07:00:00+00:00,18.619,2024-05-31 06:00:00+00:00,17.756,-4.635,-4.835,False,1439,59.96,3.663
BNBUSDT,2024-04-01 07:00:00+00:00,586.9,2024-05-31 06:00:00+00:00,592.6,0.971,0.771,False,1439,59.96,2.989
XLMUSDT,2024-04-01 07:00:00+00:00,0.1374,2024-05-31 06:00:00+00:00,0.1064,-22.562,-22.762,False,1439,59.96,4.138
ENJUSDT,2024-04-01 07:00:00+00:00,0.479,2024-05-31 06:00:00+00:00,0.3477,-27.411,-27.611,False,1439,59.96,3.401
CHZUSDT,2024-04-01 07:00:00+00:00,0.14323,2024-04-08 08:00:00+00:00,0.157553,10.0,9.8,True,169,7.04,3.022
SHIBUSDT,2024-04-01 07:00:00+00:00,2.888e-05,2024-05-31 06:00:00+00:00,2.584e-05,-10.526,-10.726,False,1439,59.96,4.294
ADAUSDT,2024-04-01 07:00:00+00:00,0.6278,2024-05-31 06:00:00+00:00,0.4479,-28.656,-28.856,False,1439,59.96,3.309
ARBUSDT,2024-04-01 07:00:00+00:00,1.6037,2024-05-31 06:00:00+00:00,1.1263,-29.769,-29.969,False,1439,59.96,3.368
ATOMUSDT,2024-04-01 07:00:00+00:00,11.912,2024-05-31 06:00:00+00:00,8.447,-29.088,-29.288,False,1439,59.96,2.792
AXSUSDT,2024-04-01 07:00:00+00:00,10.429,2024-05-31 06:00:00+00:00,7.39,-29.14,-29.34,False,1439,59.96,3.541
NEARUSDT,2024-04-01 07:00:00+00:00,6.923,2024-04-09 04:00:00+00:00,7.6153,10.0,9.8,True,189,7.88,2.558
AVAXUSDT,2024-04-01 07:00:00+00:00,52.08,2024-05-31 06:00:00+00:00,36.09,-30.703,-30.903,False,1439,59.96,3.016
ETHUSDT,2024-04-01 07:00:00+00:00,3542.31,2024-05-23 11:00:00+00:00,3896.541,10.0,9.8,True,1252,52.17,2.942
ATOMUSDT,2024-04-01 11:00:00+00:00,11.748,2024-05-31 10:00:00+00:00,8.414,-28.379,-28.579,False,1439,59.96,2.539
UNIUSDT,2024-04-01 15:00:00+00:00,12.397,2024-05-31 14:00:00+00:00,10.549,-14.907,-15.107,False,1439,59.96,2.531
NEARUSDT,2024-04-01 16:00:00+00:00,6.671,2024-04-05 16:00:00+00:00,7.338100000000001,10.0,9.8,True,96,4.0,2.662
ARBUSDT,2024-04-02 06:00:00+00:00,1.4854,2024-06-01 05:00:00+00:00,1.1266,-24.155,-24.355,False,1439,59.96,2.699
LINKUSDT,2024-04-02 07:00:00+00:00,18.326,2024-06-01 06:00:00+00:00,18.593,1.457,1.257,False,1439,59.96,3.09
ETCUSDT,2024-04-02 10:00:00+00:00,30.67,2024-04-05 08:00:00+00:00,33.737,10.0,9.8,True,70,2.92,2.573
ETCUSDT,2024-04-02 15:00:00+00:00,30.41,2024-04-05 03:00:00+00:00,33.451,10.0,9.8,True,60,2.5,3.051
BCHUSDT,2024-04-02 15:00:00+00:00,630.8,2024-04-05 02:00:00+00:00,693.88,10.0,9.8,True,59,2.46,5.065
OPUSDT,2024-04-02 18:00:00+00:00,3.191,2024-06-01 17:00:00+00:00,2.481,-22.25,-22.45,False,1439,59.96,4.081
BCHUSDT,2024-04-03 22:00:00+00:00,579.2,2024-04-04 05:00:00+00:00,637.1200000000001,10.0,9.8,True,7,0.29,4.03
LTCUSDT,2024-04-04 03:00:00+00:00,100.82,2024-06-03 02:00:00+00:00,83.56,-17.12,-17.32,False,1439,59.96,3.646
BCHUSDT,2024-04-05 01:00:00+00:00,671.6,2024-06-04 00:00:00+00:00,464.9,-30.777,-30.977,False,1439,59.96,2.51
OPUSDT,2024-04-05 10:00:00+00:00,2.947,2024-04-08 08:00:00+00:00,3.2417000000000002,10.0,9.8,True,70,2.92,2.982
FILUSDT,2024-04-05 13:00:00+00:00,8.278,2024-04-08 10:00:00+00:00,9.105800000000002,10.0,9.8,True,69,2.88,2.599
AXSUSDT,2024-04-05 13:00:00+00:00,9.404,2024-04-08 09:00:00+00:00,10.3444,10.0,9.8,True,68,2.83,3.095
AVAXUSDT,2024-04-05 13:00:00+00:00,44.84,2024-04-07 23:00:00+00:00,49.324000000000005,10.0,9.8,True,58,2.42,4.337
AAVEUSDT,2024-04-05 13:00:00+00:00,111.97,2024-04-08 00:00:00+00:00,123.167,10.0,9.8,True,59,2.46,2.917
ADAUSDT,2024-04-05 13:00:00+00:00,0.5711,2024-06-04 12:00:00+00:00,0.4554,-20.259,-20.459,False,1439,59.96,2.664
XLMUSDT,2024-04-05 13:00:00+00:00,0.1262,2024-06-04 12:00:00+00:00,0.1049,-16.878,-17.078,False,1439,59.96,3.233
ARBUSDT,2024-04-05 13:00:00+00:00,1.4127,2024-04-08 08:00:00+00:00,1.5539700000000003,10.0,9.8,True,67,2.79,2.953
ATOMUSDT,2024-04-05 13:00:00+00:00,10.858,2024-06-04 12:00:00+00:00,8.34,-23.19,-23.39,False,1439,59.96,2.856
BCHUSDT,2024-04-06 02:00:00+00:00,697.7,2024-06-05 01:00:00+00:00,479.7,-31.246,-31.446,False,1439,59.96,4.074
XRPUSDT,2024-04-08 07:00:00+00:00,0.5968,2024-06-07 06:00:00+00:00,0.523,-12.366,-12.566,False,1439,59.96,3.687
AXSUSDT,2024-04-08 08:00:00+00:00,9.971,2024-06-07 07:00:00+00:00,8.394,-15.816,-16.016,False,1439,59.96,3.229
XLMUSDT,2024-04-08 08:00:00+00:00,0.1302,2024-06-07 07:00:00+00:00,0.1059,-18.664,-18.864,False,1439,59.96,3.207
ETCUSDT,2024-04-08 08:00:00+00:00,34.08,2024-06-07 07:00:00+00:00,29.09,-14.642,-14.842,False,1439,59.96,2.815
SOLUSDT,2024-04-08 08:00:00+00:00,180.15,2024-06-07 07:00:00+00:00,172.01,-4.518,-4.718,False,1439,59.96,2.688
CHZUSDT,2024-04-08 08:00:00+00:00,0.15216,2024-06-07 07:00:00+00:00,0.13885,-8.747,-8.947,False,1439,59.96,2.717
ATOMUSDT,2024-04-08 09:00:00+00:00,11.316,2024-06-07 08:00:00+00:00,8.615,-23.869,-24.069,False,1439,59.96,3.439
ADAUSDT,2024-04-08 09:00:00+00:00,0.6065,2024-06-07 08:00:00+00:00,0.4644,-23.43,-23.63,False,1439,59.96,5.71
LTCUSDT,2024-04-08 09:00:00+00:00,104.43,2024-06-07 08:00:00+00:00,83.86,-19.697,-19.897,False,1439,59.96,4.106
FILUSDT,2024-04-09 09:00:00+00:00,8.978,2024-06-08 08:00:00+00:00,6.33,-29.494,-29.694,False,1439,59.96,2.957
UNIUSDT,2024-04-09 09:00:00+00:00,11.374,2024-06-08 08:00:00+00:00,9.983,-12.23,-12.43,False,1439,59.96,2.583
BNBUSDT,2024-04-09 09:00:00+00:00,581.1,2024-06-04 10:00:00+00:00,639.21,10.0,9.8,True,1345,56.04,3.804
ADAUSDT,2024-04-09 09:00:00+00:00,0.6044,2024-06-08 08:00:00+00:00,0.4421,-26.853,-27.053,False,1439,59.96,2.615
MANAUSDT,2024-04-09 09:00:00+00:00,0.623,2024-06-08 08:00:00+00:00,0.4305,-30.899,-31.099,False,1439,59.96,3.135
BCHUSDT,2024-04-09 10:00:00+00:00,676.6,2024-06-08 09:00:00+00:00,478.8,-29.234,-29.434,False,1439,59.96,3.39
XRPUSDT,2024-04-09 13:00:00+00:00,0.6303,2024-06-08 12:00:00+00:00,0.4943,-21.577,-21.777,False,1439,59.96,6.899
ADAUSDT,2024-04-09 13:00:00+00:00,0.6218,2024-06-08 12:00:00+00:00,0.4359,-29.897,-30.097,False,1439,59.96,4.021
BCHUSDT,2024-04-09 14:00:00+00:00,683.6,2024-06-08 13:00:00+00:00,474.2,-30.632,-30.832,False,1439,59.96,3.792
LTCUSDT,2024-04-09 15:00:00+00:00,97.78,2024-06-08 14:00:00+00:00,79.84,-18.347,-18.547,False,1439,59.96,3.002
DOGEUSDT,2024-04-09 15:00:00+00:00,0.18997,2024-06-08 14:00:00+00:00,0.14675,-22.751,-22.951,False,1439,59.96,2.974
APTUSDT,2024-04-10 07:00:00+00:00,12.224,2024-06-09 06:00:00+00:00,8.26,-32.428,-32.628,False,1439,59.96,4.852
SUIUSDT,2024-04-10 13:00:00+00:00,1.4959,2024-06-09 12:00:00+00:00,1.111,-25.73,-25.93,False,1439,59.96,2.751
CHZUSDT,2024-04-10 13:00:00+00:00,0.14295,2024-05-29 15:00:00+00:00,0.157245,10.0,9.8,True,1178,49.08,4.554
OPUSDT,2024-04-10 13:00:00+00:00,2.985,2024-06-09 12:00:00+00:00,2.239,-24.992,-25.192,False,1439,59.96,5.699
MANAUSDT,2024-04-10 14:00:00+00:00,0.587,2024-06-09 13:00:00+00:00,0.4167,-29.012,-29.212,False,1439,59.96,2.887
SANDUSDT,2024-04-10 14:00:00+00:00,0.5925,2024-06-09 13:00:00+00:00,0.4167,-29.671,-29.871,False,1439,59.96,4.447
BTCUSDT,2024-04-10 15:00:00+00:00,68703.04,2024-06-09 14:00:00+00:00,69490.12,1.146,0.946,False,1439,59.96,2.727
DOGEUSDT,2024-04-10 15:00:00+00:00,0.19171,2024-06-09 14:00:00+00:00,0.1467,-23.478,-23.678,False,1439,59.96,2.998
UNIUSDT,2024-04-11 01:00:00+00:00,9.649,2024-05-25 01:00:00+00:00,10.6139,10.0,9.8,True,1056,44.0,3.574
AVAXUSDT,2024-04-11 14:00:00+00:00,46.21,2024-06-10 13:00:00+00:00,32.53,-29.604,-29.804,False,1439,59.96,2.981
OPUSDT,2024-04-12 03:00:00+00:00,2.999,2024-06-11 02:00:00+00:00,2.149,-28.343,-28.543,False,1439,59.96,2.98
ETCUSDT,2024-04-12 13:00:00+00:00,33.45,2024-06-11 12:00:00+00:00,25.7,-23.169,-23.369,False,1439,59.96,3.456
APTUSDT,2024-04-12 16:00:00+00:00,11.2822,2024-06-11 15:00:00+00:00,7.85,-30.421,-30.621,False,1439,59.96,4.163
CHZUSDT,2024-04-12 20:00:00+00:00,0.11579,2024-04-24 04:00:00+00:00,0.127369,10.0,9.8,True,272,11.33,3.374
DOTUSDT,2024-04-12 20:00:00+00:00,6.919,2024-05-21 00:00:00+00:00,7.6109,10.0,9.8,True,916,38.17,6.314
FILUSDT,2024-04-12 20:00:00+00:00,6.36,2024-06-11 19:00:00+00:00,5.432,-14.591,-14.791,False,1439,59.96,6.239
ETHUSDT,2024-04-12 20:00:00+00:00,3206.17,2024-05-20 20:00:00+00:00,3526.7870000000003,10.0,9.8,True,912,38.0,3.797
XRPUSDT,2024-04-12 20:00:00+00:00,0.5363,2024-06-11 19:00:00+00:00,0.4798,-10.535,-10.735,False,1439,59.96,4.928
LTCUSDT,2024-04-12 20:00:00+00:00,85.81,2024-06-11 19:00:00+00:00,77.34,-9.871,-10.071,False,1439,59.96,3.702
ADAUSDT,2024-04-12 20:00:00+00:00,0.4821,2024-06-11 19:00:00+00:00,0.4223,-12.404,-12.604,False,1439,59.96,7.04
UNIUSDT,2024-04-12 20:00:00+00:00,7.841,2024-05-20 20:00:00+00:00,8.625100000000002,10.0,9.8,True,912,38.0,3.313
ENJUSDT,2024-04-12 20:00:00+00:00,0.3537,2024-05-28 00:00:00+00:00,0.38907,10.0,9.8,True,1084,45.17,6.431
DOGEUSDT,2024-04-12 20:00:00+00:00,0.16904,2024-06-11 19:00:00+00:00,0.13794,-18.398,-18.598,False,1439,59.96,4.493
BCHUSDT,2024-04-12 20:00:00+00:00,529.3,2024-06-11 19:00:00+00:00,447.0,-15.549,-15.749,False,1439,59.96,4.342
AAVEUSDT,2024-04-12 20:00:00+00:00,98.18,2024-05-25 11:00:00+00:00,107.99800000000002,10.0,9.8,True,1023,42.62,4.407
SANDUSDT,2024-04-12 20:00:00+00:00,0.5024,2024-06-11 19:00:00+00:00,0.396,-21.178,-21.378,False,1439,59.96,4.129
NEARUSDT,2024-04-12 20:00:00+00:00,5.629,2024-04-20 23:00:00+00:00,6.1919,10.0,9.8,True,195,8.12,4.7
MANAUSDT,2024-04-12 20:00:00+00:00,0.5069,2024-06-11 19:00:00+00:00,0.3964,-21.799,-21.999,False,1439,59.96,6.802
SHIBUSDT,2024-04-12 20:00:00+00:00,2.385e-05,2024-04-20 17:00:00+00:00,2.6235000000000002e-05,10.0,9.8,True,189,7.88,4.582
LINKUSDT,2024-04-12 20:00:00+00:00,14.472,2024-04-22 04:00:00+00:00,15.9192,10.0,9.8,True,224,9.33,9.153
ATOMUSDT,2024-04-12 20:00:00+00:00,9.121,2024-06-11 19:00:00+00:00,7.542,-17.312,-17.512,False,1439,59.96,4.219
APTUSDT,2024-04-12 20:00:00+00:00,9.6502,2024-06-11 19:00:00+00:00,8.01,-16.997,-17.197,False,1439,59.96,4.317
SUIUSDT,2024-04-12 20:00:00+00:00,1.185,2024-04-17 16:00:00+00:00,1.3035,10.0,9.8,True,116,4.83,3.657
XLMUSDT,2024-04-12 20:00:00+00:00,0.1132,2024-06-11 19:00:00+00:00,0.0972,-14.134,-14.334,False,1439,59.96,5.658
ARBUSDT,2024-04-12 20:00:00+00:00,1.1111,2024-04-15 06:00:00+00:00,1.22221,10.0,9.8,True,58,2.42,7.16
OPUSDT,2024-04-12 20:00:00+00:00,2.388,2024-04-27 18:00:00+00:00,2.6268000000000002,10.0,9.8,True,358,14.92,4.936
AVAXUSDT,2024-04-12 20:00:00+00:00,38.48,2024-06-11 19:00:00+00:00,31.6,-17.879,-18.079,False,1439,59.96,6.292
ETCUSDT,2024-04-12 20:00:00+00:00,28.58,2024-05-20 21:00:00+00:00,31.438000000000002,10.0,9.8,True,913,38.04,3.619
AXSUSDT,2024-04-12 20:00:00+00:00,7.84,2024-06-05 14:00:00+00:00,8.624,10.0,9.8,True,1290,53.75,6.617
ATOMUSDT,2024-04-13 17:00:00+00:00,8.716,2024-06-12 16:00:00+00:00,7.833,-10.131,-10.331,False,1439,59.96,2.816
SOLUSDT,2024-04-13 19:00:00+00:00,143.55,2024-04-22 22:00:00+00:00,157.90500000000003,10.0,9.8,True,219,9.12,3.041
DOGEUSDT,2024-04-13 19:00:00+00:00,0.16409,2024-06-12 18:00:00+00:00,0.14713,-10.336,-10.536,False,1439,59.96,2.742
SHIBUSDT,2024-04-13 19:00:00+00:00,2.357e-05,2024-04-20 17:00:00+00:00,2.5927e-05,10.0,9.8,True,166,6.92,2.504
DOTUSDT,2024-04-13 19:00:00+00:00,6.906,2024-05-21 00:00:00+00:00,7.5966000000000005,10.0,9.8,True,893,37.21,2.572
LTCUSDT,2024-04-13 19:00:00+00:00,82.71,2024-06-12 18:00:00+00:00,78.53,-5.054,-5.254,False,1439,59.96,2.601
ARBUSDT,2024-04-13 19:00:00+00:00,1.0974,2024-04-15 06:00:00+00:00,1.20714,10.0,9.8,True,35,1.46,2.654
NEARUSDT,2024-04-13 19:00:00+00:00,5.371,2024-04-20 15:00:00+00:00,5.908100000000001,10.0,9.8,True,164,6.83,3.013
BCHUSDT,2024-04-13 20:00:00+00:00,482.7,2024-04-15 00:00:00+00:00,530.97,10.0,9.8,True,28,1.17,3.672
ATOMUSDT,2024-04-13 20:00:00+00:00,8.059,2024-04-22 03:00:00+00:00,8.8649,10.0,9.8,True,199,8.29,3.856
XRPUSDT,2024-04-13 22:00:00+00:00,0.4609,2024-04-14 23:00:00+00:00,0.50699,10.0,9.8,True,25,1.04,2.503
AAVEUSDT,2024-04-13 22:00:00+00:00,76.98,2024-04-14 04:00:00+00:00,84.67800000000001,10.0,9.8,True,6,0.25,3.809
ETHUSDT,2024-04-13 22:00:00+00:00,2950.61,2024-04-15 06:00:00+00:00,3245.6710000000003,10.0,9.8,True,32,1.33,2.821
LINKUSDT,2024-04-13 22:00:00+00:00,12.745,2024-04-14 22:00:00+00:00,14.0195,10.0,9.8,True,24,1.0,2.884
UNIUSDT,2024-04-13 22:00:00+00:00,6.48,2024-04-14 02:00:00+00:00,7.128000000000001,10.0,9.8,True,4,0.17,6.964
NEARUSDT,2024-04-13 22:00:00+00:00,4.764,2024-04-13 22:00:00+00:00,5.240400000000001,10.0,9.8,True,0,0.0,2.79
AXSUSDT,2024-04-13 22:00:00+00:00,6.67,2024-04-14 22:00:00+00:00,7.337000000000001,10.0,9.8,True,24,1.0,2.625
SHIBUSDT,2024-04-13 22:00:00+00:00,2.024e-05,2024-04-14 05:00:00+00:00,2.2264000000000002e-05,10.0,9.8,True,7,0.29,3.167
BTCUSDT,2024-04-13 22:00:00+00:00,62928.0,2024-05-20 19:00:00+00:00,69220.8,10.0,9.8,True,885,36.88,2.588
DOTUSDT,2024-04-13 22:00:00+00:00,6.181,2024-04-14 08:00:00+00:00,6.799100000000001,10.0,9.8,True,10,0.42,3.107
XLMUSDT,2024-04-13 22:00:00+00:00,0.101,2024-04-14 08:00:00+00:00,0.11110000000000002,10.0,9.8,True,10,0.42,3.331
DOGEUSDT,2024-04-13 22:00:00+00:00,0.14359,2024-04-14 05:00:00+00:00,0.157949,10.0,9.8,True,7,0.29,2.807
MANAUSDT,2024-04-13 22:00:00+00:00,0.4056,2024-04-14 23:00:00+00:00,0.44616000000000006,10.0,9.8,True,25,1.04,2.99
ETCUSDT,2024-04-13 22:00:00+00:00,24.43,2024-04-14 22:00:00+00:00,26.873,10.0,9.8,True,24,1.0,2.843
BCHUSDT,2024-04-16 03:00:00+00:00,490.8,2024-06-15 02:00:00+00:00,425.5,-13.305,-13.505,False,1439,59.96,3.368
SUIUSDT,2024-04-17 14:00:00+00:00,1.2452,2024-04-19 18:00:00+00:00,1.3697200000000003,10.0,9.8,True,52,2.17,7.253
SANDUSDT,2024-04-17 15:00:00+00:00,0.4235,2024-04-20 15:00:00+00:00,0.46585000000000004,10.0,9.8,True,72,3.0,3.742
BCHUSDT,2024-04-17 15:00:00+00:00,457.6,2024-04-20 17:00:00+00:00,503.36000000000007,10.0,9.8,True,74,3.08,3.956
ADAUSDT,2024-04-17 15:00:00+00:00,0.4411,2024-04-20 05:00:00+00:00,0.48521000000000003,10.0,9.8,True,62,2.58,6.067
XLMUSDT,2024-04-17 15:00:00+00:00,0.1074,2024-04-22 20:00:00+00:00,0.11814000000000001,10.0,9.8,True,125,5.21,3.587
AVAXUSDT,2024-04-17 15:00:00+00:00,33.43,2024-04-20 16:00:00+00:00,36.773,10.0,9.8,True,73,3.04,3.027
ATOMUSDT,2024-04-17 15:00:00+00:00,7.984,2024-04-21 20:00:00+00:00,8.7824,10.0,9.8,True,101,4.21,4.16
AXSUSDT,2024-04-17 15:00:00+00:00,6.827,2024-04-20 17:00:00+00:00,7.5097000000000005,10.0,9.8,True,74,3.08,2.651
XRPUSDT,2024-04-17 15:00:00+00:00,0.4863,2024-04-21 07:00:00+00:00,0.53493,10.0,9.8,True,88,3.67,2.671
LTCUSDT,2024-04-17 15:00:00+00:00,77.86,2024-04-20 17:00:00+00:00,85.646,10.0,9.8,True,74,3.08,3.32
ENJUSDT,2024-04-17 15:00:00+00:00,0.3092,2024-04-19 07:00:00+00:00,0.34012,10.0,9.8,True,40,1.67,3.238
MANAUSDT,2024-04-17 15:00:00+00:00,0.4209,2024-04-20 17:00:00+00:00,0.46299,10.0,9.8,True,74,3.08,3.761
APTUSDT,2024-04-17 15:00:00+00:00,9.0914,2024-04-20 17:00:00+00:00,10.00054,10.0,9.8,True,74,3.08,3.642
DOTUSDT,2024-04-17 15:00:00+00:00,6.494,2024-04-20 17:00:00+00:00,7.143400000000001,10.0,9.8,True,74,3.08,3.984
SHIBUSDT,2024-04-17 15:00:00+00:00,2.176e-05,2024-04-20 16:00:00+00:00,2.3936e-05,10.0,9.8,True,73,3.04,4.152
ARBUSDT,2024-04-17 15:00:00+00:00,1.1087,2024-04-20 23:00:00+00:00,1.21957,10.0,9.8,True,80,3.33,3.625
FILUSDT,2024-04-17 15:00:00+00:00,5.771,2024-04-20 15:00:00+00:00,6.3481000000000005,10.0,9.8,True,72,3.0,3.918
OPUSDT,2024-04-17 17:00:00+00:00,2.13,2024-04-20 14:00:00+00:00,2.343,10.0,9.8,True,69,2.88,3.528
FILUSDT,2024-04-17 17:00:00+00:00,5.681,2024-04-19 10:00:00+00:00,6.2491,10.0,9.8,True,41,1.71,3.085
ARBUSDT,2024-04-17 17:00:00+00:00,1.0968,2024-04-20 17:00:00+00:00,1.20648,10.0,9.8,True,72,3.0,3.116
ETHUSDT,2024-04-17 17:00:00+00:00,2951.21,2024-04-23 14:00:00+00:00,3246.331,10.0,9.8,True,141,5.88,2.729
BTCUSDT,2024-04-17 17:00:00+00:00,60194.96,2024-04-22 05:00:00+00:00,66214.456,10.0,9.8,True,108,4.5,3.016
BNBUSDT,2024-04-17 17:00:00+00:00,521.1,2024-04-20 17:00:00+00:00,573.21,10.0,9.8,True,72,3.0,2.523
SANDUSDT,2024-04-17 19:00:00+00:00,0.4397,2024-04-20 18:00:00+00:00,0.48367000000000004,10.0,9.8,True,71,2.96,2.715
XLMUSDT,2024-04-19 03:00:00+00:00,0.1063,2024-04-20 18:00:00+00:00,0.11693000000000002,10.0,9.8,True,39,1.62,3.283
AVAXUSDT,2024-04-19 03:00:00+00:00,32.85,2024-04-19 07:00:00+00:00,36.135000000000005,10.0,9.8,True,4,0.17,2.745
ETHUSDT,2024-04-19 03:00:00+00:00,2943.8,2024-04-23 14:00:00+00:00,3238.1800000000003,10.0,9.8,True,107,4.46,4.381
XRPUSDT,2024-04-19 03:00:00+00:00,0.4782,2024-04-20 17:00:00+00:00,0.52602,10.0,9.8,True,38,1.58,3.779
LTCUSDT,2024-04-19 03:00:00+00:00,77.99,2024-04-20 17:00:00+00:00,85.789,10.0,9.8,True,38,1.58,2.846
NEARUSDT,2024-04-19 03:00:00+00:00,5.407,2024-04-20 15:00:00+00:00,5.9477,10.0,9.8,True,36,1.5,3.109
ATOMUSDT,2024-04-19 03:00:00+00:00,7.815,2024-04-20 17:00:00+00:00,8.5965,10.0,9.8,True,38,1.58,3.218
ETCUSDT,2024-04-19 03:00:00+00:00,24.75,2024-04-20 15:00:00+00:00,27.225,10.0,9.8,True,36,1.5,4.898
OPUSDT,2024-04-19 03:00:00+00:00,2.105,2024-04-19 15:00:00+00:00,2.3155,10.0,9.8,True,12,0.5,5.253
MANAUSDT,2024-04-19 03:00:00+00:00,0.4089,2024-04-20 15:00:00+00:00,0.44979,10.0,9.8,True,36,1.5,5.905
AAVEUSDT,2024-04-19 03:00:00+00:00,81.44,2024-04-20 16:00:00+00:00,89.584,10.0,9.8,True,37,1.54,6.66
BCHUSDT,2024-04-19 03:00:00+00:00,456.7,2024-04-20 12:00:00+00:00,502.37,10.0,9.8,True,33,1.38,3.114
SANDUSDT,2024-04-19 03:00:00+00:00,0.4121,2024-04-20 06:00:00+00:00,0.45331000000000005,10.0,9.8,True,27,1.12,3.408
TRXUSDT,2024-04-19 03:00:00+00:00,0.10628,2024-04-25 15:00:00+00:00,0.11690800000000001,10.0,9.8,True,156,6.5,3.68
BCHUSDT,2024-04-19 07:00:00+00:00,483.5,2024-06-18 06:00:00+00:00,394.0,-18.511,-18.711,False,1439,59.96,2.816
OPUSDT,2024-04-19 07:00:00+00:00,2.255,2024-04-20 17:00:00+00:00,2.4805,10.0,9.8,True,34,1.42,2.526
BCHUSDT,2024-04-20 11:00:00+00:00,480.3,2024-05-21 00:00:00+00:00,528.33,10.0,9.8,True,733,30.54,3.447
ATOMUSDT,2024-04-23 12:00:00+00:00,8.741,2024-06-22 11:00:00+00:00,6.748,-22.801,-23.001,False,1439,59.96,4.299
AAVEUSDT,2024-04-23 15:00:00+00:00,96.14,2024-05-25 02:00:00+00:00,105.754,10.0,9.8,True,755,31.46,2.649
BTCUSDT,2024-04-23 15:00:00+00:00,66909.79,2024-06-22 14:00:00+00:00,64287.96,-3.918,-4.118,False,1439,59.96,2.918
SHIBUSDT,2024-04-23 15:00:00+00:00,2.728e-05,2024-06-22 14:00:00+00:00,1.812e-05,-33.578,-33.778,False,1439,59.96,4.633
APTUSDT,2024-04-24 06:00:00+00:00,9.96,2024-06-23 05:00:00+00:00,6.95,-30.221,-30.421,False,1439,59.96,2.532
LINKUSDT,2024-04-24 17:00:00+00:00,14.818,2024-05-17 07:00:00+00:00,16.2998,10.0,9.8,True,542,22.58,2.588
AVAXUSDT,2024-04-25 06:00:00+00:00,35.68,2024-05-06 08:00:00+00:00,39.248000000000005,10.0,9.8,True,266,11.08,3.819
FILUSDT,2024-04-25 13:00:00+00:00,5.887,2024-06-07 10:00:00+00:00,6.4757,10.0,9.8,True,1029,42.88,2.98
MANAUSDT,2024-04-25 16:00:00+00:00,0.4673,2024-06-24 15:00:00+00:00,0.3224,-31.008,-31.208,False,1439,59.96,5.303
AAVEUSDT,2024-04-26 14:00:00+00:00,90.61,2024-05-21 00:00:00+00:00,99.671,10.0,9.8,True,586,24.42,5.429
AVAXUSDT,2024-04-26 14:00:00+00:00,35.55,2024-05-06 08:00:00+00:00,39.105,10.0,9.8,True,234,9.75,2.929
CHZUSDT,2024-04-26 14:00:00+00:00,0.11851,2024-05-10 00:00:00+00:00,0.130361,10.0,9.8,True,322,13.42,2.556
ENJUSDT,2024-04-26 15:00:00+00:00,0.3295,2024-05-21 17:00:00+00:00,0.36245000000000005,10.0,9.8,True,602,25.08,2.536
ETHUSDT,2024-04-26 15:00:00+00:00,3125.9,2024-05-20 19:00:00+00:00,3438.4900000000002,10.0,9.8,True,580,24.17,2.532
APTUSDT,2024-04-26 22:00:00+00:00,8.95,2024-06-25 21:00:00+00:00,6.99,-21.899,-22.099,False,1439,59.96,2.689
NEARUSDT,2024-04-27 02:00:00+00:00,6.959,2024-05-07 03:00:00+00:00,7.6549000000000005,10.0,9.8,True,241,10.04,2.716
ENJUSDT,2024-04-27 07:00:00+00:00,0.324,2024-05-21 17:00:00+00:00,0.35640000000000005,10.0,9.8,True,586,24.42,3.649
ETCUSDT,2024-04-27 18:00:00+00:00,27.94,2024-05-20 20:00:00+00:00,30.734000000000005,10.0,9.8,True,554,23.08,2.673
CHZUSDT,2024-04-27 19:00:00+00:00,0.11424,2024-05-06 06:00:00+00:00,0.125664,10.0,9.8,True,203,8.46,2.769
AAVEUSDT,2024-04-29 06:00:00+00:00,90.04,2024-05-21 00:00:00+00:00,99.04400000000001,10.0,9.8,True,522,21.75,2.914
AXSUSDT,2024-04-29 06:00:00+00:00,7.127,2024-05-20 20:00:00+00:00,7.839700000000001,10.0,9.8,True,518,21.58,2.801
XRPUSDT,2024-04-29 07:00:00+00:00,0.5017,2024-05-06 15:00:00+00:00,0.5518700000000001,10.0,9.8,True,176,7.33,5.159
ATOMUSDT,2024-04-29 07:00:00+00:00,7.996,2024-05-01 23:00:00+00:00,8.7956,10.0,9.8,True,64,2.67,3.247
XLMUSDT,2024-04-29 07:00:00+00:00,0.1108,2024-06-28 06:00:00+00:00,0.092,-16.968,-17.168,False,1439,59.96,2.944
ADAUSDT,2024-04-29 07:00:00+00:00,0.4499,2024-05-20 21:00:00+00:00,0.49489000000000005,10.0,9.8,True,518,21.58,2.572
BCHUSDT,2024-04-29 07:00:00+00:00,454.9,2024-05-20 10:00:00+00:00,500.39000000000004,10.0,9.8,True,507,21.12,4.387
BNBUSDT,2024-04-29 07:00:00+00:00,586.0,2024-06-04 10:00:00+00:00,644.6,10.0,9.8,True,867,36.12,4.573
MANAUSDT,2024-04-29 07:00:00+00:00,0.4347,2024-06-06 11:00:00+00:00,0.47817,10.0,9.8,True,916,38.17,2.962
DOGEUSDT,2024-04-29 11:00:00+00:00,0.1412,2024-05-04 10:00:00+00:00,0.15532,10.0,9.8,True,119,4.96,4.052
AVAXUSDT,2024-04-29 14:00:00+00:00,33.86,2024-05-04 18:00:00+00:00,37.246,10.0,9.8,True,124,5.17,5.788
BTCUSDT,2024-04-29 14:00:00+00:00,62014.0,2024-05-20 16:00:00+00:00,68215.40000000001,10.0,9.8,True,506,21.08,2.657
LTCUSDT,2024-04-30 12:00:00+00:00,79.69,2024-05-20 22:00:00+00:00,87.659,10.0,9.8,True,490,20.42,2.558
AVAXUSDT,2024-04-30 17:00:00+00:00,32.49,2024-05-03 20:00:00+00:00,35.739000000000004,10.0,9.8,True,75,3.12,2.638
SUIUSDT,2024-04-30 17:00:00+00:00,1.0959,2024-06-29 16:00:00+00:00,0.7971,-27.265,-27.465,False,1439,59.96,2.507
BCHUSDT,2024-04-30 20:00:00+00:00,430.4,2024-05-04 10:00:00+00:00,473.44,10.0,9.8,True,86,3.58,5.185
OPUSDT,2024-04-30 23:00:00+00:00,2.506,2024-05-01 23:00:00+00:00,2.7566,10.0,9.8,True,24,1.0,5.246
ATOMUSDT,2024-04-30 23:00:00+00:00,8.383,2024-05-05 16:00:00+00:00,9.2213,10.0,9.8,True,113,4.71,11.468
DOTUSDT,2024-04-30 23:00:00+00:00,6.393,2024-05-02 11:00:00+00:00,7.0323,10.0,9.8,True,36,1.5,3.385
LTCUSDT,2024-05-01 09:00:00+00:00,76.08,2024-05-06 07:00:00+00:00,83.688,10.0,9.8,True,118,4.92,3.422
ETHUSDT,2024-05-01 09:00:00+00:00,2862.59,2024-05-04 10:00:00+00:00,3148.8490000000006,10.0,9.8,True,73,3.04,3.086
DOGEUSDT,2024-05-01 09:00:00+00:00,0.1243,2024-05-03 12:00:00+00:00,0.13673,10.0,9.8,True,51,2.12,3.386
ETCUSDT,2024-05-01 19:00:00+00:00,25.49,2024-05-06 02:00:00+00:00,28.039,10.0,9.8,True,103,4.29,2.938
BTCUSDT,2024-05-01 19:00:00+00:00,58913.98,2024-05-06 08:00:00+00:00,64805.37800000001,10.0,9.8,True,109,4.54,2.986
DOGEUSDT,2024-05-01 19:00:00+00:00,0.13102,2024-05-03 20:00:00+00:00,0.144122,10.0,9.8,True,49,2.04,3.953
SHIBUSDT,2024-05-01 19:00:00+00:00,2.272e-05,2024-05-04 04:00:00+00:00,2.4992e-05,10.0,9.8,True,57,2.38,3.583
AAVEUSDT,2024-05-01 19:00:00+00:00,83.96,2024-05-06 08:00:00+00:00,92.356,10.0,9.8,True,109,4.54,3.447
ETHUSDT,2024-05-01 19:00:00+00:00,2990.04,2024-05-20 19:00:00+00:00,3289.0440000000003,10.0,9.8,True,456,19.0,3.884
UNIUSDT,2024-05-01 19:00:00+00:00,7.101,2024-05-06 08:00:00+00:00,7.811100000000001,10.0,9.8,True,109,4.54,3.393
NEARUSDT,2024-05-01 19:00:00+00:00,6.326,2024-05-04 10:00:00+00:00,6.958600000000001,10.0,9.8,True,63,2.62,3.81
DOTUSDT,2024-05-03 13:00:00+00:00,7.166,2024-07-02 12:00:00+00:00,6.431,-10.257,-10.457,False,1439,59.96,2.62
ADAUSDT,2024-05-03 13:00:00+00:00,0.4577,2024-05-21 00:00:00+00:00,0.5034700000000001,10.0,9.8,True,419,17.46,2.579
XLMUSDT,2024-05-03 13:00:00+00:00,0.1103,2024-07-02 12:00:00+00:00,0.094,-14.778,-14.978,False,1439,59.96,2.748
SUIUSDT,2024-05-03 13:00:00+00:00,1.1065,2024-07-02 12:00:00+00:00,0.8266,-25.296,-25.496,False,1439,59.96,3.233
ENJUSDT,2024-05-03 13:00:00+00:00,0.305,2024-05-21 00:00:00+00:00,0.3355,10.0,9.8,True,419,17.46,2.716
XLMUSDT,2024-05-03 15:00:00+00:00,0.1108,2024-07-02 14:00:00+00:00,0.0935,-15.614,-15.814,False,1439,59.96,2.619
UNIUSDT,2024-05-05 02:00:00+00:00,7.42,2024-05-18 15:00:00+00:00,8.162,10.0,9.8,True,325,13.54,9.062
SOLUSDT,2024-05-05 06:00:00+00:00,144.48,2024-05-07 09:00:00+00:00,158.928,10.0,9.8,True,51,2.12,2.645
ETHUSDT,2024-05-05 09:00:00+00:00,3155.79,2024-05-20 20:00:00+00:00,3471.369,10.0,9.8,True,371,15.46,4.703
LTCUSDT,2024-05-05 16:00:00+00:00,81.53,2024-07-04 15:00:00+00:00,69.0,-15.369,-15.569,False,1439,59.96,2.61
ENJUSDT,2024-05-05 16:00:00+00:00,0.3111,2024-05-21 13:00:00+00:00,0.34221,10.0,9.8,True,381,15.88,4.348
NEARUSDT,2024-05-06 09:00:00+00:00,7.459,2024-05-16 01:00:00+00:00,8.2049,10.0,9.8,True,232,9.67,2.618
ADAUSDT,2024-05-07 08:00:00+00:00,0.4494,2024-05-20 21:00:00+00:00,0.49434000000000006,10.0,9.8,True,325,13.54,2.506
AXSUSDT,2024-05-08 07:00:00+00:00,7.191,2024-05-21 00:00:00+00:00,7.910100000000001,10.0,9.8,True,305,12.71,2.596
SOLUSDT,2024-05-08 07:00:00+00:00,147.62,2024-05-16 03:00:00+00:00,162.382,10.0,9.8,True,188,7.83,3.379
SANDUSDT,2024-05-08 07:00:00+00:00,0.4289,2024-05-21 00:00:00+00:00,0.47179000000000004,10.0,9.8,True,305,12.71,3.921
XRPUSDT,2024-05-08 08:00:00+00:00,0.5209,2024-07-07 07:00:00+00:00,0.4371,-16.088,-16.288,False,1439,59.96,2.598
BCHUSDT,2024-05-08 08:00:00+00:00,452.3,2024-05-20 10:00:00+00:00,497.53000000000003,10.0,9.8,True,290,12.08,3.013
ATOMUSDT,2024-05-08 11:00:00+00:00,8.941,2024-07-07 10:00:00+00:00,6.05,-32.334,-32.534,False,1439,59.96,4.264
ETCUSDT,2024-05-08 14:00:00+00:00,28.8,2024-05-20 21:00:00+00:00,31.680000000000003,10.0,9.8,True,295,12.29,6.762
DOGEUSDT,2024-05-08 14:00:00+00:00,0.14988,2024-05-20 22:00:00+00:00,0.16486800000000001,10.0,9.8,True,296,12.33,2.583
LTCUSDT,2024-05-08 14:00:00+00:00,81.89,2024-07-07 13:00:00+00:00,63.27,-22.738,-22.938,False,1439,59.96,3.047
ADAUSDT,2024-05-08 15:00:00+00:00,0.4584,2024-05-21 00:00:00+00:00,0.50424,10.0,9.8,True,297,12.38,12.943
MANAUSDT,2024-05-08 16:00:00+00:00,0.4285,2024-05-21 00:00:00+00:00,0.47135000000000005,10.0,9.8,True,296,12.33,3.257
AVAXUSDT,2024-05-08 20:00:00+00:00,34.4,2024-05-20 19:00:00+00:00,37.84,10.0,9.8,True,287,11.96,2.587
CHZUSDT,2024-05-09 09:00:00+00:00,0.12352,2024-05-25 20:00:00+00:00,0.13587200000000002,10.0,9.8,True,395,16.46,2.549
TRXUSDT,2024-05-10 14:00:00+00:00,0.12612,2024-07-09 13:00:00+00:00,0.12884,2.157,1.957,False,1439,59.96,4.608
LTCUSDT,2024-05-10 16:00:00+00:00,80.83,2024-05-20 23:00:00+00:00,88.91300000000001,10.0,9.8,True,247,10.29,3.532
CHZUSDT,2024-05-10 16:00:00+00:00,0.12712,2024-05-25 20:00:00+00:00,0.139832,10.0,9.8,True,364,15.17,2.774
ARBUSDT,2024-05-10 17:00:00+00:00,1.0071,2024-05-20 20:00:00+00:00,1.1078100000000002,10.0,9.8,True,243,10.12,3.379
ETCUSDT,2024-05-10 17:00:00+00:00,26.8,2024-05-20 19:00:00+00:00,29.480000000000004,10.0,9.8,True,242,10.08,3.098
ETHUSDT,2024-05-10 17:00:00+00:00,2921.71,2024-05-20 19:00:00+00:00,3213.8810000000003,10.0,9.8,True,242,10.08,2.92
BNBUSDT,2024-05-10 17:00:00+00:00,586.6,2024-06-04 10:00:00+00:00,645.2600000000001,10.0,9.8,True,593,24.71,2.782
BCHUSDT,2024-05-11 04:00:00+00:00,430.1,2024-05-17 09:00:00+00:00,473.11000000000007,10.0,9.8,True,149,6.21,4.074
DOGEUSDT,2024-05-12 09:00:00+00:00,0.14096,2024-05-13 16:00:00+00:00,0.15505600000000003,10.0,9.8,True,31,1.29,4.201
DOGEUSDT,2024-05-12 11:00:00+00:00,0.14316,2024-05-13 16:00:00+00:00,0.15747600000000003,10.0,9.8,True,29,1.21,2.533
CHZUSDT,2024-05-12 11:00:00+00:00,0.12582,2024-05-25 20:00:00+00:00,0.138402,10.0,9.8,True,321,13.38,2.899
XLMUSDT,2024-05-12 21:00:00+00:00,0.1047,2024-07-11 20:00:00+00:00,0.0893,-14.709,-14.909,False,1439,59.96,5.653
XRPUSDT,2024-05-13 02:00:00+00:00,0.4986,2024-05-21 13:00:00+00:00,0.5484600000000001,10.0,9.8,True,203,8.46,3.365
SHIBUSDT,2024-05-13 04:00:00+00:00,2.184e-05,2024-05-13 13:00:00+00:00,2.4024000000000002e-05,10.0,9.8,True,9,0.38,2.828
BCHUSDT,2024-05-13 04:00:00+00:00,426.5,2024-05-17 07:00:00+00:00,469.15000000000003,10.0,9.8,True,99,4.12,5.069
BCHUSDT,2024-05-13 07:00:00+00:00,432.1,2024-05-17 09:00:00+00:00,475.31000000000006,10.0,9.8,True,98,4.08,2.709
XRPUSDT,2024-05-13 07:00:00+00:00,0.4979,2024-05-21 13:00:00+00:00,0.54769,10.0,9.8,True,198,8.25,2.562
AXSUSDT,2024-05-13 07:00:00+00:00,6.749,2024-05-17 15:00:00+00:00,7.423900000000001,10.0,9.8,True,104,4.33,7.827
NEARUSDT,2024-05-13 07:00:00+00:00,6.806,2024-05-15 13:00:00+00:00,7.486600000000001,10.0,9.8,True,54,2.25,3.017
ADAUSDT,2024-05-13 07:00:00+00:00,0.4396,2024-05-17 10:00:00+00:00,0.48356000000000005,10.0,9.8,True,99,4.12,3.609
LINKUSDT,2024-05-13 08:00:00+00:00,13.487,2024-05-16 19:00:00+00:00,14.835700000000001,10.0,9.8,True,83,3.46,3.031
ETHUSDT,2024-05-13 08:00:00+00:00,2953.99,2024-05-20 19:00:00+00:00,3249.389,10.0,9.8,True,179,7.46,2.591
DOGEUSDT,2024-05-13 09:00:00+00:00,0.14437,2024-05-16 03:00:00+00:00,0.158807,10.0,9.8,True,66,2.75,4.596
AVAXUSDT,2024-05-13 09:00:00+00:00,33.55,2024-05-17 07:00:00+00:00,36.905,10.0,9.8,True,94,3.92,3.626
AAVEUSDT,2024-05-13 09:00:00+00:00,85.19,2024-05-20 19:00:00+00:00,93.709,10.0,9.8,True,178,7.42,4.285
ARBUSDT,2024-05-13 09:00:00+00:00,0.9996,2024-05-20 20:00:00+00:00,1.09956,10.0,9.8,True,179,7.46,2.803
LTCUSDT,2024-05-13 09:00:00+00:00,82.3,2024-07-12 08:00:00+00:00,69.08,-16.063,-16.263,False,1439,59.96,5.501
ATOMUSDT,2024-05-13 09:00:00+00:00,8.629,2024-07-12 08:00:00+00:00,5.969,-30.826,-31.026,False,1439,59.96,3.259
NEARUSDT,2024-05-13 09:00:00+00:00,7.06,2024-05-15 14:00:00+00:00,7.766,10.0,9.8,True,53,2.21,2.722
UNIUSDT,2024-05-13 09:00:00+00:00,7.187,2024-05-18 14:00:00+00:00,7.905700000000001,10.0,9.8,True,125,5.21,3.523
SHIBUSDT,2024-05-13 09:00:00+00:00,2.356e-05,2024-05-20 23:00:00+00:00,2.5916000000000004e-05,10.0,9.8,True,182,7.58,15.717
SOLUSDT,2024-05-13 09:00:00+00:00,144.62,2024-05-16 00:00:00+00:00,159.08200000000002,10.0,9.8,True,63,2.62,3.853
LTCUSDT,2024-05-14 08:00:00+00:00,80.95,2024-05-20 23:00:00+00:00,89.04500000000002,10.0,9.8,True,159,6.62,4.103
ENJUSDT,2024-05-14 10:00:00+00:00,0.2759,2024-05-17 03:00:00+00:00,0.30349,10.0,9.8,True,65,2.71,7.446
ENJUSDT,2024-05-14 12:00:00+00:00,0.2835,2024-05-17 07:00:00+00:00,0.31185,10.0,9.8,True,67,2.79,3.166
SUIUSDT,2024-05-14 13:00:00+00:00,0.9224,2024-05-15 19:00:00+00:00,1.01464,10.0,9.8,True,30,1.25,2.894
ETHUSDT,2024-05-14 13:00:00+00:00,2894.6,2024-05-20 19:00:00+00:00,3184.06,10.0,9.8,True,150,6.25,3.183
BTCUSDT,2024-05-14 13:00:00+00:00,61566.53,2024-05-20 16:00:00+00:00,67723.183,10.0,9.8,True,147,6.12,2.647
ATOMUSDT,2024-05-14 13:00:00+00:00,8.315,2024-07-13 12:00:00+00:00,6.217,-25.232,-25.432,False,1439,59.96,2.598
BTCUSDT,2024-05-14 15:00:00+00:00,61803.74,2024-05-20 16:00:00+00:00,67984.114,10.0,9.8,True,145,6.04,3.118
FILUSDT,2024-05-14 15:00:00+00:00,5.435,2024-05-17 16:00:00+00:00,5.9785,10.0,9.8,True,73,3.04,2.61
CHZUSDT,2024-05-14 15:00:00+00:00,0.11332,2024-05-20 23:00:00+00:00,0.12465200000000001,10.0,9.8,True,152,6.33,2.602
ARBUSDT,2024-05-14 15:00:00+00:00,0.9582,2024-05-17 15:00:00+00:00,1.0540200000000002,10.0,9.8,True,72,3.0,3.556
XLMUSDT,2024-05-14 15:00:00+00:00,0.1027,2024-05-21 00:00:00+00:00,0.11297000000000001,10.0,9.8,True,153,6.38,3.195
UNIUSDT,2024-05-14 15:00:00+00:00,6.895,2024-05-17 16:00:00+00:00,7.5845,10.0,9.8,True,73,3.04,3.99
ETHUSDT,2024-05-14 15:00:00+00:00,2894.29,2024-05-20 19:00:00+00:00,3183.719,10.0,9.8,True,148,6.17,5.22
SUIUSDT,2024-05-14 18:00:00+00:00,0.8975,2024-05-15 18:00:00+00:00,0.9872500000000001,10.0,9.8,True,24,1.0,2.812
XRPUSDT,2024-05-15 08:00:00+00:00,0.4998,2024-05-21 14:00:00+00:00,0.54978,10.0,9.8,True,150,6.25,2.676
DOTUSDT,2024-05-15 09:00:00+00:00,6.583,2024-05-17 07:00:00+00:00,7.241300000000001,10.0,9.8,True,46,1.92,3.932
ATOMUSDT,2024-05-15 13:00:00+00:00,8.266,2024-07-14 12:00:00+00:00,6.118,-25.986,-26.186,False,1439,59.96,4.377
OPUSDT,2024-05-15 13:00:00+00:00,2.437,2024-05-20 19:00:00+00:00,2.6807,10.0,9.8,True,126,5.25,4.288
TRXUSDT,2024-05-16 13:00:00+00:00,0.12522,2024-07-13 01:00:00+00:00,0.137742,10.0,9.8,True,1380,57.5,3.467
SHIBUSDT,2024-05-18 15:00:00+00:00,2.452e-05,2024-05-28 21:00:00+00:00,2.6972000000000002e-05,10.0,9.8,True,246,10.25,3.607
BCHUSDT,2024-05-19 02:00:00+00:00,484.8,2024-07-18 01:00:00+00:00,381.0,-21.411,-21.611,False,1439,59.96,3.659
XLMUSDT,2024-05-19 04:00:00+00:00,0.1082,2024-07-18 03:00:00+00:00,0.1075,-0.647,-0.847,False,1439,59.96,4.342
FILUSDT,2024-05-19 04:00:00+00:00,5.915,2024-06-07 10:00:00+00:00,6.506500000000001,10.0,9.8,True,462,19.25,3.003
APTUSDT,2024-05-19 12:00:00+00:00,8.45,2024-05-21 10:00:00+00:00,9.295,10.0,9.8,True,46,1.92,2.538
DOTUSDT,2024-05-19 12:00:00+00:00,7.104,2024-07-18 11:00:00+00:00,6.193,-12.824,-13.024,False,1439,59.96,2.912
SHIBUSDT,2024-05-19 14:00:00+00:00,2.413e-05,2024-05-21 13:00:00+00:00,2.6543000000000003e-05,10.0,9.8,True,47,1.96,2.662
OPUSDT,2024-05-19 14:00:00+00:00,2.486,2024-05-20 19:00:00+00:00,2.7346000000000004,10.0,9.8,True,29,1.21,2.862
MANAUSDT,2024-05-19 20:00:00+00:00,0.4216,2024-05-20 22:00:00+00:00,0.46376,10.0,9.8,True,26,1.08,3.549
XRPUSDT,2024-05-20 01:00:00+00:00,0.5103,2024-07-13 19:00:00+00:00,0.56133,10.0,9.8,True,1314,54.75,2.525
UNIUSDT,2024-05-20 01:00:00+00:00,7.778,2024-05-20 20:00:00+00:00,8.5558,10.0,9.8,True,19,0.79,8.995
AXSUSDT,2024-05-20 02:00:00+00:00,7.046,2024-05-20 20:00:00+00:00,7.750600000000001,10.0,9.8,True,18,0.75,2.71
MANAUSDT,2024-05-20 06:00:00+00:00,0.4426,2024-06-06 17:00:00+00:00,0.48686,10.0,9.8,True,419,17.46,41.428
AXSUSDT,2024-05-20 06:00:00+00:00,7.32,2024-05-24 20:00:00+00:00,8.052000000000001,10.0,9.8,True,110,4.58,3.061
LINKUSDT,2024-05-20 20:00:00+00:00,17.067,2024-05-27 19:00:00+00:00,18.7737,10.0,9.8,True,167,6.96,3.338
ARBUSDT,2024-05-22 14:00:00+00:00,1.1255,2024-05-23 11:00:00+00:00,1.23805,10.0,9.8,True,21,0.88,2.876
ETHUSDT,2024-05-22 15:00:00+00:00,3744.53,2024-07-21 14:00:00+00:00,3510.74,-6.244,-6.444,False,1439,59.96,2.776
XRPUSDT,2024-05-23 08:00:00+00:00,0.5291,2024-07-16 15:00:00+00:00,0.58201,10.0,9.8,True,1303,54.29,2.57
ADAUSDT,2024-05-23 21:00:00+00:00,0.4586,2024-07-22 20:00:00+00:00,0.4316,-5.887,-6.087,False,1439,59.96,4.884
APTUSDT,2024-05-23 21:00:00+00:00,8.65,2024-05-27 13:00:00+00:00,9.515,10.0,9.8,True,88,3.67,2.544
ATOMUSDT,2024-05-23 21:00:00+00:00,8.252,2024-07-22 20:00:00+00:00,6.382,-22.661,-22.861,False,1439,59.96,3.766
DOTUSDT,2024-05-23 21:00:00+00:00,7.146,2024-07-22 20:00:00+00:00,6.231,-12.804,-13.004,False,1439,59.96,3.717
SOLUSDT,2024-05-23 21:00:00+00:00,172.2,2024-07-22 20:00:00+00:00,182.52,5.993,5.793,False,1439,59.96,2.811
BNBUSDT,2024-05-23 21:00:00+00:00,594.6,2024-06-04 14:00:00+00:00,654.0600000000001,10.0,9.8,True,281,11.71,2.817
ENJUSDT,2024-05-23 21:00:00+00:00,0.3364,2024-05-27 16:00:00+00:00,0.37004,10.0,9.8,True,91,3.79,3.01
AXSUSDT,2024-05-23 21:00:00+00:00,7.472,2024-05-25 00:00:00+00:00,8.2192,10.0,9.8,True,27,1.12,3.26
BTCUSDT,2024-05-23 21:00:00+00:00,67802.89,2024-07-22 20:00:00+00:00,68124.0,0.474,0.274,False,1439,59.96,3.396
CHZUSDT,2024-05-23 22:00:00+00:00,0.11707,2024-05-25 19:00:00+00:00,0.128777,10.0,9.8,True,45,1.88,3.219
LTCUSDT,2024-05-23 22:00:00+00:00,85.17,2024-07-22 21:00:00+00:00,71.67,-15.851,-16.051,False,1439,59.96,2.607
MANAUSDT,2024-05-23 22:00:00+00:00,0.4482,2024-07-22 21:00:00+00:00,0.3455,-22.914,-23.114,False,1439,59.96,3.055
AVAXUSDT,2024-05-23 22:00:00+00:00,38.77,2024-07-22 21:00:00+00:00,32.04,-17.359,-17.559,False,1439,59.96,3.521
SANDUSDT,2024-05-23 22:00:00+00:00,0.4429,2024-06-06 13:00:00+00:00,0.48719000000000007,10.0,9.8,True,327,13.62,2.916
UNIUSDT,2024-05-24 05:00:00+00:00,9.47,2024-05-24 20:00:00+00:00,10.417000000000002,10.0,9.8,True,15,0.62,4.588
AAVEUSDT,2024-05-26 12:00:00+00:00,108.23,2024-07-25 11:00:00+00:00,87.37,-19.274,-19.474,False,1439,59.96,12.717
SUIUSDT,2024-05-26 16:00:00+00:00,1.0362,2024-06-07 04:00:00+00:00,1.13982,10.0,9.8,True,276,11.5,3.125
AVAXUSDT,2024-05-26 16:00:00+00:00,36.87,2024-07-25 15:00:00+00:00,27.04,-26.661,-26.861,False,1439,59.96,3.193
BCHUSDT,2024-05-26 17:00:00+00:00,484.4,2024-07-25 16:00:00+00:00,356.2,-26.466,-26.666,False,1439,59.96,2.706
TRXUSDT,2024-05-27 07:00:00+00:00,0.11244,2024-06-26 08:00:00+00:00,0.123684,10.0,9.8,True,721,30.04,6.369
DOTUSDT,2024-05-27 16:00:00+00:00,7.725,2024-07-26 15:00:00+00:00,5.819,-24.673,-24.873,False,1439,59.96,4.803
NEARUSDT,2024-05-27 16:00:00+00:00,7.932,2024-07-26 15:00:00+00:00,5.735,-27.698,-27.898,False,1439,59.96,2.679
SHIBUSDT,2024-05-28 11:00:00+00:00,2.555e-05,2024-05-29 01:00:00+00:00,2.8105000000000003e-05,10.0,9.8,True,14,0.58,2.877
ARBUSDT,2024-05-28 14:00:00+00:00,1.2032,2024-07-27 13:00:00+00:00,0.7378,-38.68,-38.88,False,1439,59.96,3.002
AXSUSDT,2024-05-28 17:00:00+00:00,7.676,2024-06-03 04:00:00+00:00,8.4436,10.0,9.8,True,131,5.46,2.544
BTCUSDT,2024-05-29 14:00:00+00:00,67879.99,2024-07-28 13:00:00+00:00,67988.01,0.159,-0.041,False,1439,59.96,2.584
SOLUSDT,2024-05-30 08:00:00+00:00,164.99,2024-07-21 20:00:00+00:00,181.48900000000003,10.0,9.8,True,1260,52.5,2.769
DOGEUSDT,2024-05-30 09:00:00+00:00,0.15896,2024-07-29 08:00:00+00:00,0.1341,-15.639,-15.839,False,1439,59.96,3.104
ADAUSDT,2024-05-30 09:00:00+00:00,0.4511,2024-07-29 08:00:00+00:00,0.4203,-6.828,-7.028,False,1439,59.96,2.646
BNBUSDT,2024-05-30 09:00:00+00:00,591.7,2024-06-04 13:00:00+00:00,650.8700000000001,10.0,9.8,True,124,5.17,3.75
XRPUSDT,2024-05-30 09:00:00+00:00,0.5177,2024-07-16 03:00:00+00:00,0.5694700000000001,10.0,9.8,True,1122,46.75,3.243
ETCUSDT,2024-05-30 09:00:00+00:00,29.64,2024-07-29 08:00:00+00:00,23.29,-21.424,-21.624,False,1439,59.96,2.687
SUIUSDT,2024-05-30 09:00:00+00:00,0.9963,2024-06-05 14:00:00+00:00,1.09593,10.0,9.8,True,149,6.21,3.102
ARBUSDT,2024-05-30 09:00:00+00:00,1.1268,2024-07-29 08:00:00+00:00,0.7269,-35.49,-35.69,False,1439,59.96,3.158
SANDUSDT,2024-05-31 11:00:00+00:00,0.4331,2024-06-06 13:00:00+00:00,0.47641,10.0,9.8,True,146,6.08,3.894
MANAUSDT,2024-05-31 11:00:00+00:00,0.4379,2024-06-06 13:00:00+00:00,0.48169000000000006,10.0,9.8,True,146,6.08,2.997
UNIUSDT,2024-05-31 12:00:00+00:00,10.985,2024-07-30 11:00:00+00:00,7.588,-30.924,-31.124,False,1439,59.96,6.636
BTCUSDT,2024-05-31 13:00:00+00:00,68643.59,2024-07-30 12:00:00+00:00,66668.0,-2.878,-3.078,False,1439,59.96,2.788
NEARUSDT,2024-05-31 13:00:00+00:00,7.372,2024-07-30 12:00:00+00:00,5.298,-28.133,-28.333,False,1439,59.96,3.506
ATOMUSDT,2024-05-31 15:00:00+00:00,8.344,2024-07-30 14:00:00+00:00,6.112,-26.75,-26.95,False,1439,59.96,2.772
MANAUSDT,2024-05-31 15:00:00+00:00,0.4352,2024-06-06 11:00:00+00:00,0.47872000000000003,10.0,9.8,True,140,5.83,4.35
MANAUSDT,2024-05-31 17:00:00+00:00,0.4369,2024-06-06 13:00:00+00:00,0.4805900000000001,10.0,9.8,True,140,5.83,3.396
DOGEUSDT,2024-05-31 17:00:00+00:00,0.1572,2024-07-30 16:00:00+00:00,0.12665,-19.434,-19.634,False,1439,59.96,4.11
DOTUSDT,2024-05-31 17:00:00+00:00,6.911,2024-07-30 16:00:00+00:00,5.628,-18.565,-18.765,False,1439,59.96,3.527
LTCUSDT,2024-05-31 17:00:00+00:00,82.87,2024-07-30 16:00:00+00:00,73.06,-11.838,-12.038,False,1439,59.96,3.47
XLMUSDT,2024-05-31 17:00:00+00:00,0.1054,2024-07-30 16:00:00+00:00,0.1025,-2.751,-2.951,False,1439,59.96,3.417
BCHUSDT,2024-05-31 17:00:00+00:00,455.4,2024-06-06 01:00:00+00:00,500.94,10.0,9.8,True,128,5.33,3.126
ENJUSDT,2024-05-31 19:00:00+00:00,0.3184,2024-07-30 18:00:00+00:00,0.1836,-42.337,-42.537,False,1439,59.96,6.673
NEARUSDT,2024-05-31 20:00:00+00:00,7.325,2024-07-30 19:00:00+00:00,5.138,-29.857,-30.057,False,1439,59.96,4.242
APTUSDT,2024-06-02 19:00:00+00:00,8.93,2024-08-01 18:00:00+00:00,6.16,-31.019,-31.219,False,1439,59.96,3.082
MANAUSDT,2024-06-02 19:00:00+00:00,0.447,2024-08-01 18:00:00+00:00,0.296,-33.781,-33.981,False,1439,59.96,3.064
XRPUSDT,2024-06-02 19:00:00+00:00,0.5128,2024-07-13 19:00:00+00:00,0.5640800000000001,10.0,9.8,True,984,41.0,3.164
ENJUSDT,2024-06-02 19:00:00+00:00,0.2979,2024-08-01 18:00:00+00:00,0.1642,-44.881,-45.081,False,1439,59.96,3.393
SHIBUSDT,2024-06-02 19:00:00+00:00,2.443e-05,2024-08-01 18:00:00+00:00,1.507e-05,-38.314,-38.514,False,1439,59.96,2.694
DOGEUSDT,2024-06-02 19:00:00+00:00,0.15593,2024-08-01 18:00:00+00:00,0.11362,-27.134,-27.334,False,1439,59.96,3.045
AXSUSDT,2024-06-03 05:00:00+00:00,8.389,2024-08-02 04:00:00+00:00,5.586,-33.413,-33.613,False,1439,59.96,8.826
SHIBUSDT,2024-06-04 05:00:00+00:00,2.378e-05,2024-06-05 07:00:00+00:00,2.6158000000000003e-05,10.0,9.8,True,26,1.08,9.374
DOGEUSDT,2024-06-04 05:00:00+00:00,0.15818,2024-08-03 04:00:00+00:00,0.11246,-28.904,-29.104,False,1439,59.96,2.653
BCHUSDT,2024-06-04 08:00:00+00:00,468.0,2024-06-07 05:00:00+00:00,514.8000000000001,10.0,9.8,True,69,2.88,4.902
APTUSDT,2024-06-04 12:00:00+00:00,8.8,2024-08-03 11:00:00+00:00,5.95,-32.386,-32.586,False,1439,59.96,3.065
ARBUSDT,2024-06-04 12:00:00+00:00,1.0803,2024-08-03 11:00:00+00:00,0.6151,-43.062,-43.262,False,1439,59.96,5.286
SUIUSDT,2024-06-04 14:00:00+00:00,1.0226,2024-06-06 02:00:00+00:00,1.12486,10.0,9.8,True,36,1.5,3.125
APTUSDT,2024-06-04 15:00:00+00:00,9.0,2024-08-03 14:00:00+00:00,5.89,-34.556,-34.756,False,1439,59.96,3.252
XRPUSDT,2024-06-05 09:00:00+00:00,0.5292,2024-07-16 15:00:00+00:00,0.5821200000000001,10.0,9.8,True,990,41.25,2.771
XRPUSDT,2024-06-06 08:00:00+00:00,0.5248,2024-07-16 14:00:00+00:00,0.5772800000000001,10.0,9.8,True,966,40.25,2.556
ENJUSDT,2024-06-06 12:00:00+00:00,0.3006,2024-08-05 11:00:00+00:00,0.1257,-58.184,-58.384,False,1439,59.96,4.173
ATOMUSDT,2024-06-06 15:00:00+00:00,8.743,2024-08-05 14:00:00+00:00,4.65,-46.815,-47.015,False,1439,59.96,5.601
SOLUSDT,2024-06-06 18:00:00+00:00,171.85,2024-07-29 00:00:00+00:00,189.035,10.0,9.8,True,1254,52.25,3.573
APTUSDT,2024-06-06 21:00:00+00:00,9.07,2024-08-05 20:00:00+00:00,4.97,-45.204,-45.404,False,1439,59.96,2.585
ADAUSDT,2024-06-06 21:00:00+00:00,0.4571,2024-08-05 20:00:00+00:00,0.3139,-31.328,-31.528,False,1439,59.96,3.143
XLMUSDT,2024-06-06 23:00:00+00:00,0.1054,2024-08-05 22:00:00+00:00,0.0887,-15.844,-16.044,False,1439,59.96,3.029
ATOMUSDT,2024-06-07 13:00:00+00:00,8.57,2024-08-06 12:00:00+00:00,4.772,-44.317,-44.517,False,1439,59.96,3.648
AXSUSDT,2024-06-07 13:00:00+00:00,8.31,2024-08-06 12:00:00+00:00,4.385,-47.232,-47.432,False,1439,59.96,3.631
ARBUSDT,2024-06-07 20:00:00+00:00,0.9764,2024-08-06 19:00:00+00:00,0.5079,-47.982,-48.182,False,1439,59.96,3.504
MANAUSDT,2024-06-07 20:00:00+00:00,0.4354,2024-08-06 19:00:00+00:00,0.2643,-39.297,-39.497,False,1439,59.96,2.956
AXSUSDT,2024-06-07 20:00:00+00:00,7.862,2024-08-06 19:00:00+00:00,4.513,-42.597,-42.797,False,1439,59.96,2.515
DOGEUSDT,2024-06-07 20:00:00+00:00,0.14821,2024-08-06 19:00:00+00:00,0.09713,-34.465,-34.665,False,1439,59.96,2.833
BNBUSDT,2024-06-09 03:00:00+00:00,674.3,2024-08-08 02:00:00+00:00,489.5,-27.406,-27.606,False,1439,59.96,3.063
BNBUSDT,2024-06-10 09:00:00+00:00,646.8,2024-08-09 08:00:00+00:00,510.1,-21.135,-21.335,False,1439,59.96,2.883
UNIUSDT,2024-06-10 10:00:00+00:00,9.89,2024-06-14 11:00:00+00:00,10.879000000000001,10.0,9.8,True,97,4.04,2.509
AAVEUSDT,2024-06-10 10:00:00+00:00,92.75,2024-07-14 04:00:00+00:00,102.025,10.0,9.8,True,810,33.75,3.126
ADAUSDT,2024-06-10 10:00:00+00:00,0.4492,2024-08-09 09:00:00+00:00,0.3443,-23.353,-23.553,False,1439,59.96,3.628
OPUSDT,2024-06-10 10:00:00+00:00,2.219,2024-08-09 09:00:00+00:00,1.409,-36.503,-36.703,False,1439,59.96,2.516
ETCUSDT,2024-06-10 11:00:00+00:00,26.85,2024-08-09 10:00:00+00:00,19.46,-27.523,-27.723,False,1439,59.96,2.932
DOGEUSDT,2024-06-10 16:00:00+00:00,0.14707,2024-08-09 15:00:00+00:00,0.10169,-30.856,-31.056,False,1439,59.96,3.421
SOLUSDT,2024-06-10 16:00:00+00:00,162.37,2024-07-21 20:00:00+00:00,178.60700000000003,10.0,9.8,True,988,41.17,3.514
AAVEUSDT,2024-06-10 16:00:00+00:00,93.47,2024-07-14 14:00:00+00:00,102.81700000000001,10.0,9.8,True,814,33.92,6.605
NEARUSDT,2024-06-10 16:00:00+00:00,6.606,2024-08-09 15:00:00+00:00,3.938,-40.388,-40.588,False,1439,59.96,3.196
BCHUSDT,2024-06-10 16:00:00+00:00,473.6,2024-08-09 15:00:00+00:00,343.1,-27.555,-27.755,False,1439,59.96,2.605
ETHUSDT,2024-06-10 16:00:00+00:00,3702.53,2024-08-09 15:00:00+00:00,2557.82,-30.917,-31.117,False,1439,59.96,3.64
OPUSDT,2024-06-11 03:00:00+00:00,2.148,2024-08-10 02:00:00+00:00,1.399,-34.87,-35.07,False,1439,59.96,4.765
ADAUSDT,2024-06-11 03:00:00+00:00,0.435,2024-08-10 02:00:00+00:00,0.3465,-20.345,-20.545,False,1439,59.96,3.326
ARBUSDT,2024-06-11 03:00:00+00:00,0.9478,2024-08-10 02:00:00+00:00,0.5647,-40.42,-40.62,False,1439,59.96,4.023
LTCUSDT,2024-06-11 03:00:00+00:00,78.12,2024-08-10 02:00:00+00:00,60.32,-22.785,-22.985,False,1439,59.96,3.768
ENJUSDT,2024-06-11 03:00:00+00:00,0.2472,2024-08-10 02:00:00+00:00,0.1388,-43.851,-44.051,False,1439,59.96,2.674
SANDUSDT,2024-06-11 03:00:00+00:00,0.4062,2024-08-10 02:00:00+00:00,0.2643,-34.934,-35.134,False,1439,59.96,2.922
ETCUSDT,2024-06-11 03:00:00+00:00,26.12,2024-08-10 02:00:00+00:00,19.42,-25.651,-25.851,False,1439,59.96,3.571
DOGEUSDT,2024-06-11 03:00:00+00:00,0.14209,2024-08-10 02:00:00+00:00,0.10403,-26.786,-26.986,False,1439,59.96,4.187
LINKUSDT,2024-06-11 03:00:00+00:00,15.664,2024-08-10 02:00:00+00:00,10.55,-32.648,-32.848,False,1439,59.96,3.289
NEARUSDT,2024-06-11 03:00:00+00:00,6.244,2024-08-10 02:00:00+00:00,4.041,-35.282,-35.482,False,1439,59.96,3.727
SHIBUSDT,2024-06-11 03:00:00+00:00,2.254e-05,2024-08-10 02:00:00+00:00,1.402e-05,-37.799,-37.999,False,1439,59.96,3.501
AAVEUSDT,2024-06-11 03:00:00+00:00,89.41,2024-07-01 01:00:00+00:00,98.351,10.0,9.8,True,478,19.92,2.623
XLMUSDT,2024-06-11 03:00:00+00:00,0.0989,2024-07-16 15:00:00+00:00,0.10879000000000001,10.0,9.8,True,852,35.5,2.869
APTUSDT,2024-06-11 03:00:00+00:00,8.2,2024-08-10 02:00:00+00:00,5.74,-30.0,-30.2,False,1439,59.96,2.54
AVAXUSDT,2024-06-11 03:00:00+00:00,32.07,2024-08-10 02:00:00+00:00,21.66,-32.46,-32.66,False,1439,59.96,2.612
FILUSDT,2024-06-11 03:00:00+00:00,5.662,2024-08-10 02:00:00+00:00,3.761,-33.575,-33.775,False,1439,59.96,2.735
LTCUSDT,2024-06-11 08:00:00+00:00,78.64,2024-08-10 07:00:00+00:00,60.8,-22.686,-22.886,False,1439,59.96,4.568
ETCUSDT,2024-06-11 16:00:00+00:00,25.26,2024-08-10 15:00:00+00:00,19.37,-23.317,-23.517,False,1439,59.96,4.52
DOTUSDT,2024-06-11 16:00:00+00:00,6.3,2024-06-12 19:00:00+00:00,6.930000000000001,10.0,9.8,True,27,1.12,5.707
ENJUSDT,2024-06-11 16:00:00+00:00,0.2326,2024-08-10 15:00:00+00:00,0.1412,-39.295,-39.495,False,1439,59.96,3.117
MANAUSDT,2024-06-11 16:00:00+00:00,0.39,2024-08-10 15:00:00+00:00,0.2805,-28.077,-28.277,False,1439,59.96,2.744
DOGEUSDT,2024-06-11 16:00:00+00:00,0.1368,2024-06-12 16:00:00+00:00,0.15048000000000003,10.0,9.8,True,24,1.0,6.314
LTCUSDT,2024-06-11 16:00:00+00:00,76.46,2024-08-10 15:00:00+00:00,60.97,-20.259,-20.459,False,1439,59.96,2.533
APTUSDT,2024-06-11 16:00:00+00:00,7.85,2024-08-10 15:00:00+00:00,6.25,-20.382,-20.582,False,1439,59.96,3.468
AAVEUSDT,2024-06-11 16:00:00+00:00,85.93,2024-06-25 14:00:00+00:00,94.52300000000001,10.0,9.8,True,334,13.92,4.06
NEARUSDT,2024-06-11 16:00:00+00:00,6.072,2024-06-12 13:00:00+00:00,6.679200000000001,10.0,9.8,True,21,0.88,2.554
SANDUSDT,2024-06-11 16:00:00+00:00,0.3902,2024-08-10 15:00:00+00:00,0.2682,-31.266,-31.466,False,1439,59.96,3.197
ARBUSDT,2024-06-11 16:00:00+00:00,0.9251,2024-08-10 15:00:00+00:00,0.5733,-38.028,-38.228,False,1439,59.96,3.742
AVAXUSDT,2024-06-11 16:00:00+00:00,31.13,2024-08-10 15:00:00+00:00,21.7,-30.292,-30.492,False,1439,59.96,3.735
BCHUSDT,2024-06-11 16:00:00+00:00,438.4,2024-08-10 15:00:00+00:00,352.2,-19.662,-19.862,False,1439,59.96,2.868
FILUSDT,2024-06-11 16:00:00+00:00,5.419,2024-08-10 15:00:00+00:00,3.765,-30.522,-30.722,False,1439,59.96,2.733
XRPUSDT,2024-06-11 16:00:00+00:00,0.4764,2024-07-13 15:00:00+00:00,0.5240400000000001,10.0,9.8,True,767,31.96,3.81
SOLUSDT,2024-06-11 16:00:00+00:00,147.66,2024-07-16 17:00:00+00:00,162.42600000000002,10.0,9.8,True,841,35.04,4.084
XLMUSDT,2024-06-11 16:00:00+00:00,0.0964,2024-07-13 19:00:00+00:00,0.10604000000000001,10.0,9.8,True,771,32.12,3.94
OPUSDT,2024-06-11 16:00:00+00:00,2.076,2024-08-10 15:00:00+00:00,1.419,-31.647,-31.847,False,1439,59.96,6.994
ATOMUSDT,2024-06-11 16:00:00+00:00,7.461,2024-08-10 15:00:00+00:00,5.163,-30.8,-31.0,False,1439,59.96,3.163
ADAUSDT,2024-06-11 16:00:00+00:00,0.4191,2024-08-10 15:00:00+00:00,0.3457,-17.514,-17.714,False,1439,59.96,4.681
ENJUSDT,2024-06-11 18:00:00+00:00,0.2342,2024-08-10 17:00:00+00:00,0.1419,-39.411,-39.611,False,1439,59.96,2.935
OPUSDT,2024-06-12 02:00:00+00:00,2.042,2024-08-11 01:00:00+00:00,1.451,-28.942,-29.142,False,1439,59.96,3.139
AXSUSDT,2024-06-13 10:00:00+00:00,7.159,2024-08-12 09:00:00+00:00,4.615,-35.536,-35.736,False,1439,59.96,2.503
BCHUSDT,2024-06-13 14:00:00+00:00,447.8,2024-08-12 13:00:00+00:00,337.5,-24.632,-24.832,False,1439,59.96,2.533
DOGEUSDT,2024-06-13 16:00:00+00:00,0.14108,2024-08-12 15:00:00+00:00,0.10714,-24.057,-24.257,False,1439,59.96,2.977
AAVEUSDT,2024-06-13 16:00:00+00:00,83.56,2024-06-25 09:00:00+00:00,91.91600000000001,10.0,9.8,True,281,11.71,3.92
ARBUSDT,2024-06-13 16:00:00+00:00,0.9259,2024-08-12 15:00:00+00:00,0.5877,-36.527,-36.727,False,1439,59.96,2.567
ETHUSDT,2024-06-13 16:00:00+00:00,3441.73,2024-08-12 15:00:00+00:00,2689.2,-21.865,-22.065,False,1439,59.96,3.332
BCHUSDT,2024-06-13 16:00:00+00:00,435.4,2024-08-12 15:00:00+00:00,347.2,-20.257,-20.457,False,1439,59.96,8.087
OPUSDT,2024-06-13 16:00:00+00:00,2.012,2024-08-12 15:00:00+00:00,1.395,-30.666,-30.866,False,1439,59.96,2.552
ATOMUSDT,2024-06-13 17:00:00+00:00,7.477,2024-08-12 16:00:00+00:00,5.086,-31.978,-32.178,False,1439,59.96,2.962
OPUSDT,2024-06-14 02:00:00+00:00,2.001,2024-08-13 01:00:00+00:00,1.382,-30.935,-31.135,False,1439,59.96,4.306
ENJUSDT,2024-06-14 07:00:00+00:00,0.2287,2024-08-13 06:00:00+00:00,0.1393,-39.091,-39.291,False,1439,59.96,2.856
ETHUSDT,2024-06-14 22:00:00+00:00,3504.21,2024-08-13 21:00:00+00:00,2730.0,-22.094,-22.294,False,1439,59.96,2.932
AAVEUSDT,2024-06-16 15:00:00+00:00,84.87,2024-06-25 13:00:00+00:00,93.35700000000001,10.0,9.8,True,214,8.92,2.864
MANAUSDT,2024-06-17 01:00:00+00:00,0.3836,2024-08-16 00:00:00+00:00,0.2688,-29.927,-30.127,False,1439,59.96,2.881
LTCUSDT,2024-06-17 02:00:00+00:00,78.64,2024-08-16 01:00:00+00:00,65.21,-17.078,-17.278,False,1439,59.96,2.633
XRPUSDT,2024-06-17 03:00:00+00:00,0.4869,2024-07-13 15:00:00+00:00,0.53559,10.0,9.8,True,636,26.5,2.573
MANAUSDT,2024-06-17 07:00:00+00:00,0.3698,2024-08-16 06:00:00+00:00,0.2709,-26.744,-26.944,False,1439,59.96,2.712
ETCUSDT,2024-06-17 08:00:00+00:00,24.64,2024-08-16 07:00:00+00:00,18.87,-23.417,-23.617,False,1439,59.96,2.74
SANDUSDT,2024-06-17 08:00:00+00:00,0.3641,2024-08-16 07:00:00+00:00,0.2504,-31.228,-31.428,False,1439,59.96,3.829
ATOMUSDT,2024-06-17 08:00:00+00:00,7.14,2024-08-16 07:00:00+00:00,4.596,-35.63,-35.83,False,1439,59.96,6.31
AXSUSDT,2024-06-17 08:00:00+00:00,6.512,2024-08-16 07:00:00+00:00,4.657,-28.486,-28.686,False,1439,59.96,5.656
XLMUSDT,2024-06-17 09:00:00+00:00,0.0972,2024-07-16 03:00:00+00:00,0.10692,10.0,9.8,True,690,28.75,4.011
DOGEUSDT,2024-06-17 10:00:00+00:00,0.13341,2024-08-16 09:00:00+00:00,0.10168,-23.784,-23.984,False,1439,59.96,3.693
ENJUSDT,2024-06-17 11:00:00+00:00,0.2078,2024-08-16 10:00:00+00:00,0.1323,-36.333,-36.533,False,1439,59.96,4.226
ETHUSDT,2024-06-17 11:00:00+00:00,3519.19,2024-08-16 10:00:00+00:00,2618.31,-25.599,-25.799,False,1439,59.96,3.02
ARBUSDT,2024-06-17 11:00:00+00:00,0.8789,2024-08-16 10:00:00+00:00,0.5419,-38.343,-38.543,False,1439,59.96,3.411
OPUSDT,2024-06-17 11:00:00+00:00,1.979,2024-08-16 10:00:00+00:00,1.274,-35.624,-35.824,False,1439,59.96,2.807
APTUSDT,2024-06-17 11:00:00+00:00,7.51,2024-08-16 10:00:00+00:00,6.12,-18.509,-18.709,False,1439,59.96,3.578
ADAUSDT,2024-06-17 11:00:00+00:00,0.4053,2024-07-13 19:00:00+00:00,0.44583,10.0,9.8,True,632,26.33,3.995
CHZUSDT,2024-06-17 11:00:00+00:00,0.09279,2024-08-16 10:00:00+00:00,0.0532,-42.666,-42.866,False,1439,59.96,2.636
NEARUSDT,2024-06-17 11:00:00+00:00,5.245,2024-07-15 19:00:00+00:00,5.769500000000001,10.0,9.8,True,680,28.33,2.997
MANAUSDT,2024-06-17 11:00:00+00:00,0.3621,2024-08-16 10:00:00+00:00,0.2685,-25.849,-26.049,False,1439,59.96,2.901
ETCUSDT,2024-06-17 11:00:00+00:00,24.34,2024-08-16 10:00:00+00:00,18.77,-22.884,-23.084,False,1439,59.96,3.582
SUIUSDT,2024-06-17 11:00:00+00:00,0.8983,2024-08-12 10:00:00+00:00,0.9881300000000001,10.0,9.8,True,1343,55.96,3.569
AXSUSDT,2024-06-17 11:00:00+00:00,6.374,2024-08-16 10:00:00+00:00,4.645,-27.126,-27.326,False,1439,59.96,3.897
LTCUSDT,2024-06-17 15:00:00+00:00,77.18,2024-08-16 14:00:00+00:00,65.85,-14.68,-14.88,False,1439,59.96,2.717
XLMUSDT,2024-06-17 15:00:00+00:00,0.0985,2024-07-16 15:00:00+00:00,0.10835000000000002,10.0,9.8,True,696,29.0,5.806
FILUSDT,2024-06-17 16:00:00+00:00,4.919,2024-08-16 15:00:00+00:00,3.452,-29.823,-30.023,False,1439,59.96,3.372
SHIBUSDT,2024-06-17 16:00:00+00:00,1.913e-05,2024-08-16 15:00:00+00:00,1.304e-05,-31.835,-32.035,False,1439,59.96,3.177
AXSUSDT,2024-06-17 17:00:00+00:00,6.249,2024-08-16 16:00:00+00:00,4.63,-25.908,-26.108,False,1439,59.96,2.564
BCHUSDT,2024-06-17 17:00:00+00:00,418.7,2024-08-16 16:00:00+00:00,335.5,-19.871,-20.071,False,1439,59.96,3.937
ENJUSDT,2024-06-17 17:00:00+00:00,0.2066,2024-08-16 16:00:00+00:00,0.1308,-36.689,-36.889,False,1439,59.96,3.305
OPUSDT,2024-06-17 17:00:00+00:00,1.965,2024-08-16 16:00:00+00:00,1.257,-36.031,-36.231,False,1439,59.96,3.933
ADAUSDT,2024-06-17 17:00:00+00:00,0.4044,2024-07-13 19:00:00+00:00,0.44484,10.0,9.8,True,626,26.08,6.619
CHZUSDT,2024-06-17 17:00:00+00:00,0.09208,2024-08-16 16:00:00+00:00,0.052,-43.527,-43.727,False,1439,59.96,2.786
NEARUSDT,2024-06-17 17:00:00+00:00,5.192,2024-07-15 19:00:00+00:00,5.711200000000001,10.0,9.8,True,674,28.08,5.384
AVAXUSDT,2024-06-17 17:00:00+00:00,28.17,2024-07-21 15:00:00+00:00,30.987000000000005,10.0,9.8,True,814,33.92,4.82
SOLUSDT,2024-06-17 17:00:00+00:00,143.3,2024-07-15 22:00:00+00:00,157.63000000000002,10.0,9.8,True,677,28.21,2.849
DOTUSDT,2024-06-17 17:00:00+00:00,6.166,2024-08-16 16:00:00+00:00,4.288,-30.457,-30.657,False,1439,59.96,3.027
ETHUSDT,2024-06-17 17:00:00+00:00,3525.51,2024-08-16 16:00:00+00:00,2594.13,-26.418,-26.618,False,1439,59.96,2.633
LINKUSDT,2024-06-17 17:00:00+00:00,14.497,2024-08-16 16:00:00+00:00,10.07,-30.537,-30.737,False,1439,59.96,3.194
LTCUSDT,2024-06-17 17:00:00+00:00,76.81,2024-08-16 16:00:00+00:00,65.86,-14.256,-14.456,False,1439,59.96,3.75
ATOMUSDT,2024-06-17 17:00:00+00:00,7.01,2024-08-16 16:00:00+00:00,4.508,-35.692,-35.892,False,1439,59.96,4.832
ETCUSDT,2024-06-17 17:00:00+00:00,24.14,2024-08-16 16:00:00+00:00,18.62,-22.867,-23.067,False,1439,59.96,4.765
SUIUSDT,2024-06-17 17:00:00+00:00,0.9025,2024-08-12 10:00:00+00:00,0.99275,10.0,9.8,True,1337,55.71,3.319
DOGEUSDT,2024-06-17 17:00:00+00:00,0.13,2024-07-21 20:00:00+00:00,0.14300000000000002,10.0,9.8,True,819,34.12,5.654
SANDUSDT,2024-06-17 17:00:00+00:00,0.3461,2024-08-16 16:00:00+00:00,0.2459,-28.951,-29.151,False,1439,59.96,3.436
MANAUSDT,2024-06-17 17:00:00+00:00,0.3578,2024-08-16 16:00:00+00:00,0.2635,-26.356,-26.556,False,1439,59.96,3.406
ARBUSDT,2024-06-17 17:00:00+00:00,0.8737,2024-08-16 16:00:00+00:00,0.5305,-39.281,-39.481,False,1439,59.96,4.183
BNBUSDT,2024-06-17 17:00:00+00:00,601.9,2024-08-16 16:00:00+00:00,517.8,-13.972,-14.172,False,1439,59.96,2.951
APTUSDT,2024-06-17 17:00:00+00:00,7.53,2024-08-16 16:00:00+00:00,5.82,-22.709,-22.909,False,1439,59.96,4.845
BTCUSDT,2024-06-17 19:00:00+00:00,67101.48,2024-08-16 18:00:00+00:00,59467.0,-11.378,-11.578,False,1439,59.96,3.032
ARBUSDT,2024-06-18 03:00:00+00:00,0.7817,2024-08-17 02:00:00+00:00,0.5342,-31.662,-31.862,False,1439,59.96,2.545
APTUSDT,2024-06-18 03:00:00+00:00,6.82,2024-07-21 21:00:00+00:00,7.502000000000001,10.0,9.8,True,810,33.75,2.617
DOTUSDT,2024-06-18 03:00:00+00:00,5.727,2024-06-27 14:00:00+00:00,6.2997000000000005,10.0,9.8,True,227,9.46,2.759
SOLUSDT,2024-06-18 03:00:00+00:00,134.75,2024-06-27 13:00:00+00:00,148.22500000000002,10.0,9.8,True,226,9.42,2.845
DOGEUSDT,2024-06-18 03:00:00+00:00,0.12172,2024-07-20 15:00:00+00:00,0.133892,10.0,9.8,True,780,32.5,2.529
ETCUSDT,2024-06-18 06:00:00+00:00,22.86,2024-07-23 01:00:00+00:00,25.146,10.0,9.8,True,835,34.79,3.138
SANDUSDT,2024-06-18 13:00:00+00:00,0.3114,2024-06-27 14:00:00+00:00,0.34254,10.0,9.8,True,217,9.04,2.858
BCHUSDT,2024-06-18 15:00:00+00:00,380.9,2024-07-28 18:00:00+00:00,418.99,10.0,9.8,True,963,40.12,2.791
DOTUSDT,2024-06-18 15:00:00+00:00,5.785,2024-06-27 15:00:00+00:00,6.363500000000001,10.0,9.8,True,216,9.0,2.534
LTCUSDT,2024-06-21 10:00:00+00:00,73.15,2024-08-20 09:00:00+00:00,66.33,-9.323,-9.523,False,1439,59.96,2.905
ETHUSDT,2024-06-21 10:00:00+00:00,3514.49,2024-08-20 09:00:00+00:00,2660.48,-24.3,-24.5,False,1439,59.96,3.265
XRPUSDT,2024-06-21 10:00:00+00:00,0.487,2024-07-13 15:00:00+00:00,0.5357000000000001,10.0,9.8,True,533,22.21,2.667
AVAXUSDT,2024-06-22 07:00:00+00:00,25.08,2024-06-27 14:00:00+00:00,27.588,10.0,9.8,True,127,5.29,3.281
NEARUSDT,2024-06-23 01:00:00+00:00,5.396,2024-07-15 22:00:00+00:00,5.9356,10.0,9.8,True,549,22.88,4.358
ETCUSDT,2024-06-23 18:00:00+00:00,22.91,2024-08-22 17:00:00+00:00,19.37,-15.452,-15.652,False,1439,59.96,2.61
AVAXUSDT,2024-06-23 18:00:00+00:00,24.52,2024-06-27 12:00:00+00:00,26.972,10.0,9.8,True,90,3.75,2.882
AAVEUSDT,2024-06-23 19:00:00+00:00,82.63,2024-06-25 04:00:00+00:00,90.893,10.0,9.8,True,33,1.38,3.933
APTUSDT,2024-06-23 21:00:00+00:00,6.75,2024-07-19 16:00:00+00:00,7.425000000000001,10.0,9.8,True,619,25.79,2.914
ARBUSDT,2024-06-23 21:00:00+00:00,0.7879,2024-08-22 20:00:00+00:00,0.5586,-29.103,-29.303,False,1439,59.96,3.208
XLMUSDT,2024-06-23 21:00:00+00:00,0.0901,2024-07-13 05:00:00+00:00,0.09911,10.0,9.8,True,464,19.33,2.727
DOGEUSDT,2024-06-23 21:00:00+00:00,0.12369,2024-07-21 20:00:00+00:00,0.136059,10.0,9.8,True,671,27.96,2.848
SOLUSDT,2024-06-23 21:00:00+00:00,130.55,2024-06-27 13:00:00+00:00,143.60500000000002,10.0,9.8,True,88,3.67,3.317
CHZUSDT,2024-06-23 21:00:00+00:00,0.07636,2024-08-22 20:00:00+00:00,0.0585,-23.389,-23.589,False,1439,59.96,2.548
ATOMUSDT,2024-06-23 21:00:00+00:00,6.713,2024-08-22 20:00:00+00:00,4.685,-30.21,-30.41,False,1439,59.96,2.655
ETCUSDT,2024-06-23 21:00:00+00:00,22.85,2024-07-23 01:00:00+00:00,25.135000000000005,10.0,9.8,True,700,29.17,7.507
DOTUSDT,2024-06-23 21:00:00+00:00,5.66,2024-06-27 14:00:00+00:00,6.226000000000001,10.0,9.8,True,89,3.71,2.579
ENJUSDT,2024-06-23 22:00:00+00:00,0.1894,2024-08-22 21:00:00+00:00,0.1488,-21.436,-21.636,False,1439,59.96,2.518
XRPUSDT,2024-06-24 01:00:00+00:00,0.4789,2024-07-13 15:00:00+00:00,0.52679,10.0,9.8,True,470,19.58,2.686
ENJUSDT,2024-06-24 01:00:00+00:00,0.192,2024-08-23 00:00:00+00:00,0.1499,-21.927,-22.127,False,1439,59.96,3.497
SOLUSDT,2024-06-24 02:00:00+00:00,127.69,2024-06-27 13:00:00+00:00,140.459,10.0,9.8,True,83,3.46,3.246
ETCUSDT,2024-06-24 02:00:00+00:00,22.91,2024-08-23 01:00:00+00:00,19.57,-14.579,-14.779,False,1439,59.96,5.64
NEARUSDT,2024-06-24 02:00:00+00:00,5.335,2024-07-15 22:00:00+00:00,5.8685,10.0,9.8,True,524,21.83,2.963
BNBUSDT,2024-06-24 03:00:00+00:00,573.9,2024-08-23 02:00:00+00:00,583.4,1.655,1.455,False,1439,59.96,3.573
BNBUSDT,2024-06-24 06:00:00+00:00,565.7,2024-08-23 05:00:00+00:00,582.2,2.917,2.717,False,1439,59.96,4.745
LINKUSDT,2024-06-24 06:00:00+00:00,12.991,2024-06-25 22:00:00+00:00,14.2901,10.0,9.8,True,40,1.67,3.048
ETHUSDT,2024-06-24 06:00:00+00:00,3371.33,2024-08-23 05:00:00+00:00,2674.69,-20.664,-20.864,False,1439,59.96,3.37
ETCUSDT,2024-06-24 06:00:00+00:00,22.46,2024-07-23 01:00:00+00:00,24.706000000000003,10.0,9.8,True,691,28.79,6.253
DOGEUSDT,2024-06-24 06:00:00+00:00,0.11833,2024-07-20 15:00:00+00:00,0.13016300000000003,10.0,9.8,True,633,26.38,2.744
MANAUSDT,2024-06-24 06:00:00+00:00,0.3189,2024-07-02 13:00:00+00:00,0.35079000000000005,10.0,9.8,True,199,8.29,3.934
XLMUSDT,2024-06-24 06:00:00+00:00,0.0882,2024-07-13 05:00:00+00:00,0.09702000000000001,10.0,9.8,True,455,18.96,4.96
SANDUSDT,2024-06-24 06:00:00+00:00,0.315,2024-07-18 06:00:00+00:00,0.34650000000000003,10.0,9.8,True,576,24.0,3.011
XRPUSDT,2024-06-24 06:00:00+00:00,0.4701,2024-07-13 09:00:00+00:00,0.5171100000000001,10.0,9.8,True,459,19.12,3.3
ARBUSDT,2024-06-24 06:00:00+00:00,0.7689,2024-06-25 14:00:00+00:00,0.8457900000000002,10.0,9.8,True,32,1.33,3.58
TRXUSDT,2024-06-24 06:00:00+00:00,0.1183,2024-07-06 16:00:00+00:00,0.13013000000000002,10.0,9.8,True,298,12.42,3.528
FILUSDT,2024-06-24 06:00:00+00:00,4.193,2024-07-16 21:00:00+00:00,4.6123,10.0,9.8,True,543,22.62,4.275
AXSUSDT,2024-06-24 06:00:00+00:00,5.667,2024-06-25 11:00:00+00:00,6.233700000000001,10.0,9.8,True,29,1.21,3.442
UNIUSDT,2024-06-24 07:00:00+00:00,9.213,2024-08-23 06:00:00+00:00,6.966,-24.389,-24.589,False,1439,59.96,4.644
SANDUSDT,2024-06-24 08:00:00+00:00,0.3151,2024-07-18 06:00:00+00:00,0.34661000000000003,10.0,9.8,True,574,23.92,3.014
MANAUSDT,2024-06-24 08:00:00+00:00,0.3181,2024-07-02 13:00:00+00:00,0.34991,10.0,9.8,True,197,8.21,3.377
XLMUSDT,2024-06-24 08:00:00+00:00,0.0878,2024-07-13 05:00:00+00:00,0.09658000000000001,10.0,9.8,True,453,18.88,7.121
AXSUSDT,2024-06-24 09:00:00+00:00,5.806,2024-07-18 08:00:00+00:00,6.3866000000000005,10.0,9.8,True,575,23.96,6.155
LINKUSDT,2024-06-24 10:00:00+00:00,13.107,2024-06-27 17:00:00+00:00,14.4177,10.0,9.8,True,79,3.29,5.045
CHZUSDT,2024-06-24 10:00:00+00:00,0.07355,2024-08-23 09:00:00+00:00,0.0594,-19.239,-19.439,False,1439,59.96,4.208
OPUSDT,2024-06-24 10:00:00+00:00,1.69,2024-07-01 03:00:00+00:00,1.859,10.0,9.8,True,161,6.71,4.69
ADAUSDT,2024-06-24 10:00:00+00:00,0.3744,2024-07-02 10:00:00+00:00,0.41184000000000004,10.0,9.8,True,192,8.0,6.0
AAVEUSDT,2024-06-24 10:00:00+00:00,79.44,2024-06-24 17:00:00+00:00,87.384,10.0,9.8,True,7,0.29,3.92
SANDUSDT,2024-06-24 10:00:00+00:00,0.3164,2024-07-18 06:00:00+00:00,0.34804000000000007,10.0,9.8,True,572,23.83,4.921
SOLUSDT,2024-06-24 10:00:00+00:00,126.15,2024-06-25 10:00:00+00:00,138.76500000000001,10.0,9.8,True,24,1.0,3.965
XRPUSDT,2024-06-24 10:00:00+00:00,0.4749,2024-07-13 14:00:00+00:00,0.52239,10.0,9.8,True,460,19.17,4.36
SUIUSDT,2024-06-24 10:00:00+00:00,0.8496,2024-08-10 14:00:00+00:00,0.9345600000000001,10.0,9.8,True,1132,47.17,3.123
TRXUSDT,2024-06-24 11:00:00+00:00,0.11863,2024-07-07 00:00:00+00:00,0.130493,10.0,9.8,True,301,12.54,2.814
FILUSDT,2024-06-24 13:00:00+00:00,4.337,2024-07-17 15:00:00+00:00,4.7707,10.0,9.8,True,554,23.08,4.111
BTCUSDT,2024-06-24 18:00:00+00:00,60244.89,2024-07-19 16:00:00+00:00,66269.379,10.0,9.8,True,598,24.92,3.608
BCHUSDT,2024-06-25 00:00:00+00:00,364.0,2024-06-28 10:00:00+00:00,400.40000000000003,10.0,9.8,True,82,3.42,3.137
XRPUSDT,2024-06-26 11:00:00+00:00,0.4713,2024-07-13 13:00:00+00:00,0.5184300000000001,10.0,9.8,True,410,17.08,2.511
ADAUSDT,2024-06-26 13:00:00+00:00,0.3905,2024-07-13 15:00:00+00:00,0.42955000000000004,10.0,9.8,True,410,17.08,3.948
ATOMUSDT,2024-06-26 18:00:00+00:00,6.811,2024-08-25 17:00:00+00:00,5.036,-26.061,-26.261,False,1439,59.96,2.697
OPUSDT,2024-06-26 18:00:00+00:00,1.737,2024-07-19 16:00:00+00:00,1.9107000000000003,10.0,9.8,True,550,22.92,2.659
SANDUSDT,2024-06-26 18:00:00+00:00,0.3325,2024-08-25 17:00:00+00:00,0.2954,-11.158,-11.358,False,1439,59.96,2.964
ARBUSDT,2024-06-26 18:00:00+00:00,0.8075,2024-08-25 17:00:00+00:00,0.6019,-25.461,-25.661,False,1439,59.96,2.585
ENJUSDT,2024-06-26 18:00:00+00:00,0.2006,2024-08-25 17:00:00+00:00,0.1607,-19.89,-20.09,False,1439,59.96,5.044
ETHUSDT,2024-06-26 18:00:00+00:00,3372.06,2024-08-25 17:00:00+00:00,2771.7,-17.804,-18.004,False,1439,59.96,2.662
ETHUSDT,2024-06-26 20:00:00+00:00,3408.08,2024-08-25 19:00:00+00:00,2766.3,-18.831,-19.031,False,1439,59.96,2.576
DOTUSDT,2024-06-27 07:00:00+00:00,5.801,2024-06-28 11:00:00+00:00,6.381100000000001,10.0,9.8,True,28,1.17,4.425
BCHUSDT,2024-06-27 10:00:00+00:00,377.1,2024-07-28 18:00:00+00:00,414.81000000000006,10.0,9.8,True,752,31.33,2.924
ARBUSDT,2024-06-27 13:00:00+00:00,0.8212,2024-08-26 12:00:00+00:00,0.592,-27.91,-28.11,False,1439,59.96,2.516
ADAUSDT,2024-06-27 13:00:00+00:00,0.384,2024-07-03 00:00:00+00:00,0.42240000000000005,10.0,9.8,True,131,5.46,2.615
NEARUSDT,2024-06-27 13:00:00+00:00,5.247,2024-07-15 19:00:00+00:00,5.7717,10.0,9.8,True,438,18.25,4.401
LINKUSDT,2024-06-27 13:00:00+00:00,13.963,2024-08-26 12:00:00+00:00,12.26,-12.197,-12.397,False,1439,59.96,3.0
ATOMUSDT,2024-06-27 14:00:00+00:00,6.883,2024-08-26 13:00:00+00:00,4.967,-27.837,-28.037,False,1439,59.96,3.392
ENJUSDT,2024-06-28 13:00:00+00:00,0.1926,2024-08-27 12:00:00+00:00,0.1506,-21.807,-22.007,False,1439,59.96,3.043
SOLUSDT,2024-06-28 15:00:00+00:00,141.86,2024-07-15 18:00:00+00:00,156.04600000000002,10.0,9.8,True,411,17.12,2.567
SHIBUSDT,2024-06-28 17:00:00+00:00,1.721e-05,2024-07-15 22:00:00+00:00,1.8931000000000002e-05,10.0,9.8,True,413,17.21,12.947
UNIUSDT,2024-06-28 20:00:00+00:00,9.23,2024-08-27 19:00:00+00:00,6.008,-34.908,-35.108,False,1439,59.96,5.828
MANAUSDT,2024-06-30 02:00:00+00:00,0.3305,2024-07-16 00:00:00+00:00,0.36355000000000004,10.0,9.8,True,382,15.92,2.538
FILUSDT,2024-06-30 03:00:00+00:00,4.312,2024-07-17 14:00:00+00:00,4.743200000000001,10.0,9.8,True,419,17.46,3.359
BNBUSDT,2024-06-30 03:00:00+00:00,569.5,2024-08-29 02:00:00+00:00,539.9,-5.198,-5.398,False,1439,59.96,2.537
SOLUSDT,2024-06-30 03:00:00+00:00,138.93,2024-07-02 18:00:00+00:00,152.823,10.0,9.8,True,63,2.62,2.667
LINKUSDT,2024-06-30 08:00:00+00:00,13.683,2024-07-21 22:00:00+00:00,15.051300000000001,10.0,9.8,True,518,21.58,2.843
XLMUSDT,2024-06-30 08:00:00+00:00,0.0915,2024-07-13 07:00:00+00:00,0.10065,10.0,9.8,True,311,12.96,3.363
BTCUSDT,2024-06-30 08:00:00+00:00,61528.01,2024-07-21 17:00:00+00:00,67680.811,10.0,9.8,True,513,21.38,5.267
AXSUSDT,2024-06-30 08:00:00+00:00,6.018,2024-08-29 07:00:00+00:00,4.707,-21.785,-21.985,False,1439,59.96,2.989
FILUSDT,2024-06-30 08:00:00+00:00,4.438,2024-08-29 07:00:00+00:00,3.711,-16.381,-16.581,False,1439,59.96,5.285
SHIBUSDT,2024-06-30 08:00:00+00:00,1.702e-05,2024-07-15 21:00:00+00:00,1.8722e-05,10.0,9.8,True,373,15.54,2.682
SOLUSDT,2024-06-30 08:00:00+00:00,140.65,2024-07-02 22:00:00+00:00,154.71500000000003,10.0,9.8,True,62,2.58,3.432
APTUSDT,2024-06-30 08:00:00+00:00,6.92,2024-07-22 00:00:00+00:00,7.612,10.0,9.8,True,520,21.67,4.239
SUIUSDT,2024-06-30 08:00:00+00:00,0.7978,2024-07-16 17:00:00+00:00,0.87758,10.0,9.8,True,393,16.38,2.527
NEARUSDT,2024-06-30 08:00:00+00:00,5.036,2024-07-02 19:00:00+00:00,5.5396,10.0,9.8,True,59,2.46,4.203
SANDUSDT,2024-06-30 08:00:00+00:00,0.3302,2024-08-29 07:00:00+00:00,0.2559,-22.502,-22.702,False,1439,59.96,2.701
ETCUSDT,2024-06-30 08:00:00+00:00,23.39,2024-08-29 07:00:00+00:00,18.69,-20.094,-20.294,False,1439,59.96,3.276
ETHUSDT,2024-06-30 08:00:00+00:00,3394.03,2024-08-29 07:00:00+00:00,2547.53,-24.941,-25.141,False,1439,59.96,3.401
OPUSDT,2024-06-30 08:00:00+00:00,1.754,2024-07-19 17:00:00+00:00,1.9294000000000002,10.0,9.8,True,465,19.38,3.391
DOGEUSDT,2024-06-30 08:00:00+00:00,0.12268,2024-07-20 15:00:00+00:00,0.134948,10.0,9.8,True,487,20.29,3.056
XLMUSDT,2024-06-30 23:00:00+00:00,0.0911,2024-07-13 07:00:00+00:00,0.10021000000000001,10.0,9.8,True,296,12.33,2.715
XLMUSDT,2024-07-01 01:00:00+00:00,0.0908,2024-07-13 07:00:00+00:00,0.09988000000000001,10.0,9.8,True,294,12.25,3.488
ETCUSDT,2024-07-01 18:00:00+00:00,23.72,2024-08-30 17:00:00+00:00,18.23,-23.145,-23.345,False,1439,59.96,2.8
AXSUSDT,2024-07-01 19:00:00+00:00,5.99,2024-08-30 18:00:00+00:00,4.81,-19.699,-19.899,False,1439,59.96,2.839
ENJUSDT,2024-07-02 10:00:00+00:00,0.1959,2024-08-31 09:00:00+00:00,0.1412,-27.922,-28.122,False,1439,59.96,2.79
APTUSDT,2024-07-02 15:00:00+00:00,6.89,2024-07-22 00:00:00+00:00,7.579000000000001,10.0,9.8,True,465,19.38,3.205
ARBUSDT,2024-07-02 15:00:00+00:00,0.7772,2024-08-31 14:00:00+00:00,0.5141,-33.852,-34.052,False,1439,59.96,3.089
UNIUSDT,2024-07-02 17:00:00+00:00,8.89,2024-08-31 16:00:00+00:00,5.974,-32.801,-33.001,False,1439,59.96,6.204
AAVEUSDT,2024-07-02 19:00:00+00:00,91.12,2024-07-13 21:00:00+00:00,100.23200000000001,10.0,9.8,True,266,11.08,6.643
BTCUSDT,2024-07-03 11:00:00+00:00,60384.0,2024-07-19 16:00:00+00:00,66422.40000000001,10.0,9.8,True,389,16.21,3.199
BCHUSDT,2024-07-03 11:00:00+00:00,374.5,2024-07-28 18:00:00+00:00,411.95000000000005,10.0,9.8,True,607,25.29,2.667
ATOMUSDT,2024-07-03 11:00:00+00:00,6.613,2024-09-01 10:00:00+00:00,4.474,-32.345,-32.545,False,1439,59.96,3.138
XLMUSDT,2024-07-04 03:00:00+00:00,0.0888,2024-07-13 05:00:00+00:00,0.09768000000000002,10.0,9.8,True,218,9.08,2.558
BTCUSDT,2024-07-04 03:00:00+00:00,58972.13,2024-07-15 23:00:00+00:00,64869.343,10.0,9.8,True,284,11.83,3.588
BNBUSDT,2024-07-04 03:00:00+00:00,538.8,2024-07-19 15:00:00+00:00,592.68,10.0,9.8,True,372,15.5,4.753
AXSUSDT,2024-07-04 03:00:00+00:00,5.49,2024-07-16 01:00:00+00:00,6.039000000000001,10.0,9.8,True,286,11.92,2.693
DOGEUSDT,2024-07-04 03:00:00+00:00,0.11567,2024-07-16 00:00:00+00:00,0.12723700000000002,10.0,9.8,True,285,11.88,3.932
ETHUSDT,2024-07-04 03:00:00+00:00,3228.47,2024-07-22 00:00:00+00:00,3551.317,10.0,9.8,True,429,17.88,2.727
SANDUSDT,2024-07-04 03:00:00+00:00,0.3057,2024-07-15 22:00:00+00:00,0.33627000000000007,10.0,9.8,True,283,11.79,3.451
MANAUSDT,2024-07-04 03:00:00+00:00,0.3144,2024-07-15 01:00:00+00:00,0.34584000000000004,10.0,9.8,True,262,10.92,2.592
AVAXUSDT,2024-07-04 09:00:00+00:00,25.94,2024-07-16 16:00:00+00:00,28.534000000000002,10.0,9.8,True,295,12.29,2.515
BCHUSDT,2024-07-04 09:00:00+00:00,357.4,2024-07-15 22:00:00+00:00,393.14,10.0,9.8,True,277,11.54,2.706
BTCUSDT,2024-07-04 10:00:00+00:00,57748.01,2024-07-15 16:00:00+00:00,63522.81100000001,10.0,9.8,True,270,11.25,2.895
CHZUSDT,2024-07-04 11:00:00+00:00,0.0673,2024-07-16 16:00:00+00:00,0.07403,10.0,9.8,True,293,12.21,3.651
XRPUSDT,2024-07-04 11:00:00+00:00,0.4535,2024-07-13 04:00:00+00:00,0.49885000000000007,10.0,9.8,True,209,8.71,2.619
AXSUSDT,2024-07-04 14:00:00+00:00,5.248,2024-07-15 02:00:00+00:00,5.772800000000001,10.0,9.8,True,252,10.5,3.089
XLMUSDT,2024-07-04 14:00:00+00:00,0.0877,2024-07-13 05:00:00+00:00,0.09647000000000001,10.0,9.8,True,207,8.62,4.423
MANAUSDT,2024-07-04 14:00:00+00:00,0.3004,2024-07-13 09:00:00+00:00,0.33044,10.0,9.8,True,211,8.79,3.272
ADAUSDT,2024-07-04 14:00:00+00:00,0.3805,2024-07-13 05:00:00+00:00,0.41855000000000003,10.0,9.8,True,207,8.62,3.032
OPUSDT,2024-07-04 14:00:00+00:00,1.529,2024-07-10 16:00:00+00:00,1.6819,10.0,9.8,True,146,6.08,2.719
SANDUSDT,2024-07-04 14:00:00+00:00,0.2907,2024-07-14 21:00:00+00:00,0.31977000000000005,10.0,9.8,True,247,10.29,3.478
ATOMUSDT,2024-07-04 14:00:00+00:00,6.154,2024-07-17 06:00:00+00:00,6.7694,10.0,9.8,True,304,12.67,3.067
SOLUSDT,2024-07-04 14:00:00+00:00,133.21,2024-07-14 09:00:00+00:00,146.53100000000003,10.0,9.8,True,235,9.79,2.593
ETHUSDT,2024-07-04 14:00:00+00:00,3126.4,2024-07-15 20:00:00+00:00,3439.0400000000004,10.0,9.8,True,270,11.25,2.744
CHZUSDT,2024-07-04 14:00:00+00:00,0.0653,2024-07-15 22:00:00+00:00,0.07183,10.0,9.8,True,272,11.33,2.571
LTCUSDT,2024-07-04 14:00:00+00:00,68.52,2024-07-29 09:00:00+00:00,75.372,10.0,9.8,True,595,24.79,2.848
TRXUSDT,2024-07-04 14:00:00+00:00,0.12621,2024-07-13 02:00:00+00:00,0.138831,10.0,9.8,True,204,8.5,2.945
DOGEUSDT,2024-07-04 14:00:00+00:00,0.10793,2024-07-15 02:00:00+00:00,0.11872300000000001,10.0,9.8,True,252,10.5,4.909
FILUSDT,2024-07-04 14:00:00+00:00,3.88,2024-07-13 07:00:00+00:00,4.268,10.0,9.8,True,209,8.71,3.613
APTUSDT,2024-07-04 14:00:00+00:00,6.15,2024-07-15 02:00:00+00:00,6.765000000000001,10.0,9.8,True,252,10.5,3.473
BNBUSDT,2024-07-05 01:00:00+00:00,515.0,2024-07-15 12:00:00+00:00,566.5,10.0,9.8,True,251,10.46,3.565
SOLUSDT,2024-07-05 01:00:00+00:00,128.6,2024-07-06 15:00:00+00:00,141.46,10.0,9.8,True,38,1.58,3.621
ETHUSDT,2024-07-05 01:00:00+00:00,3105.33,2024-07-15 19:00:00+00:00,3415.8630000000003,10.0,9.8,True,258,10.75,2.905
ETCUSDT,2024-07-05 04:00:00+00:00,18.83,2024-07-06 00:00:00+00:00,20.713,10.0,9.8,True,20,0.83,9.08
APTUSDT,2024-07-05 04:00:00+00:00,5.32,2024-07-06 16:00:00+00:00,5.852000000000001,10.0,9.8,True,36,1.5,6.043
SOLUSDT,2024-07-05 04:00:00+00:00,123.68,2024-07-05 16:00:00+00:00,136.04800000000003,10.0,9.8,True,12,0.5,2.612
XRPUSDT,2024-07-05 04:00:00+00:00,0.3986,2024-07-06 15:00:00+00:00,0.43846000000000007,10.0,9.8,True,35,1.46,5.603
SUIUSDT,2024-07-05 04:00:00+00:00,0.5927,2024-07-05 18:00:00+00:00,0.65197,10.0,9.8,True,14,0.58,4.236
CHZUSDT,2024-07-05 04:00:00+00:00,0.056,2024-07-05 16:00:00+00:00,0.06160000000000001,10.0,9.8,True,12,0.5,5.735
ARBUSDT,2024-07-05 04:00:00+00:00,0.5906,2024-07-06 14:00:00+00:00,0.64966,10.0,9.8,True,34,1.42,5.376
ENJUSDT,2024-07-05 04:00:00+00:00,0.1398,2024-07-05 12:00:00+00:00,0.15378000000000003,10.0,9.8,True,8,0.33,3.944
DOTUSDT,2024-07-05 04:00:00+00:00,5.05,2024-07-05 11:00:00+00:00,5.555000000000001,10.0,9.8,True,7,0.29,4.751
AAVEUSDT,2024-07-05 04:00:00+00:00,73.74,2024-07-06 00:00:00+00:00,81.114,10.0,9.8,True,20,0.83,5.426
NEARUSDT,2024-07-05 04:00:00+00:00,4.118,2024-07-05 16:00:00+00:00,4.529800000000001,10.0,9.8,True,12,0.5,4.439
SANDUSDT,2024-07-05 04:00:00+00:00,0.2518,2024-07-05 16:00:00+00:00,0.27698000000000006,10.0,9.8,True,12,0.5,5.628
TRXUSDT,2024-07-05 05:00:00+00:00,0.12296,2024-07-11 09:00:00+00:00,0.13525600000000002,10.0,9.8,True,148,6.17,2.637
ADAUSDT,2024-07-05 05:00:00+00:00,0.3325,2024-07-06 16:00:00+00:00,0.3657500000000001,10.0,9.8,True,35,1.46,2.646
BNBUSDT,2024-07-05 05:00:00+00:00,470.3,2024-07-06 15:00:00+00:00,517.33,10.0,9.8,True,34,1.42,3.518
OPUSDT,2024-07-05 05:00:00+00:00,1.31,2024-07-06 16:00:00+00:00,1.4410000000000003,10.0,9.8,True,35,1.46,3.015
ATOMUSDT,2024-07-05 05:00:00+00:00,5.287,2024-07-05 18:00:00+00:00,5.8157000000000005,10.0,9.8,True,13,0.54,2.525
FILUSDT,2024-07-05 05:00:00+00:00,3.422,2024-07-06 15:00:00+00:00,3.7642000000000007,10.0,9.8,True,34,1.42,2.606
UNIUSDT,2024-07-05 05:00:00+00:00,7.086,2024-07-05 16:00:00+00:00,7.794600000000001,10.0,9.8,True,11,0.46,3.364
AVAXUSDT,2024-07-05 05:00:00+00:00,22.78,2024-07-05 13:00:00+00:00,25.058000000000003,10.0,9.8,True,8,0.33,2.837
BCHUSDT,2024-07-05 07:00:00+00:00,293.0,2024-07-05 13:00:00+00:00,322.3,10.0,9.8,True,6,0.25,3.0
BCHUSDT,2024-07-07 15:00:00+00:00,317.4,2024-07-11 12:00:00+00:00,349.14,10.0,9.8,True,93,3.88,2.811
DOGEUSDT,2024-07-07 15:00:00+00:00,0.10587,2024-07-14 23:00:00+00:00,0.11645700000000002,10.0,9.8,True,176,7.33,4.923
AAVEUSDT,2024-07-07 15:00:00+00:00,78.57,2024-07-10 03:00:00+00:00,86.42699999999999,10.0,9.8,True,60,2.5,3.821
ETHUSDT,2024-07-07 22:00:00+00:00,2959.71,2024-07-14 22:00:00+00:00,3255.6810000000005,10.0,9.8,True,168,7.0,2.645
AVAXUSDT,2024-07-08 02:00:00+00:00,25.02,2024-07-15 22:00:00+00:00,27.522000000000002,10.0,9.8,True,188,7.83,3.065
AAVEUSDT,2024-07-08 02:00:00+00:00,77.16,2024-07-09 18:00:00+00:00,84.876,10.0,9.8,True,40,1.67,3.262
BNBUSDT,2024-07-08 02:00:00+00:00,482.3,2024-07-11 09:00:00+00:00,530.5300000000001,10.0,9.8,True,79,3.29,4.583
BCHUSDT,2024-07-08 02:00:00+00:00,305.7,2024-07-08 13:00:00+00:00,336.27000000000004,10.0,9.8,True,11,0.46,2.957
FILUSDT,2024-07-08 02:00:00+00:00,3.53,2024-07-08 08:00:00+00:00,3.883,10.0,9.8,True,6,0.25,4.5
NEARUSDT,2024-07-08 02:00:00+00:00,4.277,2024-07-08 10:00:00+00:00,4.704700000000001,10.0,9.8,True,8,0.33,3.17
SOLUSDT,2024-07-08 02:00:00+00:00,129.72,2024-07-09 06:00:00+00:00,142.692,10.0,9.8,True,28,1.17,3.116
LINKUSDT,2024-07-08 02:00:00+00:00,12.102,2024-07-08 08:00:00+00:00,13.3122,10.0,9.8,True,6,0.25,3.727
LTCUSDT,2024-07-08 02:00:00+00:00,60.61,2024-07-08 09:00:00+00:00,66.671,10.0,9.8,True,7,0.29,3.17
DOGEUSDT,2024-07-08 02:00:00+00:00,0.10097,2024-07-08 09:00:00+00:00,0.11106700000000001,10.0,9.8,True,7,0.29,3.947
ADAUSDT,2024-07-08 02:00:00+00:00,0.3379,2024-07-08 08:00:00+00:00,0.37169,10.0,9.8,True,6,0.25,4.683
BNBUSDT,2024-07-08 05:00:00+00:00,504.3,2024-07-15 03:00:00+00:00,554.73,10.0,9.8,True,166,6.92,3.183
DOTUSDT,2024-07-08 05:00:00+00:00,6.011,2024-09-06 04:00:00+00:00,4.053,-32.574,-32.774,False,1439,59.96,6.458
XLMUSDT,2024-07-08 05:00:00+00:00,0.0834,2024-07-12 09:00:00+00:00,0.09174000000000002,10.0,9.8,True,100,4.17,2.573
XRPUSDT,2024-07-08 08:00:00+00:00,0.4228,2024-07-12 08:00:00+00:00,0.46508000000000005,10.0,9.8,True,96,4.0,2.567
DOGEUSDT,2024-07-08 09:00:00+00:00,0.11006,2024-07-15 16:00:00+00:00,0.12106600000000002,10.0,9.8,True,175,7.29,2.821
SANDUSDT,2024-07-08 09:00:00+00:00,0.3,2024-07-15 07:00:00+00:00,0.33,10.0,9.8,True,166,6.92,4.322
BTCUSDT,2024-07-08 09:00:00+00:00,57791.99,2024-07-15 16:00:00+00:00,63571.189000000006,10.0,9.8,True,175,7.29,3.626
ARBUSDT,2024-07-08 09:00:00+00:00,0.6798,2024-07-15 20:00:00+00:00,0.74778,10.0,9.8,True,179,7.46,2.655
SUIUSDT,2024-07-08 09:00:00+00:00,0.6839,2024-07-09 20:00:00+00:00,0.75229,10.0,9.8,True,35,1.46,4.325
ETHUSDT,2024-07-08 09:00:00+00:00,3057.25,2024-07-15 06:00:00+00:00,3362.9750000000004,10.0,9.8,True,165,6.88,3.778
MANAUSDT,2024-07-08 09:00:00+00:00,0.3108,2024-07-14 22:00:00+00:00,0.3418800000000001,10.0,9.8,True,157,6.54,2.612
AXSUSDT,2024-07-08 09:00:00+00:00,5.26,2024-07-15 03:00:00+00:00,5.7860000000000005,10.0,9.8,True,162,6.75,2.688
SOLUSDT,2024-07-08 09:00:00+00:00,140.54,2024-07-15 16:00:00+00:00,154.594,10.0,9.8,True,175,7.29,4.048
DOTUSDT,2024-07-09 06:00:00+00:00,6.038,2024-09-07 05:00:00+00:00,4.038,-33.124,-33.324,False,1439,59.96,5.336
DOTUSDT,2024-07-11 17:00:00+00:00,6.007,2024-09-09 16:00:00+00:00,4.251,-29.233,-29.433,False,1439,59.96,2.828
LINKUSDT,2024-07-12 11:00:00+00:00,12.404,2024-07-15 01:00:00+00:00,13.644400000000001,10.0,9.8,True,62,2.58,2.761
DOTUSDT,2024-07-12 11:00:00+00:00,5.84,2024-07-15 02:00:00+00:00,6.424,10.0,9.8,True,63,2.62,2.72
DOTUSDT,2024-07-12 13:00:00+00:00,5.887,2024-07-15 02:00:00+00:00,6.4757,10.0,9.8,True,61,2.54,3.029
DOTUSDT,2024-07-12 15:00:00+00:00,6.003,2024-09-10 14:00:00+00:00,4.232,-29.502,-29.702,False,1439,59.96,2.962
AAVEUSDT,2024-07-13 17:00:00+00:00,98.76,2024-07-31 13:00:00+00:00,108.63600000000001,10.0,9.8,True,428,17.83,4.385
ARBUSDT,2024-07-13 23:00:00+00:00,0.7034,2024-07-15 22:00:00+00:00,0.7737400000000001,10.0,9.8,True,47,1.96,2.612
OPUSDT,2024-07-14 01:00:00+00:00,1.723,2024-07-19 16:00:00+00:00,1.8953000000000002,10.0,9.8,True,135,5.62,4.795
OPUSDT,2024-07-16 15:00:00+00:00,1.783,2024-07-20 07:00:00+00:00,1.9613,10.0,9.8,True,88,3.67,4.309
DOTUSDT,2024-07-16 15:00:00+00:00,6.408,2024-09-14 14:00:00+00:00,4.396,-31.398,-31.598,False,1439,59.96,3.197
BCHUSDT,2024-07-16 17:00:00+00:00,388.2,2024-07-29 03:00:00+00:00,427.02000000000004,10.0,9.8,True,298,12.42,2.566
CHZUSDT,2024-07-16 17:00:00+00:00,0.0739,2024-09-14 16:00:00+00:00,0.0536,-27.47,-27.67,False,1439,59.96,2.765
AXSUSDT,2024-07-18 02:00:00+00:00,6.274,2024-09-16 01:00:00+00:00,4.496,-28.339,-28.539,False,1439,59.96,4.231
SHIBUSDT,2024-07-18 13:00:00+00:00,1.685e-05,2024-09-16 12:00:00+00:00,1.323e-05,-21.484,-21.684,False,1439,59.96,5.886
ATOMUSDT,2024-07-18 14:00:00+00:00,6.467,2024-09-16 13:00:00+00:00,3.977,-38.503,-38.703,False,1439,59.96,2.604
BNBUSDT,2024-07-18 17:00:00+00:00,571.0,2024-09-16 16:00:00+00:00,533.0,-6.655,-6.855,False,1439,59.96,3.246
SUIUSDT,2024-07-18 17:00:00+00:00,0.8177,2024-07-22 00:00:00+00:00,0.8994700000000001,10.0,9.8,True,79,3.29,2.933
ARBUSDT,2024-07-18 17:00:00+00:00,0.7473,2024-07-23 10:00:00+00:00,0.82203,10.0,9.8,True,113,4.71,2.938
BCHUSDT,2024-07-18 18:00:00+00:00,381.4,2024-07-28 18:00:00+00:00,419.54,10.0,9.8,True,240,10.0,2.943
SUIUSDT,2024-07-18 20:00:00+00:00,0.7986,2024-07-20 07:00:00+00:00,0.87846,10.0,9.8,True,35,1.46,2.724
AXSUSDT,2024-07-19 01:00:00+00:00,6.134,2024-09-17 00:00:00+00:00,4.472,-27.095,-27.295,False,1439,59.96,2.804
CHZUSDT,2024-07-19 03:00:00+00:00,0.0708,2024-09-17 02:00:00+00:00,0.0511,-27.825,-28.025,False,1439,59.96,2.816
OPUSDT,2024-07-21 07:00:00+00:00,1.897,2024-09-19 06:00:00+00:00,1.554,-18.081,-18.281,False,1439,59.96,2.95
LINKUSDT,2024-07-21 10:00:00+00:00,14.253,2024-09-19 09:00:00+00:00,11.2,-21.42,-21.62,False,1439,59.96,3.729
OPUSDT,2024-07-21 15:00:00+00:00,1.927,2024-09-19 14:00:00+00:00,1.575,-18.267,-18.467,False,1439,59.96,3.261
AAVEUSDT,2024-07-21 15:00:00+00:00,97.32,2024-07-31 01:00:00+00:00,107.052,10.0,9.8,True,226,9.42,2.773
MANAUSDT,2024-07-21 16:00:00+00:00,0.3541,2024-09-19 15:00:00+00:00,0.2914,-17.707,-17.907,False,1439,59.96,3.519
ETCUSDT,2024-07-21 18:00:00+00:00,23.42,2024-09-19 17:00:00+00:00,19.05,-18.659,-18.859,False,1439,59.96,3.207
AXSUSDT,2024-07-21 19:00:00+00:00,6.188,2024-09-19 18:00:00+00:00,4.933,-20.281,-20.481,False,1439,59.96,4.587
MANAUSDT,2024-07-21 19:00:00+00:00,0.3487,2024-09-19 18:00:00+00:00,0.2928,-16.031,-16.231,False,1439,59.96,5.202
ENJUSDT,2024-07-21 19:00:00+00:00,0.1956,2024-09-19 18:00:00+00:00,0.1503,-23.16,-23.36,False,1439,59.96,2.614
NEARUSDT,2024-07-21 19:00:00+00:00,6.063,2024-09-19 18:00:00+00:00,4.478,-26.142,-26.342,False,1439,59.96,4.447
DOGEUSDT,2024-07-21 19:00:00+00:00,0.12858,2024-07-21 20:00:00+00:00,0.141438,10.0,9.8,True,1,0.04,4.598
AAVEUSDT,2024-07-21 19:00:00+00:00,96.26,2024-07-29 22:00:00+00:00,105.88600000000001,10.0,9.8,True,195,8.12,4.866
DOTUSDT,2024-07-21 21:00:00+00:00,6.372,2024-09-19 20:00:00+00:00,4.294,-32.611,-32.811,False,1439,59.96,2.748
SHIBUSDT,2024-07-21 21:00:00+00:00,1.819e-05,2024-09-19 20:00:00+00:00,1.413e-05,-22.32,-22.52,False,1439,59.96,5.272
ATOMUSDT,2024-07-21 21:00:00+00:00,6.488,2024-09-19 20:00:00+00:00,4.498,-30.672,-30.872,False,1439,59.96,2.516
FILUSDT,2024-07-22 15:00:00+00:00,4.625,2024-09-20 14:00:00+00:00,3.741,-19.114,-19.314,False,1439,59.96,3.265
ARBUSDT,2024-07-23 02:00:00+00:00,0.7835,2024-09-21 01:00:00+00:00,0.5728,-26.892,-27.092,False,1439,59.96,4.881
OPUSDT,2024-07-23 09:00:00+00:00,1.934,2024-09-21 08:00:00+00:00,1.651,-14.633,-14.833,False,1439,59.96,3.522
AAVEUSDT,2024-07-23 09:00:00+00:00,96.19,2024-07-29 22:00:00+00:00,105.80900000000001,10.0,9.8,True,157,6.54,2.862
NEARUSDT,2024-07-23 14:00:00+00:00,5.812,2024-09-21 13:00:00+00:00,4.538,-21.92,-22.12,False,1439,59.96,3.077
BCHUSDT,2024-07-23 18:00:00+00:00,364.3,2024-07-28 15:00:00+00:00,400.73,10.0,9.8,True,117,4.88,3.939
ADAUSDT,2024-07-24 08:00:00+00:00,0.4196,2024-09-22 07:00:00+00:00,0.3535,-15.753,-15.953,False,1439,59.96,3.887
AVAXUSDT,2024-07-24 09:00:00+00:00,30.06,2024-09-22 08:00:00+00:00,27.35,-9.015,-9.215,False,1439,59.96,2.555
BCHUSDT,2024-07-25 02:00:00+00:00,356.9,2024-07-27 14:00:00+00:00,392.59000000000003,10.0,9.8,True,60,2.5,6.757
NEARUSDT,2024-07-25 02:00:00+00:00,5.658,2024-09-23 01:00:00+00:00,4.534,-19.866,-20.066,False,1439,59.96,5.136
DOTUSDT,2024-07-25 02:00:00+00:00,5.661,2024-09-23 01:00:00+00:00,4.373,-22.752,-22.952,False,1439,59.96,5.24
AAVEUSDT,2024-07-25 13:00:00+00:00,86.03,2024-07-25 14:00:00+00:00,94.63300000000001,10.0,9.8,True,1,0.04,3.827
XLMUSDT,2024-07-27 20:00:00+00:00,0.1019,2024-09-25 19:00:00+00:00,0.0959,-5.888,-6.088,False,1439,59.96,4.521
APTUSDT,2024-07-27 21:00:00+00:00,7.13,2024-09-21 12:00:00+00:00,7.843000000000001,10.0,9.8,True,1335,55.62,5.787
ENJUSDT,2024-07-27 21:00:00+00:00,0.1868,2024-09-25 20:00:00+00:00,0.1607,-13.972,-14.172,False,1439,59.96,3.404
AXSUSDT,2024-07-28 15:00:00+00:00,5.918,2024-09-26 14:00:00+00:00,5.307,-10.324,-10.524,False,1439,59.96,2.644
FILUSDT,2024-07-28 19:00:00+00:00,4.485,2024-09-26 18:00:00+00:00,4.111,-8.339,-8.539,False,1439,59.96,14.217
MANAUSDT,2024-07-29 01:00:00+00:00,0.3403,2024-09-27 00:00:00+00:00,0.3255,-4.349,-4.549,False,1439,59.96,2.869
APTUSDT,2024-07-29 01:00:00+00:00,6.92,2024-09-21 09:00:00+00:00,7.612,10.0,9.8,True,1304,54.33,2.669
NEARUSDT,2024-07-29 01:00:00+00:00,5.509,2024-09-27 00:00:00+00:00,5.554,0.817,0.617,False,1439,59.96,3.131
AVAXUSDT,2024-07-29 01:00:00+00:00,27.64,2024-09-27 00:00:00+00:00,29.24,5.789,5.589,False,1439,59.96,2.706
XLMUSDT,2024-07-29 01:00:00+00:00,0.1005,2024-09-27 00:00:00+00:00,0.0983,-2.189,-2.389,False,1439,59.96,3.232
SANDUSDT,2024-07-29 01:00:00+00:00,0.3327,2024-09-27 00:00:00+00:00,0.2921,-12.203,-12.403,False,1439,59.96,2.754
OPUSDT,2024-07-29 01:00:00+00:00,1.721,2024-09-27 00:00:00+00:00,1.771,2.905,2.705,False,1439,59.96,3.625
LINKUSDT,2024-07-29 01:00:00+00:00,13.54,2024-09-27 00:00:00+00:00,12.58,-7.09,-7.29,False,1439,59.96,5.767
CHZUSDT,2024-07-29 03:00:00+00:00,0.0704,2024-09-27 02:00:00+00:00,0.0705,0.142,-0.058,False,1439,59.96,2.612
AXSUSDT,2024-07-29 03:00:00+00:00,6.127,2024-09-27 02:00:00+00:00,5.292,-13.628,-13.828,False,1439,59.96,2.874
SUIUSDT,2024-07-29 03:00:00+00:00,0.779,2024-08-08 23:00:00+00:00,0.8569000000000001,10.0,9.8,True,260,10.83,3.891
TRXUSDT,2024-07-29 16:00:00+00:00,0.1368,2024-08-20 12:00:00+00:00,0.15048000000000003,10.0,9.8,True,524,21.83,3.195
BNBUSDT,2024-07-29 18:00:00+00:00,576.7,2024-09-27 17:00:00+00:00,610.0,5.774,5.574,False,1439,59.96,2.544
BTCUSDT,2024-07-30 15:00:00+00:00,65810.01,2024-09-28 14:00:00+00:00,65720.74,-0.136,-0.336,False,1439,59.96,2.887
AVAXUSDT,2024-07-31 05:00:00+00:00,26.01,2024-09-20 08:00:00+00:00,28.611000000000004,10.0,9.8,True,1227,51.12,8.232
BCHUSDT,2024-07-31 17:00:00+00:00,426.7,2024-09-29 16:00:00+00:00,349.2,-18.163,-18.363,False,1439,59.96,2.663
LTCUSDT,2024-07-31 19:00:00+00:00,71.63,2024-09-29 18:00:00+00:00,69.83,-2.513,-2.713,False,1439,59.96,2.626
MANAUSDT,2024-07-31 19:00:00+00:00,0.3205,2024-09-29 18:00:00+00:00,0.3277,2.246,2.046,False,1439,59.96,3.27
FILUSDT,2024-07-31 22:00:00+00:00,4.252,2024-09-29 21:00:00+00:00,4.115,-3.222,-3.422,False,1439,59.96,3.346
ETCUSDT,2024-07-31 22:00:00+00:00,21.89,2024-09-29 21:00:00+00:00,20.65,-5.665,-5.865,False,1439,59.96,3.52
UNIUSDT,2024-08-01 01:00:00+00:00,7.259,2024-09-30 00:00:00+00:00,7.464,2.824,2.624,False,1439,59.96,3.318
ETCUSDT,2024-08-01 02:00:00+00:00,22.09,2024-09-30 01:00:00+00:00,19.96,-9.642,-9.842,False,1439,59.96,3.229
BCHUSDT,2024-08-01 06:00:00+00:00,419.2,2024-09-30 05:00:00+00:00,347.4,-17.128,-17.328,False,1439,59.96,3.054
AAVEUSDT,2024-08-01 12:00:00+00:00,113.48,2024-08-20 03:00:00+00:00,124.82800000000002,10.0,9.8,True,447,18.62,8.795
XLMUSDT,2024-08-01 17:00:00+00:00,0.0969,2024-09-30 16:00:00+00:00,0.1,3.199,2.999,False,1439,59.96,3.062
DOGEUSDT,2024-08-01 17:00:00+00:00,0.11526,2024-09-27 14:00:00+00:00,0.126786,10.0,9.8,True,1365,56.88,3.657
AVAXUSDT,2024-08-01 17:00:00+00:00,24.53,2024-08-23 21:00:00+00:00,26.983000000000004,10.0,9.8,True,532,22.17,2.615
MANAUSDT,2024-08-01 19:00:00+00:00,0.2961,2024-09-26 16:00:00+00:00,0.32571,10.0,9.8,True,1341,55.88,2.656
SHIBUSDT,2024-08-01 19:00:00+00:00,1.507e-05,2024-09-26 06:00:00+00:00,1.6577e-05,10.0,9.8,True,1331,55.46,3.493
APTUSDT,2024-08-01 19:00:00+00:00,6.16,2024-08-12 12:00:00+00:00,6.776000000000001,10.0,9.8,True,257,10.71,2.57
FILUSDT,2024-08-01 19:00:00+00:00,4.001,2024-09-30 18:00:00+00:00,3.908,-2.324,-2.524,False,1439,59.96,4.401
ETCUSDT,2024-08-01 19:00:00+00:00,20.61,2024-09-30 18:00:00+00:00,19.7,-4.415,-4.615,False,1439,59.96,3.356
ATOMUSDT,2024-08-01 19:00:00+00:00,5.574,2024-09-30 18:00:00+00:00,4.842,-13.132,-13.332,False,1439,59.96,2.809
DOTUSDT,2024-08-01 19:00:00+00:00,5.141,2024-09-30 18:00:00+00:00,4.536,-11.768,-11.968,False,1439,59.96,2.753
AXSUSDT,2024-08-01 19:00:00+00:00,5.317,2024-09-30 18:00:00+00:00,5.113,-3.837,-4.037,False,1439,59.96,3.075
SANDUSDT,2024-08-01 19:00:00+00:00,0.2888,2024-09-30 18:00:00+00:00,0.2736,-5.263,-5.463,False,1439,59.96,3.114
DOGEUSDT,2024-08-01 19:00:00+00:00,0.11362,2024-09-27 08:00:00+00:00,0.12498200000000001,10.0,9.8,True,1357,56.54,3.005
MANAUSDT,2024-08-02 14:00:00+00:00,0.3018,2024-09-27 06:00:00+00:00,0.33198000000000005,10.0,9.8,True,1336,55.67,4.722
XLMUSDT,2024-08-02 16:00:00+00:00,0.0949,2024-08-07 20:00:00+00:00,0.10439000000000001,10.0,9.8,True,124,5.17,4.897
ADAUSDT,2024-08-02 16:00:00+00:00,0.368,2024-09-27 01:00:00+00:00,0.40480000000000005,10.0,9.8,True,1329,55.38,6.901
SHIBUSDT,2024-08-02 16:00:00+00:00,1.505e-05,2024-09-26 06:00:00+00:00,1.6555e-05,10.0,9.8,True,1310,54.58,5.771
ATOMUSDT,2024-08-02 16:00:00+00:00,5.361,2024-10-01 15:00:00+00:00,4.566,-14.829,-15.029,False,1439,59.96,4.157
SANDUSDT,2024-08-02 16:00:00+00:00,0.2875,2024-10-01 15:00:00+00:00,0.2595,-9.739,-9.939,False,1439,59.96,5.59
SUIUSDT,2024-08-02 16:00:00+00:00,0.6602,2024-08-08 18:00:00+00:00,0.7262200000000001,10.0,9.8,True,146,6.08,3.267
DOGEUSDT,2024-08-02 16:00:00+00:00,0.1133,2024-09-27 08:00:00+00:00,0.12463,10.0,9.8,True,1336,55.67,5.567
ENJUSDT,2024-08-02 16:00:00+00:00,0.1664,2024-09-30 06:00:00+00:00,0.18304,10.0,9.8,True,1406,58.58,3.229
UNIUSDT,2024-08-02 16:00:00+00:00,6.722,2024-09-27 03:00:00+00:00,7.394200000000001,10.0,9.8,True,1331,55.46,6.196
OPUSDT,2024-08-02 16:00:00+00:00,1.492,2024-08-24 16:00:00+00:00,1.6412000000000002,10.0,9.8,True,528,22.0,6.323
AVAXUSDT,2024-08-02 16:00:00+00:00,24.13,2024-08-23 03:00:00+00:00,26.543000000000003,10.0,9.8,True,491,20.46,4.508
ARBUSDT,2024-08-02 16:00:00+00:00,0.6154,2024-09-27 22:00:00+00:00,0.67694,10.0,9.8,True,1350,56.25,5.915
SOLUSDT,2024-08-02 16:00:00+00:00,156.76,2024-10-01 15:00:00+00:00,149.61,-4.561,-4.761,False,1439,59.96,4.346
CHZUSDT,2024-08-02 16:00:00+00:00,0.0613,2024-09-25 07:00:00+00:00,0.06743,10.0,9.8,True,1287,53.62,3.302
XRPUSDT,2024-08-02 16:00:00+00:00,0.5617,2024-08-07 20:00:00+00:00,0.61787,10.0,9.8,True,124,5.17,2.918
APTUSDT,2024-08-02 16:00:00+00:00,6.08,2024-08-12 11:00:00+00:00,6.688000000000001,10.0,9.8,True,235,9.79,4.275
LINKUSDT,2024-08-02 16:00:00+00:00,12.1,2024-10-01 15:00:00+00:00,11.43,-5.537,-5.737,False,1439,59.96,4.655
FILUSDT,2024-08-02 16:00:00+00:00,3.94,2024-08-24 11:00:00+00:00,4.3340000000000005,10.0,9.8,True,523,21.79,4.719
LTCUSDT,2024-08-02 16:00:00+00:00,65.56,2024-10-01 15:00:00+00:00,65.29,-0.412,-0.612,False,1439,59.96,4.919
ETHUSDT,2024-08-02 16:00:00+00:00,3039.0,2024-10-01 15:00:00+00:00,2524.81,-16.92,-17.12,False,1439,59.96,6.497
AXSUSDT,2024-08-02 16:00:00+00:00,5.33,2024-10-01 15:00:00+00:00,4.925,-7.598,-7.798,False,1439,59.96,3.763
DOTUSDT,2024-08-02 16:00:00+00:00,5.124,2024-10-01 15:00:00+00:00,4.294,-16.198,-16.398,False,1439,59.96,4.49
BTCUSDT,2024-08-02 16:00:00+00:00,63416.0,2024-10-01 15:00:00+00:00,62628.85,-1.241,-1.441,False,1439,59.96,3.259
BNBUSDT,2024-08-02 16:00:00+00:00,558.8,2024-09-23 18:00:00+00:00,614.68,10.0,9.8,True,1250,52.08,5.224
ETCUSDT,2024-08-02 17:00:00+00:00,20.4,2024-10-01 16:00:00+00:00,18.8,-7.843,-8.043,False,1439,59.96,5.321
SHIBUSDT,2024-08-03 02:00:00+00:00,1.447e-05,2024-08-24 16:00:00+00:00,1.5917e-05,10.0,9.8,True,518,21.58,2.517
DOGEUSDT,2024-08-03 02:00:00+00:00,0.11122,2024-09-27 05:00:00+00:00,0.122342,10.0,9.8,True,1323,55.12,3.166
ARBUSDT,2024-08-03 02:00:00+00:00,0.6025,2024-09-27 16:00:00+00:00,0.6627500000000001,10.0,9.8,True,1334,55.58,2.914
SOLUSDT,2024-08-03 17:00:00+00:00,145.88,2024-08-08 15:00:00+00:00,160.46800000000002,10.0,9.8,True,118,4.92,2.784
ATOMUSDT,2024-08-03 17:00:00+00:00,5.144,2024-10-02 16:00:00+00:00,4.509,-12.344,-12.544,False,1439,59.96,2.978
ETHUSDT,2024-08-03 19:00:00+00:00,2903.99,2024-10-02 18:00:00+00:00,2389.82,-17.706,-17.906,False,1439,59.96,2.601
DOTUSDT,2024-08-03 22:00:00+00:00,5.038,2024-10-02 21:00:00+00:00,4.093,-18.757,-18.957,False,1439,59.96,3.122
AXSUSDT,2024-08-04 00:00:00+00:00,5.008,2024-09-28 02:00:00+00:00,5.508800000000001,10.0,9.8,True,1322,55.08,3.65
ENJUSDT,2024-08-04 00:00:00+00:00,0.1524,2024-08-24 16:00:00+00:00,0.16764,10.0,9.8,True,496,20.67,3.606
BCHUSDT,2024-08-04 02:00:00+00:00,363.7,2024-10-03 01:00:00+00:00,319.2,-12.235,-12.435,False,1439,59.96,2.736
XLMUSDT,2024-08-04 14:00:00+00:00,0.0911,2024-08-07 20:00:00+00:00,0.10021000000000001,10.0,9.8,True,78,3.25,2.625
XLMUSDT,2024-08-04 16:00:00+00:00,0.089,2024-08-07 20:00:00+00:00,0.0979,10.0,9.8,True,76,3.17,2.933
ATOMUSDT,2024-08-04 17:00:00+00:00,4.91,2024-08-24 18:00:00+00:00,5.401000000000001,10.0,9.8,True,481,20.04,10.497
SHIBUSDT,2024-08-04 18:00:00+00:00,1.321e-05,2024-08-11 03:00:00+00:00,1.4531000000000002e-05,10.0,9.8,True,153,6.38,5.751
SANDUSDT,2024-08-04 18:00:00+00:00,0.2563,2024-08-23 02:00:00+00:00,0.28193,10.0,9.8,True,440,18.33,4.691
XRPUSDT,2024-08-04 18:00:00+00:00,0.5245,2024-08-07 20:00:00+00:00,0.57695,10.0,9.8,True,74,3.08,4.09
NEARUSDT,2024-08-04 18:00:00+00:00,4.077,2024-08-23 05:00:00+00:00,4.4847,10.0,9.8,True,443,18.46,7.351
ENJUSDT,2024-08-04 18:00:00+00:00,0.1423,2024-08-23 14:00:00+00:00,0.15653000000000003,10.0,9.8,True,452,18.83,3.316
SOLUSDT,2024-08-04 18:00:00+00:00,135.01,2024-08-06 22:00:00+00:00,148.511,10.0,9.8,True,52,2.17,4.561
MANAUSDT,2024-08-04 18:00:00+00:00,0.2624,2024-08-21 20:00:00+00:00,0.28864000000000006,10.0,9.8,True,410,17.08,4.535
APTUSDT,2024-08-04 19:00:00+00:00,5.32,2024-08-09 08:00:00+00:00,5.852000000000001,10.0,9.8,True,109,4.54,2.656
ETCUSDT,2024-08-04 19:00:00+00:00,19.0,2024-08-24 16:00:00+00:00,20.900000000000002,10.0,9.8,True,477,19.88,2.893
ETHUSDT,2024-08-04 19:00:00+00:00,2729.77,2024-10-03 18:00:00+00:00,2344.15,-14.126,-14.326,False,1439,59.96,2.766
OPUSDT,2024-08-04 19:00:00+00:00,1.341,2024-08-11 07:00:00+00:00,1.4751,10.0,9.8,True,156,6.5,3.449
AXSUSDT,2024-08-04 19:00:00+00:00,4.72,2024-08-23 14:00:00+00:00,5.192,10.0,9.8,True,451,18.79,3.663
LTCUSDT,2024-08-04 19:00:00+00:00,62.7,2024-09-23 01:00:00+00:00,68.97000000000001,10.0,9.8,True,1182,49.25,2.934
AVAXUSDT,2024-08-04 19:00:00+00:00,21.46,2024-08-21 17:00:00+00:00,23.606,10.0,9.8,True,406,16.92,2.577
SOLUSDT,2024-08-05 02:00:00+00:00,131.08,2024-08-06 14:00:00+00:00,144.18800000000002,10.0,9.8,True,36,1.5,6.592
BTCUSDT,2024-08-05 03:00:00+00:00,54697.98,2024-08-08 21:00:00+00:00,60167.778000000006,10.0,9.8,True,90,3.75,2.891
ETHUSDT,2024-08-05 03:00:00+00:00,2334.61,2024-08-08 16:00:00+00:00,2568.0710000000004,10.0,9.8,True,85,3.54,4.367
XLMUSDT,2024-08-05 03:00:00+00:00,0.0824,2024-08-06 00:00:00+00:00,0.09064000000000001,10.0,9.8,True,21,0.88,3.265
UNIUSDT,2024-08-05 03:00:00+00:00,5.361,2024-08-06 14:00:00+00:00,5.8971,10.0,9.8,True,35,1.46,3.76
DOTUSDT,2024-08-05 03:00:00+00:00,4.137,2024-08-06 17:00:00+00:00,4.5507,10.0,9.8,True,38,1.58,2.582
LTCUSDT,2024-08-05 03:00:00+00:00,56.35,2024-08-08 22:00:00+00:00,61.98500000000001,10.0,9.8,True,91,3.79,3.199
DOGEUSDT,2024-08-05 03:00:00+00:00,0.09336,2024-08-08 12:00:00+00:00,0.10269600000000001,10.0,9.8,True,81,3.38,4.203
AXSUSDT,2024-08-05 03:00:00+00:00,4.265,2024-08-08 14:00:00+00:00,4.6915000000000004,10.0,9.8,True,83,3.46,3.398
SUIUSDT,2024-08-05 03:00:00+00:00,0.5344,2024-08-06 07:00:00+00:00,0.58784,10.0,9.8,True,28,1.17,2.863
ETCUSDT,2024-08-05 05:00:00+00:00,17.19,2024-08-08 02:00:00+00:00,18.909000000000002,10.0,9.8,True,69,2.88,4.061
LINKUSDT,2024-08-05 05:00:00+00:00,9.26,2024-08-06 01:00:00+00:00,10.186,10.0,9.8,True,20,0.83,2.863
DOTUSDT,2024-08-05 06:00:00+00:00,3.922,2024-08-06 00:00:00+00:00,4.3142000000000005,10.0,9.8,True,18,0.75,2.762
BTCUSDT,2024-08-05 06:00:00+00:00,52717.99,2024-08-08 12:00:00+00:00,57989.789000000004,10.0,9.8,True,78,3.25,2.835
ARBUSDT,2024-08-05 06:00:00+00:00,0.4718,2024-08-05 16:00:00+00:00,0.51898,10.0,9.8,True,10,0.42,3.337
SOLUSDT,2024-08-05 06:00:00+00:00,118.56,2024-08-05 14:00:00+00:00,130.41600000000003,10.0,9.8,True,8,0.33,4.506
ENJUSDT,2024-08-05 06:00:00+00:00,0.1284,2024-08-05 15:00:00+00:00,0.14124,10.0,9.8,True,9,0.38,2.848
SHIBUSDT,2024-08-05 06:00:00+00:00,1.176e-05,2024-08-05 15:00:00+00:00,1.2936e-05,10.0,9.8,True,9,0.38,3.016
ADAUSDT,2024-08-05 06:00:00+00:00,0.3037,2024-08-06 07:00:00+00:00,0.33407000000000003,10.0,9.8,True,25,1.04,2.952
SUIUSDT,2024-08-05 06:00:00+00:00,0.5255,2024-08-06 01:00:00+00:00,0.5780500000000001,10.0,9.8,True,19,0.79,2.574
LTCUSDT,2024-08-05 06:00:00+00:00,54.79,2024-08-08 16:00:00+00:00,60.269000000000005,10.0,9.8,True,82,3.42,2.973
AVAXUSDT,2024-08-05 06:00:00+00:00,18.87,2024-08-06 01:00:00+00:00,20.757,10.0,9.8,True,19,0.79,2.958
OPUSDT,2024-08-05 06:00:00+00:00,1.154,2024-08-06 04:00:00+00:00,1.2694,10.0,9.8,True,22,0.92,3.308
APTUSDT,2024-08-05 06:00:00+00:00,4.7,2024-08-06 00:00:00+00:00,5.170000000000001,10.0,9.8,True,18,0.75,3.506
NEARUSDT,2024-08-05 06:00:00+00:00,3.485,2024-08-07 02:00:00+00:00,3.8335000000000004,10.0,9.8,True,44,1.83,2.705
FILUSDT,2024-08-05 06:00:00+00:00,3.128,2024-08-06 01:00:00+00:00,3.4408000000000003,10.0,9.8,True,19,0.79,2.621
MANAUSDT,2024-08-05 07:00:00+00:00,0.2276,2024-08-05 14:00:00+00:00,0.25036,10.0,9.8,True,7,0.29,5.26
DOGEUSDT,2024-08-05 07:00:00+00:00,0.08599,2024-08-05 14:00:00+00:00,0.094589,10.0,9.8,True,7,0.29,5.976
SANDUSDT,2024-08-05 07:00:00+00:00,0.2186,2024-08-05 14:00:00+00:00,0.24046,10.0,9.8,True,7,0.29,3.879
CHZUSDT,2024-08-05 07:00:00+00:00,0.046,2024-08-05 14:00:00+00:00,0.050600000000000006,10.0,9.8,True,7,0.29,4.67
UNIUSDT,2024-08-05 07:00:00+00:00,5.093,2024-08-06 00:00:00+00:00,5.6023000000000005,10.0,9.8,True,17,0.71,3.33
ETCUSDT,2024-08-05 07:00:00+00:00,16.55,2024-08-06 00:00:00+00:00,18.205000000000002,10.0,9.8,True,17,0.71,3.866
XLMUSDT,2024-08-05 07:00:00+00:00,0.0804,2024-08-05 21:00:00+00:00,0.08844,10.0,9.8,True,14,0.58,4.918
BCHUSDT,2024-08-05 07:00:00+00:00,287.7,2024-08-05 16:00:00+00:00,316.47,10.0,9.8,True,9,0.38,4.559
XRPUSDT,2024-08-05 07:00:00+00:00,0.456,2024-08-06 00:00:00+00:00,0.5016,10.0,9.8,True,17,0.71,5.192
BNBUSDT,2024-08-05 07:00:00+00:00,422.8,2024-08-05 15:00:00+00:00,465.08000000000004,10.0,9.8,True,8,0.33,4.724
AXSUSDT,2024-08-05 07:00:00+00:00,4.096,2024-08-06 00:00:00+00:00,4.5056,10.0,9.8,True,17,0.71,4.652
ETHUSDT,2024-08-05 07:00:00+00:00,2268.2,2024-08-05 16:00:00+00:00,2495.02,10.0,9.8,True,9,0.38,3.142
SUIUSDT,2024-08-05 14:00:00+00:00,0.5081,2024-08-06 00:00:00+00:00,0.55891,10.0,9.8,True,10,0.42,2.541
XRPUSDT,2024-08-07 20:00:00+00:00,0.5334,2024-08-07 20:00:00+00:00,0.58674,10.0,9.8,True,0,0.0,3.946
ADAUSDT,2024-08-07 21:00:00+00:00,0.322,2024-08-09 02:00:00+00:00,0.3542,10.0,9.8,True,29,1.21,3.07
ENJUSDT,2024-08-07 22:00:00+00:00,0.1257,2024-08-08 21:00:00+00:00,0.13827000000000003,10.0,9.8,True,23,0.96,2.598
LTCUSDT,2024-08-07 23:00:00+00:00,56.4,2024-08-11 03:00:00+00:00,62.040000000000006,10.0,9.8,True,76,3.17,2.643
ETHUSDT,2024-08-09 15:00:00+00:00,2591.55,2024-10-08 14:00:00+00:00,2435.4,-6.025,-6.225,False,1439,59.96,2.992
ETCUSDT,2024-08-09 15:00:00+00:00,19.15,2024-09-27 16:00:00+00:00,21.065,10.0,9.8,True,1177,49.04,6.876
BNBUSDT,2024-08-09 15:00:00+00:00,504.8,2024-08-19 18:00:00+00:00,555.2800000000001,10.0,9.8,True,243,10.12,2.646
CHZUSDT,2024-08-09 15:00:00+00:00,0.0548,2024-08-23 16:00:00+00:00,0.06028000000000001,10.0,9.8,True,337,14.04,3.48
FILUSDT,2024-08-11 14:00:00+00:00,3.685,2024-08-23 00:00:00+00:00,4.0535000000000005,10.0,9.8,True,274,11.42,3.143
SUIUSDT,2024-08-11 16:00:00+00:00,0.9017,2024-08-12 10:00:00+00:00,0.99187,10.0,9.8,True,18,0.75,4.428
NEARUSDT,2024-08-11 21:00:00+00:00,3.872,2024-08-13 18:00:00+00:00,4.2592,10.0,9.8,True,45,1.88,2.78
BCHUSDT,2024-08-12 07:00:00+00:00,341.9,2024-10-11 06:00:00+00:00,323.4,-5.411,-5.611,False,1439,59.96,2.814
APTUSDT,2024-08-12 08:00:00+00:00,5.96,2024-08-12 11:00:00+00:00,6.556,10.0,9.8,True,3,0.12,3.204
ETCUSDT,2024-08-12 08:00:00+00:00,18.6,2024-08-23 17:00:00+00:00,20.460000000000004,10.0,9.8,True,273,11.38,3.846
BTCUSDT,2024-08-12 08:00:00+00:00,58674.62,2024-08-23 21:00:00+00:00,64542.08200000001,10.0,9.8,True,277,11.54,2.515
TRXUSDT,2024-08-12 09:00:00+00:00,0.1275,2024-08-19 17:00:00+00:00,0.14025,10.0,9.8,True,176,7.33,2.766
AXSUSDT,2024-08-12 12:00:00+00:00,4.768,2024-08-23 14:00:00+00:00,5.244800000000001,10.0,9.8,True,266,11.08,3.606
BTCUSDT,2024-08-12 12:00:00+00:00,59851.71,2024-09-26 17:00:00+00:00,65836.88100000001,10.0,9.8,True,1085,45.21,2.595
ETCUSDT,2024-08-12 12:00:00+00:00,19.13,2024-09-27 16:00:00+00:00,21.043,10.0,9.8,True,1108,46.17,3.143
TRXUSDT,2024-08-12 15:00:00+00:00,0.127,2024-08-19 15:00:00+00:00,0.13970000000000002,10.0,9.8,True,168,7.0,2.515
LINKUSDT,2024-08-13 14:00:00+00:00,10.45,2024-08-22 15:00:00+00:00,11.495000000000001,10.0,9.8,True,217,9.04,2.689
SANDUSDT,2024-08-14 11:00:00+00:00,0.2632,2024-08-23 14:00:00+00:00,0.28952,10.0,9.8,True,219,9.12,2.772
ATOMUSDT,2024-08-14 11:00:00+00:00,4.902,2024-08-24 18:00:00+00:00,5.392200000000001,10.0,9.8,True,247,10.29,2.658
ATOMUSDT,2024-08-14 13:00:00+00:00,4.901,2024-08-24 18:00:00+00:00,5.3911,10.0,9.8,True,245,10.21,2.805
BCHUSDT,2024-08-14 13:00:00+00:00,345.5,2024-10-13 12:00:00+00:00,324.7,-6.02,-6.22,False,1439,59.96,2.501
MANAUSDT,2024-08-14 13:00:00+00:00,0.2787,2024-08-23 18:00:00+00:00,0.30657,10.0,9.8,True,221,9.21,2.549
DOTUSDT,2024-08-14 13:00:00+00:00,4.522,2024-08-24 10:00:00+00:00,4.974200000000001,10.0,9.8,True,237,9.88,2.883
SANDUSDT,2024-08-14 13:00:00+00:00,0.2638,2024-08-23 16:00:00+00:00,0.29018,10.0,9.8,True,219,9.12,6.359
SANDUSDT,2024-08-14 15:00:00+00:00,0.2573,2024-08-23 06:00:00+00:00,0.28303,10.0,9.8,True,207,8.62,3.072
XLMUSDT,2024-08-14 15:00:00+00:00,0.0976,2024-10-13 14:00:00+00:00,0.0901,-7.684,-7.884,False,1439,59.96,3.02
SHIBUSDT,2024-08-14 15:00:00+00:00,1.364e-05,2024-08-23 18:00:00+00:00,1.5004e-05,10.0,9.8,True,219,9.12,3.166
DOGEUSDT,2024-08-14 15:00:00+00:00,0.10313,2024-08-23 20:00:00+00:00,0.113443,10.0,9.8,True,221,9.21,4.268
OPUSDT,2024-08-14 16:00:00+00:00,1.346,2024-08-22 21:00:00+00:00,1.4806000000000001,10.0,9.8,True,197,8.21,9.372
BTCUSDT,2024-08-14 16:00:00+00:00,59435.69,2024-09-26 15:00:00+00:00,65379.259000000005,10.0,9.8,True,1031,42.96,2.568
AVAXUSDT,2024-08-15 08:00:00+00:00,20.96,2024-08-21 03:00:00+00:00,23.056000000000004,10.0,9.8,True,139,5.79,2.923
OPUSDT,2024-08-15 13:00:00+00:00,1.318,2024-08-21 22:00:00+00:00,1.4498000000000002,10.0,9.8,True,153,6.38,3.388
OPUSDT,2024-08-15 16:00:00+00:00,1.304,2024-08-21 19:00:00+00:00,1.4344000000000001,10.0,9.8,True,147,6.12,3.011
ARBUSDT,2024-08-15 20:00:00+00:00,0.5363,2024-08-23 17:00:00+00:00,0.5899300000000001,10.0,9.8,True,189,7.88,3.075
ETHUSDT,2024-08-15 20:00:00+00:00,2549.59,2024-08-24 16:00:00+00:00,2804.5490000000004,10.0,9.8,True,212,8.83,3.757
SHIBUSDT,2024-08-15 20:00:00+00:00,1.321e-05,2024-08-23 14:00:00+00:00,1.4531000000000002e-05,10.0,9.8,True,186,7.75,4.102
APTUSDT,2024-08-16 01:00:00+00:00,6.39,2024-08-23 17:00:00+00:00,7.029,10.0,9.8,True,184,7.67,2.677
ADAUSDT,2024-08-16 08:00:00+00:00,0.3349,2024-08-21 17:00:00+00:00,0.36839,10.0,9.8,True,129,5.38,3.191
NEARUSDT,2024-08-16 14:00:00+00:00,3.937,2024-08-22 15:00:00+00:00,4.3307,10.0,9.8,True,145,6.04,2.907
APTUSDT,2024-08-17 21:00:00+00:00,5.79,2024-08-20 06:00:00+00:00,6.369000000000001,10.0,9.8,True,57,2.38,2.995
BTCUSDT,2024-08-19 02:00:00+00:00,58564.0,2024-08-23 21:00:00+00:00,64420.40000000001,10.0,9.8,True,115,4.79,2.67
AXSUSDT,2024-08-19 11:00:00+00:00,4.547,2024-08-23 00:00:00+00:00,5.0017000000000005,10.0,9.8,True,85,3.54,2.969
SHIBUSDT,2024-08-19 12:00:00+00:00,1.349e-05,2024-08-23 14:00:00+00:00,1.4839000000000001e-05,10.0,9.8,True,98,4.08,4.366
UNIUSDT,2024-08-19 18:00:00+00:00,6.135,2024-08-21 17:00:00+00:00,6.7485,10.0,9.8,True,47,1.96,3.783
LTCUSDT,2024-08-20 17:00:00+00:00,63.63,2024-09-27 12:00:00+00:00,69.99300000000001,10.0,9.8,True,907,37.79,3.591
BCHUSDT,2024-08-20 20:00:00+00:00,337.8,2024-10-15 00:00:00+00:00,371.58000000000004,10.0,9.8,True,1324,55.17,2.825
ENJUSDT,2024-08-21 14:00:00+00:00,0.1398,2024-08-23 08:00:00+00:00,0.15378000000000003,10.0,9.8,True,42,1.75,4.162
XLMUSDT,2024-08-21 14:00:00+00:00,0.0972,2024-10-20 13:00:00+00:00,0.0968,-0.412,-0.612,False,1439,59.96,3.324
LTCUSDT,2024-08-21 15:00:00+00:00,63.13,2024-09-27 04:00:00+00:00,69.44300000000001,10.0,9.8,True,877,36.54,2.627
ENJUSDT,2024-08-21 16:00:00+00:00,0.1391,2024-08-23 07:00:00+00:00,0.15301,10.0,9.8,True,39,1.62,3.352
AAVEUSDT,2024-08-23 13:00:00+00:00,138.04,2024-09-10 18:00:00+00:00,151.844,10.0,9.8,True,437,18.21,6.869
AAVEUSDT,2024-08-23 15:00:00+00:00,135.92,2024-09-10 17:00:00+00:00,149.512,10.0,9.8,True,434,18.08,3.611
BNBUSDT,2024-08-23 15:00:00+00:00,579.0,2024-10-22 14:00:00+00:00,598.3,3.333,3.133,False,1439,59.96,3.483
DOGEUSDT,2024-08-24 13:00:00+00:00,0.11183,2024-09-27 06:00:00+00:00,0.12301300000000001,10.0,9.8,True,809,33.71,5.054
FILUSDT,2024-08-25 04:00:00+00:00,4.181,2024-10-24 03:00:00+00:00,3.716,-11.122,-11.322,False,1439,59.96,2.806
SANDUSDT,2024-08-26 10:00:00+00:00,0.2931,2024-10-25 09:00:00+00:00,0.2619,-10.645,-10.845,False,1439,59.96,2.966
ADAUSDT,2024-08-26 11:00:00+00:00,0.3767,2024-09-27 05:00:00+00:00,0.41437,10.0,9.8,True,762,31.75,2.963
XRPUSDT,2024-08-26 11:00:00+00:00,0.5958,2024-09-29 15:00:00+00:00,0.6553800000000001,10.0,9.8,True,820,34.17,2.954
NEARUSDT,2024-08-26 15:00:00+00:00,4.857,2024-09-24 05:00:00+00:00,5.342700000000001,10.0,9.8,True,686,28.58,2.803
BTCUSDT,2024-08-26 15:00:00+00:00,63500.6,2024-10-25 14:00:00+00:00,68311.31,7.576,7.376,False,1439,59.96,2.896
XLMUSDT,2024-08-26 15:00:00+00:00,0.0985,2024-10-25 14:00:00+00:00,0.0968,-1.726,-1.926,False,1439,59.96,2.57
AAVEUSDT,2024-08-26 18:00:00+00:00,129.97,2024-09-10 15:00:00+00:00,142.967,10.0,9.8,True,357,14.88,3.503
MANAUSDT,2024-08-26 19:00:00+00:00,0.2931,2024-09-26 13:00:00+00:00,0.32241000000000003,10.0,9.8,True,738,30.75,2.898
BCHUSDT,2024-08-26 20:00:00+00:00,342.0,2024-10-15 00:00:00+00:00,376.20000000000005,10.0,9.8,True,1180,49.17,5.17
BCHUSDT,2024-08-26 22:00:00+00:00,342.5,2024-10-15 00:00:00+00:00,376.75000000000006,10.0,9.8,True,1178,49.08,5.345
BNBUSDT,2024-08-26 22:00:00+00:00,548.4,2024-09-23 16:00:00+00:00,603.24,10.0,9.8,True,666,27.75,2.586
UNIUSDT,2024-08-27 04:00:00+00:00,6.291,2024-09-11 16:00:00+00:00,6.920100000000001,10.0,9.8,True,372,15.5,2.716
AXSUSDT,2024-08-27 07:00:00+00:00,5.0,2024-09-28 02:00:00+00:00,5.5,10.0,9.8,True,763,31.79,2.854
LINKUSDT,2024-08-27 08:00:00+00:00,11.83,2024-10-26 07:00:00+00:00,11.1,-6.171,-6.371,False,1439,59.96,2.743
OPUSDT,2024-08-27 15:00:00+00:00,1.452,2024-09-10 11:00:00+00:00,1.5972000000000002,10.0,9.8,True,332,13.83,8.996
NEARUSDT,2024-08-27 17:00:00+00:00,4.691,2024-09-23 14:00:00+00:00,5.1601,10.0,9.8,True,645,26.88,2.543
SUIUSDT,2024-08-27 17:00:00+00:00,0.9279,2024-09-12 02:00:00+00:00,1.02069,10.0,9.8,True,369,15.38,3.247
DOTUSDT,2024-08-27 23:00:00+00:00,4.359,2024-09-26 06:00:00+00:00,4.7949,10.0,9.8,True,703,29.29,7.463
UNIUSDT,2024-08-28 00:00:00+00:00,5.717,2024-09-03 12:00:00+00:00,6.2887,10.0,9.8,True,156,6.5,4.296
SANDUSDT,2024-08-29 02:00:00+00:00,0.2548,2024-09-21 12:00:00+00:00,0.28028000000000003,10.0,9.8,True,562,23.42,2.858
DOGEUSDT,2024-08-29 23:00:00+00:00,0.09955,2024-09-21 14:00:00+00:00,0.109505,10.0,9.8,True,543,22.62,2.636
AXSUSDT,2024-08-30 08:00:00+00:00,4.808,2024-09-26 06:00:00+00:00,5.2888,10.0,9.8,True,646,26.92,4.931
XRPUSDT,2024-08-30 08:00:00+00:00,0.5644,2024-09-28 11:00:00+00:00,0.6208400000000001,10.0,9.8,True,699,29.12,2.589
ARBUSDT,2024-08-30 17:00:00+00:00,0.5012,2024-09-19 07:00:00+00:00,0.55132,10.0,9.8,True,470,19.58,6.943
SOLUSDT,2024-08-30 17:00:00+00:00,133.92,2024-09-20 04:00:00+00:00,147.312,10.0,9.8,True,491,20.46,3.741
ENJUSDT,2024-08-30 17:00:00+00:00,0.1391,2024-09-20 03:00:00+00:00,0.15301,10.0,9.8,True,490,20.42,4.152
ETHUSDT,2024-08-30 17:00:00+00:00,2462.48,2024-09-27 16:00:00+00:00,2708.728,10.0,9.8,True,671,27.96,3.264
ETCUSDT,2024-08-30 17:00:00+00:00,18.19,2024-09-26 08:00:00+00:00,20.009000000000004,10.0,9.8,True,639,26.62,3.092
OPUSDT,2024-08-30 17:00:00+00:00,1.403,2024-09-09 21:00:00+00:00,1.5433000000000001,10.0,9.8,True,244,10.17,2.658
DOTUSDT,2024-08-30 17:00:00+00:00,4.193,2024-09-24 21:00:00+00:00,4.6123,10.0,9.8,True,604,25.17,3.046
OPUSDT,2024-08-30 19:00:00+00:00,1.466,2024-09-10 16:00:00+00:00,1.6126,10.0,9.8,True,261,10.88,2.996
ETHUSDT,2024-08-30 19:00:00+00:00,2535.79,2024-10-29 18:00:00+00:00,2666.09,5.138,4.938,False,1439,59.96,4.132
ENJUSDT,2024-08-31 15:00:00+00:00,0.1409,2024-09-20 04:00:00+00:00,0.15499000000000002,10.0,9.8,True,469,19.54,12.896
CHZUSDT,2024-08-31 17:00:00+00:00,0.0529,2024-09-21 11:00:00+00:00,0.058190000000000006,10.0,9.8,True,498,20.75,5.224
ATOMUSDT,2024-08-31 17:00:00+00:00,4.534,2024-09-26 12:00:00+00:00,4.9874,10.0,9.8,True,619,25.79,3.153
NEARUSDT,2024-08-31 19:00:00+00:00,4.043,2024-09-19 00:00:00+00:00,4.4473,10.0,9.8,True,437,18.21,5.193
FILUSDT,2024-09-01 03:00:00+00:00,3.53,2024-09-21 23:00:00+00:00,3.883,10.0,9.8,True,500,20.83,7.383
SHIBUSDT,2024-09-01 03:00:00+00:00,1.369e-05,2024-09-22 01:00:00+00:00,1.5059000000000001e-05,10.0,9.8,True,502,20.92,2.55
DOTUSDT,2024-09-01 03:00:00+00:00,4.208,2024-09-24 22:00:00+00:00,4.628800000000001,10.0,9.8,True,571,23.79,2.692
SOLUSDT,2024-09-01 03:00:00+00:00,133.96,2024-09-20 04:00:00+00:00,147.35600000000002,10.0,9.8,True,457,19.04,2.909
AXSUSDT,2024-09-01 06:00:00+00:00,4.613,2024-09-20 04:00:00+00:00,5.074300000000001,10.0,9.8,True,454,18.92,4.776
FILUSDT,2024-09-01 07:00:00+00:00,3.47,2024-09-20 04:00:00+00:00,3.8170000000000006,10.0,9.8,True,453,18.88,4.56
AVAXUSDT,2024-09-01 10:00:00+00:00,22.38,2024-09-13 15:00:00+00:00,24.618000000000002,10.0,9.8,True,293,12.21,3.333
BCHUSDT,2024-09-01 12:00:00+00:00,320.0,2024-09-25 01:00:00+00:00,352.0,10.0,9.8,True,565,23.54,4.487
ARBUSDT,2024-09-01 14:00:00+00:00,0.5035,2024-09-19 12:00:00+00:00,0.55385,10.0,9.8,True,430,17.92,3.05
ETCUSDT,2024-09-01 14:00:00+00:00,18.0,2024-09-25 02:00:00+00:00,19.8,10.0,9.8,True,564,23.5,2.922
LINKUSDT,2024-09-01 14:00:00+00:00,10.71,2024-09-24 17:00:00+00:00,11.781000000000002,10.0,9.8,True,555,23.12,2.836
MANAUSDT,2024-09-01 14:00:00+00:00,0.2639,2024-09-19 12:00:00+00:00,0.29029000000000005,10.0,9.8,True,430,17.92,4.307
LTCUSDT,2024-09-01 15:00:00+00:00,64.22,2024-09-27 16:00:00+00:00,70.64200000000001,10.0,9.8,True,625,26.04,3.181
BTCUSDT,2024-09-01 15:00:00+00:00,57879.99,2024-09-19 16:00:00+00:00,63667.989,10.0,9.8,True,433,18.04,4.774
XLMUSDT,2024-09-01 15:00:00+00:00,0.0906,2024-09-26 17:00:00+00:00,0.09966000000000001,10.0,9.8,True,602,25.08,3.359
BNBUSDT,2024-09-01 15:00:00+00:00,516.8,2024-09-19 16:00:00+00:00,568.48,10.0,9.8,True,433,18.04,2.835
AAVEUSDT,2024-09-01 15:00:00+00:00,124.45,2024-09-04 08:00:00+00:00,136.895,10.0,9.8,True,65,2.71,4.364
ETHUSDT,2024-09-01 15:00:00+00:00,2455.63,2024-09-23 16:00:00+00:00,2701.193,10.0,9.8,True,529,22.04,3.518
CHZUSDT,2024-09-01 16:00:00+00:00,0.0518,2024-09-20 04:00:00+00:00,0.05698,10.0,9.8,True,444,18.5,6.304
DOGEUSDT,2024-09-01 16:00:00+00:00,0.09856,2024-09-13 15:00:00+00:00,0.108416,10.0,9.8,True,287,11.96,3.018
SANDUSDT,2024-09-01 16:00:00+00:00,0.2474,2024-09-20 03:00:00+00:00,0.27214000000000005,10.0,9.8,True,443,18.46,2.65
SANDUSDT,2024-09-01 18:00:00+00:00,0.2426,2024-09-19 14:00:00+00:00,0.26686000000000004,10.0,9.8,True,428,17.83,2.985
CHZUSDT,2024-09-01 18:00:00+00:00,0.0512,2024-09-20 03:00:00+00:00,0.05632000000000001,10.0,9.8,True,441,18.38,3.38
XRPUSDT,2024-09-02 00:00:00+00:00,0.5471,2024-09-21 16:00:00+00:00,0.6018100000000001,10.0,9.8,True,472,19.67,3.054
OPUSDT,2024-09-02 01:00:00+00:00,1.356,2024-09-09 17:00:00+00:00,1.4916000000000003,10.0,9.8,True,184,7.67,3.919
SANDUSDT,2024-09-02 03:00:00+00:00,0.2361,2024-09-12 04:00:00+00:00,0.25971000000000005,10.0,9.8,True,241,10.04,3.916
BNBUSDT,2024-09-02 08:00:00+00:00,503.1,2024-09-13 14:00:00+00:00,553.4100000000001,10.0,9.8,True,270,11.25,2.777
ATOMUSDT,2024-09-02 09:00:00+00:00,4.345,2024-09-24 19:00:00+00:00,4.7795000000000005,10.0,9.8,True,538,22.42,2.68
BNBUSDT,2024-09-02 11:00:00+00:00,520.1,2024-09-19 17:00:00+00:00,572.1100000000001,10.0,9.8,True,414,17.25,3.935
TRXUSDT,2024-09-03 09:00:00+00:00,0.153,2024-10-30 12:00:00+00:00,0.1683,10.0,9.8,True,1371,57.12,3.352
BCHUSDT,2024-09-03 18:00:00+00:00,315.7,2024-09-19 02:00:00+00:00,347.27000000000004,10.0,9.8,True,368,15.33,4.777
CHZUSDT,2024-09-03 18:00:00+00:00,0.0508,2024-09-19 08:00:00+00:00,0.05588,10.0,9.8,True,374,15.58,3.162
ENJUSDT,2024-09-03 18:00:00+00:00,0.1369,2024-09-13 21:00:00+00:00,0.15059,10.0,9.8,True,243,10.12,4.22
LINKUSDT,2024-09-03 20:00:00+00:00,10.49,2024-09-13 21:00:00+00:00,11.539000000000001,10.0,9.8,True,241,10.04,3.085
AAVEUSDT,2024-09-03 21:00:00+00:00,127.21,2024-09-04 16:00:00+00:00,139.931,10.0,9.8,True,19,0.79,4.182
TRXUSDT,2024-09-04 02:00:00+00:00,0.1506,2024-10-25 03:00:00+00:00,0.16566000000000003,10.0,9.8,True,1225,51.04,6.321
NEARUSDT,2024-09-04 02:00:00+00:00,3.665,2024-09-09 19:00:00+00:00,4.0315,10.0,9.8,True,137,5.71,3.819
AAVEUSDT,2024-09-04 02:00:00+00:00,122.42,2024-09-04 08:00:00+00:00,134.662,10.0,9.8,True,6,0.25,4.021
LTCUSDT,2024-09-04 02:00:00+00:00,64.59,2024-09-27 23:00:00+00:00,71.049,10.0,9.8,True,573,23.88,4.184
SHIBUSDT,2024-09-04 02:00:00+00:00,1.293e-05,2024-09-19 08:00:00+00:00,1.4223000000000001e-05,10.0,9.8,True,366,15.25,10.224
SHIBUSDT,2024-09-04 04:00:00+00:00,1.312e-05,2024-09-19 16:00:00+00:00,1.4432e-05,10.0,9.8,True,372,15.5,4.374
LTCUSDT,2024-09-04 05:00:00+00:00,65.83,2024-10-16 00:00:00+00:00,72.41300000000001,10.0,9.8,True,1003,41.79,2.569
DOTUSDT,2024-09-04 15:00:00+00:00,4.128,2024-09-15 15:00:00+00:00,4.540800000000001,10.0,9.8,True,264,11.0,4.793
BTCUSDT,2024-09-04 15:00:00+00:00,57511.11,2024-09-19 13:00:00+00:00,63262.221000000005,10.0,9.8,True,358,14.92,3.074
ATOMUSDT,2024-09-04 15:00:00+00:00,4.029,2024-09-19 00:00:00+00:00,4.431900000000001,10.0,9.8,True,345,14.38,3.323
BNBUSDT,2024-09-04 16:00:00+00:00,509.0,2024-09-15 13:00:00+00:00,559.9000000000001,10.0,9.8,True,261,10.88,3.17
ATOMUSDT,2024-09-05 14:00:00+00:00,4.007,2024-09-19 00:00:00+00:00,4.4077,10.0,9.8,True,322,13.42,3.143
NEARUSDT,2024-09-05 14:00:00+00:00,3.878,2024-09-12 17:00:00+00:00,4.2658000000000005,10.0,9.8,True,171,7.12,3.175
LINKUSDT,2024-09-05 14:00:00+00:00,10.2,2024-09-13 15:00:00+00:00,11.22,10.0,9.8,True,193,8.04,2.52
ETCUSDT,2024-09-05 14:00:00+00:00,17.9,2024-09-25 01:00:00+00:00,19.69,10.0,9.8,True,467,19.46,5.448
APTUSDT,2024-09-05 15:00:00+00:00,5.78,2024-09-09 21:00:00+00:00,6.3580000000000005,10.0,9.8,True,102,4.25,2.697
BTCUSDT,2024-09-05 15:00:00+00:00,56558.0,2024-09-19 00:00:00+00:00,62213.8,10.0,9.8,True,321,13.38,3.025
ETHUSDT,2024-09-05 15:00:00+00:00,2377.2,2024-09-21 23:00:00+00:00,2614.92,10.0,9.8,True,392,16.33,3.239
DOTUSDT,2024-09-05 16:00:00+00:00,4.0,2024-09-13 15:00:00+00:00,4.4,10.0,9.8,True,191,7.96,2.613
CHZUSDT,2024-09-05 18:00:00+00:00,0.0503,2024-09-19 03:00:00+00:00,0.055330000000000004,10.0,9.8,True,321,13.38,3.535
ETCUSDT,2024-09-05 20:00:00+00:00,17.53,2024-09-21 13:00:00+00:00,19.283,10.0,9.8,True,377,15.71,4.404
XLMUSDT,2024-09-06 01:00:00+00:00,0.0893,2024-09-21 16:00:00+00:00,0.09823000000000001,10.0,9.8,True,375,15.62,13.702
AAVEUSDT,2024-09-06 08:00:00+00:00,126.66,2024-09-09 16:00:00+00:00,139.326,10.0,9.8,True,80,3.33,3.078
NEARUSDT,2024-09-06 13:00:00+00:00,3.8,2024-09-12 04:00:00+00:00,4.18,10.0,9.8,True,135,5.62,5.038
MANAUSDT,2024-09-06 20:00:00+00:00,0.2463,2024-09-09 21:00:00+00:00,0.27093,10.0,9.8,True,73,3.04,2.606
SOLUSDT,2024-09-06 20:00:00+00:00,125.14,2024-09-10 18:00:00+00:00,137.65400000000002,10.0,9.8,True,94,3.92,2.605
ETHUSDT,2024-09-06 21:00:00+00:00,2169.96,2024-09-10 18:00:00+00:00,2386.956,10.0,9.8,True,93,3.88,3.618
LTCUSDT,2024-09-06 21:00:00+00:00,61.55,2024-09-22 18:00:00+00:00,67.705,10.0,9.8,True,381,15.88,2.677
MANAUSDT,2024-09-06 22:00:00+00:00,0.2458,2024-09-09 21:00:00+00:00,0.27038,10.0,9.8,True,71,2.96,2.824
AXSUSDT,2024-09-06 22:00:00+00:00,4.13,2024-09-09 21:00:00+00:00,4.543,10.0,9.8,True,71,2.96,8.676
BCHUSDT,2024-09-06 22:00:00+00:00,294.6,2024-09-09 21:00:00+00:00,324.06000000000006,10.0,9.8,True,71,2.96,3.645
CHZUSDT,2024-09-07 04:00:00+00:00,0.0487,2024-09-09 21:00:00+00:00,0.053570000000000007,10.0,9.8,True,65,2.71,4.957
LTCUSDT,2024-09-08 09:00:00+00:00,61.83,2024-09-22 21:00:00+00:00,68.013,10.0,9.8,True,348,14.5,2.816
XLMUSDT,2024-09-08 19:00:00+00:00,0.0895,2024-09-21 16:00:00+00:00,0.09845000000000001,10.0,9.8,True,309,12.88,5.854
OPUSDT,2024-09-08 23:00:00+00:00,1.413,2024-09-10 06:00:00+00:00,1.5543000000000002,10.0,9.8,True,31,1.29,2.505
SOLUSDT,2024-09-09 17:00:00+00:00,132.66,2024-09-20 04:00:00+00:00,145.92600000000002,10.0,9.8,True,251,10.46,4.979
TRXUSDT,2024-09-10 13:00:00+00:00,0.1528,2024-10-30 08:00:00+00:00,0.16808,10.0,9.8,True,1195,49.79,3.174
UNIUSDT,2024-09-10 15:00:00+00:00,6.581,2024-09-26 15:00:00+00:00,7.239100000000001,10.0,9.8,True,384,16.0,2.918
CHZUSDT,2024-09-11 10:00:00+00:00,0.0517,2024-09-20 03:00:00+00:00,0.05687000000000001,10.0,9.8,True,209,8.71,2.671
AXSUSDT,2024-09-11 10:00:00+00:00,4.49,2024-09-19 14:00:00+00:00,4.939000000000001,10.0,9.8,True,196,8.17,3.496
NEARUSDT,2024-09-11 13:00:00+00:00,3.939,2024-09-13 15:00:00+00:00,4.3329,10.0,9.8,True,50,2.08,2.805
LINKUSDT,2024-09-11 14:00:00+00:00,10.22,2024-09-13 15:00:00+00:00,11.242,10.0,9.8,True,49,2.04,2.837
MANAUSDT,2024-09-11 14:00:00+00:00,0.259,2024-09-19 00:00:00+00:00,0.28490000000000004,10.0,9.8,True,178,7.42,3.033
XLMUSDT,2024-09-11 14:00:00+00:00,0.0915,2024-09-28 07:00:00+00:00,0.10065,10.0,9.8,True,401,16.71,2.993
ENJUSDT,2024-09-11 14:00:00+00:00,0.1376,2024-09-13 21:00:00+00:00,0.15136000000000002,10.0,9.8,True,55,2.29,3.324
APTUSDT,2024-09-11 14:00:00+00:00,6.03,2024-09-19 14:00:00+00:00,6.633000000000001,10.0,9.8,True,192,8.0,2.597
ARBUSDT,2024-09-11 15:00:00+00:00,0.5087,2024-09-19 14:00:00+00:00,0.5595700000000001,10.0,9.8,True,191,7.96,3.504
SANDUSDT,2024-09-11 15:00:00+00:00,0.2466,2024-09-20 03:00:00+00:00,0.27126000000000006,10.0,9.8,True,204,8.5,3.51
ETHUSDT,2024-09-11 15:00:00+00:00,2309.72,2024-09-20 04:00:00+00:00,2540.692,10.0,9.8,True,205,8.54,2.814
LTCUSDT,2024-09-11 16:00:00+00:00,61.4,2024-09-22 05:00:00+00:00,67.54,10.0,9.8,True,253,10.54,3.417
ETCUSDT,2024-09-12 18:00:00+00:00,18.42,2024-09-26 15:00:00+00:00,20.262000000000004,10.0,9.8,True,333,13.88,2.811
AVAXUSDT,2024-09-12 19:00:00+00:00,23.79,2024-09-19 01:00:00+00:00,26.169,10.0,9.8,True,150,6.25,3.114
AAVEUSDT,2024-09-12 20:00:00+00:00,146.69,2024-09-22 02:00:00+00:00,161.359,10.0,9.8,True,222,9.25,3.867
NEARUSDT,2024-09-13 16:00:00+00:00,4.319,2024-09-23 03:00:00+00:00,4.750900000000001,10.0,9.8,True,227,9.46,3.986
SOLUSDT,2024-09-13 16:00:00+00:00,136.58,2024-09-20 06:00:00+00:00,150.23800000000003,10.0,9.8,True,158,6.58,5.591
TRXUSDT,2024-09-13 16:00:00+00:00,0.1507,2024-10-25 03:00:00+00:00,0.16577,10.0,9.8,True,995,41.46,2.883
OPUSDT,2024-09-13 16:00:00+00:00,1.546,2024-09-21 14:00:00+00:00,1.7006000000000001,10.0,9.8,True,190,7.92,5.436
SUIUSDT,2024-09-13 16:00:00+00:00,1.0268,2024-09-15 18:00:00+00:00,1.12948,10.0,9.8,True,50,2.08,2.607
AVAXUSDT,2024-09-14 15:00:00+00:00,25.24,2024-09-20 03:00:00+00:00,27.764,10.0,9.8,True,132,5.5,2.582
MANAUSDT,2024-09-14 15:00:00+00:00,0.2745,2024-09-21 12:00:00+00:00,0.30195000000000005,10.0,9.8,True,165,6.88,3.031
BCHUSDT,2024-09-14 19:00:00+00:00,328.0,2024-09-27 02:00:00+00:00,360.8,10.0,9.8,True,295,12.29,4.877
ETCUSDT,2024-09-14 19:00:00+00:00,18.61,2024-09-27 01:00:00+00:00,20.471,10.0,9.8,True,294,12.25,3.022
FILUSDT,2024-09-14 19:00:00+00:00,3.671,2024-09-25 21:00:00+00:00,4.0381,10.0,9.8,True,266,11.08,2.622
SOLUSDT,2024-09-15 14:00:00+00:00,135.75,2024-09-20 05:00:00+00:00,149.32500000000002,10.0,9.8,True,111,4.62,2.659
ADAUSDT,2024-09-15 15:00:00+00:00,0.3495,2024-09-24 19:00:00+00:00,0.38445,10.0,9.8,True,220,9.17,2.703
SANDUSDT,2024-09-15 18:00:00+00:00,0.2507,2024-09-20 05:00:00+00:00,0.27577,10.0,9.8,True,107,4.46,2.536
ETCUSDT,2024-09-15 18:00:00+00:00,18.18,2024-09-26 08:00:00+00:00,19.998,10.0,9.8,True,254,10.58,3.58
ETHUSDT,2024-09-15 18:00:00+00:00,2383.35,2024-09-21 23:00:00+00:00,2621.685,10.0,9.8,True,149,6.21,2.849
AXSUSDT,2024-09-15 19:00:00+00:00,4.678,2024-09-24 06:00:00+00:00,5.1458,10.0,9.8,True,203,8.46,2.643
ATOMUSDT,2024-09-15 19:00:00+00:00,4.16,2024-09-19 17:00:00+00:00,4.5760000000000005,10.0,9.8,True,94,3.92,2.585
ADAUSDT,2024-09-16 00:00:00+00:00,0.3386,2024-09-24 12:00:00+00:00,0.37246000000000007,10.0,9.8,True,204,8.5,2.677
XRPUSDT,2024-09-16 08:00:00+00:00,0.5721,2024-09-29 06:00:00+00:00,0.6293100000000001,10.0,9.8,True,310,12.92,2.711
AXSUSDT,2024-09-16 13:00:00+00:00,4.501,2024-09-19 16:00:00+00:00,4.951100000000001,10.0,9.8,True,75,3.12,3.95
AXSUSDT,2024-09-16 15:00:00+00:00,4.462,2024-09-19 13:00:00+00:00,4.9082,10.0,9.8,True,70,2.92,3.078
DOTUSDT,2024-09-16 18:00:00+00:00,4.235,2024-09-24 22:00:00+00:00,4.658500000000001,10.0,9.8,True,196,8.17,2.85
UNIUSDT,2024-09-17 04:00:00+00:00,6.439,2024-09-17 16:00:00+00:00,7.0829,10.0,9.8,True,12,0.5,2.65
NEARUSDT,2024-09-18 14:00:00+00:00,3.967,2024-09-19 00:00:00+00:00,4.363700000000001,10.0,9.8,True,10,0.42,4.203
SOLUSDT,2024-09-18 16:00:00+00:00,127.66,2024-09-19 12:00:00+00:00,140.42600000000002,10.0,9.8,True,20,0.83,3.409
APTUSDT,2024-09-18 17:00:00+00:00,5.79,2024-09-19 00:00:00+00:00,6.369000000000001,10.0,9.8,True,7,0.29,5.052
TRXUSDT,2024-09-18 18:00:00+00:00,0.1493,2024-10-24 16:00:00+00:00,0.16423,10.0,9.8,True,862,35.92,2.998
BCHUSDT,2024-09-18 19:00:00+00:00,314.1,2024-09-19 01:00:00+00:00,345.51000000000005,10.0,9.8,True,6,0.25,7.269
DOTUSDT,2024-09-18 19:00:00+00:00,4.082,2024-09-24 03:00:00+00:00,4.490200000000001,10.0,9.8,True,128,5.33,6.068
UNIUSDT,2024-09-18 19:00:00+00:00,6.586,2024-09-26 15:00:00+00:00,7.244600000000001,10.0,9.8,True,188,7.83,3.752
ADAUSDT,2024-09-18 19:00:00+00:00,0.3376,2024-09-24 12:00:00+00:00,0.37136,10.0,9.8,True,137,5.71,7.935
FILUSDT,2024-09-18 19:00:00+00:00,3.5,2024-09-21 14:00:00+00:00,3.8500000000000005,10.0,9.8,True,67,2.79,6.562
ENJUSDT,2024-09-18 19:00:00+00:00,0.14,2024-09-20 03:00:00+00:00,0.15400000000000003,10.0,9.8,True,32,1.33,7.995
SANDUSDT,2024-09-18 19:00:00+00:00,0.2501,2024-09-20 04:00:00+00:00,0.27511,10.0,9.8,True,33,1.38,5.444
APTUSDT,2024-09-18 19:00:00+00:00,5.95,2024-09-19 12:00:00+00:00,6.545000000000001,10.0,9.8,True,17,0.71,6.316
CHZUSDT,2024-09-18 19:00:00+00:00,0.0524,2024-09-21 08:00:00+00:00,0.057640000000000004,10.0,9.8,True,61,2.54,5.338
AVAXUSDT,2024-09-18 19:00:00+00:00,23.56,2024-09-19 00:00:00+00:00,25.916,10.0,9.8,True,5,0.21,8.086
AXSUSDT,2024-09-18 19:00:00+00:00,4.62,2024-09-20 04:00:00+00:00,5.082000000000001,10.0,9.8,True,33,1.38,4.02
XLMUSDT,2024-09-18 19:00:00+00:00,0.0941,2024-09-29 15:00:00+00:00,0.10351000000000002,10.0,9.8,True,260,10.83,6.805
LINKUSDT,2024-09-18 19:00:00+00:00,10.63,2024-09-20 06:00:00+00:00,11.693000000000001,10.0,9.8,True,35,1.46,5.306
SOLUSDT,2024-09-18 19:00:00+00:00,131.33,2024-09-20 03:00:00+00:00,144.46300000000002,10.0,9.8,True,32,1.33,7.974
ARBUSDT,2024-09-18 19:00:00+00:00,0.5162,2024-09-19 16:00:00+00:00,0.56782,10.0,9.8,True,21,0.88,7.441
NEARUSDT,2024-09-18 19:00:00+00:00,4.14,2024-09-19 00:00:00+00:00,4.554,10.0,9.8,True,5,0.21,6.754
ETCUSDT,2024-09-18 19:00:00+00:00,17.96,2024-09-25 01:00:00+00:00,19.756000000000004,10.0,9.8,True,150,6.25,5.139
MANAUSDT,2024-09-18 19:00:00+00:00,0.2745,2024-09-21 12:00:00+00:00,0.30195000000000005,10.0,9.8,True,65,2.71,6.57
AAVEUSDT,2024-09-18 19:00:00+00:00,137.08,2024-09-19 16:00:00+00:00,150.78800000000004,10.0,9.8,True,21,0.88,5.704
XRPUSDT,2024-09-18 19:00:00+00:00,0.577,2024-09-29 14:00:00+00:00,0.6347,10.0,9.8,True,259,10.79,4.565
LTCUSDT,2024-09-20 20:00:00+00:00,65.82,2024-10-16 00:00:00+00:00,72.402,10.0,9.8,True,604,25.17,2.785
ATOMUSDT,2024-09-20 22:00:00+00:00,4.532,2024-09-26 12:00:00+00:00,4.985200000000001,10.0,9.8,True,134,5.58,3.44
FILUSDT,2024-09-22 10:00:00+00:00,3.73,2024-09-26 05:00:00+00:00,4.103000000000001,10.0,9.8,True,91,3.79,2.595
AXSUSDT,2024-09-22 16:00:00+00:00,4.858,2024-09-26 14:00:00+00:00,5.3438,10.0,9.8,True,94,3.92,3.212
LINKUSDT,2024-09-22 17:00:00+00:00,11.04,2024-09-24 22:00:00+00:00,12.144,10.0,9.8,True,53,2.21,2.981
ENJUSDT,2024-09-22 17:00:00+00:00,0.1483,2024-09-25 01:00:00+00:00,0.16313,10.0,9.8,True,56,2.33,6.08
CHZUSDT,2024-09-22 19:00:00+00:00,0.0572,2024-09-25 07:00:00+00:00,0.06292,10.0,9.8,True,60,2.5,3.408
DOTUSDT,2024-09-22 23:00:00+00:00,4.331,2024-09-25 18:00:00+00:00,4.764100000000001,10.0,9.8,True,67,2.79,2.72
SOLUSDT,2024-09-22 23:00:00+00:00,145.47,2024-09-27 14:00:00+00:00,160.01700000000002,10.0,9.8,True,111,4.62,3.82
MANAUSDT,2024-09-22 23:00:00+00:00,0.3081,2024-10-18 22:00:00+00:00,0.33891,10.0,9.8,True,623,25.96,4.699
ETHUSDT,2024-09-22 23:00:00+00:00,2589.93,2024-11-07 02:00:00+00:00,2848.9230000000002,10.0,9.8,True,1083,45.12,3.242
SANDUSDT,2024-09-22 23:00:00+00:00,0.2778,2024-11-11 03:00:00+00:00,0.30558,10.0,9.8,True,1180,49.17,3.121
ADAUSDT,2024-09-22 23:00:00+00:00,0.3523,2024-09-24 19:00:00+00:00,0.38753000000000004,10.0,9.8,True,44,1.83,3.102
LINKUSDT,2024-09-22 23:00:00+00:00,11.18,2024-09-25 08:00:00+00:00,12.298,10.0,9.8,True,57,2.38,2.803
DOGEUSDT,2024-09-22 23:00:00+00:00,0.1068,2024-09-26 16:00:00+00:00,0.11748000000000001,10.0,9.8,True,89,3.71,3.246
XRPUSDT,2024-09-22 23:00:00+00:00,0.5894,2024-09-29 15:00:00+00:00,0.6483400000000001,10.0,9.8,True,160,6.67,3.632
AVAXUSDT,2024-09-22 23:00:00+00:00,27.43,2024-09-27 12:00:00+00:00,30.173000000000002,10.0,9.8,True,109,4.54,3.691
ETCUSDT,2024-09-22 23:00:00+00:00,18.95,2024-09-27 14:00:00+00:00,20.845000000000002,10.0,9.8,True,111,4.62,3.348
XRPUSDT,2024-09-23 01:00:00+00:00,0.5872,2024-09-29 15:00:00+00:00,0.6459200000000002,10.0,9.8,True,158,6.58,3.272
ETHUSDT,2024-09-23 01:00:00+00:00,2593.98,2024-11-07 02:00:00+00:00,2853.378,10.0,9.8,True,1081,45.04,2.6
AVAXUSDT,2024-09-23 01:00:00+00:00,27.19,2024-09-27 08:00:00+00:00,29.909000000000002,10.0,9.8,True,103,4.29,3.723
LTCUSDT,2024-09-24 11:00:00+00:00,66.69,2024-10-17 21:00:00+00:00,73.35900000000001,10.0,9.8,True,562,23.42,2.738
TRXUSDT,2024-09-26 05:00:00+00:00,0.1507,2024-10-25 03:00:00+00:00,0.16577,10.0,9.8,True,694,28.92,4.618
TRXUSDT,2024-09-26 07:00:00+00:00,0.1516,2024-10-25 13:00:00+00:00,0.16676000000000002,10.0,9.8,True,702,29.25,3.107
CHZUSDT,2024-09-28 10:00:00+00:00,0.0671,2024-10-09 12:00:00+00:00,0.07381000000000001,10.0,9.8,True,266,11.08,2.751
BCHUSDT,2024-09-28 15:00:00+00:00,351.7,2024-10-29 04:00:00+00:00,386.87,10.0,9.8,True,733,30.54,3.822
LTCUSDT,2024-09-28 17:00:00+00:00,69.41,2024-11-10 04:00:00+00:00,76.351,10.0,9.8,True,1019,42.46,2.77
NEARUSDT,2024-09-29 15:00:00+00:00,5.49,2024-11-16 03:00:00+00:00,6.039000000000001,10.0,9.8,True,1140,47.5,2.913
APTUSDT,2024-09-29 15:00:00+00:00,8.03,2024-10-04 08:00:00+00:00,8.833,10.0,9.8,True,113,4.71,3.182
ADAUSDT,2024-09-30 11:00:00+00:00,0.3839,2024-11-08 03:00:00+00:00,0.42229000000000005,10.0,9.8,True,928,38.67,2.818
BTCUSDT,2024-09-30 11:00:00+00:00,63645.98,2024-10-28 22:00:00+00:00,70010.57800000001,10.0,9.8,True,683,28.46,2.838
AXSUSDT,2024-09-30 13:00:00+00:00,5.265,2024-11-11 22:00:00+00:00,5.7915,10.0,9.8,True,1017,42.38,3.242
DOTUSDT,2024-09-30 14:00:00+00:00,4.591,2024-11-10 05:00:00+00:00,5.0501000000000005,10.0,9.8,True,975,40.62,2.969
FILUSDT,2024-10-01 00:00:00+00:00,3.811,2024-11-10 10:00:00+00:00,4.1921,10.0,9.8,True,970,40.42,3.231
SANDUSDT,2024-10-01 00:00:00+00:00,0.27,2024-10-19 00:00:00+00:00,0.29700000000000004,10.0,9.8,True,432,18.0,3.725
BCHUSDT,2024-10-01 00:00:00+00:00,337.3,2024-10-15 00:00:00+00:00,371.03000000000003,10.0,9.8,True,336,14.0,2.686
DOTUSDT,2024-10-01 01:00:00+00:00,4.476,2024-11-10 05:00:00+00:00,4.9236,10.0,9.8,True,964,40.17,2.51
SHIBUSDT,2024-10-01 01:00:00+00:00,1.822e-05,2024-11-09 22:00:00+00:00,2.0042e-05,10.0,9.8,True,957,39.88,2.752
NEARUSDT,2024-10-01 16:00:00+00:00,5.004,2024-11-11 17:00:00+00:00,5.5044,10.0,9.8,True,985,41.04,5.663
BTCUSDT,2024-10-01 16:00:00+00:00,62628.85,2024-10-18 16:00:00+00:00,68891.735,10.0,9.8,True,408,17.0,4.292
XLMUSDT,2024-10-01 19:00:00+00:00,0.096,2024-11-10 04:00:00+00:00,0.10560000000000001,10.0,9.8,True,945,39.38,2.918
XRPUSDT,2024-10-01 20:00:00+00:00,0.6106,2024-11-12 08:00:00+00:00,0.67166,10.0,9.8,True,996,41.5,3.85
MANAUSDT,2024-10-02 20:00:00+00:00,0.273,2024-10-05 00:00:00+00:00,0.30030000000000007,10.0,9.8,True,52,2.17,3.032
LINKUSDT,2024-10-02 20:00:00+00:00,10.6,2024-10-07 05:00:00+00:00,11.66,10.0,9.8,True,105,4.38,3.228
DOGEUSDT,2024-10-02 20:00:00+00:00,0.10431,2024-10-07 01:00:00+00:00,0.11474100000000001,10.0,9.8,True,101,4.21,2.565
BCHUSDT,2024-10-02 20:00:00+00:00,315.8,2024-10-14 13:00:00+00:00,347.38000000000005,10.0,9.8,True,281,11.71,3.117
XRPUSDT,2024-10-02 23:00:00+00:00,0.545,2024-11-10 12:00:00+00:00,0.5995000000000001,10.0,9.8,True,925,38.54,3.402
ETHUSDT,2024-10-03 09:00:00+00:00,2337.51,2024-10-14 13:00:00+00:00,2571.2610000000004,10.0,9.8,True,268,11.17,2.704
OPUSDT,2024-10-03 09:00:00+00:00,1.526,2024-10-06 23:00:00+00:00,1.6786,10.0,9.8,True,86,3.58,2.741
AXSUSDT,2024-10-03 16:00:00+00:00,4.477,2024-10-14 22:00:00+00:00,4.9247000000000005,10.0,9.8,True,270,11.25,2.725
ENJUSDT,2024-10-03 18:00:00+00:00,0.138,2024-10-07 00:00:00+00:00,0.15180000000000002,10.0,9.8,True,78,3.25,2.608
LTCUSDT,2024-10-07 15:00:00+00:00,66.53,2024-10-17 21:00:00+00:00,73.183,10.0,9.8,True,246,10.25,2.612
ADAUSDT,2024-10-07 20:00:00+00:00,0.3572,2024-11-07 17:00:00+00:00,0.39292000000000005,10.0,9.8,True,741,30.88,2.83
BNBUSDT,2024-10-08 09:00:00+00:00,572.0,2024-11-09 02:00:00+00:00,629.2,10.0,9.8,True,761,31.71,3.925
AXSUSDT,2024-10-08 10:00:00+00:00,4.635,2024-10-19 00:00:00+00:00,5.0985000000000005,10.0,9.8,True,254,10.58,5.891
CHZUSDT,2024-10-09 07:00:00+00:00,0.0677,2024-10-09 12:00:00+00:00,0.07447000000000001,10.0,9.8,True,5,0.21,12.806
AXSUSDT,2024-10-09 16:00:00+00:00,4.551,2024-10-19 00:00:00+00:00,5.006100000000001,10.0,9.8,True,224,9.33,4.056
FILUSDT,2024-10-09 16:00:00+00:00,3.604,2024-10-20 13:00:00+00:00,3.9644000000000004,10.0,9.8,True,261,10.88,3.727
LTCUSDT,2024-10-09 16:00:00+00:00,65.27,2024-10-15 16:00:00+00:00,71.797,10.0,9.8,True,144,6.0,2.512
SUIUSDT,2024-10-09 16:00:00+00:00,1.9851,2024-10-12 13:00:00+00:00,2.1836100000000003,10.0,9.8,True,69,2.88,3.157
ADAUSDT,2024-10-09 17:00:00+00:00,0.3407,2024-11-07 01:00:00+00:00,0.37477000000000005,10.0,9.8,True,680,28.33,3.641
LTCUSDT,2024-10-09 22:00:00+00:00,64.41,2024-10-15 16:00:00+00:00,70.851,10.0,9.8,True,138,5.75,2.716
ADAUSDT,2024-10-10 00:00:00+00:00,0.3395,2024-11-07 01:00:00+00:00,0.37345000000000006,10.0,9.8,True,673,28.04,3.266
APTUSDT,2024-10-10 10:00:00+00:00,8.14,2024-10-12 13:00:00+00:00,8.954,10.0,9.8,True,51,2.12,4.08
APTUSDT,2024-10-10 13:00:00+00:00,8.25,2024-10-12 14:00:00+00:00,9.075000000000001,10.0,9.8,True,49,2.04,2.563
DOGEUSDT,2024-10-10 16:00:00+00:00,0.10542,2024-10-14 15:00:00+00:00,0.11596200000000001,10.0,9.8,True,95,3.96,2.569
DOGEUSDT,2024-10-10 19:00:00+00:00,0.10464,2024-10-14 14:00:00+00:00,0.11510400000000001,10.0,9.8,True,91,3.79,3.478
ARBUSDT,2024-10-10 19:00:00+00:00,0.5147,2024-10-14 22:00:00+00:00,0.5661700000000001,10.0,9.8,True,99,4.12,2.967
ATOMUSDT,2024-10-10 19:00:00+00:00,4.115,2024-10-14 22:00:00+00:00,4.5265,10.0,9.8,True,99,4.12,2.564
SANDUSDT,2024-10-10 19:00:00+00:00,0.2442,2024-10-14 04:00:00+00:00,0.26862,10.0,9.8,True,81,3.38,6.713
SHIBUSDT,2024-10-10 19:00:00+00:00,1.635e-05,2024-10-11 16:00:00+00:00,1.7985e-05,10.0,9.8,True,21,0.88,4.134
ENJUSDT,2024-10-10 21:00:00+00:00,0.1415,2024-10-14 12:00:00+00:00,0.15565,10.0,9.8,True,87,3.62,2.977
AXSUSDT,2024-10-13 14:00:00+00:00,4.663,2024-10-19 00:00:00+00:00,5.129300000000001,10.0,9.8,True,130,5.42,4.033
SHIBUSDT,2024-10-13 15:00:00+00:00,1.731e-05,2024-10-16 09:00:00+00:00,1.9041e-05,10.0,9.8,True,66,2.75,3.31
UNIUSDT,2024-10-13 15:00:00+00:00,7.825,2024-10-22 06:00:00+00:00,8.607500000000002,10.0,9.8,True,207,8.62,5.283
XRPUSDT,2024-10-13 15:00:00+00:00,0.5286,2024-11-10 05:00:00+00:00,0.58146,10.0,9.8,True,662,27.58,3.471
LTCUSDT,2024-10-13 16:00:00+00:00,64.67,2024-10-15 16:00:00+00:00,71.13700000000001,10.0,9.8,True,48,2.0,2.549
BTCUSDT,2024-10-13 16:00:00+00:00,62229.32,2024-10-18 14:00:00+00:00,68452.25200000001,10.0,9.8,True,118,4.92,3.088
FILUSDT,2024-10-13 16:00:00+00:00,3.504,2024-10-14 18:00:00+00:00,3.8544000000000005,10.0,9.8,True,26,1.08,3.2
DOTUSDT,2024-10-13 16:00:00+00:00,4.106,2024-10-15 10:00:00+00:00,4.5166,10.0,9.8,True,42,1.75,3.288
XLMUSDT,2024-10-13 17:00:00+00:00,0.0904,2024-11-07 03:00:00+00:00,0.09944,10.0,9.8,True,586,24.42,2.665
ENJUSDT,2024-10-13 17:00:00+00:00,0.1484,2024-10-20 12:00:00+00:00,0.16324000000000002,10.0,9.8,True,163,6.79,4.302
OPUSDT,2024-10-13 21:00:00+00:00,1.672,2024-11-12 00:00:00+00:00,1.8392000000000002,10.0,9.8,True,699,29.12,3.523
BCHUSDT,2024-10-14 04:00:00+00:00,328.6,2024-10-14 14:00:00+00:00,361.46000000000004,10.0,9.8,True,10,0.42,3.412
LTCUSDT,2024-10-14 04:00:00+00:00,65.51,2024-10-16 00:00:00+00:00,72.061,10.0,9.8,True,44,1.83,2.774
LINKUSDT,2024-10-14 04:00:00+00:00,11.01,2024-10-22 07:00:00+00:00,12.111,10.0,9.8,True,195,8.12,4.706
ADAUSDT,2024-10-14 04:00:00+00:00,0.356,2024-11-07 16:00:00+00:00,0.3916,10.0,9.8,True,588,24.5,3.52
SOLUSDT,2024-10-15 14:00:00+00:00,158.55,2024-10-24 02:00:00+00:00,174.40500000000003,10.0,9.8,True,204,8.5,4.047
UNIUSDT,2024-10-15 14:00:00+00:00,8.122,2024-11-06 05:00:00+00:00,8.9342,10.0,9.8,True,519,21.62,2.583
ETHUSDT,2024-10-15 14:00:00+00:00,2671.19,2024-11-08 00:00:00+00:00,2938.309,10.0,9.8,True,562,23.42,3.968
SHIBUSDT,2024-10-15 14:00:00+00:00,1.868e-05,2024-11-10 00:00:00+00:00,2.0548000000000004e-05,10.0,9.8,True,610,25.42,2.967
ETCUSDT,2024-10-15 15:00:00+00:00,18.95,2024-11-09 05:00:00+00:00,20.845000000000002,10.0,9.8,True,590,24.58,5.127
SUIUSDT,2024-10-15 15:00:00+00:00,2.106,2024-11-06 04:00:00+00:00,2.3166,10.0,9.8,True,517,21.54,3.11
MANAUSDT,2024-10-15 15:00:00+00:00,0.2991,2024-10-18 22:00:00+00:00,0.32901,10.0,9.8,True,79,3.29,4.238
SANDUSDT,2024-10-15 15:00:00+00:00,0.2651,2024-10-19 00:00:00+00:00,0.29161000000000004,10.0,9.8,True,81,3.38,3.756
TRXUSDT,2024-10-15 15:00:00+00:00,0.1582,2024-11-12 10:00:00+00:00,0.17402000000000004,10.0,9.8,True,667,27.79,3.766
APTUSDT,2024-10-17 00:00:00+00:00,10.03,2024-10-22 03:00:00+00:00,11.033,10.0,9.8,True,123,5.12,5.105
ADAUSDT,2024-10-17 14:00:00+00:00,0.3461,2024-11-07 15:00:00+00:00,0.38071000000000005,10.0,9.8,True,505,21.04,5.733
SANDUSDT,2024-10-17 15:00:00+00:00,0.257,2024-10-19 00:00:00+00:00,0.2827,10.0,9.8,True,33,1.38,2.557
ENJUSDT,2024-10-17 15:00:00+00:00,0.1467,2024-10-20 09:00:00+00:00,0.16137,10.0,9.8,True,66,2.75,5.057
ETCUSDT,2024-10-17 16:00:00+00:00,19.04,2024-11-09 05:00:00+00:00,20.944,10.0,9.8,True,541,22.54,2.798
ATOMUSDT,2024-10-17 17:00:00+00:00,4.3,2024-10-21 02:00:00+00:00,4.73,10.0,9.8,True,81,3.38,2.676
DOTUSDT,2024-10-17 19:00:00+00:00,4.171,2024-10-20 22:00:00+00:00,4.588100000000001,10.0,9.8,True,75,3.12,2.812
TRXUSDT,2024-10-19 17:00:00+00:00,0.1573,2024-11-12 10:00:00+00:00,0.17303000000000002,10.0,9.8,True,569,23.71,6.259
OPUSDT,2024-10-20 07:00:00+00:00,1.697,2024-11-21 13:00:00+00:00,1.8667000000000002,10.0,9.8,True,774,32.25,2.709
UNIUSDT,2024-10-20 09:00:00+00:00,7.469,2024-10-22 06:00:00+00:00,8.215900000000001,10.0,9.8,True,45,1.88,3.458
DOGEUSDT,2024-10-20 14:00:00+00:00,0.13934,2024-10-28 18:00:00+00:00,0.153274,10.0,9.8,True,196,8.17,2.67
NEARUSDT,2024-10-20 14:00:00+00:00,4.845,2024-11-11 04:00:00+00:00,5.3295,10.0,9.8,True,518,21.58,2.705
CHZUSDT,2024-10-20 15:00:00+00:00,0.0745,2024-11-18 17:00:00+00:00,0.08195000000000001,10.0,9.8,True,698,29.08,3.064
ETCUSDT,2024-10-20 15:00:00+00:00,20.17,2024-11-10 03:00:00+00:00,22.187000000000005,10.0,9.8,True,492,20.5,7.001
SOLUSDT,2024-10-20 15:00:00+00:00,160.8,2024-10-24 14:00:00+00:00,176.88000000000002,10.0,9.8,True,95,3.96,3.128
XRPUSDT,2024-10-20 15:00:00+00:00,0.5445,2024-11-10 12:00:00+00:00,0.59895,10.0,9.8,True,501,20.88,3.488
TRXUSDT,2024-10-21 08:00:00+00:00,0.1566,2024-11-12 10:00:00+00:00,0.17226,10.0,9.8,True,530,22.08,3.14
NEARUSDT,2024-10-22 11:00:00+00:00,4.685,2024-11-11 02:00:00+00:00,5.1535,10.0,9.8,True,471,19.62,2.69
ETCUSDT,2024-10-22 15:00:00+00:00,19.07,2024-11-09 05:00:00+00:00,20.977,10.0,9.8,True,422,17.58,2.642
SUIUSDT,2024-10-22 15:00:00+00:00,1.9312,2024-10-30 00:00:00+00:00,2.12432,10.0,9.8,True,177,7.38,2.728
AAVEUSDT,2024-10-23 10:00:00+00:00,148.97,2024-11-06 14:00:00+00:00,163.86700000000002,10.0,9.8,True,340,14.17,2.521
SUIUSDT,2024-10-23 14:00:00+00:00,1.9152,2024-10-30 00:00:00+00:00,2.10672,10.0,9.8,True,154,6.42,2.603
UNIUSDT,2024-10-23 15:00:00+00:00,7.711,2024-11-06 04:00:00+00:00,8.4821,10.0,9.8,True,325,13.54,2.865
NEARUSDT,2024-10-23 16:00:00+00:00,4.557,2024-11-11 02:00:00+00:00,5.012700000000001,10.0,9.8,True,442,18.42,2.58
ENJUSDT,2024-10-23 16:00:00+00:00,0.1535,2024-11-10 14:00:00+00:00,0.16885,10.0,9.8,True,430,17.92,6.136
ARBUSDT,2024-10-23 16:00:00+00:00,0.5564,2024-11-09 05:00:00+00:00,0.61204,10.0,9.8,True,397,16.54,2.98
BTCUSDT,2024-10-23 16:00:00+00:00,66223.45,2024-10-29 16:00:00+00:00,72845.795,10.0,9.8,True,144,6.0,3.082
DOTUSDT,2024-10-23 16:00:00+00:00,4.192,2024-11-09 23:00:00+00:00,4.6112,10.0,9.8,True,415,17.29,2.588
UNIUSDT,2024-10-23 18:00:00+00:00,7.578,2024-11-06 04:00:00+00:00,8.3358,10.0,9.8,True,322,13.42,2.52
AVAXUSDT,2024-10-23 19:00:00+00:00,26.32,2024-11-09 00:00:00+00:00,28.952,10.0,9.8,True,389,16.21,2.872
AAVEUSDT,2024-10-23 19:00:00+00:00,145.96,2024-11-06 07:00:00+00:00,160.556,10.0,9.8,True,324,13.5,2.667
FILUSDT,2024-10-23 19:00:00+00:00,3.646,2024-11-09 23:00:00+00:00,4.0106,10.0,9.8,True,412,17.17,2.837
SHIBUSDT,2024-10-23 19:00:00+00:00,1.737e-05,2024-10-29 16:00:00+00:00,1.9107000000000002e-05,10.0,9.8,True,141,5.88,2.856
DOTUSDT,2024-10-23 19:00:00+00:00,4.165,2024-11-09 23:00:00+00:00,4.5815,10.0,9.8,True,412,17.17,3.057
XLMUSDT,2024-10-23 20:00:00+00:00,0.0951,2024-11-10 04:00:00+00:00,0.10461000000000001,10.0,9.8,True,416,17.33,4.189
BCHUSDT,2024-10-23 20:00:00+00:00,350.2,2024-10-29 04:00:00+00:00,385.22,10.0,9.8,True,128,5.33,3.668
CHZUSDT,2024-10-24 01:00:00+00:00,0.0672,2024-11-12 09:00:00+00:00,0.07392,10.0,9.8,True,464,19.33,5.674
AXSUSDT,2024-10-24 13:00:00+00:00,4.926,2024-11-10 05:00:00+00:00,5.4186000000000005,10.0,9.8,True,400,16.67,3.297
AXSUSDT,2024-10-24 18:00:00+00:00,4.972,2024-11-10 05:00:00+00:00,5.469200000000001,10.0,9.8,True,395,16.46,12.264
ETHUSDT,2024-10-25 10:00:00+00:00,2539.24,2024-11-07 01:00:00+00:00,2793.1639999999998,10.0,9.8,True,303,12.62,2.519
ARBUSDT,2024-10-25 11:00:00+00:00,0.5544,2024-11-09 05:00:00+00:00,0.60984,10.0,9.8,True,354,14.75,3.863
SOLUSDT,2024-10-25 15:00:00+00:00,175.62,2024-11-07 16:00:00+00:00,193.18200000000002,10.0,9.8,True,313,13.04,3.267
AVAXUSDT,2024-10-25 19:00:00+00:00,25.86,2024-11-08 12:00:00+00:00,28.446,10.0,9.8,True,329,13.71,4.646
ARBUSDT,2024-10-25 19:00:00+00:00,0.5365,2024-11-07 02:00:00+00:00,0.5901500000000001,10.0,9.8,True,295,12.29,3.551
SUIUSDT,2024-10-25 19:00:00+00:00,1.8248,2024-10-29 12:00:00+00:00,2.00728,10.0,9.8,True,89,3.71,3.475
CHZUSDT,2024-10-25 19:00:00+00:00,0.0644,2024-11-11 16:00:00+00:00,0.07084,10.0,9.8,True,405,16.88,4.069
XRPUSDT,2024-10-25 19:00:00+00:00,0.5157,2024-11-07 03:00:00+00:00,0.56727,10.0,9.8,True,296,12.33,3.842
NEARUSDT,2024-10-25 19:00:00+00:00,4.435,2024-11-10 12:00:00+00:00,4.8785,10.0,9.8,True,377,15.71,3.868
APTUSDT,2024-10-25 19:00:00+00:00,9.42,2024-11-09 22:00:00+00:00,10.362,10.0,9.8,True,363,15.12,3.208
SHIBUSDT,2024-10-25 19:00:00+00:00,1.728e-05,2024-10-29 10:00:00+00:00,1.9008e-05,10.0,9.8,True,87,3.62,5.427
BTCUSDT,2024-10-25 19:00:00+00:00,67026.62,2024-11-06 03:00:00+00:00,73729.282,10.0,9.8,True,272,11.33,6.124
SOLUSDT,2024-10-25 19:00:00+00:00,169.36,2024-11-06 04:00:00+00:00,186.29600000000002,10.0,9.8,True,273,11.38,3.069
BNBUSDT,2024-10-25 19:00:00+00:00,585.3,2024-11-10 11:00:00+00:00,643.83,10.0,9.8,True,376,15.67,5.062
SOLUSDT,2024-10-26 00:00:00+00:00,164.91,2024-10-29 02:00:00+00:00,181.401,10.0,9.8,True,74,3.08,3.898
AXSUSDT,2024-10-26 01:00:00+00:00,4.645,2024-10-31 00:00:00+00:00,5.1095,10.0,9.8,True,119,4.96,2.533
FILUSDT,2024-10-26 01:00:00+00:00,3.454,2024-11-07 01:00:00+00:00,3.7994000000000003,10.0,9.8,True,288,12.0,2.799
ARBUSDT,2024-10-26 01:00:00+00:00,0.5079,2024-10-30 14:00:00+00:00,0.55869,10.0,9.8,True,109,4.54,2.532
SANDUSDT,2024-10-26 01:00:00+00:00,0.2444,2024-11-09 22:00:00+00:00,0.26884,10.0,9.8,True,357,14.88,4.67
ETHUSDT,2024-10-27 14:00:00+00:00,2484.79,2024-11-06 22:00:00+00:00,2733.2690000000002,10.0,9.8,True,248,10.33,3.634
LINKUSDT,2024-10-27 14:00:00+00:00,11.03,2024-10-30 06:00:00+00:00,12.133000000000001,10.0,9.8,True,64,2.67,3.258
ETCUSDT,2024-10-27 14:00:00+00:00,18.3,2024-11-07 01:00:00+00:00,20.130000000000003,10.0,9.8,True,251,10.46,4.137
SANDUSDT,2024-10-28 08:00:00+00:00,0.2487,2024-11-09 23:00:00+00:00,0.27357000000000004,10.0,9.8,True,303,12.62,2.501
OPUSDT,2024-10-28 08:00:00+00:00,1.597,2024-10-30 14:00:00+00:00,1.7567000000000002,10.0,9.8,True,54,2.25,5.933
APTUSDT,2024-10-28 08:00:00+00:00,9.11,2024-10-29 12:00:00+00:00,10.021,10.0,9.8,True,28,1.17,4.371
AVAXUSDT,2024-10-28 08:00:00+00:00,25.75,2024-11-08 12:00:00+00:00,28.325000000000003,10.0,9.8,True,268,11.17,2.583
UNIUSDT,2024-10-28 08:00:00+00:00,7.516,2024-10-30 17:00:00+00:00,8.2676,10.0,9.8,True,57,2.38,2.564
SHIBUSDT,2024-10-28 09:00:00+00:00,1.7e-05,2024-10-29 02:00:00+00:00,1.87e-05,10.0,9.8,True,17,0.71,2.528
CHZUSDT,2024-10-28 13:00:00+00:00,0.0644,2024-11-11 16:00:00+00:00,0.07084,10.0,9.8,True,339,14.12,10.461
SANDUSDT,2024-10-28 14:00:00+00:00,0.2492,2024-11-09 23:00:00+00:00,0.27412000000000003,10.0,9.8,True,297,12.38,10.088
AVAXUSDT,2024-10-30 08:00:00+00:00,26.61,2024-11-09 00:00:00+00:00,29.271,10.0,9.8,True,232,9.67,4.814
XLMUSDT,2024-10-30 12:00:00+00:00,0.0951,2024-11-10 04:00:00+00:00,0.10461000000000001,10.0,9.8,True,256,10.67,2.71
SANDUSDT,2024-10-30 14:00:00+00:00,0.255,2024-11-10 04:00:00+00:00,0.2805,10.0,9.8,True,254,10.58,3.209
NEARUSDT,2024-10-31 12:00:00+00:00,4.223,2024-11-09 22:00:00+00:00,4.645300000000001,10.0,9.8,True,226,9.42,3.128
ETCUSDT,2024-10-31 14:00:00+00:00,19.07,2024-11-09 05:00:00+00:00,20.977,10.0,9.8,True,207,8.62,2.677
ATOMUSDT,2024-10-31 15:00:00+00:00,4.291,2024-11-09 00:00:00+00:00,4.7201,10.0,9.8,True,201,8.38,4.964
SUIUSDT,2024-10-31 15:00:00+00:00,1.9905,2024-11-06 02:00:00+00:00,2.18955,10.0,9.8,True,131,5.46,2.512
UNIUSDT,2024-10-31 15:00:00+00:00,7.708,2024-11-06 04:00:00+00:00,8.478800000000001,10.0,9.8,True,133,5.54,2.502
FILUSDT,2024-10-31 15:00:00+00:00,3.57,2024-11-08 14:00:00+00:00,3.927,10.0,9.8,True,191,7.96,4.947
XLMUSDT,2024-10-31 15:00:00+00:00,0.0924,2024-11-07 20:00:00+00:00,0.10164000000000001,10.0,9.8,True,173,7.21,2.528
NEARUSDT,2024-10-31 15:00:00+00:00,4.169,2024-11-09 21:00:00+00:00,4.5859,10.0,9.8,True,222,9.25,3.11
BNBUSDT,2024-10-31 16:00:00+00:00,580.7,2024-11-10 11:00:00+00:00,638.7700000000001,10.0,9.8,True,235,9.79,2.771
AVAXUSDT,2024-10-31 18:00:00+00:00,25.07,2024-11-07 01:00:00+00:00,27.577,10.0,9.8,True,151,6.29,3.139
ENJUSDT,2024-10-31 21:00:00+00:00,0.1387,2024-11-08 13:00:00+00:00,0.15257,10.0,9.8,True,184,7.67,2.574
BCHUSDT,2024-10-31 23:00:00+00:00,358.0,2024-11-09 23:00:00+00:00,393.8,10.0,9.8,True,216,9.0,2.907
SANDUSDT,2024-11-01 03:00:00+00:00,0.2413,2024-11-09 11:00:00+00:00,0.26543,10.0,9.8,True,200,8.33,5.274
ETCUSDT,2024-11-01 08:00:00+00:00,18.32,2024-11-07 01:00:00+00:00,20.152,10.0,9.8,True,137,5.71,2.882
NEARUSDT,2024-11-01 15:00:00+00:00,4.092,2024-11-09 20:00:00+00:00,4.5012,10.0,9.8,True,197,8.21,5.205
DOTUSDT,2024-11-02 07:00:00+00:00,3.924,2024-11-08 07:00:00+00:00,4.316400000000001,10.0,9.8,True,144,6.0,2.699
SANDUSDT,2024-11-02 17:00:00+00:00,0.2412,2024-11-09 00:00:00+00:00,0.26532,10.0,9.8,True,151,6.29,5.437
AAVEUSDT,2024-11-02 18:00:00+00:00,137.49,2024-11-06 03:00:00+00:00,151.23900000000003,10.0,9.8,True,81,3.38,2.76
ADAUSDT,2024-11-02 18:00:00+00:00,0.3531,2024-11-07 15:00:00+00:00,0.38841000000000003,10.0,9.8,True,117,4.88,2.776
BCHUSDT,2024-11-02 21:00:00+00:00,355.0,2024-11-09 23:00:00+00:00,390.50000000000006,10.0,9.8,True,170,7.08,10.301
AVAXUSDT,2024-11-03 03:00:00+00:00,23.44,2024-11-06 03:00:00+00:00,25.784000000000002,10.0,9.8,True,72,3.0,7.564
BNBUSDT,2024-11-03 03:00:00+00:00,560.3,2024-11-09 01:00:00+00:00,616.33,10.0,9.8,True,142,5.92,3.965
XRPUSDT,2024-11-03 04:00:00+00:00,0.502,2024-11-07 02:00:00+00:00,0.5522,10.0,9.8,True,94,3.92,2.65
ARBUSDT,2024-11-03 04:00:00+00:00,0.4875,2024-11-06 19:00:00+00:00,0.53625,10.0,9.8,True,87,3.62,3.955
FILUSDT,2024-11-03 04:00:00+00:00,3.343,2024-11-06 21:00:00+00:00,3.6773000000000002,10.0,9.8,True,89,3.71,2.889
UNIUSDT,2024-11-03 04:00:00+00:00,7.191,2024-11-06 03:00:00+00:00,7.910100000000001,10.0,9.8,True,71,2.96,3.007
AXSUSDT,2024-11-03 06:00:00+00:00,4.536,2024-11-07 00:00:00+00:00,4.9896,10.0,9.8,True,90,3.75,3.569
AVAXUSDT,2024-11-03 12:00:00+00:00,23.23,2024-11-06 02:00:00+00:00,25.553,10.0,9.8,True,62,2.58,2.619
ADAUSDT,2024-11-03 12:00:00+00:00,0.3354,2024-11-07 01:00:00+00:00,0.36894,10.0,9.8,True,85,3.54,2.67
NEARUSDT,2024-11-03 15:00:00+00:00,3.591,2024-11-06 01:00:00+00:00,3.9501000000000004,10.0,9.8,True,58,2.42,2.896
ETCUSDT,2024-11-03 15:00:00+00:00,17.54,2024-11-06 03:00:00+00:00,19.294,10.0,9.8,True,60,2.5,3.062
DOGEUSDT,2024-11-03 15:00:00+00:00,0.14589,2024-11-05 00:00:00+00:00,0.160479,10.0,9.8,True,33,1.38,2.583
ETHUSDT,2024-11-03 15:00:00+00:00,2425.13,2024-11-06 18:00:00+00:00,2667.6430000000005,10.0,9.8,True,75,3.12,2.965
MANAUSDT,2024-11-03 15:00:00+00:00,0.2639,2024-11-06 03:00:00+00:00,0.29029000000000005,10.0,9.8,True,60,2.5,3.25
XLMUSDT,2024-11-03 15:00:00+00:00,0.09,2024-11-07 03:00:00+00:00,0.099,10.0,9.8,True,84,3.5,4.593
AAVEUSDT,2024-11-03 15:00:00+00:00,132.0,2024-11-06 01:00:00+00:00,145.20000000000002,10.0,9.8,True,58,2.42,3.513
SHIBUSDT,2024-11-03 15:00:00+00:00,1.639e-05,2024-11-05 12:00:00+00:00,1.8029000000000003e-05,10.0,9.8,True,45,1.88,3.709
XRPUSDT,2024-11-03 15:00:00+00:00,0.4971,2024-11-06 22:00:00+00:00,0.54681,10.0,9.8,True,79,3.29,3.718
APTUSDT,2024-11-03 15:00:00+00:00,7.92,2024-11-06 00:00:00+00:00,8.712,10.0,9.8,True,57,2.38,3.005
AVAXUSDT,2024-11-03 15:00:00+00:00,22.75,2024-11-06 02:00:00+00:00,25.025000000000002,10.0,9.8,True,59,2.46,4.456
BNBUSDT,2024-11-03 16:00:00+00:00,551.9,2024-11-07 02:00:00+00:00,607.09,10.0,9.8,True,82,3.42,3.62
SUIUSDT,2024-11-03 16:00:00+00:00,1.8444,2024-11-05 14:00:00+00:00,2.02884,10.0,9.8,True,46,1.92,3.111
SOLUSDT,2024-11-03 16:00:00+00:00,159.99,2024-11-06 02:00:00+00:00,175.98900000000003,10.0,9.8,True,58,2.42,3.167
SANDUSDT,2024-11-03 16:00:00+00:00,0.2283,2024-11-06 03:00:00+00:00,0.25113,10.0,9.8,True,59,2.46,2.849
UNIUSDT,2024-11-03 16:00:00+00:00,6.972,2024-11-06 01:00:00+00:00,7.669200000000001,10.0,9.8,True,57,2.38,3.695
ARBUSDT,2024-11-03 16:00:00+00:00,0.4741,2024-11-06 03:00:00+00:00,0.52151,10.0,9.8,True,59,2.46,3.294
OPUSDT,2024-11-03 17:00:00+00:00,1.408,2024-11-06 12:00:00+00:00,1.5488,10.0,9.8,True,67,2.79,3.152
AXSUSDT,2024-11-04 18:00:00+00:00,4.429,2024-11-06 22:00:00+00:00,4.871900000000001,10.0,9.8,True,52,2.17,2.558
OPUSDT,2024-11-04 22:00:00+00:00,1.306,2024-11-05 14:00:00+00:00,1.4366,10.0,9.8,True,16,0.67,2.524
ENJUSDT,2024-11-04 23:00:00+00:00,0.1267,2024-11-06 02:00:00+00:00,0.13937000000000002,10.0,9.8,True,27,1.12,3.3
TRXUSDT,2024-11-05 15:00:00+00:00,0.1621,2024-11-12 10:00:00+00:00,0.17831,10.0,9.8,True,163,6.79,2.743
TRXUSDT,2024-11-07 18:00:00+00:00,0.1612,2024-11-12 10:00:00+00:00,0.17732000000000003,10.0,9.8,True,112,4.67,2.506
FILUSDT,2024-11-08 15:00:00+00:00,3.823,2024-11-10 10:00:00+00:00,4.2053,10.0,9.8,True,43,1.79,8.961
NEARUSDT,2024-11-09 21:00:00+00:00,4.544,2024-11-11 02:00:00+00:00,4.9984,10.0,9.8,True,29,1.21,3.005
BNBUSDT,2024-11-11 17:00:00+00:00,634.05,2024-12-03 20:00:00+00:00,697.455,10.0,9.8,True,531,22.12,2.555
ARBUSDT,2024-11-13 14:00:00+00:00,0.606,2024-11-16 15:00:00+00:00,0.6666000000000001,10.0,9.8,True,73,3.04,2.575
AXSUSDT,2024-11-13 14:00:00+00:00,5.276,2024-11-16 11:00:00+00:00,5.8036,10.0,9.8,True,69,2.88,2.531
ETCUSDT,2024-11-13 14:00:00+00:00,22.14,2024-11-16 09:00:00+00:00,24.354000000000003,10.0,9.8,True,67,2.79,2.913
ATOMUSDT,2024-11-13 14:00:00+00:00,5.102,2024-11-16 11:00:00+00:00,5.6122000000000005,10.0,9.8,True,69,2.88,2.674
DOTUSDT,2024-11-13 14:00:00+00:00,5.191,2024-11-16 18:00:00+00:00,5.710100000000001,10.0,9.8,True,76,3.17,2.526
ADAUSDT,2024-11-13 14:00:00+00:00,0.5646,2024-11-15 06:00:00+00:00,0.6210600000000001,10.0,9.8,True,40,1.67,2.997
LINKUSDT,2024-11-13 14:00:00+00:00,13.87,2024-11-18 16:00:00+00:00,15.257,10.0,9.8,True,122,5.08,2.723
SHIBUSDT,2024-11-13 14:00:00+00:00,2.574e-05,2024-12-01 00:00:00+00:00,2.8314000000000004e-05,10.0,9.8,True,418,17.42,3.804
SOLUSDT,2024-11-13 14:00:00+00:00,212.43,2024-11-17 04:00:00+00:00,233.67300000000003,10.0,9.8,True,86,3.58,2.823
AVAXUSDT,2024-11-13 14:00:00+00:00,33.36,2024-11-17 06:00:00+00:00,36.696000000000005,10.0,9.8,True,88,3.67,2.873
ETHUSDT,2024-11-13 14:00:00+00:00,3215.28,2024-11-25 15:00:00+00:00,3536.8080000000004,10.0,9.8,True,289,12.04,2.567
UNIUSDT,2024-11-13 15:00:00+00:00,9.101,2024-11-23 01:00:00+00:00,10.011100000000003,10.0,9.8,True,226,9.42,3.211
FILUSDT,2024-11-13 15:00:00+00:00,4.219,2024-11-16 18:00:00+00:00,4.640900000000001,10.0,9.8,True,75,3.12,3.495
BCHUSDT,2024-11-13 15:00:00+00:00,437.9,2024-11-16 19:00:00+00:00,481.69,10.0,9.8,True,76,3.17,4.69
CHZUSDT,2024-11-13 15:00:00+00:00,0.0673,2024-11-16 18:00:00+00:00,0.07403,10.0,9.8,True,75,3.12,3.235
AAVEUSDT,2024-11-13 15:00:00+00:00,186.85,2024-11-27 15:00:00+00:00,205.535,10.0,9.8,True,336,14.0,3.036
LTCUSDT,2024-11-13 15:00:00+00:00,76.78,2024-11-14 03:00:00+00:00,84.45800000000001,10.0,9.8,True,12,0.5,2.715
ENJUSDT,2024-11-13 15:00:00+00:00,0.1633,2024-11-16 12:00:00+00:00,0.17963,10.0,9.8,True,69,2.88,3.837
OPUSDT,2024-11-13 15:00:00+00:00,1.663,2024-11-18 23:00:00+00:00,1.8293000000000001,10.0,9.8,True,128,5.33,5.872
BNBUSDT,2024-11-13 15:00:00+00:00,637.39,2024-12-03 20:00:00+00:00,701.129,10.0,9.8,True,485,20.21,3.096
AXSUSDT,2024-11-15 05:00:00+00:00,4.849,2024-11-16 02:00:00+00:00,5.333900000000001,10.0,9.8,True,21,0.88,2.932
BNBUSDT,2024-11-17 03:00:00+00:00,612.43,2024-11-23 08:00:00+00:00,673.673,10.0,9.8,True,149,6.21,2.561
BNBUSDT,2024-11-17 05:00:00+00:00,629.9,2024-12-03 19:00:00+00:00,692.89,10.0,9.8,True,398,16.58,2.987
ETCUSDT,2024-11-18 01:00:00+00:00,26.86,2024-11-23 00:00:00+00:00,29.546000000000003,10.0,9.8,True,119,4.96,2.862
AXSUSDT,2024-11-18 01:00:00+00:00,5.546,2024-11-18 18:00:00+00:00,6.100600000000001,10.0,9.8,True,17,0.71,2.733
UNIUSDT,2024-11-18 03:00:00+00:00,9.072,2024-11-22 23:00:00+00:00,9.9792,10.0,9.8,True,116,4.83,3.21
LINKUSDT,2024-11-19 15:00:00+00:00,14.69,2024-11-22 23:00:00+00:00,16.159000000000002,10.0,9.8,True,80,3.33,2.762
ETCUSDT,2024-11-20 04:00:00+00:00,25.39,2024-11-21 12:00:00+00:00,27.929000000000002,10.0,9.8,True,32,1.33,3.609
MANAUSDT,2024-11-21 05:00:00+00:00,0.405,2024-11-22 22:00:00+00:00,0.44550000000000006,10.0,9.8,True,41,1.71,3.38
ARBUSDT,2024-11-21 05:00:00+00:00,0.703,2024-11-21 13:00:00+00:00,0.7733,10.0,9.8,True,8,0.33,2.924
AXSUSDT,2024-11-21 05:00:00+00:00,5.713,2024-11-22 23:00:00+00:00,6.284300000000001,10.0,9.8,True,42,1.75,2.804
OPUSDT,2024-11-21 05:00:00+00:00,1.726,2024-11-21 13:00:00+00:00,1.8986,10.0,9.8,True,8,0.33,2.945
SANDUSDT,2024-11-21 05:00:00+00:00,0.3422,2024-11-22 23:00:00+00:00,0.37642000000000003,10.0,9.8,True,42,1.75,2.794
LTCUSDT,2024-11-21 07:00:00+00:00,90.18,2024-11-23 01:00:00+00:00,99.19800000000002,10.0,9.8,True,42,1.75,6.151
FILUSDT,2024-11-21 07:00:00+00:00,4.494,2024-11-22 23:00:00+00:00,4.9434000000000005,10.0,9.8,True,40,1.67,3.777
SHIBUSDT,2024-11-24 02:00:00+00:00,2.736e-05,2024-12-01 04:00:00+00:00,3.0096e-05,10.0,9.8,True,170,7.08,3.18
BCHUSDT,2024-11-24 17:00:00+00:00,506.1,2024-12-02 00:00:00+00:00,556.71,10.0,9.8,True,175,7.29,2.61
TRXUSDT,2024-11-25 16:00:00+00:00,0.2,2024-12-02 23:00:00+00:00,0.22000000000000003,10.0,9.8,True,175,7.29,3.153
BTCUSDT,2024-11-25 16:00:00+00:00,96000.57,2024-12-16 00:00:00+00:00,105600.62700000002,10.0,9.8,True,488,20.33,5.176
DOGEUSDT,2024-11-25 16:00:00+00:00,0.41424,2024-12-02 02:00:00+00:00,0.455664,10.0,9.8,True,154,6.42,3.333
SOLUSDT,2024-11-25 16:00:00+00:00,244.97,2025-01-18 16:00:00+00:00,269.46700000000004,10.0,9.8,True,1296,54.0,5.829
NEARUSDT,2024-11-25 23:00:00+00:00,6.472,2024-11-28 22:00:00+00:00,7.119200000000001,10.0,9.8,True,71,2.96,2.558
ADAUSDT,2024-11-26 12:00:00+00:00,0.9051,2024-11-27 10:00:00+00:00,0.9956100000000001,10.0,9.8,True,22,0.92,3.6
TRXUSDT,2024-11-26 12:00:00+00:00,0.1896,2024-12-01 10:00:00+00:00,0.20856,10.0,9.8,True,118,4.92,3.517
XRPUSDT,2024-11-26 12:00:00+00:00,1.3325,2024-11-27 09:00:00+00:00,1.46575,10.0,9.8,True,21,0.88,3.083
NEARUSDT,2024-11-26 12:00:00+00:00,6.124,2024-11-27 09:00:00+00:00,6.736400000000001,10.0,9.8,True,21,0.88,3.174
AXSUSDT,2024-11-26 12:00:00+00:00,7.062,2024-11-27 18:00:00+00:00,7.768200000000001,10.0,9.8,True,30,1.25,2.584
DOTUSDT,2024-11-26 12:00:00+00:00,7.845,2024-11-28 22:00:00+00:00,8.6295,10.0,9.8,True,58,2.42,4.241
SOLUSDT,2024-11-26 12:00:00+00:00,227.73,2025-01-18 15:00:00+00:00,250.50300000000001,10.0,9.8,True,1275,53.12,2.506
FILUSDT,2024-11-26 12:00:00+00:00,5.3,2024-11-27 23:00:00+00:00,5.83,10.0,9.8,True,35,1.46,3.674
LTCUSDT,2024-11-26 12:00:00+00:00,90.34,2024-11-29 14:00:00+00:00,99.37400000000001,10.0,9.8,True,74,3.08,3.034
APTUSDT,2024-11-26 12:00:00+00:00,11.26,2024-11-27 15:00:00+00:00,12.386000000000001,10.0,9.8,True,27,1.12,2.962
AAVEUSDT,2024-11-26 12:00:00+00:00,169.15,2024-11-27 00:00:00+00:00,186.06500000000003,10.0,9.8,True,12,0.5,2.579
AVAXUSDT,2024-11-26 13:00:00+00:00,41.83,2024-11-30 14:00:00+00:00,46.013000000000005,10.0,9.8,True,97,4.04,2.678
CHZUSDT,2024-11-26 21:00:00+00:00,0.0872,2024-11-29 12:00:00+00:00,0.09592,10.0,9.8,True,63,2.62,2.821
SOLUSDT,2024-12-02 05:00:00+00:00,229.38,2025-01-18 15:00:00+00:00,252.318,10.0,9.8,True,1138,47.42,3.269
APTUSDT,2024-12-02 05:00:00+00:00,12.94,2024-12-03 00:00:00+00:00,14.234,10.0,9.8,True,19,0.79,2.925
XLMUSDT,2024-12-02 16:00:00+00:00,0.5757,2025-01-31 15:00:00+00:00,0.4237,-26.403,-26.603,False,1439,59.96,2.957
BTCUSDT,2024-12-02 16:00:00+00:00,97048.01,2024-12-16 16:00:00+00:00,106752.811,10.0,9.8,True,336,14.0,2.696
SHIBUSDT,2024-12-03 15:00:00+00:00,2.788e-05,2024-12-04 00:00:00+00:00,3.0668000000000005e-05,10.0,9.8,True,9,0.38,4.13
SOLUSDT,2024-12-03 15:00:00+00:00,224.26,2024-12-06 01:00:00+00:00,246.686,10.0,9.8,True,58,2.42,3.703
ETHUSDT,2024-12-03 15:00:00+00:00,3580.35,2024-12-05 11:00:00+00:00,3938.385,10.0,9.8,True,44,1.83,4.489
DOGEUSDT,2024-12-03 15:00:00+00:00,0.40681,2024-12-05 03:00:00+00:00,0.447491,10.0,9.8,True,36,1.5,5.158
BTCUSDT,2024-12-03 15:00:00+00:00,95235.25,2024-12-15 23:00:00+00:00,104758.77500000001,10.0,9.8,True,296,12.33,4.532
OPUSDT,2024-12-03 15:00:00+00:00,2.418,2024-12-04 13:00:00+00:00,2.6598,10.0,9.8,True,22,0.92,3.457
AVAXUSDT,2024-12-03 15:00:00+00:00,49.89,2024-12-04 07:00:00+00:00,54.879000000000005,10.0,9.8,True,16,0.67,3.272
SOLUSDT,2024-12-05 04:00:00+00:00,232.92,2025-01-18 15:00:00+00:00,256.212,10.0,9.8,True,1067,44.46,2.557
CHZUSDT,2024-12-05 12:00:00+00:00,0.1411,2025-02-03 11:00:00+00:00,0.056,-60.312,-60.512,False,1439,59.96,2.787
UNIUSDT,2024-12-06 01:00:00+00:00,15.906,2024-12-06 18:00:00+00:00,17.4966,10.0,9.8,True,17,0.71,3.591
ADAUSDT,2024-12-06 16:00:00+00:00,1.2059,2025-02-04 15:00:00+00:00,0.7582,-37.126,-37.326,False,1439,59.96,2.739
ETCUSDT,2024-12-06 16:00:00+00:00,36.58,2025-02-04 15:00:00+00:00,21.03,-42.51,-42.71,False,1439,59.96,4.231
TRXUSDT,2024-12-08 10:00:00+00:00,0.309,2025-02-06 09:00:00+00:00,0.2281,-26.181,-26.381,False,1439,59.96,3.786
NEARUSDT,2024-12-08 10:00:00+00:00,7.495,2025-02-06 09:00:00+00:00,3.365,-55.103,-55.303,False,1439,59.96,2.668
AXSUSDT,2024-12-08 10:00:00+00:00,9.0,2025-02-06 09:00:00+00:00,4.162,-53.756,-53.956,False,1439,59.96,3.066
ATOMUSDT,2024-12-08 11:00:00+00:00,10.215,2025-02-06 10:00:00+00:00,4.691,-54.077,-54.277,False,1439,59.96,4.2
DOTUSDT,2024-12-08 16:00:00+00:00,10.34,2025-02-06 15:00:00+00:00,4.532,-56.17,-56.37,False,1439,59.96,2.609
ETHUSDT,2024-12-09 08:00:00+00:00,3918.44,2025-02-07 07:00:00+00:00,2713.07,-30.761,-30.961,False,1439,59.96,2.514
BCHUSDT,2024-12-09 09:00:00+00:00,603.6,2025-02-07 08:00:00+00:00,323.6,-46.388,-46.588,False,1439,59.96,5.472
XLMUSDT,2024-12-09 10:00:00+00:00,0.4535,2025-01-16 12:00:00+00:00,0.49885000000000007,10.0,9.8,True,914,38.08,3.631
ATOMUSDT,2024-12-09 13:00:00+00:00,9.29,2025-02-07 12:00:00+00:00,4.538,-51.152,-51.352,False,1439,59.96,2.72
BNBUSDT,2024-12-09 13:00:00+00:00,724.63,2025-02-07 12:00:00+00:00,584.83,-19.293,-19.493,False,1439,59.96,2.557
APTUSDT,2024-12-09 14:00:00+00:00,13.55,2025-02-07 13:00:00+00:00,6.11,-54.908,-55.108,False,1439,59.96,2.5
AAVEUSDT,2024-12-09 14:00:00+00:00,275.0,2024-12-11 22:00:00+00:00,302.5,10.0,9.8,True,56,2.33,2.653
SOLUSDT,2024-12-09 16:00:00+00:00,224.3,2025-01-18 15:00:00+00:00,246.73000000000005,10.0,9.8,True,959,39.96,5.677
BTCUSDT,2024-12-09 16:00:00+00:00,97812.0,2024-12-16 18:00:00+00:00,107593.20000000001,10.0,9.8,True,170,7.08,3.979
ETHUSDT,2024-12-09 16:00:00+00:00,3824.0,2025-02-07 15:00:00+00:00,2721.73,-28.825,-29.025,False,1439,59.96,4.392
XLMUSDT,2024-12-09 18:00:00+00:00,0.4554,2025-01-16 12:00:00+00:00,0.50094,10.0,9.8,True,906,37.75,3.362
DOGEUSDT,2024-12-09 22:00:00+00:00,0.41705,2025-02-07 21:00:00+00:00,0.24185,-42.009,-42.209,False,1439,59.96,5.196
CHZUSDT,2024-12-09 23:00:00+00:00,0.1058,2024-12-11 21:00:00+00:00,0.11638000000000001,10.0,9.8,True,46,1.92,3.85
LTCUSDT,2024-12-09 23:00:00+00:00,109.22,2024-12-12 02:00:00+00:00,120.14200000000001,10.0,9.8,True,51,2.12,5.453
MANAUSDT,2024-12-09 23:00:00+00:00,0.5946,2024-12-11 15:00:00+00:00,0.6540600000000001,10.0,9.8,True,40,1.67,4.907
ARBUSDT,2024-12-09 23:00:00+00:00,0.9513,2024-12-12 02:00:00+00:00,1.0464300000000002,10.0,9.8,True,51,2.12,3.778
TRXUSDT,2024-12-09 23:00:00+00:00,0.2604,2024-12-11 16:00:00+00:00,0.28644000000000003,10.0,9.8,True,41,1.71,3.12
SHIBUSDT,2024-12-09 23:00:00+00:00,2.716e-05,2025-02-07 22:00:00+00:00,1.489e-05,-45.177,-45.377,False,1439,59.96,3.925
BNBUSDT,2024-12-09 23:00:00+00:00,682.1,2025-02-07 22:00:00+00:00,574.95,-15.709,-15.909,False,1439,59.96,3.705
DOTUSDT,2024-12-09 23:00:00+00:00,8.5,2024-12-12 03:00:00+00:00,9.350000000000001,10.0,9.8,True,52,2.17,4.415
ADAUSDT,2024-12-09 23:00:00+00:00,1.016,2024-12-12 02:00:00+00:00,1.1176000000000001,10.0,9.8,True,51,2.12,4.458
SUIUSDT,2024-12-09 23:00:00+00:00,3.7451,2024-12-11 16:00:00+00:00,4.11961,10.0,9.8,True,41,1.71,3.447
UNIUSDT,2024-12-09 23:00:00+00:00,15.571,2024-12-11 16:00:00+00:00,17.1281,10.0,9.8,True,41,1.71,3.047
AXSUSDT,2024-12-09 23:00:00+00:00,7.584,2025-02-07 22:00:00+00:00,3.944,-47.996,-48.196,False,1439,59.96,4.059
SOLUSDT,2024-12-09 23:00:00+00:00,217.86,2025-01-18 08:00:00+00:00,239.64600000000004,10.0,9.8,True,945,39.38,3.561
ETCUSDT,2024-12-09 23:00:00+00:00,31.17,2024-12-12 00:00:00+00:00,34.287000000000006,10.0,9.8,True,49,2.04,3.622
OPUSDT,2024-12-09 23:00:00+00:00,2.205,2024-12-12 03:00:00+00:00,2.4255000000000004,10.0,9.8,True,52,2.17,4.029
APTUSDT,2024-12-09 23:00:00+00:00,11.85,2024-12-12 00:00:00+00:00,13.035,10.0,9.8,True,49,2.04,3.816
ATOMUSDT,2024-12-09 23:00:00+00:00,8.306,2024-12-12 04:00:00+00:00,9.1366,10.0,9.8,True,53,2.21,4.356
XRPUSDT,2024-12-09 23:00:00+00:00,2.216,2024-12-11 15:00:00+00:00,2.4376,10.0,9.8,True,40,1.67,3.925
SANDUSDT,2024-12-09 23:00:00+00:00,0.7353,2024-12-11 22:00:00+00:00,0.80883,10.0,9.8,True,47,1.96,4.336
AVAXUSDT,2024-12-09 23:00:00+00:00,44.67,2024-12-12 01:00:00+00:00,49.13700000000001,10.0,9.8,True,50,2.08,5.28
NEARUSDT,2024-12-09 23:00:00+00:00,6.471,2024-12-12 03:00:00+00:00,7.118100000000001,10.0,9.8,True,52,2.17,4.843
LINKUSDT,2024-12-09 23:00:00+00:00,22.35,2024-12-12 02:00:00+00:00,24.585000000000004,10.0,9.8,True,51,2.12,3.064
ENJUSDT,2024-12-09 23:00:00+00:00,0.2806,2024-12-11 16:00:00+00:00,0.30866000000000005,10.0,9.8,True,41,1.71,5.165
FILUSDT,2024-12-09 23:00:00+00:00,6.211,2024-12-12 02:00:00+00:00,6.8321000000000005,10.0,9.8,True,51,2.12,3.589
XLMUSDT,2024-12-09 23:00:00+00:00,0.4037,2024-12-11 21:00:00+00:00,0.44407,10.0,9.8,True,46,1.92,4.037
ETHUSDT,2024-12-09 23:00:00+00:00,3714.18,2024-12-16 18:00:00+00:00,4085.598,10.0,9.8,True,163,6.79,3.901
BTCUSDT,2024-12-10 17:00:00+00:00,96319.76,2024-12-16 00:00:00+00:00,105951.736,10.0,9.8,True,127,5.29,3.186
AXSUSDT,2024-12-10 18:00:00+00:00,6.609,2024-12-10 21:00:00+00:00,7.269900000000001,10.0,9.8,True,3,0.12,3.814
BNBUSDT,2024-12-13 10:00:00+00:00,708.43,2025-02-11 09:00:00+00:00,639.74,-9.696,-9.896,False,1439,59.96,4.499
UNIUSDT,2024-12-14 17:00:00+00:00,16.771,2025-02-12 16:00:00+00:00,9.649,-42.466,-42.666,False,1439,59.96,2.839
AXSUSDT,2024-12-14 23:00:00+00:00,7.62,2025-02-12 22:00:00+00:00,4.459,-41.483,-41.683,False,1439,59.96,5.038
AXSUSDT,2024-12-16 16:00:00+00:00,7.507,2025-02-14 15:00:00+00:00,4.529,-39.67,-39.87,False,1439,59.96,3.387
ADAUSDT,2024-12-16 17:00:00+00:00,1.1087,2025-02-14 16:00:00+00:00,0.8105,-26.896,-27.096,False,1439,59.96,3.571
LTCUSDT,2024-12-16 17:00:00+00:00,121.31,2025-01-17 03:00:00+00:00,133.441,10.0,9.8,True,754,31.42,2.949
XRPUSDT,2024-12-16 17:00:00+00:00,2.5164,2025-01-15 01:00:00+00:00,2.76804,10.0,9.8,True,704,29.33,10.674
DOTUSDT,2024-12-16 17:00:00+00:00,9.068,2025-02-14 16:00:00+00:00,5.244,-42.17,-42.37,False,1439,59.96,3.096
TRXUSDT,2024-12-16 17:00:00+00:00,0.2941,2025-02-14 16:00:00+00:00,0.2328,-20.843,-21.043,False,1439,59.96,7.784
XLMUSDT,2024-12-16 17:00:00+00:00,0.4326,2025-01-04 02:00:00+00:00,0.47586,10.0,9.8,True,441,18.38,9.56
XLMUSDT,2024-12-18 01:00:00+00:00,0.4408,2025-01-04 02:00:00+00:00,0.4848800000000001,10.0,9.8,True,409,17.04,2.528
AAVEUSDT,2024-12-18 01:00:00+00:00,360.69,2025-02-16 00:00:00+00:00,253.18,-29.807,-30.007,False,1439,59.96,2.524
OPUSDT,2024-12-18 05:00:00+00:00,2.326,2025-02-16 04:00:00+00:00,1.126,-51.591,-51.791,False,1439,59.96,2.617
ATOMUSDT,2024-12-18 12:00:00+00:00,8.616,2025-02-16 11:00:00+00:00,4.867,-43.512,-43.712,False,1439,59.96,2.839
ENJUSDT,2024-12-18 13:00:00+00:00,0.263,2025-02-16 12:00:00+00:00,0.1265,-51.901,-52.101,False,1439,59.96,2.7
CHZUSDT,2024-12-18 14:00:00+00:00,0.1014,2025-02-16 13:00:00+00:00,0.0596,-41.223,-41.423,False,1439,59.96,2.884
NEARUSDT,2024-12-18 16:00:00+00:00,6.106,2025-02-16 15:00:00+00:00,3.486,-42.909,-43.109,False,1439,59.96,3.619
SHIBUSDT,2024-12-18 20:00:00+00:00,2.512e-05,2025-02-16 19:00:00+00:00,1.599e-05,-36.346,-36.546,False,1439,59.96,2.805
FILUSDT,2024-12-18 20:00:00+00:00,5.915,2025-02-16 19:00:00+00:00,3.398,-42.553,-42.753,False,1439,59.96,3.374
TRXUSDT,2024-12-18 20:00:00+00:00,0.2676,2025-02-16 19:00:00+00:00,0.2427,-9.305,-9.505,False,1439,59.96,2.859
AVAXUSDT,2024-12-18 20:00:00+00:00,45.25,2025-02-16 19:00:00+00:00,24.96,-44.84,-45.04,False,1439,59.96,4.422
LTCUSDT,2024-12-18 21:00:00+00:00,109.56,2025-01-16 03:00:00+00:00,120.516,10.0,9.8,True,678,28.25,5.28
AXSUSDT,2024-12-19 03:00:00+00:00,6.464,2025-01-03 16:00:00+00:00,7.110400000000001,10.0,9.8,True,373,15.54,4.243
ETHUSDT,2024-12-19 03:00:00+00:00,3648.88,2025-02-17 02:00:00+00:00,2669.34,-26.845,-27.045,False,1439,59.96,3.063
ETCUSDT,2024-12-19 03:00:00+00:00,29.01,2025-02-17 02:00:00+00:00,20.5,-29.335,-29.535,False,1439,59.96,3.119
AAVEUSDT,2024-12-19 03:00:00+00:00,335.32,2024-12-23 21:00:00+00:00,368.85200000000003,10.0,9.8,True,114,4.75,2.708
SOLUSDT,2024-12-19 03:00:00+00:00,205.85,2025-01-18 03:00:00+00:00,226.435,10.0,9.8,True,720,30.0,3.114
TRXUSDT,2024-12-19 03:00:00+00:00,0.2576,2025-02-17 02:00:00+00:00,0.2406,-6.599,-6.799,False,1439,59.96,2.611
SANDUSDT,2024-12-19 03:00:00+00:00,0.598,2025-01-03 11:00:00+00:00,0.6578,10.0,9.8,True,368,15.33,3.201
AVAXUSDT,2024-12-19 03:00:00+00:00,41.98,2025-02-17 02:00:00+00:00,25.02,-40.4,-40.6,False,1439,59.96,3.271
ARBUSDT,2024-12-19 03:00:00+00:00,0.843,2025-01-06 02:00:00+00:00,0.9273,10.0,9.8,True,431,17.96,3.212
DOGEUSDT,2024-12-19 03:00:00+00:00,0.35567,2025-01-04 03:00:00+00:00,0.391237,10.0,9.8,True,384,16.0,3.344
LINKUSDT,2024-12-19 03:00:00+00:00,24.67,2025-01-22 00:00:00+00:00,27.137000000000004,10.0,9.8,True,813,33.88,3.528
OPUSDT,2024-12-19 03:00:00+00:00,2.14,2025-02-17 02:00:00+00:00,1.132,-47.103,-47.303,False,1439,59.96,3.55
FILUSDT,2024-12-19 03:00:00+00:00,5.564,2025-01-06 02:00:00+00:00,6.120400000000001,10.0,9.8,True,431,17.96,3.684
APTUSDT,2024-12-19 03:00:00+00:00,11.81,2025-02-17 02:00:00+00:00,5.88,-50.212,-50.412,False,1439,59.96,3.117
ENJUSDT,2024-12-19 03:00:00+00:00,0.2404,2025-02-17 02:00:00+00:00,0.1231,-48.794,-48.994,False,1439,59.96,2.82
LTCUSDT,2024-12-19 03:00:00+00:00,107.92,2025-01-16 01:00:00+00:00,118.71200000000002,10.0,9.8,True,670,27.92,2.504
SHIBUSDT,2024-12-19 03:00:00+00:00,2.375e-05,2025-02-17 02:00:00+00:00,1.598e-05,-32.716,-32.916,False,1439,59.96,3.237
DOTUSDT,2024-12-19 03:00:00+00:00,7.514,2025-02-17 02:00:00+00:00,4.904,-34.735,-34.935,False,1439,59.96,2.932
BNBUSDT,2024-12-19 03:00:00+00:00,689.8,2025-02-17 02:00:00+00:00,670.31,-2.825,-3.025,False,1439,59.96,3.689
SUIUSDT,2024-12-19 03:00:00+00:00,4.2727,2024-12-21 04:00:00+00:00,4.69997,10.0,9.8,True,49,2.04,3.267
BCHUSDT,2024-12-19 03:00:00+00:00,476.3,2025-02-17 02:00:00+00:00,328.1,-31.115,-31.315,False,1439,59.96,2.892
MANAUSDT,2024-12-19 03:00:00+00:00,0.5125,2025-01-04 00:00:00+00:00,0.56375,10.0,9.8,True,381,15.88,2.779
TRXUSDT,2024-12-19 19:00:00+00:00,0.2543,2025-02-17 18:00:00+00:00,0.2398,-5.702,-5.902,False,1439,59.96,3.371
ETHUSDT,2024-12-19 19:00:00+00:00,3519.9,2025-02-17 18:00:00+00:00,2700.99,-23.265,-23.465,False,1439,59.96,3.488
ATOMUSDT,2024-12-19 19:00:00+00:00,6.991,2025-01-07 06:00:00+00:00,7.6901,10.0,9.8,True,443,18.46,3.585
ARBUSDT,2024-12-19 19:00:00+00:00,0.7945,2025-01-04 13:00:00+00:00,0.87395,10.0,9.8,True,378,15.75,4.634
ETCUSDT,2024-12-19 19:00:00+00:00,27.43,2025-02-17 18:00:00+00:00,20.5,-25.264,-25.464,False,1439,59.96,4.3
LINKUSDT,2024-12-19 19:00:00+00:00,22.9,2024-12-24 19:00:00+00:00,25.19,10.0,9.8,True,120,5.0,3.319
BNBUSDT,2024-12-19 19:00:00+00:00,670.95,2025-01-06 20:00:00+00:00,738.0450000000001,10.0,9.8,True,433,18.04,2.889
BCHUSDT,2024-12-19 19:00:00+00:00,444.7,2025-01-17 17:00:00+00:00,489.17,10.0,9.8,True,694,28.92,6.488
MANAUSDT,2024-12-19 19:00:00+00:00,0.4897,2024-12-24 13:00:00+00:00,0.5386700000000001,10.0,9.8,True,114,4.75,4.962
DOTUSDT,2024-12-19 19:00:00+00:00,7.141,2025-01-03 14:00:00+00:00,7.855100000000001,10.0,9.8,True,355,14.79,4.371
FILUSDT,2024-12-19 21:00:00+00:00,5.09,2025-01-03 14:00:00+00:00,5.599,10.0,9.8,True,353,14.71,2.562
SHIBUSDT,2024-12-19 21:00:00+00:00,2.166e-05,2024-12-21 07:00:00+00:00,2.3826000000000002e-05,10.0,9.8,True,34,1.42,2.701
UNIUSDT,2024-12-19 21:00:00+00:00,13.145,2024-12-21 05:00:00+00:00,14.4595,10.0,9.8,True,32,1.33,3.02
XLMUSDT,2024-12-19 21:00:00+00:00,0.3659,2024-12-24 16:00:00+00:00,0.40249,10.0,9.8,True,115,4.79,2.516
AXSUSDT,2024-12-19 23:00:00+00:00,6.192,2024-12-23 21:00:00+00:00,6.8112,10.0,9.8,True,94,3.92,3.003
UNIUSDT,2024-12-20 09:00:00+00:00,12.037,2024-12-20 19:00:00+00:00,13.240700000000002,10.0,9.8,True,10,0.42,3.115
BNBUSDT,2024-12-20 09:00:00+00:00,646.33,2024-12-25 10:00:00+00:00,710.9630000000001,10.0,9.8,True,121,5.04,2.748
SOLUSDT,2024-12-20 09:00:00+00:00,181.69,2024-12-21 06:00:00+00:00,199.859,10.0,9.8,True,21,0.88,2.929
FILUSDT,2024-12-20 09:00:00+00:00,4.79,2024-12-20 22:00:00+00:00,5.269,10.0,9.8,True,13,0.54,2.717
ATOMUSDT,2024-12-20 10:00:00+00:00,6.198,2024-12-20 19:00:00+00:00,6.817800000000001,10.0,9.8,True,9,0.38,2.505
ADAUSDT,2024-12-20 10:00:00+00:00,0.8189,2024-12-20 19:00:00+00:00,0.90079,10.0,9.8,True,9,0.38,2.789
ETCUSDT,2024-12-20 10:00:00+00:00,24.81,2024-12-20 22:00:00+00:00,27.291,10.0,9.8,True,12,0.5,3.472
SOLUSDT,2024-12-20 11:00:00+00:00,182.75,2024-12-21 07:00:00+00:00,201.025,10.0,9.8,True,20,0.83,2.52
XRPUSDT,2024-12-20 13:00:00+00:00,2.1552,2024-12-21 06:00:00+00:00,2.37072,10.0,9.8,True,17,0.71,3.109
AXSUSDT,2024-12-20 13:00:00+00:00,5.57,2024-12-20 17:00:00+00:00,6.127000000000001,10.0,9.8,True,4,0.17,3.245
SANDUSDT,2024-12-22 01:00:00+00:00,0.5661,2024-12-24 14:00:00+00:00,0.6227100000000001,10.0,9.8,True,61,2.54,4.386
AXSUSDT,2024-12-22 06:00:00+00:00,6.121,2024-12-23 21:00:00+00:00,6.733100000000001,10.0,9.8,True,39,1.62,2.786
BNBUSDT,2024-12-23 03:00:00+00:00,655.99,2024-12-28 14:00:00+00:00,721.589,10.0,9.8,True,131,5.46,4.728
LTCUSDT,2024-12-23 05:00:00+00:00,103.84,2025-01-03 20:00:00+00:00,114.22400000000002,10.0,9.8,True,279,11.62,2.59
BCHUSDT,2024-12-23 05:00:00+00:00,451.3,2025-01-17 18:00:00+00:00,496.43000000000006,10.0,9.8,True,613,25.54,3.07
UNIUSDT,2024-12-24 15:00:00+00:00,14.514,2025-02-22 14:00:00+00:00,8.877,-38.838,-39.038,False,1439,59.96,2.526
ATOMUSDT,2024-12-25 11:00:00+00:00,6.956,2025-01-07 06:00:00+00:00,7.651600000000001,10.0,9.8,True,307,12.79,3.49
BCHUSDT,2024-12-25 19:00:00+00:00,461.1,2025-02-23 18:00:00+00:00,324.8,-29.56,-29.76,False,1439,59.96,4.602
MANAUSDT,2024-12-26 10:00:00+00:00,0.4959,2025-01-03 15:00:00+00:00,0.54549,10.0,9.8,True,197,8.21,6.006
ATOMUSDT,2024-12-26 10:00:00+00:00,6.527,2025-01-03 15:00:00+00:00,7.1797,10.0,9.8,True,197,8.21,2.743
AAVEUSDT,2024-12-26 11:00:00+00:00,339.31,2025-01-21 18:00:00+00:00,373.24100000000004,10.0,9.8,True,631,26.29,2.524
BNBUSDT,2024-12-26 14:00:00+00:00,692.41,2025-02-24 13:00:00+00:00,641.32,-7.379,-7.579,False,1439,59.96,2.906
ENJUSDT,2024-12-26 15:00:00+00:00,0.2221,2025-01-03 16:00:00+00:00,0.24431,10.0,9.8,True,193,8.04,2.87
OPUSDT,2024-12-26 22:00:00+00:00,1.773,2025-01-03 14:00:00+00:00,1.9503000000000001,10.0,9.8,True,184,7.67,2.975
TRXUSDT,2024-12-29 04:00:00+00:00,0.2594,2025-02-27 03:00:00+00:00,0.2275,-12.298,-12.498,False,1439,59.96,2.785
ATOMUSDT,2024-12-29 15:00:00+00:00,6.492,2025-01-03 14:00:00+00:00,7.1412,10.0,9.8,True,119,4.96,3.362
APTUSDT,2024-12-29 15:00:00+00:00,9.09,2025-01-04 04:00:00+00:00,9.999,10.0,9.8,True,133,5.54,2.639
ETCUSDT,2024-12-29 15:00:00+00:00,26.08,2025-01-04 12:00:00+00:00,28.688,10.0,9.8,True,141,5.88,3.666
OPUSDT,2024-12-29 15:00:00+00:00,1.845,2025-01-04 06:00:00+00:00,2.0295,10.0,9.8,True,135,5.62,2.867
UNIUSDT,2024-12-29 15:00:00+00:00,13.369,2025-01-03 14:00:00+00:00,14.705900000000002,10.0,9.8,True,119,4.96,2.574
ETHUSDT,2024-12-30 02:00:00+00:00,3421.01,2025-02-28 01:00:00+00:00,2193.56,-35.88,-36.08,False,1439,59.96,3.602
DOGEUSDT,2024-12-30 02:00:00+00:00,0.32169,2025-01-03 13:00:00+00:00,0.353859,10.0,9.8,True,107,4.46,2.763
ARBUSDT,2024-12-30 02:00:00+00:00,0.7614,2025-01-03 21:00:00+00:00,0.8375400000000001,10.0,9.8,True,115,4.79,2.54
CHZUSDT,2024-12-30 02:00:00+00:00,0.0863,2025-01-06 12:00:00+00:00,0.09493000000000001,10.0,9.8,True,178,7.42,2.854
UNIUSDT,2024-12-30 02:00:00+00:00,13.47,2025-01-03 15:00:00+00:00,14.817000000000002,10.0,9.8,True,109,4.54,3.278
ADAUSDT,2024-12-30 02:00:00+00:00,0.8876,2025-01-02 12:00:00+00:00,0.97636,10.0,9.8,True,82,3.42,2.93
APTUSDT,2024-12-30 02:00:00+00:00,9.16,2025-01-04 04:00:00+00:00,10.076,10.0,9.8,True,122,5.08,2.721
AVAXUSDT,2024-12-30 02:00:00+00:00,36.75,2025-01-02 10:00:00+00:00,40.425000000000004,10.0,9.8,True,80,3.33,4.199
OPUSDT,2024-12-30 02:00:00+00:00,1.872,2025-01-04 09:00:00+00:00,2.0592,10.0,9.8,True,127,5.29,4.434
SUIUSDT,2024-12-30 18:00:00+00:00,4.1963,2025-01-03 15:00:00+00:00,4.6159300000000005,10.0,9.8,True,93,3.88,3.53
ARBUSDT,2024-12-30 18:00:00+00:00,0.7446,2025-01-03 15:00:00+00:00,0.8190600000000001,10.0,9.8,True,93,3.88,2.716
XLMUSDT,2024-12-30 18:00:00+00:00,0.3351,2025-01-01 12:00:00+00:00,0.36861000000000005,10.0,9.8,True,42,1.75,3.344
ENJUSDT,2024-12-30 19:00:00+00:00,0.2246,2025-01-04 00:00:00+00:00,0.24706,10.0,9.8,True,101,4.21,2.865
AXSUSDT,2025-01-01 12:00:00+00:00,6.164,2025-01-03 02:00:00+00:00,6.7804,10.0,9.8,True,38,1.58,3.031
OPUSDT,2025-01-03 08:00:00+00:00,1.839,2025-01-03 21:00:00+00:00,2.0229,10.0,9.8,True,13,0.54,2.853
BNBUSDT,2025-01-03 11:00:00+00:00,701.01,2025-03-04 10:00:00+00:00,568.94,-18.84,-19.04,False,1439,59.96,2.9
AAVEUSDT,2025-01-03 13:00:00+00:00,330.32,2025-01-20 08:00:00+00:00,363.35200000000003,10.0,9.8,True,403,16.79,3.224
AAVEUSDT,2025-01-04 13:00:00+00:00,349.7,2025-03-05 12:00:00+00:00,217.13,-37.91,-38.11,False,1439,59.96,2.661
UNIUSDT,2025-01-05 15:00:00+00:00,15.063,2025-03-06 14:00:00+00:00,7.214,-52.108,-52.308,False,1439,59.96,2.811
ETCUSDT,2025-01-05 15:00:00+00:00,27.72,2025-03-06 14:00:00+00:00,20.17,-27.237,-27.437,False,1439,59.96,2.972
BTCUSDT,2025-01-05 15:00:00+00:00,97855.06,2025-01-20 06:00:00+00:00,107640.566,10.0,9.8,True,351,14.62,2.769
ETHUSDT,2025-01-05 15:00:00+00:00,3623.12,2025-03-06 14:00:00+00:00,2225.0,-38.589,-38.789,False,1439,59.96,2.608
BCHUSDT,2025-01-05 15:00:00+00:00,467.6,2025-03-06 14:00:00+00:00,388.5,-16.916,-17.116,False,1439,59.96,3.446
UNIUSDT,2025-01-05 17:00:00+00:00,15.144,2025-03-06 16:00:00+00:00,7.183,-52.569,-52.769,False,1439,59.96,2.658
BCHUSDT,2025-01-05 21:00:00+00:00,470.4,2025-03-06 20:00:00+00:00,393.4,-16.369,-16.569,False,1439,59.96,2.548
TRXUSDT,2025-01-06 01:00:00+00:00,0.2605,2025-03-07 00:00:00+00:00,0.2365,-9.213,-9.413,False,1439,59.96,2.505
TRXUSDT,2025-01-06 03:00:00+00:00,0.2634,2025-03-07 02:00:00+00:00,0.2377,-9.757,-9.957,False,1439,59.96,2.781
LTCUSDT,2025-01-06 17:00:00+00:00,116.01,2025-01-16 16:00:00+00:00,127.61100000000002,10.0,9.8,True,239,9.96,3.473
AXSUSDT,2025-01-07 17:00:00+00:00,6.644,2025-03-08 16:00:00+00:00,3.426,-48.435,-48.635,False,1439,59.96,3.74
AXSUSDT,2025-01-08 00:00:00+00:00,6.46,2025-03-08 23:00:00+00:00,3.414,-47.152,-47.352,False,1439,59.96,3.656
SANDUSDT,2025-01-08 01:00:00+00:00,0.6246,2025-01-18 00:00:00+00:00,0.6870600000000001,10.0,9.8,True,239,9.96,2.814
AXSUSDT,2025-01-08 07:00:00+00:00,6.132,2025-01-17 06:00:00+00:00,6.7452000000000005,10.0,9.8,True,215,8.96,3.206
CHZUSDT,2025-01-08 16:00:00+00:00,0.0842,2025-03-09 15:00:00+00:00,0.04492,-46.651,-46.851,False,1439,59.96,3.899
BTCUSDT,2025-01-08 16:00:00+00:00,95493.77,2025-01-17 17:00:00+00:00,105043.14700000001,10.0,9.8,True,217,9.04,2.663
AXSUSDT,2025-01-08 16:00:00+00:00,6.184,2025-01-18 00:00:00+00:00,6.8024000000000004,10.0,9.8,True,224,9.33,2.53
FILUSDT,2025-01-08 18:00:00+00:00,5.034,2025-01-15 15:00:00+00:00,5.5374,10.0,9.8,True,165,6.88,5.88
LINKUSDT,2025-01-08 18:00:00+00:00,20.25,2025-01-16 11:00:00+00:00,22.275000000000002,10.0,9.8,True,185,7.71,5.056
SANDUSDT,2025-01-08 18:00:00+00:00,0.5757,2025-01-16 12:00:00+00:00,0.63327,10.0,9.8,True,186,7.75,3.896
AVAXUSDT,2025-01-08 18:00:00+00:00,37.4,2025-01-17 07:00:00+00:00,41.14,10.0,9.8,True,205,8.54,4.35
SUIUSDT,2025-01-08 18:00:00+00:00,4.5972,2025-01-10 06:00:00+00:00,5.056920000000001,10.0,9.8,True,36,1.5,3.233
NEARUSDT,2025-01-08 18:00:00+00:00,5.044,2025-01-17 09:00:00+00:00,5.5484,10.0,9.8,True,207,8.62,5.905
UNIUSDT,2025-01-08 18:00:00+00:00,12.863,2025-01-15 14:00:00+00:00,14.1493,10.0,9.8,True,164,6.83,4.019
XLMUSDT,2025-01-08 18:00:00+00:00,0.4024,2025-01-11 20:00:00+00:00,0.44264000000000003,10.0,9.8,True,74,3.08,3.883
OPUSDT,2025-01-08 18:00:00+00:00,1.766,2025-01-17 10:00:00+00:00,1.9426,10.0,9.8,True,208,8.67,6.247
MANAUSDT,2025-01-08 18:00:00+00:00,0.481,2025-01-15 20:00:00+00:00,0.5291,10.0,9.8,True,170,7.08,4.693
AAVEUSDT,2025-01-08 18:00:00+00:00,285.05,2025-01-15 14:00:00+00:00,313.55500000000006,10.0,9.8,True,164,6.83,4.737
AAVEUSDT,2025-01-08 20:00:00+00:00,292.53,2025-01-15 19:00:00+00:00,321.783,10.0,9.8,True,167,6.96,2.857
TRXUSDT,2025-01-09 15:00:00+00:00,0.2418,2025-01-18 02:00:00+00:00,0.26598,10.0,9.8,True,203,8.46,2.65
ETHUSDT,2025-01-09 15:00:00+00:00,3251.3,2025-03-10 14:00:00+00:00,2018.96,-37.903,-38.103,False,1439,59.96,2.503
ENJUSDT,2025-01-09 15:00:00+00:00,0.2017,2025-03-10 14:00:00+00:00,0.0894,-55.677,-55.877,False,1439,59.96,3.381
DOGEUSDT,2025-01-09 15:00:00+00:00,0.3222,2025-01-14 09:00:00+00:00,0.35442,10.0,9.8,True,114,4.75,3.282
SHIBUSDT,2025-01-09 16:00:00+00:00,2.174e-05,2025-01-17 08:00:00+00:00,2.3914000000000002e-05,10.0,9.8,True,184,7.67,3.233
SUIUSDT,2025-01-09 16:00:00+00:00,4.767,2025-01-10 18:00:00+00:00,5.2437000000000005,10.0,9.8,True,26,1.08,3.043
NEARUSDT,2025-01-09 16:00:00+00:00,5.096,2025-01-17 12:00:00+00:00,5.605600000000001,10.0,9.8,True,188,7.83,2.796
ENJUSDT,2025-01-09 17:00:00+00:00,0.2075,2025-03-10 16:00:00+00:00,0.0888,-57.205,-57.405,False,1439,59.96,3.032
SOLUSDT,2025-01-09 21:00:00+00:00,185.14,2025-01-15 20:00:00+00:00,203.654,10.0,9.8,True,143,5.96,2.716
ETHUSDT,2025-01-09 21:00:00+00:00,3195.55,2025-01-17 20:00:00+00:00,3515.1050000000005,10.0,9.8,True,191,7.96,2.729
XLMUSDT,2025-01-11 12:00:00+00:00,0.4254,2025-01-15 02:00:00+00:00,0.46794,10.0,9.8,True,86,3.58,2.548
APTUSDT,2025-01-11 16:00:00+00:00,9.02,2025-03-12 15:00:00+00:00,5.108,-43.37,-43.57,False,1439,59.96,3.847
MANAUSDT,2025-01-11 21:00:00+00:00,0.5042,2025-01-17 04:00:00+00:00,0.55462,10.0,9.8,True,127,5.29,2.677
ATOMUSDT,2025-01-12 13:00:00+00:00,6.498,2025-01-17 22:00:00+00:00,7.147800000000001,10.0,9.8,True,129,5.38,4.528
ARBUSDT,2025-01-12 16:00:00+00:00,0.7475,2025-01-17 20:00:00+00:00,0.8222500000000001,10.0,9.8,True,124,5.17,3.461
FILUSDT,2025-01-12 23:00:00+00:00,5.052,2025-01-15 16:00:00+00:00,5.5572,10.0,9.8,True,65,2.71,2.545
FILUSDT,2025-01-13 01:00:00+00:00,5.184,2025-01-16 16:00:00+00:00,5.702400000000001,10.0,9.8,True,87,3.62,3.384
SHIBUSDT,2025-01-13 01:00:00+00:00,2.202e-05,2025-01-17 08:00:00+00:00,2.4222e-05,10.0,9.8,True,103,4.29,5.803
DOTUSDT,2025-01-13 01:00:00+00:00,6.739,2025-01-17 02:00:00+00:00,7.4129000000000005,10.0,9.8,True,97,4.04,4.069
MANAUSDT,2025-01-13 01:00:00+00:00,0.4906,2025-01-17 02:00:00+00:00,0.53966,10.0,9.8,True,97,4.04,2.87
SUIUSDT,2025-01-13 01:00:00+00:00,4.7818,2025-03-14 00:00:00+00:00,2.1892,-54.218,-54.418,False,1439,59.96,2.755
SANDUSDT,2025-01-13 01:00:00+00:00,0.5907,2025-01-17 04:00:00+00:00,0.6497700000000001,10.0,9.8,True,99,4.12,3.968
NEARUSDT,2025-01-13 01:00:00+00:00,5.04,2025-01-17 09:00:00+00:00,5.5440000000000005,10.0,9.8,True,104,4.33,2.871
CHZUSDT,2025-01-13 01:00:00+00:00,0.0829,2025-03-14 00:00:00+00:00,0.04308,-48.034,-48.234,False,1439,59.96,3.198
XLMUSDT,2025-01-13 01:00:00+00:00,0.4348,2025-01-15 07:00:00+00:00,0.47828000000000004,10.0,9.8,True,54,2.25,3.842
TRXUSDT,2025-01-13 01:00:00+00:00,0.2359,2025-01-18 02:00:00+00:00,0.25949,10.0,9.8,True,121,5.04,4.109
FILUSDT,2025-01-13 09:00:00+00:00,4.88,2025-01-15 14:00:00+00:00,5.368,10.0,9.8,True,53,2.21,3.119
MANAUSDT,2025-01-13 10:00:00+00:00,0.4607,2025-01-15 07:00:00+00:00,0.50677,10.0,9.8,True,45,1.88,2.658
AAVEUSDT,2025-01-13 10:00:00+00:00,267.77,2025-01-13 22:00:00+00:00,294.547,10.0,9.8,True,12,0.5,2.738
SOLUSDT,2025-01-13 10:00:00+00:00,179.98,2025-01-15 15:00:00+00:00,197.978,10.0,9.8,True,53,2.21,2.879
BTCUSDT,2025-01-13 13:00:00+00:00,90732.0,2025-01-15 19:00:00+00:00,99805.20000000001,10.0,9.8,True,54,2.25,3.925
UNIUSDT,2025-01-13 13:00:00+00:00,12.374,2025-01-15 13:00:00+00:00,13.611400000000001,10.0,9.8,True,48,2.0,3.215
MANAUSDT,2025-01-13 13:00:00+00:00,0.449,2025-01-14 18:00:00+00:00,0.49390000000000006,10.0,9.8,True,29,1.21,4.255
SOLUSDT,2025-01-13 13:00:00+00:00,175.21,2025-01-15 13:00:00+00:00,192.73100000000002,10.0,9.8,True,48,2.0,3.366
XRPUSDT,2025-01-13 13:00:00+00:00,2.3776,2025-01-14 16:00:00+00:00,2.6153600000000004,10.0,9.8,True,27,1.12,2.883
BNBUSDT,2025-01-13 13:00:00+00:00,664.71,2025-02-13 13:00:00+00:00,731.1810000000002,10.0,9.8,True,744,31.0,2.825
AAVEUSDT,2025-01-13 13:00:00+00:00,262.3,2025-01-13 21:00:00+00:00,288.53000000000003,10.0,9.8,True,8,0.33,4.149
ADAUSDT,2025-01-13 13:00:00+00:00,0.8988,2025-01-14 09:00:00+00:00,0.9886800000000001,10.0,9.8,True,20,0.83,2.789
NEARUSDT,2025-01-13 13:00:00+00:00,4.492,2025-01-14 09:00:00+00:00,4.9412,10.0,9.8,True,20,0.83,2.797
XRPUSDT,2025-01-13 15:00:00+00:00,2.4312,2025-01-14 17:00:00+00:00,2.6743200000000003,10.0,9.8,True,26,1.08,3.289
AVAXUSDT,2025-01-13 15:00:00+00:00,34.16,2025-01-15 13:00:00+00:00,37.576,10.0,9.8,True,46,1.92,5.47
SANDUSDT,2025-01-13 15:00:00+00:00,0.5335,2025-01-15 13:00:00+00:00,0.58685,10.0,9.8,True,46,1.92,3.132
BCHUSDT,2025-01-13 15:00:00+00:00,414.7,2025-01-15 22:00:00+00:00,456.17,10.0,9.8,True,55,2.29,3.345
DOTUSDT,2025-01-13 15:00:00+00:00,6.247,2025-01-15 13:00:00+00:00,6.871700000000001,10.0,9.8,True,46,1.92,4.879
SUIUSDT,2025-01-13 15:00:00+00:00,4.4699,2025-01-16 17:00:00+00:00,4.91689,10.0,9.8,True,74,3.08,3.586
LTCUSDT,2025-01-13 15:00:00+00:00,95.96,2025-01-15 15:00:00+00:00,105.556,10.0,9.8,True,48,2.0,3.649
ETCUSDT,2025-01-13 15:00:00+00:00,23.76,2025-01-15 14:00:00+00:00,26.136000000000003,10.0,9.8,True,47,1.96,4.36
AAVEUSDT,2025-01-13 15:00:00+00:00,270.98,2025-01-14 09:00:00+00:00,298.07800000000003,10.0,9.8,True,18,0.75,4.781
BNBUSDT,2025-01-13 15:00:00+00:00,672.02,2025-03-14 14:00:00+00:00,584.0,-13.098,-13.298,False,1439,59.96,4.275
MANAUSDT,2025-01-13 15:00:00+00:00,0.4595,2025-01-15 07:00:00+00:00,0.5054500000000001,10.0,9.8,True,40,1.67,3.435
FILUSDT,2025-01-13 15:00:00+00:00,4.812,2025-01-15 08:00:00+00:00,5.293200000000001,10.0,9.8,True,41,1.71,4.927
LINKUSDT,2025-01-13 15:00:00+00:00,18.65,2025-01-15 01:00:00+00:00,20.515,10.0,9.8,True,34,1.42,4.897
OPUSDT,2025-01-13 15:00:00+00:00,1.649,2025-01-15 13:00:00+00:00,1.8139,10.0,9.8,True,46,1.92,5.005
UNIUSDT,2025-01-13 15:00:00+00:00,12.515,2025-01-15 14:00:00+00:00,13.766500000000002,10.0,9.8,True,47,1.96,4.602
TRXUSDT,2025-01-13 15:00:00+00:00,0.2212,2025-01-17 05:00:00+00:00,0.24332000000000004,10.0,9.8,True,86,3.58,3.448
NEARUSDT,2025-01-13 15:00:00+00:00,4.6,2025-01-15 00:00:00+00:00,5.06,10.0,9.8,True,33,1.38,3.23
APTUSDT,2025-01-15 14:00:00+00:00,9.22,2025-03-16 13:00:00+00:00,5.145,-44.197,-44.397,False,1439,59.96,5.56
AXSUSDT,2025-01-15 14:00:00+00:00,6.366,2025-03-16 13:00:00+00:00,3.173,-50.157,-50.357,False,1439,59.96,4.142
ENJUSDT,2025-01-15 14:00:00+00:00,0.2036,2025-03-16 13:00:00+00:00,0.0876,-56.974,-57.174,False,1439,59.96,6.193
AAVEUSDT,2025-01-15 14:00:00+00:00,306.04,2025-01-18 00:00:00+00:00,336.64400000000006,10.0,9.8,True,58,2.42,6.991
NEARUSDT,2025-01-15 14:00:00+00:00,5.151,2025-01-17 20:00:00+00:00,5.6661,10.0,9.8,True,54,2.25,9.593
UNIUSDT,2025-01-15 14:00:00+00:00,13.705,2025-01-17 20:00:00+00:00,15.075500000000002,10.0,9.8,True,54,2.25,7.93
ETCUSDT,2025-01-15 14:00:00+00:00,25.86,2025-01-17 20:00:00+00:00,28.446,10.0,9.8,True,54,2.25,7.785
SHIBUSDT,2025-01-15 14:00:00+00:00,2.194e-05,2025-01-17 08:00:00+00:00,2.4134000000000003e-05,10.0,9.8,True,42,1.75,6.489
SUIUSDT,2025-01-15 14:00:00+00:00,4.7862,2025-03-16 13:00:00+00:00,2.217,-53.679,-53.879,False,1439,59.96,6.024
ARBUSDT,2025-01-15 14:00:00+00:00,0.7585,2025-01-18 01:00:00+00:00,0.83435,10.0,9.8,True,59,2.46,9.615
SANDUSDT,2025-01-15 14:00:00+00:00,0.588,2025-01-17 04:00:00+00:00,0.6468,10.0,9.8,True,38,1.58,6.187
BNBUSDT,2025-01-15 14:00:00+00:00,699.82,2025-03-16 13:00:00+00:00,596.55,-14.757,-14.957,False,1439,59.96,4.398
OPUSDT,2025-01-15 14:00:00+00:00,1.823,2025-03-16 13:00:00+00:00,0.826,-54.69,-54.89,False,1439,59.96,11.441
ARBUSDT,2025-01-16 14:00:00+00:00,0.7693,2025-03-17 13:00:00+00:00,0.367,-52.294,-52.494,False,1439,59.96,2.83
ETHUSDT,2025-01-16 15:00:00+00:00,3277.14,2025-03-17 14:00:00+00:00,1899.84,-42.027,-42.227,False,1439,59.96,2.839
AXSUSDT,2025-01-18 09:00:00+00:00,6.287,2025-03-19 08:00:00+00:00,3.394,-46.016,-46.216,False,1439,59.96,3.111
FILUSDT,2025-01-18 09:00:00+00:00,5.488,2025-03-19 08:00:00+00:00,2.931,-46.593,-46.793,False,1439,59.96,3.368
BCHUSDT,2025-01-19 10:00:00+00:00,451.3,2025-03-20 09:00:00+00:00,345.5,-23.443,-23.643,False,1439,59.96,5.99
LTCUSDT,2025-01-19 10:00:00+00:00,118.5,2025-01-30 06:00:00+00:00,130.35000000000002,10.0,9.8,True,260,10.83,2.897
CHZUSDT,2025-01-19 13:00:00+00:00,0.0797,2025-03-20 12:00:00+00:00,0.04579,-42.547,-42.747,False,1439,59.96,2.723
FILUSDT,2025-01-19 15:00:00+00:00,5.41,2025-03-20 14:00:00+00:00,3.07,-43.253,-43.453,False,1439,59.96,2.512
DOTUSDT,2025-01-19 15:00:00+00:00,6.858,2025-03-20 14:00:00+00:00,4.447,-35.156,-35.356,False,1439,59.96,2.608
TRXUSDT,2025-01-19 15:00:00+00:00,0.2416,2025-03-20 14:00:00+00:00,0.232,-3.974,-4.174,False,1439,59.96,3.434
NEARUSDT,2025-01-19 15:00:00+00:00,5.448,2025-03-20 14:00:00+00:00,2.759,-49.358,-49.558,False,1439,59.96,3.45
ARBUSDT,2025-01-19 15:00:00+00:00,0.7724,2025-03-20 14:00:00+00:00,0.3772,-51.165,-51.365,False,1439,59.96,6.424
ATOMUSDT,2025-01-19 15:00:00+00:00,6.476,2025-03-20 14:00:00+00:00,4.764,-26.436,-26.636,False,1439,59.96,2.676
AVAXUSDT,2025-01-19 15:00:00+00:00,38.61,2025-03-20 14:00:00+00:00,19.18,-50.324,-50.524,False,1439,59.96,3.39
AAVEUSDT,2025-01-19 15:00:00+00:00,331.2,2025-01-20 08:00:00+00:00,364.32,10.0,9.8,True,17,0.71,6.673
BNBUSDT,2025-01-19 15:00:00+00:00,698.55,2025-03-20 14:00:00+00:00,627.83,-10.124,-10.324,False,1439,59.96,2.568
ETCUSDT,2025-01-19 15:00:00+00:00,27.34,2025-03-20 14:00:00+00:00,18.01,-34.126,-34.326,False,1439,59.96,5.715
LTCUSDT,2025-01-19 15:00:00+00:00,122.82,2025-01-31 10:00:00+00:00,135.102,10.0,9.8,True,283,11.79,3.25
ETHUSDT,2025-01-19 15:00:00+00:00,3381.15,2025-03-20 14:00:00+00:00,2003.78,-40.737,-40.937,False,1439,59.96,6.091
SHIBUSDT,2025-01-19 15:00:00+00:00,2.17e-05,2025-03-20 14:00:00+00:00,1.293e-05,-40.415,-40.615,False,1439,59.96,2.659
APTUSDT,2025-01-19 15:00:00+00:00,9.4,2025-03-20 14:00:00+00:00,5.529,-41.181,-41.381,False,1439,59.96,2.874
UNIUSDT,2025-01-19 15:00:00+00:00,14.294,2025-03-20 14:00:00+00:00,6.823,-52.267,-52.467,False,1439,59.96,4.788
XLMUSDT,2025-01-19 23:00:00+00:00,0.4419,2025-03-20 22:00:00+00:00,0.2801,-36.615,-36.815,False,1439,59.96,2.682
DOTUSDT,2025-01-20 08:00:00+00:00,6.773,2025-03-21 07:00:00+00:00,4.509,-33.427,-33.627,False,1439,59.96,3.16
NEARUSDT,2025-01-20 08:00:00+00:00,5.472,2025-03-21 07:00:00+00:00,2.745,-49.836,-50.036,False,1439,59.96,3.582
UNIUSDT,2025-01-20 08:00:00+00:00,14.21,2025-03-21 07:00:00+00:00,6.876,-51.612,-51.812,False,1439,59.96,3.893
AXSUSDT,2025-01-20 08:00:00+00:00,6.183,2025-03-21 07:00:00+00:00,3.406,-44.913,-45.113,False,1439,59.96,3.879
BCHUSDT,2025-01-20 08:00:00+00:00,462.7,2025-03-21 07:00:00+00:00,332.6,-28.118,-28.318,False,1439,59.96,5.156
AVAXUSDT,2025-01-20 08:00:00+00:00,38.65,2025-03-21 07:00:00+00:00,18.76,-51.462,-51.662,False,1439,59.96,3.029
SANDUSDT,2025-01-20 08:00:00+00:00,0.6017,2025-03-21 07:00:00+00:00,0.2858,-52.501,-52.701,False,1439,59.96,2.848
MANAUSDT,2025-01-20 08:00:00+00:00,0.504,2025-03-21 07:00:00+00:00,0.2665,-47.123,-47.323,False,1439,59.96,2.521
LTCUSDT,2025-01-20 08:00:00+00:00,121.25,2025-01-30 13:00:00+00:00,133.375,10.0,9.8,True,245,10.21,2.538
ATOMUSDT,2025-01-21 10:00:00+00:00,5.944,2025-03-22 09:00:00+00:00,4.805,-19.162,-19.362,False,1439,59.96,2.542
SHIBUSDT,2025-01-21 12:00:00+00:00,2.086e-05,2025-03-22 11:00:00+00:00,1.27e-05,-39.118,-39.318,False,1439,59.96,4.16
DOGEUSDT,2025-01-21 12:00:00+00:00,0.38474,2025-03-22 11:00:00+00:00,0.16879,-56.129,-56.329,False,1439,59.96,11.19
ATOMUSDT,2025-01-22 11:00:00+00:00,6.285,2025-03-23 10:00:00+00:00,4.825,-23.23,-23.43,False,1439,59.96,3.059
BCHUSDT,2025-01-23 03:00:00+00:00,431.0,2025-03-24 02:00:00+00:00,323.7,-24.896,-25.096,False,1439,59.96,3.174
AXSUSDT,2025-01-23 14:00:00+00:00,5.769,2025-03-24 13:00:00+00:00,3.501,-39.314,-39.514,False,1439,59.96,18.814
MANAUSDT,2025-01-23 14:00:00+00:00,0.4725,2025-03-24 13:00:00+00:00,0.2807,-40.593,-40.793,False,1439,59.96,3.876
BCHUSDT,2025-01-23 15:00:00+00:00,438.6,2025-03-24 14:00:00+00:00,329.9,-24.783,-24.983,False,1439,59.96,2.958
ADAUSDT,2025-01-23 15:00:00+00:00,0.9938,2025-03-02 16:00:00+00:00,1.09318,10.0,9.8,True,913,38.04,2.958
SANDUSDT,2025-01-23 15:00:00+00:00,0.56,2025-03-24 14:00:00+00:00,0.3002,-46.393,-46.593,False,1439,59.96,3.595
SUIUSDT,2025-01-23 15:00:00+00:00,4.4282,2025-03-24 14:00:00+00:00,2.4041,-45.709,-45.909,False,1439,59.96,3.106
UNIUSDT,2025-01-23 15:00:00+00:00,12.842,2025-03-24 14:00:00+00:00,6.983,-45.624,-45.824,False,1439,59.96,4.285
SHIBUSDT,2025-01-23 15:00:00+00:00,2.026e-05,2025-03-24 14:00:00+00:00,1.336e-05,-34.057,-34.257,False,1439,59.96,3.163
DOTUSDT,2025-01-23 15:00:00+00:00,6.435,2025-03-24 14:00:00+00:00,4.707,-26.853,-27.053,False,1439,59.96,2.906
BTCUSDT,2025-01-23 15:00:00+00:00,105213.6,2025-03-24 14:00:00+00:00,87961.9,-16.397,-16.597,False,1439,59.96,6.22
AAVEUSDT,2025-01-23 15:00:00+00:00,342.49,2025-03-24 14:00:00+00:00,191.48,-44.092,-44.292,False,1439,59.96,3.383
ENJUSDT,2025-01-23 15:00:00+00:00,0.168,2025-03-24 14:00:00+00:00,0.0965,-42.56,-42.76,False,1439,59.96,2.876
LINKUSDT,2025-01-23 15:00:00+00:00,25.67,2025-03-24 14:00:00+00:00,15.08,-41.254,-41.454,False,1439,59.96,4.883
AVAXUSDT,2025-01-23 15:00:00+00:00,35.94,2025-03-24 14:00:00+00:00,21.62,-39.844,-40.044,False,1439,59.96,2.796
LTCUSDT,2025-01-23 15:00:00+00:00,115.63,2025-01-25 13:00:00+00:00,127.19300000000001,10.0,9.8,True,46,1.92,2.557
NEARUSDT,2025-01-23 15:00:00+00:00,5.074,2025-03-24 14:00:00+00:00,2.969,-41.486,-41.686,False,1439,59.96,2.575
TRXUSDT,2025-01-23 16:00:00+00:00,0.2504,2025-03-24 15:00:00+00:00,0.2297,-8.267,-8.467,False,1439,59.96,2.641
APTUSDT,2025-01-23 16:00:00+00:00,8.45,2025-03-24 15:00:00+00:00,5.856,-30.698,-30.898,False,1439,59.96,3.533
XLMUSDT,2025-01-23 16:00:00+00:00,0.4283,2025-03-24 15:00:00+00:00,0.291,-32.057,-32.257,False,1439,59.96,2.901
SOLUSDT,2025-01-23 16:00:00+00:00,249.4,2025-03-24 15:00:00+00:00,143.25,-42.562,-42.762,False,1439,59.96,2.516
BNBUSDT,2025-01-23 16:00:00+00:00,688.3,2025-03-24 15:00:00+00:00,631.04,-8.319,-8.519,False,1439,59.96,4.634
AXSUSDT,2025-01-23 17:00:00+00:00,5.907,2025-03-24 16:00:00+00:00,3.49,-40.918,-41.118,False,1439,59.96,6.765
CHZUSDT,2025-01-23 17:00:00+00:00,0.0757,2025-03-24 16:00:00+00:00,0.04747,-37.292,-37.492,False,1439,59.96,2.669
DOTUSDT,2025-01-25 02:00:00+00:00,6.311,2025-03-26 01:00:00+00:00,4.679,-25.86,-26.06,False,1439,59.96,2.73
BCHUSDT,2025-01-25 03:00:00+00:00,441.6,2025-03-26 02:00:00+00:00,333.5,-24.479,-24.679,False,1439,59.96,2.584
ATOMUSDT,2025-01-25 09:00:00+00:00,6.258,2025-03-26 08:00:00+00:00,4.876,-22.084,-22.284,False,1439,59.96,3.386
ATOMUSDT,2025-01-26 12:00:00+00:00,6.178,2025-03-27 11:00:00+00:00,4.784,-22.564,-22.764,False,1439,59.96,4.207
SOLUSDT,2025-01-26 23:00:00+00:00,247.15,2025-03-27 22:00:00+00:00,138.88,-43.807,-44.007,False,1439,59.96,2.787
ETCUSDT,2025-01-27 01:00:00+00:00,26.37,2025-03-28 00:00:00+00:00,17.84,-32.347,-32.547,False,1439,59.96,8.324
XRPUSDT,2025-01-27 03:00:00+00:00,2.9776,2025-03-28 02:00:00+00:00,2.3187,-22.129,-22.329,False,1439,59.96,2.684
DOTUSDT,2025-01-27 04:00:00+00:00,5.987,2025-03-28 03:00:00+00:00,4.571,-23.651,-23.851,False,1439,59.96,2.523
BTCUSDT,2025-01-27 05:00:00+00:00,100410.04,2025-03-28 04:00:00+00:00,86305.38,-14.047,-14.247,False,1439,59.96,2.572
DOGEUSDT,2025-01-27 06:00:00+00:00,0.32187,2025-03-28 05:00:00+00:00,0.1836,-42.958,-43.158,False,1439,59.96,3.389
AXSUSDT,2025-01-27 06:00:00+00:00,5.287,2025-03-28 05:00:00+00:00,3.197,-39.531,-39.731,False,1439,59.96,2.759
SHIBUSDT,2025-01-27 06:00:00+00:00,1.824e-05,2025-03-28 05:00:00+00:00,1.337e-05,-26.7,-26.9,False,1439,59.96,2.58
SUIUSDT,2025-01-27 06:00:00+00:00,3.6965,2025-01-30 07:00:00+00:00,4.06615,10.0,9.8,True,73,3.04,2.906
XRPUSDT,2025-01-27 06:00:00+00:00,2.9355,2025-03-28 05:00:00+00:00,2.2525,-23.267,-23.467,False,1439,59.96,3.038
BTCUSDT,2025-01-27 08:00:00+00:00,99048.01,2025-03-28 07:00:00+00:00,85212.99,-13.968,-14.168,False,1439,59.96,3.644
SHIBUSDT,2025-01-27 08:00:00+00:00,1.791e-05,2025-03-28 07:00:00+00:00,1.321e-05,-26.242,-26.442,False,1439,59.96,4.636
CHZUSDT,2025-01-27 12:00:00+00:00,0.0654,2025-01-30 11:00:00+00:00,0.07194,10.0,9.8,True,71,2.96,3.098
AXSUSDT,2025-01-28 15:00:00+00:00,5.388,2025-03-29 14:00:00+00:00,2.958,-45.1,-45.3,False,1439,59.96,9.843
SHIBUSDT,2025-01-28 23:00:00+00:00,1.8e-05,2025-03-29 22:00:00+00:00,1.254e-05,-30.333,-30.533,False,1439,59.96,2.633
SANDUSDT,2025-01-29 00:00:00+00:00,0.4906,2025-01-30 14:00:00+00:00,0.53966,10.0,9.8,True,38,1.58,2.79
MANAUSDT,2025-01-29 00:00:00+00:00,0.4164,2025-01-31 12:00:00+00:00,0.45804,10.0,9.8,True,60,2.5,2.514
ETCUSDT,2025-01-29 01:00:00+00:00,25.5,2025-03-30 00:00:00+00:00,16.59,-34.941,-35.141,False,1439,59.96,10.528
SANDUSDT,2025-01-29 06:00:00+00:00,0.5203,2025-03-30 05:00:00+00:00,0.2741,-47.319,-47.519,False,1439,59.96,4.79
TRXUSDT,2025-01-29 20:00:00+00:00,0.2402,2025-03-30 19:00:00+00:00,0.2316,-3.58,-3.78,False,1439,59.96,8.566
BNBUSDT,2025-01-29 20:00:00+00:00,668.29,2025-03-30 19:00:00+00:00,603.93,-9.631,-9.831,False,1439,59.96,3.311
LTCUSDT,2025-01-29 20:00:00+00:00,112.94,2025-01-30 04:00:00+00:00,124.23400000000001,10.0,9.8,True,8,0.33,5.815
ADAUSDT,2025-01-29 20:00:00+00:00,0.9356,2025-03-02 16:00:00+00:00,1.02916,10.0,9.8,True,764,31.83,7.325
DOTUSDT,2025-01-29 20:00:00+00:00,5.753,2025-01-31 12:00:00+00:00,6.3283000000000005,10.0,9.8,True,40,1.67,9.29
AVAXUSDT,2025-01-31 08:00:00+00:00,34.69,2025-04-01 07:00:00+00:00,19.21,-44.624,-44.824,False,1439,59.96,2.84
ETCUSDT,2025-01-31 12:00:00+00:00,26.79,2025-04-01 11:00:00+00:00,16.9,-36.917,-37.117,False,1439,59.96,4.537
OPUSDT,2025-01-31 12:00:00+00:00,1.45,2025-04-01 11:00:00+00:00,0.75,-48.276,-48.476,False,1439,59.96,2.642
UNIUSDT,2025-01-31 12:00:00+00:00,12.015,2025-04-01 11:00:00+00:00,6.112,-49.13,-49.33,False,1439,59.96,2.726
ENJUSDT,2025-02-01 18:00:00+00:00,0.151,2025-04-02 17:00:00+00:00,0.0783,-48.146,-48.346,False,1439,59.96,6.331
CHZUSDT,2025-02-01 21:00:00+00:00,0.0673,2025-04-02 20:00:00+00:00,0.04218,-37.325,-37.525,False,1439,59.96,2.534
XRPUSDT,2025-02-02 00:00:00+00:00,2.8779,2025-04-02 23:00:00+00:00,2.0237,-29.681,-29.881,False,1439,59.96,2.578
BTCUSDT,2025-02-02 00:00:00+00:00,100635.66,2025-04-02 23:00:00+00:00,82516.29,-18.005,-18.205,False,1439,59.96,2.72
FILUSDT,2025-02-02 00:00:00+00:00,4.372,2025-04-02 23:00:00+00:00,2.702,-38.198,-38.398,False,1439,59.96,2.602
OPUSDT,2025-02-02 00:00:00+00:00,1.335,2025-04-02 23:00:00+00:00,0.701,-47.491,-47.691,False,1439,59.96,2.566
DOGEUSDT,2025-02-02 00:00:00+00:00,0.30793,2025-04-02 23:00:00+00:00,0.16383,-46.796,-46.996,False,1439,59.96,3.258
AAVEUSDT,2025-02-02 03:00:00+00:00,292.74,2025-04-03 02:00:00+00:00,155.9,-46.745,-46.945,False,1439,59.96,2.567
LINKUSDT,2025-02-02 04:00:00+00:00,22.32,2025-04-03 03:00:00+00:00,13.19,-40.905,-41.105,False,1439,59.96,3.645
ATOMUSDT,2025-02-02 06:00:00+00:00,5.741,2025-04-03 05:00:00+00:00,4.45,-22.487,-22.687,False,1439,59.96,3.554
AXSUSDT,2025-02-02 06:00:00+00:00,4.931,2025-04-03 05:00:00+00:00,2.758,-44.068,-44.268,False,1439,59.96,5.513
AXSUSDT,2025-02-02 11:00:00+00:00,4.885,2025-04-03 10:00:00+00:00,2.641,-45.937,-46.137,False,1439,59.96,6.076
UNIUSDT,2025-02-02 16:00:00+00:00,10.497,2025-04-03 15:00:00+00:00,5.766,-45.07,-45.27,False,1439,59.96,2.636
ETCUSDT,2025-02-02 17:00:00+00:00,23.9,2025-04-03 16:00:00+00:00,15.72,-34.226,-34.426,False,1439,59.96,8.312
BTCUSDT,2025-02-02 18:00:00+00:00,97228.86,2025-04-03 17:00:00+00:00,81830.01,-15.838,-16.038,False,1439,59.96,2.946
DOGEUSDT,2025-02-02 18:00:00+00:00,0.27291,2025-04-03 17:00:00+00:00,0.15778,-42.186,-42.386,False,1439,59.96,5.097
SANDUSDT,2025-02-02 18:00:00+00:00,0.4285,2025-04-03 17:00:00+00:00,0.2577,-39.86,-40.06,False,1439,59.96,4.88
SHIBUSDT,2025-02-02 20:00:00+00:00,1.592e-05,2025-04-03 19:00:00+00:00,1.221e-05,-23.304,-23.504,False,1439,59.96,3.593
SUIUSDT,2025-02-02 20:00:00+00:00,3.405,2025-02-03 22:00:00+00:00,3.7455000000000003,10.0,9.8,True,26,1.08,3.342
DOGEUSDT,2025-02-02 20:00:00+00:00,0.27453,2025-04-03 19:00:00+00:00,0.15868,-42.199,-42.399,False,1439,59.96,2.644
CHZUSDT,2025-02-02 20:00:00+00:00,0.0598,2025-02-14 14:00:00+00:00,0.06578,10.0,9.8,True,282,11.75,3.738
ETHUSDT,2025-02-02 20:00:00+00:00,2958.91,2025-04-03 19:00:00+00:00,1787.12,-39.602,-39.802,False,1439,59.96,2.695
ETCUSDT,2025-02-02 20:00:00+00:00,23.17,2025-04-03 19:00:00+00:00,16.0,-30.945,-31.145,False,1439,59.96,2.518
AVAXUSDT,2025-02-02 20:00:00+00:00,28.65,2025-04-03 19:00:00+00:00,18.0,-37.173,-37.373,False,1439,59.96,3.19
NEARUSDT,2025-02-02 20:00:00+00:00,3.817,2025-04-03 19:00:00+00:00,2.481,-35.001,-35.201,False,1439,59.96,3.091
ADAUSDT,2025-02-02 20:00:00+00:00,0.8159,2025-03-02 15:00:00+00:00,0.89749,10.0,9.8,True,667,27.79,2.647
BNBUSDT,2025-02-02 20:00:00+00:00,624.49,2025-02-12 18:00:00+00:00,686.9390000000001,10.0,9.8,True,238,9.92,3.197
XRPUSDT,2025-02-02 20:00:00+00:00,2.6687,2025-03-02 16:00:00+00:00,2.9355700000000002,10.0,9.8,True,668,27.83,3.511
SANDUSDT,2025-02-02 20:00:00+00:00,0.4276,2025-04-03 19:00:00+00:00,0.2596,-39.289,-39.489,False,1439,59.96,2.715
ARBUSDT,2025-02-02 20:00:00+00:00,0.5189,2025-04-03 19:00:00+00:00,0.3043,-41.357,-41.557,False,1439,59.96,3.335
TRXUSDT,2025-02-02 20:00:00+00:00,0.2302,2025-04-03 19:00:00+00:00,0.2358,2.433,2.233,False,1439,59.96,3.928
DOTUSDT,2025-02-02 20:00:00+00:00,5.296,2025-04-03 19:00:00+00:00,4.025,-23.999,-24.199,False,1439,59.96,3.382
APTUSDT,2025-02-02 20:00:00+00:00,6.43,2025-04-03 19:00:00+00:00,5.007,-22.131,-22.331,False,1439,59.96,2.943
BCHUSDT,2025-02-02 20:00:00+00:00,370.8,2025-03-06 05:00:00+00:00,407.88000000000005,10.0,9.8,True,753,31.38,2.772
XLMUSDT,2025-02-02 20:00:00+00:00,0.3642,2025-04-03 19:00:00+00:00,0.2589,-28.913,-29.113,False,1439,59.96,3.304
ADAUSDT,2025-02-03 00:00:00+00:00,0.8051,2025-03-02 15:00:00+00:00,0.8856100000000001,10.0,9.8,True,663,27.62,3.298
LINKUSDT,2025-02-03 00:00:00+00:00,20.47,2025-04-03 23:00:00+00:00,12.9,-36.981,-37.181,False,1439,59.96,2.675
FILUSDT,2025-02-03 00:00:00+00:00,3.604,2025-04-03 23:00:00+00:00,2.73,-24.251,-24.451,False,1439,59.96,2.991
XLMUSDT,2025-02-03 00:00:00+00:00,0.3541,2025-04-03 23:00:00+00:00,0.261,-26.292,-26.492,False,1439,59.96,3.712
BCHUSDT,2025-02-03 00:00:00+00:00,360.6,2025-03-05 20:00:00+00:00,396.6600000000001,10.0,9.8,True,740,30.83,2.994
OPUSDT,2025-02-03 00:00:00+00:00,1.118,2025-04-03 23:00:00+00:00,0.7,-37.388,-37.588,False,1439,59.96,3.125
AVAXUSDT,2025-02-03 00:00:00+00:00,27.63,2025-04-03 23:00:00+00:00,18.15,-34.311,-34.511,False,1439,59.96,2.931
SHIBUSDT,2025-02-03 00:00:00+00:00,1.552e-05,2025-02-12 22:00:00+00:00,1.7072000000000002e-05,10.0,9.8,True,238,9.92,2.919
AAVEUSDT,2025-02-03 00:00:00+00:00,258.45,2025-02-03 22:00:00+00:00,284.295,10.0,9.8,True,22,0.92,2.708
ENJUSDT,2025-02-03 01:00:00+00:00,0.1158,2025-02-05 15:00:00+00:00,0.12738000000000002,10.0,9.8,True,62,2.58,3.168
DOGEUSDT,2025-02-03 01:00:00+00:00,0.25464,2025-02-03 19:00:00+00:00,0.280104,10.0,9.8,True,18,0.75,3.369
BTCUSDT,2025-02-03 01:00:00+00:00,96511.33,2025-04-04 00:00:00+00:00,83046.32,-13.952,-14.152,False,1439,59.96,3.341
SUIUSDT,2025-02-03 01:00:00+00:00,3.1931,2025-02-03 15:00:00+00:00,3.51241,10.0,9.8,True,14,0.58,3.973
ADAUSDT,2025-02-03 03:00:00+00:00,0.6236,2025-02-03 06:00:00+00:00,0.6859600000000001,10.0,9.8,True,3,0.12,11.969
XRPUSDT,2025-02-03 03:00:00+00:00,2.153,2025-02-03 07:00:00+00:00,2.3683,10.0,9.8,True,4,0.17,5.273
AXSUSDT,2025-02-03 03:00:00+00:00,3.689,2025-02-03 10:00:00+00:00,4.0579,10.0,9.8,True,7,0.29,4.792
XLMUSDT,2025-02-03 03:00:00+00:00,0.2958,2025-02-03 06:00:00+00:00,0.32538000000000006,10.0,9.8,True,3,0.12,6.882
AAVEUSDT,2025-02-03 03:00:00+00:00,217.44,2025-02-03 07:00:00+00:00,239.18400000000003,10.0,9.8,True,4,0.17,6.643
SOLUSDT,2025-02-03 03:00:00+00:00,187.95,2025-02-03 15:00:00+00:00,206.745,10.0,9.8,True,12,0.5,4.547
BTCUSDT,2025-02-03 03:00:00+00:00,93566.0,2025-04-04 02:00:00+00:00,82910.86,-11.388,-11.588,False,1439,59.96,4.855
SUIUSDT,2025-02-03 03:00:00+00:00,2.768,2025-02-03 05:00:00+00:00,3.0448,10.0,9.8,True,2,0.08,6.08
ETHUSDT,2025-02-03 03:00:00+00:00,2486.66,2025-02-03 19:00:00+00:00,2735.326,10.0,9.8,True,16,0.67,7.561
OPUSDT,2025-02-03 05:00:00+00:00,0.935,2025-02-03 06:00:00+00:00,1.0285000000000002,10.0,9.8,True,1,0.04,2.649
DOTUSDT,2025-02-04 13:00:00+00:00,4.803,2025-02-12 19:00:00+00:00,5.2833000000000006,10.0,9.8,True,198,8.25,2.856
ATOMUSDT,2025-02-06 09:00:00+00:00,4.649,2025-02-13 00:00:00+00:00,5.1139,10.0,9.8,True,159,6.62,5.927
ENJUSDT,2025-02-08 08:00:00+00:00,0.1167,2025-02-11 04:00:00+00:00,0.12837,10.0,9.8,True,68,2.83,11.97
ETHUSDT,2025-02-09 23:00:00+00:00,2615.77,2025-04-10 22:00:00+00:00,1524.85,-41.706,-41.906,False,1439,59.96,3.755
OPUSDT,2025-02-09 23:00:00+00:00,1.065,2025-02-14 09:00:00+00:00,1.1715,10.0,9.8,True,106,4.42,2.78
SANDUSDT,2025-02-09 23:00:00+00:00,0.3719,2025-02-11 04:00:00+00:00,0.40909000000000006,10.0,9.8,True,29,1.21,3.626
LINKUSDT,2025-02-09 23:00:00+00:00,17.99,2025-02-11 06:00:00+00:00,19.789,10.0,9.8,True,31,1.29,3.342
MANAUSDT,2025-02-09 23:00:00+00:00,0.313,2025-02-11 04:00:00+00:00,0.34430000000000005,10.0,9.8,True,29,1.21,3.395
AXSUSDT,2025-02-09 23:00:00+00:00,4.135,2025-02-14 16:00:00+00:00,4.5485,10.0,9.8,True,113,4.71,2.605
AVAXUSDT,2025-02-09 23:00:00+00:00,24.56,2025-02-11 09:00:00+00:00,27.016000000000002,10.0,9.8,True,34,1.42,2.971
DOTUSDT,2025-02-09 23:00:00+00:00,4.686,2025-02-11 05:00:00+00:00,5.1546,10.0,9.8,True,30,1.25,2.696
ADAUSDT,2025-02-09 23:00:00+00:00,0.6681,2025-02-11 00:00:00+00:00,0.7349100000000001,10.0,9.8,True,25,1.04,3.658
XRPUSDT,2025-02-09 23:00:00+00:00,2.3717,2025-02-14 08:00:00+00:00,2.6088700000000005,10.0,9.8,True,105,4.38,2.726
DOGEUSDT,2025-02-09 23:00:00+00:00,0.24602,2025-02-14 09:00:00+00:00,0.27062200000000003,10.0,9.8,True,106,4.42,2.622
FILUSDT,2025-02-09 23:00:00+00:00,3.275,2025-02-14 17:00:00+00:00,3.6025,10.0,9.8,True,114,4.75,2.591
ETCUSDT,2025-02-09 23:00:00+00:00,19.97,2025-04-10 22:00:00+00:00,14.76,-26.089,-26.289,False,1439,59.96,3.134
SANDUSDT,2025-02-10 04:00:00+00:00,0.3759,2025-02-11 05:00:00+00:00,0.41349,10.0,9.8,True,25,1.04,2.955
BNBUSDT,2025-02-10 17:00:00+00:00,610.96,2025-02-12 16:00:00+00:00,672.056,10.0,9.8,True,47,1.96,2.518
LINKUSDT,2025-02-11 20:00:00+00:00,18.46,2025-04-12 19:00:00+00:00,13.08,-29.144,-29.344,False,1439,59.96,2.817
CHZUSDT,2025-02-12 03:00:00+00:00,0.0598,2025-02-14 14:00:00+00:00,0.06578,10.0,9.8,True,59,2.46,3.601
NEARUSDT,2025-02-12 08:00:00+00:00,3.211,2025-02-14 09:00:00+00:00,3.5321000000000002,10.0,9.8,True,49,2.04,2.536
ATOMUSDT,2025-02-12 08:00:00+00:00,4.62,2025-02-12 22:00:00+00:00,5.082000000000001,10.0,9.8,True,14,0.58,3.902
ETCUSDT,2025-02-12 08:00:00+00:00,20.38,2025-04-13 07:00:00+00:00,15.22,-25.319,-25.519,False,1439,59.96,2.87
SOLUSDT,2025-02-12 15:00:00+00:00,193.48,2025-04-13 14:00:00+00:00,128.6,-33.533,-33.733,False,1439,59.96,2.75
AVAXUSDT,2025-02-12 15:00:00+00:00,25.0,2025-04-13 14:00:00+00:00,19.75,-21.0,-21.2,False,1439,59.96,2.698
SUIUSDT,2025-02-12 15:00:00+00:00,3.2035,2025-02-12 21:00:00+00:00,3.5238500000000004,10.0,9.8,True,6,0.25,3.192
ETCUSDT,2025-02-13 15:00:00+00:00,20.93,2025-04-14 14:00:00+00:00,15.68,-25.084,-25.284,False,1439,59.96,2.579
AXSUSDT,2025-02-13 15:00:00+00:00,4.308,2025-04-14 14:00:00+00:00,2.272,-47.261,-47.461,False,1439,59.96,3.16
ETHUSDT,2025-02-15 15:00:00+00:00,2688.69,2025-04-16 14:00:00+00:00,1591.0,-40.826,-41.026,False,1439,59.96,2.759
AAVEUSDT,2025-02-15 15:00:00+00:00,254.67,2025-04-16 14:00:00+00:00,135.63,-46.743,-46.943,False,1439,59.96,3.11
APTUSDT,2025-02-15 17:00:00+00:00,6.09,2025-02-20 03:00:00+00:00,6.699000000000001,10.0,9.8,True,106,4.42,3.274
SHIBUSDT,2025-02-15 21:00:00+00:00,1.635e-05,2025-04-16 20:00:00+00:00,1.18e-05,-27.829,-28.029,False,1439,59.96,3.27
AXSUSDT,2025-02-16 01:00:00+00:00,4.402,2025-04-17 00:00:00+00:00,2.155,-51.045,-51.245,False,1439,59.96,3.69
AVAXUSDT,2025-02-16 01:00:00+00:00,25.41,2025-04-17 00:00:00+00:00,18.83,-25.895,-26.095,False,1439,59.96,2.839
ATOMUSDT,2025-02-16 05:00:00+00:00,4.804,2025-04-17 04:00:00+00:00,4.045,-15.799,-15.999,False,1439,59.96,2.527
BNBUSDT,2025-02-16 11:00:00+00:00,667.68,2025-04-17 10:00:00+00:00,585.75,-12.271,-12.471,False,1439,59.96,4.224
SHIBUSDT,2025-02-16 15:00:00+00:00,1.607e-05,2025-04-17 14:00:00+00:00,1.167e-05,-27.38,-27.58,False,1439,59.96,2.501
BCHUSDT,2025-02-17 06:00:00+00:00,326.7,2025-03-05 06:00:00+00:00,359.37,10.0,9.8,True,384,16.0,3.601
UNIUSDT,2025-02-17 06:00:00+00:00,9.637,2025-04-18 05:00:00+00:00,5.19,-46.145,-46.345,False,1439,59.96,2.934
DOGEUSDT,2025-02-17 06:00:00+00:00,0.26313,2025-04-18 05:00:00+00:00,0.15491,-41.128,-41.328,False,1439,59.96,4.431
SUIUSDT,2025-02-17 06:00:00+00:00,3.2641,2025-04-18 05:00:00+00:00,2.1125,-35.281,-35.481,False,1439,59.96,4.928
SOLUSDT,2025-02-17 06:00:00+00:00,184.19,2025-04-18 05:00:00+00:00,134.2,-27.14,-27.34,False,1439,59.96,3.447
BTCUSDT,2025-02-17 15:00:00+00:00,96800.0,2025-04-18 14:00:00+00:00,84583.13,-12.621,-12.821,False,1439,59.96,2.974
LTCUSDT,2025-02-17 17:00:00+00:00,122.44,2025-02-19 07:00:00+00:00,134.684,10.0,9.8,True,38,1.58,4.061
AVAXUSDT,2025-02-18 07:00:00+00:00,23.93,2025-02-21 13:00:00+00:00,26.323,10.0,9.8,True,78,3.25,2.607
ARBUSDT,2025-02-18 07:00:00+00:00,0.464,2025-04-19 06:00:00+00:00,0.2934,-36.767,-36.967,False,1439,59.96,2.615
XLMUSDT,2025-02-18 07:00:00+00:00,0.324,2025-03-02 16:00:00+00:00,0.35640000000000005,10.0,9.8,True,297,12.38,2.996
CHZUSDT,2025-02-18 07:00:00+00:00,0.0567,2025-04-19 06:00:00+00:00,0.03727,-34.268,-34.468,False,1439,59.96,4.05
SANDUSDT,2025-02-18 07:00:00+00:00,0.3718,2025-04-19 06:00:00+00:00,0.2625,-29.398,-29.598,False,1439,59.96,3.136
DOGEUSDT,2025-02-18 07:00:00+00:00,0.24795,2025-04-19 06:00:00+00:00,0.15852,-36.068,-36.268,False,1439,59.96,3.363
LINKUSDT,2025-02-18 07:00:00+00:00,18.15,2025-04-19 06:00:00+00:00,12.82,-29.366,-29.566,False,1439,59.96,2.531
ARBUSDT,2025-02-18 15:00:00+00:00,0.4627,2025-02-21 13:00:00+00:00,0.50897,10.0,9.8,True,70,2.92,7.125
AVAXUSDT,2025-02-18 18:00:00+00:00,23.19,2025-02-21 08:00:00+00:00,25.509000000000004,10.0,9.8,True,62,2.58,2.555
AAVEUSDT,2025-02-18 23:00:00+00:00,248.3,2025-04-19 22:00:00+00:00,142.63,-42.557,-42.757,False,1439,59.96,3.697
SHIBUSDT,2025-02-20 19:00:00+00:00,1.549e-05,2025-04-21 18:00:00+00:00,1.232e-05,-20.465,-20.665,False,1439,59.96,3.346
DOTUSDT,2025-02-22 16:00:00+00:00,5.069,2025-04-23 15:00:00+00:00,4.079,-19.53,-19.73,False,1439,59.96,2.954
SOLUSDT,2025-02-23 16:00:00+00:00,166.76,2025-04-24 15:00:00+00:00,149.34,-10.446,-10.646,False,1439,59.96,2.758
SUIUSDT,2025-02-24 01:00:00+00:00,3.4267,2025-04-25 00:00:00+00:00,3.347,-2.326,-2.526,False,1439,59.96,2.923
DOGEUSDT,2025-02-24 02:00:00+00:00,0.2394,2025-04-25 01:00:00+00:00,0.18114,-24.336,-24.536,False,1439,59.96,2.819
AXSUSDT,2025-02-24 02:00:00+00:00,4.005,2025-04-25 01:00:00+00:00,2.598,-35.131,-35.331,False,1439,59.96,3.687
SOLUSDT,2025-02-24 02:00:00+00:00,163.63,2025-04-25 01:00:00+00:00,152.5,-6.802,-7.002,False,1439,59.96,3.443
BCHUSDT,2025-02-24 05:00:00+00:00,318.1,2025-03-03 13:00:00+00:00,349.91,10.0,9.8,True,176,7.33,2.647
ETCUSDT,2025-02-24 05:00:00+00:00,19.9,2025-04-25 04:00:00+00:00,17.09,-14.121,-14.321,False,1439,59.96,2.569
XLMUSDT,2025-02-24 05:00:00+00:00,0.3204,2025-03-02 16:00:00+00:00,0.35244000000000003,10.0,9.8,True,155,6.46,5.152
APTUSDT,2025-02-24 05:00:00+00:00,5.79,2025-02-27 03:00:00+00:00,6.369000000000001,10.0,9.8,True,70,2.92,2.846
ATOMUSDT,2025-02-24 05:00:00+00:00,4.662,2025-04-25 04:00:00+00:00,4.47,-4.118,-4.318,False,1439,59.96,2.683
ADAUSDT,2025-02-24 05:00:00+00:00,0.7363,2025-03-02 15:00:00+00:00,0.80993,10.0,9.8,True,154,6.42,2.951
DOGEUSDT,2025-02-24 05:00:00+00:00,0.22995,2025-04-25 04:00:00+00:00,0.17981,-21.805,-22.005,False,1439,59.96,3.53
FILUSDT,2025-02-24 05:00:00+00:00,3.284,2025-04-25 04:00:00+00:00,2.844,-13.398,-13.598,False,1439,59.96,3.134
MANAUSDT,2025-02-24 05:00:00+00:00,0.2981,2025-04-21 06:00:00+00:00,0.32791,10.0,9.8,True,1345,56.04,2.744
ARBUSDT,2025-02-24 06:00:00+00:00,0.4604,2025-04-25 05:00:00+00:00,0.3429,-25.521,-25.721,False,1439,59.96,2.518
ENJUSDT,2025-02-24 06:00:00+00:00,0.1171,2025-04-25 05:00:00+00:00,0.0905,-22.716,-22.916,False,1439,59.96,3.487
DOTUSDT,2025-02-24 11:00:00+00:00,4.71,2025-02-27 11:00:00+00:00,5.181,10.0,9.8,True,72,3.0,3.458
BNBUSDT,2025-02-24 11:00:00+00:00,638.77,2025-04-25 10:00:00+00:00,605.31,-5.238,-5.438,False,1439,59.96,2.613
UNIUSDT,2025-02-24 16:00:00+00:00,8.335,2025-04-25 15:00:00+00:00,5.93,-28.854,-29.054,False,1439,59.96,2.728
SHIBUSDT,2025-02-24 16:00:00+00:00,1.44e-05,2025-04-25 15:00:00+00:00,1.399e-05,-2.847,-3.047,False,1439,59.96,3.646
NEARUSDT,2025-02-24 16:00:00+00:00,3.276,2025-04-25 15:00:00+00:00,2.602,-20.574,-20.774,False,1439,59.96,3.037
SOLUSDT,2025-02-24 16:00:00+00:00,152.67,2025-03-02 16:00:00+00:00,167.937,10.0,9.8,True,144,6.0,5.603
SUIUSDT,2025-02-24 16:00:00+00:00,3.0469,2025-04-24 17:00:00+00:00,3.3515900000000003,10.0,9.8,True,1417,59.04,4.713
DOTUSDT,2025-02-24 16:00:00+00:00,4.669,2025-02-27 10:00:00+00:00,5.1359,10.0,9.8,True,66,2.75,3.267
ADAUSDT,2025-02-24 16:00:00+00:00,0.7186,2025-03-02 15:00:00+00:00,0.79046,10.0,9.8,True,143,5.96,3.903
AAVEUSDT,2025-02-24 16:00:00+00:00,230.03,2025-04-25 15:00:00+00:00,167.22,-27.305,-27.505,False,1439,59.96,2.713
DOGEUSDT,2025-02-24 16:00:00+00:00,0.22546,2025-04-25 15:00:00+00:00,0.18272,-18.957,-19.157,False,1439,59.96,2.71
AVAXUSDT,2025-02-24 16:00:00+00:00,23.15,2025-04-25 15:00:00+00:00,22.58,-2.462,-2.662,False,1439,59.96,2.784
LINKUSDT,2025-02-24 16:00:00+00:00,16.22,2025-04-25 15:00:00+00:00,15.19,-6.35,-6.55,False,1439,59.96,2.699
LTCUSDT,2025-02-24 16:00:00+00:00,122.41,2025-04-25 15:00:00+00:00,86.53,-29.311,-29.511,False,1439,59.96,2.823
BNBUSDT,2025-02-24 16:00:00+00:00,635.25,2025-04-25 15:00:00+00:00,605.53,-4.678,-4.878,False,1439,59.96,3.689
BCHUSDT,2025-02-24 16:00:00+00:00,306.7,2025-03-02 16:00:00+00:00,337.37,10.0,9.8,True,144,6.0,3.437
OPUSDT,2025-02-24 16:00:00+00:00,1.07,2025-02-26 22:00:00+00:00,1.1770000000000003,10.0,9.8,True,54,2.25,2.613
XRPUSDT,2025-02-24 16:00:00+00:00,2.431,2025-03-02 15:00:00+00:00,2.6741,10.0,9.8,True,143,5.96,3.529
ARBUSDT,2025-02-24 16:00:00+00:00,0.443,2025-04-25 15:00:00+00:00,0.3482,-21.4,-21.6,False,1439,59.96,2.703
ENJUSDT,2025-02-24 17:00:00+00:00,0.1128,2025-04-25 16:00:00+00:00,0.0901,-20.124,-20.324,False,1439,59.96,2.509
SANDUSDT,2025-02-24 20:00:00+00:00,0.3226,2025-03-02 17:00:00+00:00,0.35486,10.0,9.8,True,141,5.88,2.658
UNIUSDT,2025-02-24 23:00:00+00:00,7.877,2025-04-25 22:00:00+00:00,5.889,-25.238,-25.438,False,1439,59.96,4.463
SUIUSDT,2025-02-24 23:00:00+00:00,2.8494,2025-03-02 16:00:00+00:00,3.1343400000000003,10.0,9.8,True,137,5.71,2.995
SANDUSDT,2025-02-25 01:00:00+00:00,0.303,2025-03-02 15:00:00+00:00,0.33330000000000004,10.0,9.8,True,134,5.58,2.773
BNBUSDT,2025-02-25 01:00:00+00:00,614.43,2025-04-26 00:00:00+00:00,601.28,-2.14,-2.34,False,1439,59.96,2.897
BTCUSDT,2025-02-25 01:00:00+00:00,91857.3,2025-04-26 00:00:00+00:00,94880.69,3.291,3.091,False,1439,59.96,2.867
XRPUSDT,2025-02-25 01:00:00+00:00,2.3071,2025-03-02 15:00:00+00:00,2.5378100000000003,10.0,9.8,True,134,5.58,2.708
TRXUSDT,2025-02-25 03:00:00+00:00,0.243,2025-04-26 02:00:00+00:00,0.243,0.0,-0.2,False,1439,59.96,2.593
AXSUSDT,2025-02-25 04:00:00+00:00,3.63,2025-03-02 16:00:00+00:00,3.9930000000000003,10.0,9.8,True,132,5.5,2.592
AAVEUSDT,2025-02-25 07:00:00+00:00,196.58,2025-03-02 16:00:00+00:00,216.23800000000003,10.0,9.8,True,129,5.38,2.678
SUIUSDT,2025-02-25 08:00:00+00:00,2.7624,2025-02-26 02:00:00+00:00,3.03864,10.0,9.8,True,18,0.75,5.175
BNBUSDT,2025-02-25 08:00:00+00:00,599.41,2025-04-26 07:00:00+00:00,602.32,0.485,0.285,False,1439,59.96,6.628
SOLUSDT,2025-02-25 08:00:00+00:00,136.26,2025-03-01 01:00:00+00:00,149.886,10.0,9.8,True,89,3.71,3.211
ATOMUSDT,2025-02-25 08:00:00+00:00,4.227,2025-02-26 11:00:00+00:00,4.649700000000001,10.0,9.8,True,27,1.12,5.054
DOGEUSDT,2025-02-25 08:00:00+00:00,0.20385,2025-03-02 16:00:00+00:00,0.22423500000000002,10.0,9.8,True,128,5.33,5.189
AXSUSDT,2025-02-25 10:00:00+00:00,3.486,2025-03-02 15:00:00+00:00,3.8346000000000005,10.0,9.8,True,125,5.21,4.31
DOTUSDT,2025-02-25 13:00:00+00:00,4.438,2025-02-26 15:00:00+00:00,4.8818,10.0,9.8,True,26,1.08,3.006
ETHUSDT,2025-02-26 15:00:00+00:00,2435.89,2025-04-27 14:00:00+00:00,1796.63,-26.243,-26.443,False,1439,59.96,3.402
XRPUSDT,2025-02-26 15:00:00+00:00,2.2594,2025-03-02 15:00:00+00:00,2.48534,10.0,9.8,True,96,4.0,2.694
SOLUSDT,2025-02-26 15:00:00+00:00,138.35,2025-03-02 15:00:00+00:00,152.185,10.0,9.8,True,96,4.0,3.041
ARBUSDT,2025-02-26 21:00:00+00:00,0.422,2025-03-02 20:00:00+00:00,0.4642,10.0,9.8,True,95,3.96,2.515
ETHUSDT,2025-02-26 21:00:00+00:00,2339.76,2025-04-27 20:00:00+00:00,1802.5,-22.962,-23.162,False,1439,59.96,2.688
BTCUSDT,2025-02-26 21:00:00+00:00,84384.34,2025-03-02 17:00:00+00:00,92822.774,10.0,9.8,True,92,3.83,2.994
ETCUSDT,2025-02-26 21:00:00+00:00,18.7,2025-03-02 16:00:00+00:00,20.57,10.0,9.8,True,91,3.79,2.796
TRXUSDT,2025-02-26 22:00:00+00:00,0.2283,2025-04-13 15:00:00+00:00,0.25113,10.0,9.8,True,1097,45.71,3.914
OPUSDT,2025-02-28 02:00:00+00:00,1.073,2025-04-29 01:00:00+00:00,0.78,-27.307,-27.507,False,1439,59.96,5.516
SANDUSDT,2025-02-28 03:00:00+00:00,0.2965,2025-03-02 15:00:00+00:00,0.32615,10.0,9.8,True,60,2.5,4.436
ETCUSDT,2025-02-28 05:00:00+00:00,17.93,2025-03-01 01:00:00+00:00,19.723000000000003,10.0,9.8,True,20,0.83,4.262
MANAUSDT,2025-02-28 05:00:00+00:00,0.276,2025-03-02 15:00:00+00:00,0.30360000000000004,10.0,9.8,True,58,2.42,2.699
TRXUSDT,2025-02-28 05:00:00+00:00,0.2195,2025-03-02 16:00:00+00:00,0.24145000000000003,10.0,9.8,True,59,2.46,3.436
AXSUSDT,2025-02-28 05:00:00+00:00,3.382,2025-02-28 16:00:00+00:00,3.7202000000000006,10.0,9.8,True,11,0.46,2.889
ETHUSDT,2025-02-28 05:00:00+00:00,2136.7,2025-03-02 16:00:00+00:00,2350.37,10.0,9.8,True,59,2.46,2.665
BNBUSDT,2025-02-28 05:00:00+00:00,575.45,2025-03-02 17:00:00+00:00,632.9950000000001,10.0,9.8,True,60,2.5,2.831
DOGEUSDT,2025-02-28 05:00:00+00:00,0.18876,2025-03-01 04:00:00+00:00,0.20763600000000004,10.0,9.8,True,23,0.96,2.781
CHZUSDT,2025-02-28 07:00:00+00:00,0.0474,2025-03-02 16:00:00+00:00,0.05214,10.0,9.8,True,57,2.38,2.53
BCHUSDT,2025-02-28 08:00:00+00:00,275.3,2025-02-28 15:00:00+00:00,302.83000000000004,10.0,9.8,True,7,0.29,2.775
AAVEUSDT,2025-02-28 09:00:00+00:00,182.16,2025-03-02 15:00:00+00:00,200.376,10.0,9.8,True,54,2.25,2.855
AXSUSDT,2025-02-28 15:00:00+00:00,3.613,2025-03-02 16:00:00+00:00,3.9743000000000004,10.0,9.8,True,49,2.04,2.542
BCHUSDT,2025-02-28 15:00:00+00:00,295.6,2025-03-02 15:00:00+00:00,325.16,10.0,9.8,True,48,2.0,2.703
SANDUSDT,2025-02-28 15:00:00+00:00,0.3084,2025-03-02 16:00:00+00:00,0.33924000000000004,10.0,9.8,True,49,2.04,2.519
ETCUSDT,2025-03-01 18:00:00+00:00,18.91,2025-03-02 16:00:00+00:00,20.801000000000002,10.0,9.8,True,22,0.92,3.294
ADAUSDT,2025-03-01 22:00:00+00:00,0.6682,2025-03-02 15:00:00+00:00,0.7350200000000001,10.0,9.8,True,17,0.71,2.607
FILUSDT,2025-03-02 14:00:00+00:00,3.217,2025-03-02 16:00:00+00:00,3.5387000000000004,10.0,9.8,True,2,0.08,2.792
BNBUSDT,2025-03-02 16:00:00+00:00,613.55,2025-05-01 15:00:00+00:00,602.66,-1.775,-1.975,False,1439,59.96,10.314
DOTUSDT,2025-03-02 16:00:00+00:00,4.75,2025-03-02 23:00:00+00:00,5.2250000000000005,10.0,9.8,True,7,0.29,14.994
SOLUSDT,2025-03-02 16:00:00+00:00,157.47,2025-03-02 16:00:00+00:00,173.217,10.0,9.8,True,0,0.0,28.65
AXSUSDT,2025-03-02 16:00:00+00:00,3.774,2025-05-01 15:00:00+00:00,2.552,-32.379,-32.579,False,1439,59.96,13.87
SANDUSDT,2025-03-02 16:00:00+00:00,0.3248,2025-03-02 17:00:00+00:00,0.35728,10.0,9.8,True,1,0.04,22.344
ATOMUSDT,2025-03-02 16:00:00+00:00,4.544,2025-03-22 18:00:00+00:00,4.9984,10.0,9.8,True,482,20.08,14.385
LINKUSDT,2025-03-02 16:00:00+00:00,15.27,2025-03-02 16:00:00+00:00,16.797,10.0,9.8,True,0,0.0,18.988
UNIUSDT,2025-03-02 16:00:00+00:00,7.577,2025-03-02 16:00:00+00:00,8.3347,10.0,9.8,True,0,0.0,9.662
MANAUSDT,2025-03-02 16:00:00+00:00,0.2982,2025-04-21 06:00:00+00:00,0.32802000000000003,10.0,9.8,True,1190,49.58,14.558
LTCUSDT,2025-03-02 16:00:00+00:00,121.45,2025-05-01 15:00:00+00:00,87.56,-27.904,-28.104,False,1439,59.96,8.679
BCHUSDT,2025-03-03 10:00:00+00:00,318.3,2025-03-03 13:00:00+00:00,350.13000000000005,10.0,9.8,True,3,0.12,2.764
BCHUSDT,2025-03-03 13:00:00+00:00,320.5,2025-03-03 13:00:00+00:00,352.55,10.0,9.8,True,0,0.0,2.679
CHZUSDT,2025-03-03 15:00:00+00:00,0.0494,2025-05-02 14:00:00+00:00,0.04266,-13.644,-13.844,False,1439,59.96,2.827
ARBUSDT,2025-03-03 15:00:00+00:00,0.4186,2025-05-02 14:00:00+00:00,0.3404,-18.681,-18.881,False,1439,59.96,2.816
ETHUSDT,2025-03-03 15:00:00+00:00,2274.82,2025-05-02 14:00:00+00:00,1848.9,-18.723,-18.923,False,1439,59.96,3.028
ETCUSDT,2025-03-03 15:00:00+00:00,19.54,2025-05-02 14:00:00+00:00,17.21,-11.924,-12.124,False,1439,59.96,2.554
ATOMUSDT,2025-03-03 15:00:00+00:00,4.48,2025-03-22 17:00:00+00:00,4.928000000000001,10.0,9.8,True,458,19.08,3.721
SANDUSDT,2025-03-03 15:00:00+00:00,0.3251,2025-05-02 14:00:00+00:00,0.3054,-6.06,-6.26,False,1439,59.96,2.848
OPUSDT,2025-03-03 15:00:00+00:00,1.066,2025-05-02 14:00:00+00:00,0.723,-32.176,-32.376,False,1439,59.96,2.965
SUIUSDT,2025-03-03 15:00:00+00:00,2.8629,2025-04-24 14:00:00+00:00,3.14919,10.0,9.8,True,1247,51.96,3.124
FILUSDT,2025-03-03 15:00:00+00:00,3.24,2025-05-02 14:00:00+00:00,2.837,-12.438,-12.638,False,1439,59.96,2.645
AAVEUSDT,2025-03-03 16:00:00+00:00,201.14,2025-03-05 08:00:00+00:00,221.254,10.0,9.8,True,40,1.67,3.679
AVAXUSDT,2025-03-03 16:00:00+00:00,23.25,2025-05-02 15:00:00+00:00,21.42,-7.871,-8.071,False,1439,59.96,3.332
SHIBUSDT,2025-03-03 16:00:00+00:00,1.374e-05,2025-03-26 07:00:00+00:00,1.5114000000000001e-05,10.0,9.8,True,543,22.62,3.087
LINKUSDT,2025-03-03 16:00:00+00:00,16.26,2025-05-02 15:00:00+00:00,14.79,-9.041,-9.241,False,1439,59.96,2.524
BTCUSDT,2025-03-03 16:00:00+00:00,90035.38,2025-05-02 15:00:00+00:00,97330.19,8.102,7.902,False,1439,59.96,3.049
AXSUSDT,2025-03-03 16:00:00+00:00,3.713,2025-05-02 15:00:00+00:00,2.584,-30.407,-30.607,False,1439,59.96,3.867
ARBUSDT,2025-03-03 21:00:00+00:00,0.3913,2025-03-05 13:00:00+00:00,0.43043000000000003,10.0,9.8,True,40,1.67,2.651
SHIBUSDT,2025-03-03 21:00:00+00:00,1.295e-05,2025-03-26 01:00:00+00:00,1.4245e-05,10.0,9.8,True,532,22.17,2.505
BNBUSDT,2025-03-04 03:00:00+00:00,558.93,2025-03-15 17:00:00+00:00,614.823,10.0,9.8,True,278,11.58,2.618
AXSUSDT,2025-03-04 03:00:00+00:00,3.325,2025-03-06 04:00:00+00:00,3.6575000000000006,10.0,9.8,True,49,2.04,7.953
SHIBUSDT,2025-03-04 03:00:00+00:00,1.255e-05,2025-03-06 05:00:00+00:00,1.3805e-05,10.0,9.8,True,50,2.08,3.015
ETCUSDT,2025-03-04 03:00:00+00:00,18.16,2025-03-05 15:00:00+00:00,19.976000000000003,10.0,9.8,True,36,1.5,4.225
AXSUSDT,2025-03-04 06:00:00+00:00,3.355,2025-03-06 05:00:00+00:00,3.6905,10.0,9.8,True,47,1.96,2.593
FILUSDT,2025-03-04 15:00:00+00:00,2.938,2025-04-04 07:00:00+00:00,3.2318000000000002,10.0,9.8,True,736,30.67,3.828
LINKUSDT,2025-03-04 15:00:00+00:00,13.64,2025-03-04 21:00:00+00:00,15.004000000000001,10.0,9.8,True,6,0.25,3.694
SANDUSDT,2025-03-04 15:00:00+00:00,0.2883,2025-03-06 03:00:00+00:00,0.31713,10.0,9.8,True,36,1.5,3.715
SUIUSDT,2025-03-04 15:00:00+00:00,2.3586,2025-03-05 10:00:00+00:00,2.59446,10.0,9.8,True,19,0.79,3.218
DOTUSDT,2025-03-04 15:00:00+00:00,4.182,2025-03-06 04:00:00+00:00,4.600200000000001,10.0,9.8,True,37,1.54,3.578
APTUSDT,2025-03-04 15:00:00+00:00,5.34,2025-03-05 09:00:00+00:00,5.8740000000000006,10.0,9.8,True,18,0.75,2.802
LTCUSDT,2025-03-04 15:00:00+00:00,101.42,2025-03-06 05:00:00+00:00,111.56200000000001,10.0,9.8,True,38,1.58,3.844
NEARUSDT,2025-03-04 15:00:00+00:00,2.727,2025-03-05 20:00:00+00:00,2.9997000000000003,10.0,9.8,True,29,1.21,2.864
XLMUSDT,2025-03-04 15:00:00+00:00,0.2815,2025-03-06 11:00:00+00:00,0.30965,10.0,9.8,True,44,1.83,4.04
ADAUSDT,2025-03-04 15:00:00+00:00,0.8207,2025-03-04 17:00:00+00:00,0.9027700000000001,10.0,9.8,True,2,0.08,2.928
DOGEUSDT,2025-03-04 15:00:00+00:00,0.19268,2025-03-06 04:00:00+00:00,0.211948,10.0,9.8,True,37,1.54,3.103
OPUSDT,2025-03-04 15:00:00+00:00,0.925,2025-03-06 03:00:00+00:00,1.0175,10.0,9.8,True,36,1.5,4.046
ARBUSDT,2025-03-04 15:00:00+00:00,0.3705,2025-03-05 13:00:00+00:00,0.40755,10.0,9.8,True,22,0.92,3.106
AVAXUSDT,2025-03-04 15:00:00+00:00,19.75,2025-03-05 20:00:00+00:00,21.725,10.0,9.8,True,29,1.21,3.566
ATOMUSDT,2025-03-04 15:00:00+00:00,4.08,2025-03-15 12:00:00+00:00,4.488,10.0,9.8,True,261,10.88,2.766
SOLUSDT,2025-03-04 15:00:00+00:00,136.65,2025-03-06 03:00:00+00:00,150.31500000000003,10.0,9.8,True,36,1.5,3.555
APTUSDT,2025-03-04 17:00:00+00:00,5.23,2025-03-05 09:00:00+00:00,5.753000000000001,10.0,9.8,True,16,0.67,2.678
OPUSDT,2025-03-04 17:00:00+00:00,0.908,2025-03-05 20:00:00+00:00,0.9988000000000001,10.0,9.8,True,27,1.12,2.569
AVAXUSDT,2025-03-04 17:00:00+00:00,19.58,2025-03-05 20:00:00+00:00,21.538,10.0,9.8,True,27,1.12,2.6
FILUSDT,2025-03-04 17:00:00+00:00,2.888,2025-03-05 20:00:00+00:00,3.1768,10.0,9.8,True,27,1.12,3.013
LTCUSDT,2025-03-04 17:00:00+00:00,99.05,2025-03-06 04:00:00+00:00,108.95500000000001,10.0,9.8,True,35,1.46,3.176
ARBUSDT,2025-03-04 17:00:00+00:00,0.3646,2025-03-05 13:00:00+00:00,0.40106,10.0,9.8,True,20,0.83,2.675
BTCUSDT,2025-03-07 02:00:00+00:00,88263.84,2025-05-01 15:00:00+00:00,97090.224,10.0,9.8,True,1333,55.54,2.824
ADAUSDT,2025-03-07 02:00:00+00:00,0.8603,2025-05-06 01:00:00+00:00,0.6589,-23.41,-23.61,False,1439,59.96,2.571
AXSUSDT,2025-03-08 11:00:00+00:00,3.456,2025-05-07 10:00:00+00:00,2.344,-32.176,-32.376,False,1439,59.96,7.092
AVAXUSDT,2025-03-08 15:00:00+00:00,20.4,2025-03-25 12:00:00+00:00,22.44,10.0,9.8,True,405,16.88,5.986
AXSUSDT,2025-03-08 20:00:00+00:00,3.46,2025-05-07 19:00:00+00:00,2.3,-33.526,-33.726,False,1439,59.96,12.347
LTCUSDT,2025-03-09 13:00:00+00:00,98.61,2025-05-08 12:00:00+00:00,91.53,-7.18,-7.38,False,1439,59.96,2.616
ARBUSDT,2025-03-09 14:00:00+00:00,0.3704,2025-05-08 13:00:00+00:00,0.3355,-9.422,-9.622,False,1439,59.96,2.515
AAVEUSDT,2025-03-09 14:00:00+00:00,187.4,2025-05-08 13:00:00+00:00,187.37,-0.016,-0.216,False,1439,59.96,2.663
SUIUSDT,2025-03-09 14:00:00+00:00,2.3694,2025-03-26 10:00:00+00:00,2.6063400000000003,10.0,9.8,True,404,16.83,2.527
SANDUSDT,2025-03-09 14:00:00+00:00,0.2837,2025-03-26 01:00:00+00:00,0.31207,10.0,9.8,True,395,16.46,3.52
BNBUSDT,2025-03-09 14:00:00+00:00,569.27,2025-03-17 03:00:00+00:00,626.197,10.0,9.8,True,181,7.54,2.807
ETHUSDT,2025-03-09 15:00:00+00:00,2117.49,2025-05-08 14:00:00+00:00,1989.51,-6.044,-6.244,False,1439,59.96,3.403
XLMUSDT,2025-03-09 15:00:00+00:00,0.2689,2025-03-19 13:00:00+00:00,0.29579,10.0,9.8,True,238,9.92,4.238
FILUSDT,2025-03-09 16:00:00+00:00,2.915,2025-03-26 11:00:00+00:00,3.2065,10.0,9.8,True,403,16.79,2.558
NEARUSDT,2025-03-09 16:00:00+00:00,2.72,2025-03-24 13:00:00+00:00,2.9920000000000004,10.0,9.8,True,357,14.88,3.797
LINKUSDT,2025-03-09 16:00:00+00:00,14.3,2025-03-26 06:00:00+00:00,15.730000000000002,10.0,9.8,True,398,16.58,2.606
ARBUSDT,2025-03-09 17:00:00+00:00,0.3576,2025-03-24 14:00:00+00:00,0.39336,10.0,9.8,True,357,14.88,3.73
XLMUSDT,2025-03-09 17:00:00+00:00,0.2681,2025-03-13 13:00:00+00:00,0.29491,10.0,9.8,True,92,3.83,10.39
XRPUSDT,2025-03-09 17:00:00+00:00,2.1354,2025-03-14 15:00:00+00:00,2.3489400000000002,10.0,9.8,True,118,4.92,4.262
UNIUSDT,2025-03-09 17:00:00+00:00,6.57,2025-03-19 18:00:00+00:00,7.227000000000001,10.0,9.8,True,241,10.04,3.989
BNBUSDT,2025-03-09 17:00:00+00:00,560.2,2025-03-15 17:00:00+00:00,616.2200000000001,10.0,9.8,True,144,6.0,4.278
BCHUSDT,2025-03-09 17:00:00+00:00,361.8,2025-05-08 01:00:00+00:00,397.98,10.0,9.8,True,1424,59.33,6.818
XRPUSDT,2025-03-09 19:00:00+00:00,2.1256,2025-03-13 12:00:00+00:00,2.3381600000000002,10.0,9.8,True,89,3.71,2.706
BNBUSDT,2025-03-09 19:00:00+00:00,555.13,2025-03-13 13:00:00+00:00,610.643,10.0,9.8,True,90,3.75,2.669
SANDUSDT,2025-03-09 19:00:00+00:00,0.2697,2025-03-19 13:00:00+00:00,0.29667000000000004,10.0,9.8,True,234,9.75,3.559
CHZUSDT,2025-03-09 19:00:00+00:00,0.04359,2025-03-24 08:00:00+00:00,0.047949,10.0,9.8,True,349,14.54,2.745
DOGEUSDT,2025-03-09 19:00:00+00:00,0.16916,2025-03-24 18:00:00+00:00,0.18607600000000002,10.0,9.8,True,359,14.96,2.862
UNIUSDT,2025-03-09 20:00:00+00:00,6.513,2025-03-19 18:00:00+00:00,7.164300000000001,10.0,9.8,True,238,9.92,2.509
AXSUSDT,2025-03-09 21:00:00+00:00,3.115,2025-03-17 09:00:00+00:00,3.4265000000000003,10.0,9.8,True,180,7.5,3.669
ETCUSDT,2025-03-10 00:00:00+00:00,17.94,2025-05-08 23:00:00+00:00,18.63,3.846,3.646,False,1439,59.96,3.737
ATOMUSDT,2025-03-10 01:00:00+00:00,3.851,2025-03-14 20:00:00+00:00,4.2361,10.0,9.8,True,115,4.79,3.032
TRXUSDT,2025-03-10 10:00:00+00:00,0.2345,2025-04-14 02:00:00+00:00,0.25795,10.0,9.8,True,832,34.67,2.678
AXSUSDT,2025-03-10 20:00:00+00:00,2.939,2025-03-12 12:00:00+00:00,3.2329000000000003,10.0,9.8,True,40,1.67,6.071
DOTUSDT,2025-03-10 20:00:00+00:00,3.937,2025-03-15 10:00:00+00:00,4.3307,10.0,9.8,True,110,4.58,2.738
ETHUSDT,2025-03-10 20:00:00+00:00,1869.43,2025-03-19 15:00:00+00:00,2056.373,10.0,9.8,True,211,8.79,2.747
AVAXUSDT,2025-03-10 20:00:00+00:00,16.91,2025-03-12 12:00:00+00:00,18.601000000000003,10.0,9.8,True,40,1.67,2.895
UNIUSDT,2025-03-10 20:00:00+00:00,6.007,2025-03-19 11:00:00+00:00,6.6077,10.0,9.8,True,207,8.62,3.963
DOTUSDT,2025-03-11 02:00:00+00:00,3.886,2025-03-15 04:00:00+00:00,4.2746,10.0,9.8,True,98,4.08,3.089
BNBUSDT,2025-03-11 02:00:00+00:00,531.4,2025-03-13 13:00:00+00:00,584.5400000000001,10.0,9.8,True,59,2.46,2.622
SANDUSDT,2025-03-11 02:00:00+00:00,0.2576,2025-03-11 18:00:00+00:00,0.28336,10.0,9.8,True,16,0.67,3.745
AAVEUSDT,2025-03-11 02:00:00+00:00,176.47,2025-03-24 08:00:00+00:00,194.11700000000002,10.0,9.8,True,318,13.25,3.122
CHZUSDT,2025-03-11 02:00:00+00:00,0.0415,2025-03-15 00:00:00+00:00,0.04565,10.0,9.8,True,94,3.92,3.006
FILUSDT,2025-03-11 02:00:00+00:00,2.613,2025-03-14 15:00:00+00:00,2.8743000000000003,10.0,9.8,True,85,3.54,2.644
AAVEUSDT,2025-03-12 13:00:00+00:00,178.38,2025-05-08 15:00:00+00:00,196.21800000000002,10.0,9.8,True,1370,57.08,3.832
APTUSDT,2025-03-12 13:00:00+00:00,5.251,2025-03-22 09:00:00+00:00,5.7761000000000005,10.0,9.8,True,236,9.83,3.678
TRXUSDT,2025-03-12 13:00:00+00:00,0.2233,2025-04-12 05:00:00+00:00,0.24563000000000001,10.0,9.8,True,736,30.67,2.763
BCHUSDT,2025-03-12 13:00:00+00:00,345.0,2025-04-25 11:00:00+00:00,379.50000000000006,10.0,9.8,True,1054,43.92,3.92
UNIUSDT,2025-03-13 06:00:00+00:00,5.775,2025-03-17 18:00:00+00:00,6.352500000000001,10.0,9.8,True,108,4.5,2.54
ETCUSDT,2025-03-13 12:00:00+00:00,17.94,2025-05-09 08:00:00+00:00,19.734,10.0,9.8,True,1364,56.83,3.695
CHZUSDT,2025-03-13 12:00:00+00:00,0.04314,2025-03-24 06:00:00+00:00,0.047454,10.0,9.8,True,258,10.75,2.707
DOGEUSDT,2025-03-13 15:00:00+00:00,0.16823,2025-03-24 18:00:00+00:00,0.185053,10.0,9.8,True,267,11.12,3.46
ADAUSDT,2025-03-13 18:00:00+00:00,0.6987,2025-03-26 07:00:00+00:00,0.7685700000000001,10.0,9.8,True,301,12.54,2.593
DOTUSDT,2025-03-13 19:00:00+00:00,3.907,2025-03-15 04:00:00+00:00,4.297700000000001,10.0,9.8,True,33,1.38,3.117
SUIUSDT,2025-03-16 13:00:00+00:00,2.2382,2025-03-19 19:00:00+00:00,2.4620200000000003,10.0,9.8,True,78,3.25,2.744
UNIUSDT,2025-03-16 13:00:00+00:00,6.034,2025-03-19 11:00:00+00:00,6.6374,10.0,9.8,True,70,2.92,2.576
ETCUSDT,2025-03-16 13:00:00+00:00,17.31,2025-05-09 07:00:00+00:00,19.041,10.0,9.8,True,1290,53.75,2.676
BTCUSDT,2025-03-16 13:00:00+00:00,82755.89,2025-04-22 15:00:00+00:00,91031.479,10.0,9.8,True,890,37.08,2.771
TRXUSDT,2025-03-16 13:00:00+00:00,0.2146,2025-03-18 22:00:00+00:00,0.23606000000000002,10.0,9.8,True,57,2.38,3.55
XRPUSDT,2025-03-16 14:00:00+00:00,2.2753,2025-03-19 13:00:00+00:00,2.5028300000000003,10.0,9.8,True,71,2.96,2.668
ADAUSDT,2025-03-16 14:00:00+00:00,0.6978,2025-03-26 07:00:00+00:00,0.76758,10.0,9.8,True,233,9.71,2.561
SOLUSDT,2025-03-16 17:00:00+00:00,129.31,2025-03-24 10:00:00+00:00,142.241,10.0,9.8,True,185,7.71,2.623
ATOMUSDT,2025-03-16 17:00:00+00:00,4.652,2025-05-10 16:00:00+00:00,5.1172,10.0,9.8,True,1319,54.96,3.524
XRPUSDT,2025-03-16 17:00:00+00:00,2.3169,2025-03-19 13:00:00+00:00,2.5485900000000004,10.0,9.8,True,68,2.83,2.971
DOGEUSDT,2025-03-16 17:00:00+00:00,0.16982,2025-03-24 18:00:00+00:00,0.18680200000000002,10.0,9.8,True,193,8.04,3.403
NEARUSDT,2025-03-16 17:00:00+00:00,2.576,2025-03-24 03:00:00+00:00,2.8336,10.0,9.8,True,178,7.42,4.323
SUIUSDT,2025-03-16 17:00:00+00:00,2.2619,2025-03-20 00:00:00+00:00,2.48809,10.0,9.8,True,79,3.29,3.097
LINKUSDT,2025-03-16 17:00:00+00:00,13.66,2025-03-19 23:00:00+00:00,15.026000000000002,10.0,9.8,True,78,3.25,2.763
ETHUSDT,2025-03-16 17:00:00+00:00,1906.38,2025-03-24 10:00:00+00:00,2097.0180000000005,10.0,9.8,True,185,7.71,2.86
ARBUSDT,2025-03-16 17:00:00+00:00,0.3541,2025-03-24 14:00:00+00:00,0.3895100000000001,10.0,9.8,True,189,7.88,4.033
SANDUSDT,2025-03-16 17:00:00+00:00,0.28,2025-03-25 20:00:00+00:00,0.30800000000000005,10.0,9.8,True,219,9.12,7.567
ADAUSDT,2025-03-16 17:00:00+00:00,0.7039,2025-03-26 08:00:00+00:00,0.77429,10.0,9.8,True,231,9.62,4.07
LTCUSDT,2025-03-16 17:00:00+00:00,90.25,2025-05-09 08:00:00+00:00,99.275,10.0,9.8,True,1287,53.62,2.844
XLMUSDT,2025-03-16 17:00:00+00:00,0.2673,2025-03-19 13:00:00+00:00,0.29403,10.0,9.8,True,68,2.83,2.937
OPUSDT,2025-03-16 17:00:00+00:00,0.846,2025-03-19 11:00:00+00:00,0.9306000000000001,10.0,9.8,True,66,2.75,3.459
FILUSDT,2025-03-16 17:00:00+00:00,2.882,2025-03-24 06:00:00+00:00,3.1702000000000004,10.0,9.8,True,181,7.54,4.603
BTCUSDT,2025-03-16 17:00:00+00:00,83633.49,2025-04-22 21:00:00+00:00,91996.839,10.0,9.8,True,892,37.17,6.932
DOTUSDT,2025-03-16 22:00:00+00:00,4.318,2025-03-24 08:00:00+00:00,4.7498,10.0,9.8,True,178,7.42,3.403
FILUSDT,2025-03-17 00:00:00+00:00,2.835,2025-03-24 05:00:00+00:00,3.1185,10.0,9.8,True,173,7.21,5.154
ENJUSDT,2025-03-17 01:00:00+00:00,0.0879,2025-03-24 08:00:00+00:00,0.09669000000000001,10.0,9.8,True,175,7.29,3.989
BCHUSDT,2025-03-18 08:00:00+00:00,335.7,2025-04-14 02:00:00+00:00,369.27000000000004,10.0,9.8,True,642,26.75,3.128
BCHUSDT,2025-03-18 10:00:00+00:00,340.9,2025-04-14 02:00:00+00:00,374.99,10.0,9.8,True,640,26.67,2.749
NEARUSDT,2025-03-18 14:00:00+00:00,2.526,2025-03-19 15:00:00+00:00,2.7786,10.0,9.8,True,25,1.04,2.511
DOTUSDT,2025-03-18 14:00:00+00:00,4.278,2025-03-24 06:00:00+00:00,4.7058,10.0,9.8,True,136,5.67,2.714
ADAUSDT,2025-03-18 15:00:00+00:00,0.6953,2025-03-25 15:00:00+00:00,0.7648300000000001,10.0,9.8,True,168,7.0,2.512
LTCUSDT,2025-03-18 15:00:00+00:00,88.4,2025-05-09 07:00:00+00:00,97.24000000000001,10.0,9.8,True,1240,51.67,2.754
BNBUSDT,2025-03-19 14:00:00+00:00,609.18,2025-05-09 23:00:00+00:00,670.098,10.0,9.8,True,1233,51.38,2.587
CHZUSDT,2025-03-20 15:00:00+00:00,0.04601,2025-05-14 00:00:00+00:00,0.050611,10.0,9.8,True,1305,54.38,5.131
BTCUSDT,2025-03-20 16:00:00+00:00,84691.27,2025-04-22 21:00:00+00:00,93160.39700000001,10.0,9.8,True,797,33.21,2.694
SANDUSDT,2025-03-20 17:00:00+00:00,0.2829,2025-03-26 00:00:00+00:00,0.31119,10.0,9.8,True,127,5.29,3.737
APTUSDT,2025-03-20 17:00:00+00:00,5.523,2025-03-25 00:00:00+00:00,6.0753,10.0,9.8,True,103,4.29,2.542
AVAXUSDT,2025-03-20 17:00:00+00:00,18.51,2025-03-24 02:00:00+00:00,20.361000000000004,10.0,9.8,True,81,3.38,2.71
MANAUSDT,2025-03-20 17:00:00+00:00,0.267,2025-04-14 04:00:00+00:00,0.2937,10.0,9.8,True,587,24.46,3.356
DOTUSDT,2025-03-20 23:00:00+00:00,4.388,2025-05-09 17:00:00+00:00,4.8268,10.0,9.8,True,1194,49.75,4.456
ENJUSDT,2025-03-21 01:00:00+00:00,0.0908,2025-03-25 14:00:00+00:00,0.09988000000000001,10.0,9.8,True,109,4.54,3.038
DOTUSDT,2025-03-21 01:00:00+00:00,4.429,2025-05-10 00:00:00+00:00,4.871900000000001,10.0,9.8,True,1199,49.96,2.701
SUIUSDT,2025-03-21 11:00:00+00:00,2.2604,2025-03-26 00:00:00+00:00,2.4864400000000004,10.0,9.8,True,109,4.54,3.407
ETCUSDT,2025-03-21 14:00:00+00:00,17.62,2025-05-09 08:00:00+00:00,19.382,10.0,9.8,True,1170,48.75,3.9
SOLUSDT,2025-03-21 17:00:00+00:00,126.69,2025-03-24 04:00:00+00:00,139.359,10.0,9.8,True,59,2.46,2.539
SOLUSDT,2025-03-21 19:00:00+00:00,127.31,2025-03-24 08:00:00+00:00,140.04100000000003,10.0,9.8,True,61,2.54,3.837
DOTUSDT,2025-03-22 15:00:00+00:00,4.429,2025-05-10 00:00:00+00:00,4.871900000000001,10.0,9.8,True,1161,48.38,4.308
XLMUSDT,2025-03-22 16:00:00+00:00,0.2752,2025-05-09 08:00:00+00:00,0.30272000000000004,10.0,9.8,True,1144,47.67,4.819
ETCUSDT,2025-03-23 01:00:00+00:00,17.69,2025-05-09 08:00:00+00:00,19.459000000000003,10.0,9.8,True,1135,47.29,2.859
ENJUSDT,2025-03-23 09:00:00+00:00,0.0929,2025-04-20 16:00:00+00:00,0.10219,10.0,9.8,True,679,28.29,5.983
MANAUSDT,2025-03-23 20:00:00+00:00,0.2621,2025-03-24 08:00:00+00:00,0.28831,10.0,9.8,True,12,0.5,2.649
NEARUSDT,2025-03-24 01:00:00+00:00,2.794,2025-03-25 20:00:00+00:00,3.0734000000000004,10.0,9.8,True,43,1.79,2.992
ENJUSDT,2025-03-24 01:00:00+00:00,0.0916,2025-03-26 00:00:00+00:00,0.10076,10.0,9.8,True,47,1.96,2.861
TRXUSDT,2025-03-24 02:00:00+00:00,0.2262,2025-04-12 07:00:00+00:00,0.24882000000000004,10.0,9.8,True,461,19.21,4.475
ARBUSDT,2025-03-24 02:00:00+00:00,0.3625,2025-03-26 07:00:00+00:00,0.39875,10.0,9.8,True,53,2.21,3.242
ARBUSDT,2025-03-24 05:00:00+00:00,0.3776,2025-05-10 13:00:00+00:00,0.41536,10.0,9.8,True,1136,47.33,3.076
LTCUSDT,2025-03-25 14:00:00+00:00,93.87,2025-05-10 00:00:00+00:00,103.25700000000002,10.0,9.8,True,1090,45.42,3.008
APTUSDT,2025-03-25 16:00:00+00:00,5.85,2025-05-24 15:00:00+00:00,5.397,-7.744,-7.944,False,1439,59.96,4.59
AAVEUSDT,2025-03-26 08:00:00+00:00,187.81,2025-05-08 21:00:00+00:00,206.591,10.0,9.8,True,1045,43.54,2.892
NEARUSDT,2025-03-26 19:00:00+00:00,2.957,2025-05-10 22:00:00+00:00,3.2527,10.0,9.8,True,1083,45.12,2.706
ENJUSDT,2025-03-27 03:00:00+00:00,0.0986,2025-04-21 07:00:00+00:00,0.10846,10.0,9.8,True,604,25.17,2.775
DOTUSDT,2025-03-27 16:00:00+00:00,4.574,2025-05-10 02:00:00+00:00,5.0314000000000005,10.0,9.8,True,1042,43.42,2.63
DOTUSDT,2025-03-27 18:00:00+00:00,4.578,2025-05-10 03:00:00+00:00,5.035800000000001,10.0,9.8,True,1041,43.38,3.097
ENJUSDT,2025-03-27 21:00:00+00:00,0.0956,2025-04-21 07:00:00+00:00,0.10516000000000002,10.0,9.8,True,586,24.42,3.048
MANAUSDT,2025-03-27 22:00:00+00:00,0.287,2025-04-21 06:00:00+00:00,0.3157,10.0,9.8,True,584,24.33,4.05
APTUSDT,2025-03-28 08:00:00+00:00,5.585,2025-05-11 01:00:00+00:00,6.1435,10.0,9.8,True,1049,43.71,3.695
LTCUSDT,2025-03-28 12:00:00+00:00,88.22,2025-05-09 07:00:00+00:00,97.042,10.0,9.8,True,1003,41.79,2.877
AVAXUSDT,2025-03-28 12:00:00+00:00,20.56,2025-04-23 04:00:00+00:00,22.616,10.0,9.8,True,616,25.67,3.901
DOTUSDT,2025-03-28 14:00:00+00:00,4.309,2025-05-09 11:00:00+00:00,4.7399000000000004,10.0,9.8,True,1005,41.88,3.137
APTUSDT,2025-03-28 14:00:00+00:00,5.522,2025-05-10 23:00:00+00:00,6.074200000000001,10.0,9.8,True,1041,43.38,2.981
BTCUSDT,2025-03-28 16:00:00+00:00,84051.15,2025-04-22 21:00:00+00:00,92456.265,10.0,9.8,True,605,25.21,2.553
ENJUSDT,2025-03-28 20:00:00+00:00,0.0866,2025-04-20 16:00:00+00:00,0.09526,10.0,9.8,True,548,22.83,2.635
ARBUSDT,2025-03-29 10:00:00+00:00,0.3388,2025-05-09 07:00:00+00:00,0.37268,10.0,9.8,True,981,40.88,3.193
ATOMUSDT,2025-03-29 16:00:00+00:00,4.355,2025-04-04 03:00:00+00:00,4.790500000000001,10.0,9.8,True,131,5.46,3.333
APTUSDT,2025-03-29 17:00:00+00:00,5.251,2025-05-09 08:00:00+00:00,5.7761000000000005,10.0,9.8,True,975,40.62,2.917
AXSUSDT,2025-03-30 00:00:00+00:00,2.911,2025-05-11 00:00:00+00:00,3.2021,10.0,9.8,True,1008,42.0,4.074
ENJUSDT,2025-03-30 01:00:00+00:00,0.0829,2025-04-20 16:00:00+00:00,0.09119000000000001,10.0,9.8,True,519,21.62,2.589
BCHUSDT,2025-03-30 19:00:00+00:00,304.7,2025-04-12 15:00:00+00:00,335.17,10.0,9.8,True,308,12.83,2.928
ETCUSDT,2025-03-30 19:00:00+00:00,16.69,2025-05-08 20:00:00+00:00,18.359,10.0,9.8,True,937,39.04,5.073
BCHUSDT,2025-03-31 01:00:00+00:00,296.1,2025-04-12 14:00:00+00:00,325.71000000000004,10.0,9.8,True,301,12.54,9.976
UNIUSDT,2025-03-31 02:00:00+00:00,5.918,2025-05-09 07:00:00+00:00,6.5098,10.0,9.8,True,941,39.21,2.501
ENJUSDT,2025-03-31 02:00:00+00:00,0.0828,2025-04-20 16:00:00+00:00,0.09108000000000001,10.0,9.8,True,494,20.58,2.854
ETCUSDT,2025-03-31 04:00:00+00:00,16.42,2025-05-08 19:00:00+00:00,18.062000000000005,10.0,9.8,True,927,38.62,2.85
XLMUSDT,2025-03-31 10:00:00+00:00,0.2598,2025-04-25 12:00:00+00:00,0.28578,10.0,9.8,True,602,25.08,2.749
NEARUSDT,2025-03-31 11:00:00+00:00,2.527,2025-05-09 01:00:00+00:00,2.7797000000000005,10.0,9.8,True,926,38.58,3.208
DOTUSDT,2025-03-31 13:00:00+00:00,4.041,2025-05-08 21:00:00+00:00,4.445100000000001,10.0,9.8,True,920,38.33,5.875
APTUSDT,2025-04-02 07:00:00+00:00,5.246,2025-05-09 08:00:00+00:00,5.770600000000001,10.0,9.8,True,889,37.04,3.857
AAVEUSDT,2025-04-02 07:00:00+00:00,157.83,2025-04-27 00:00:00+00:00,173.61300000000003,10.0,9.8,True,593,24.71,2.61
UNIUSDT,2025-04-02 08:00:00+00:00,6.084,2025-05-09 08:00:00+00:00,6.6924,10.0,9.8,True,888,37.0,7.412
XLMUSDT,2025-04-02 08:00:00+00:00,0.2655,2025-04-26 06:00:00+00:00,0.29205000000000003,10.0,9.8,True,574,23.92,6.184
ETCUSDT,2025-04-02 08:00:00+00:00,16.43,2025-05-08 19:00:00+00:00,18.073,10.0,9.8,True,875,36.46,9.293
ARBUSDT,2025-04-02 08:00:00+00:00,0.3207,2025-04-25 15:00:00+00:00,0.35277000000000003,10.0,9.8,True,559,23.29,4.588
LTCUSDT,2025-04-02 08:00:00+00:00,81.74,2025-05-01 20:00:00+00:00,89.914,10.0,9.8,True,708,29.5,4.733
SHIBUSDT,2025-04-02 08:00:00+00:00,1.227e-05,2025-04-22 21:00:00+00:00,1.3497e-05,10.0,9.8,True,493,20.54,4.304
AVAXUSDT,2025-04-02 08:00:00+00:00,19.06,2025-04-12 15:00:00+00:00,20.966,10.0,9.8,True,247,10.29,4.001
BCHUSDT,2025-04-02 08:00:00+00:00,303.9,2025-04-12 15:00:00+00:00,334.29,10.0,9.8,True,247,10.29,5.218
CHZUSDT,2025-04-02 10:00:00+00:00,0.04303,2025-05-10 00:00:00+00:00,0.047333,10.0,9.8,True,902,37.58,3.763
NEARUSDT,2025-04-02 14:00:00+00:00,2.595,2025-05-09 07:00:00+00:00,2.8545000000000003,10.0,9.8,True,881,36.71,4.574
AAVEUSDT,2025-04-02 14:00:00+00:00,158.29,2025-04-27 00:00:00+00:00,174.119,10.0,9.8,True,586,24.42,2.772
MANAUSDT,2025-04-02 16:00:00+00:00,0.253,2025-04-14 02:00:00+00:00,0.27830000000000005,10.0,9.8,True,274,11.42,3.81
OPUSDT,2025-04-02 16:00:00+00:00,0.746,2025-04-25 22:00:00+00:00,0.8206000000000001,10.0,9.8,True,558,23.25,3.812
AXSUSDT,2025-04-02 16:00:00+00:00,2.928,2025-05-11 00:00:00+00:00,3.2208,10.0,9.8,True,920,38.33,2.675
ENJUSDT,2025-04-02 16:00:00+00:00,0.0801,2025-04-20 16:00:00+00:00,0.08811000000000001,10.0,9.8,True,432,18.0,5.05
AVAXUSDT,2025-04-02 16:00:00+00:00,19.62,2025-04-22 15:00:00+00:00,21.582000000000004,10.0,9.8,True,479,19.96,3.943
ETHUSDT,2025-04-02 16:00:00+00:00,1901.21,2025-05-08 19:00:00+00:00,2091.331,10.0,9.8,True,867,36.12,10.202
LINKUSDT,2025-04-02 16:00:00+00:00,14.06,2025-05-08 19:00:00+00:00,15.466000000000001,10.0,9.8,True,867,36.12,6.876
BNBUSDT,2025-04-02 16:00:00+00:00,604.62,2025-05-09 23:00:00+00:00,665.0820000000001,10.0,9.8,True,895,37.29,9.3
SANDUSDT,2025-04-02 16:00:00+00:00,0.2759,2025-04-23 13:00:00+00:00,0.30349,10.0,9.8,True,501,20.88,3.876
AAVEUSDT,2025-04-02 16:00:00+00:00,162.81,2025-04-27 00:00:00+00:00,179.091,10.0,9.8,True,584,24.33,3.176
ARBUSDT,2025-04-02 16:00:00+00:00,0.3328,2025-05-08 21:00:00+00:00,0.36608,10.0,9.8,True,869,36.21,4.419
ETCUSDT,2025-04-03 12:00:00+00:00,15.93,2025-04-26 01:00:00+00:00,17.523,10.0,9.8,True,541,22.54,3.852
LINKUSDT,2025-04-03 13:00:00+00:00,12.39,2025-04-21 01:00:00+00:00,13.629000000000001,10.0,9.8,True,420,17.5,4.405
UNIUSDT,2025-04-03 13:00:00+00:00,5.712,2025-05-09 03:00:00+00:00,6.2832,10.0,9.8,True,854,35.58,4.336
NEARUSDT,2025-04-03 13:00:00+00:00,2.371,2025-04-25 09:00:00+00:00,2.6081000000000003,10.0,9.8,True,524,21.83,3.563
SHIBUSDT,2025-04-03 14:00:00+00:00,1.213e-05,2025-04-22 21:00:00+00:00,1.3343000000000003e-05,10.0,9.8,True,463,19.29,2.51
APTUSDT,2025-04-04 13:00:00+00:00,4.839,2025-04-23 00:00:00+00:00,5.322900000000001,10.0,9.8,True,443,18.46,2.907
MANAUSDT,2025-04-04 13:00:00+00:00,0.2393,2025-04-12 14:00:00+00:00,0.26323,10.0,9.8,True,193,8.04,3.869
AXSUSDT,2025-04-04 13:00:00+00:00,2.691,2025-05-10 07:00:00+00:00,2.9601,10.0,9.8,True,858,35.75,10.586
ENJUSDT,2025-04-04 14:00:00+00:00,0.0732,2025-04-20 15:00:00+00:00,0.08052000000000001,10.0,9.8,True,385,16.04,4.157
APTUSDT,2025-04-04 16:00:00+00:00,4.828,2025-04-23 00:00:00+00:00,5.3108,10.0,9.8,True,440,18.33,2.665
XLMUSDT,2025-04-05 18:00:00+00:00,0.2502,2025-04-23 13:00:00+00:00,0.27522,10.0,9.8,True,427,17.79,2.823
ARBUSDT,2025-04-05 20:00:00+00:00,0.3065,2025-04-23 18:00:00+00:00,0.33715,10.0,9.8,True,430,17.92,3.242
ETHUSDT,2025-04-05 21:00:00+00:00,1790.61,2025-05-08 12:00:00+00:00,1969.671,10.0,9.8,True,783,32.62,4.335
AVAXUSDT,2025-04-05 23:00:00+00:00,17.86,2025-04-12 14:00:00+00:00,19.646,10.0,9.8,True,159,6.62,2.538
AXSUSDT,2025-04-06 00:00:00+00:00,2.725,2025-05-10 17:00:00+00:00,2.9975000000000005,10.0,9.8,True,833,34.71,5.599
ETCUSDT,2025-04-06 06:00:00+00:00,15.94,2025-04-26 01:00:00+00:00,17.534000000000002,10.0,9.8,True,475,19.79,8.089
AAVEUSDT,2025-04-06 12:00:00+00:00,146.75,2025-04-23 01:00:00+00:00,161.425,10.0,9.8,True,397,16.54,2.632
ARBUSDT,2025-04-06 15:00:00+00:00,0.2969,2025-04-23 01:00:00+00:00,0.32659000000000005,10.0,9.8,True,394,16.42,2.598
LTCUSDT,2025-04-06 15:00:00+00:00,79.48,2025-04-26 01:00:00+00:00,87.42800000000001,10.0,9.8,True,466,19.42,3.633
FILUSDT,2025-04-06 15:00:00+00:00,2.592,2025-04-24 15:00:00+00:00,2.8512000000000004,10.0,9.8,True,432,18.0,3.719
AAVEUSDT,2025-04-06 15:00:00+00:00,144.6,2025-04-23 00:00:00+00:00,159.06,10.0,9.8,True,393,16.38,2.977
NEARUSDT,2025-04-06 15:00:00+00:00,2.351,2025-04-24 15:00:00+00:00,2.5861,10.0,9.8,True,432,18.0,2.683
ETCUSDT,2025-04-06 15:00:00+00:00,15.62,2025-04-25 04:00:00+00:00,17.182000000000002,10.0,9.8,True,445,18.54,2.706
LINKUSDT,2025-04-06 15:00:00+00:00,12.34,2025-04-20 20:00:00+00:00,13.574000000000002,10.0,9.8,True,341,14.21,3.311
APTUSDT,2025-04-06 15:00:00+00:00,4.691,2025-04-13 10:00:00+00:00,5.1601,10.0,9.8,True,163,6.79,3.288
ENJUSDT,2025-04-06 15:00:00+00:00,0.0702,2025-04-20 15:00:00+00:00,0.07722000000000001,10.0,9.8,True,336,14.0,4.111
SUIUSDT,2025-04-06 15:00:00+00:00,2.1101,2025-04-12 14:00:00+00:00,2.3211100000000005,10.0,9.8,True,143,5.96,2.587
SOLUSDT,2025-04-06 15:00:00+00:00,115.67,2025-04-12 13:00:00+00:00,127.23700000000001,10.0,9.8,True,142,5.92,3.447
OPUSDT,2025-04-06 15:00:00+00:00,0.65,2025-04-20 06:00:00+00:00,0.7150000000000001,10.0,9.8,True,327,13.62,6.478
ETHUSDT,2025-04-06 15:00:00+00:00,1770.02,2025-05-08 10:00:00+00:00,1947.0220000000002,10.0,9.8,True,763,31.79,2.738
ADAUSDT,2025-04-06 15:00:00+00:00,0.6309,2025-04-23 04:00:00+00:00,0.6939900000000001,10.0,9.8,True,397,16.54,3.195
SHIBUSDT,2025-04-06 16:00:00+00:00,1.196e-05,2025-04-22 17:00:00+00:00,1.3156000000000002e-05,10.0,9.8,True,385,16.04,2.572
ETHUSDT,2025-04-06 17:00:00+00:00,1731.28,2025-05-08 03:00:00+00:00,1904.4080000000001,10.0,9.8,True,754,31.42,2.535
ARBUSDT,2025-04-06 17:00:00+00:00,0.2894,2025-04-22 21:00:00+00:00,0.31834,10.0,9.8,True,388,16.17,2.892
LINKUSDT,2025-04-06 17:00:00+00:00,12.13,2025-04-20 18:00:00+00:00,13.343000000000002,10.0,9.8,True,337,14.04,3.327
BNBUSDT,2025-04-06 17:00:00+00:00,574.77,2025-05-09 07:00:00+00:00,632.2470000000001,10.0,9.8,True,782,32.58,3.922
BTCUSDT,2025-04-06 17:00:00+00:00,81969.99,2025-04-22 13:00:00+00:00,90166.98900000002,10.0,9.8,True,380,15.83,2.985
AVAXUSDT,2025-04-06 18:00:00+00:00,16.68,2025-04-09 17:00:00+00:00,18.348000000000003,10.0,9.8,True,71,2.96,3.179
ETHUSDT,2025-04-06 20:00:00+00:00,1626.24,2025-04-23 02:00:00+00:00,1788.8640000000003,10.0,9.8,True,390,16.25,3.561
SHIBUSDT,2025-04-06 20:00:00+00:00,1.144e-05,2025-04-12 14:00:00+00:00,1.2584000000000002e-05,10.0,9.8,True,138,5.75,2.891
DOGEUSDT,2025-04-06 20:00:00+00:00,0.15262,2025-04-12 15:00:00+00:00,0.16788200000000003,10.0,9.8,True,139,5.79,3.543
NEARUSDT,2025-04-06 20:00:00+00:00,2.187,2025-04-22 23:00:00+00:00,2.4057,10.0,9.8,True,387,16.12,2.849
ADAUSDT,2025-04-06 20:00:00+00:00,0.5893,2025-04-12 13:00:00+00:00,0.6482300000000001,10.0,9.8,True,137,5.71,3.387
ARBUSDT,2025-04-06 20:00:00+00:00,0.2743,2025-04-12 08:00:00+00:00,0.30173,10.0,9.8,True,132,5.5,3.976
MANAUSDT,2025-04-06 20:00:00+00:00,0.2204,2025-04-10 23:00:00+00:00,0.24244000000000004,10.0,9.8,True,99,4.12,2.708
BTCUSDT,2025-04-06 20:00:00+00:00,79614.34,2025-04-21 02:00:00+00:00,87575.774,10.0,9.8,True,342,14.25,2.569
ENJUSDT,2025-04-06 20:00:00+00:00,0.0657,2025-04-20 15:00:00+00:00,0.07227,10.0,9.8,True,331,13.79,4.373
AXSUSDT,2025-04-06 20:00:00+00:00,2.463,2025-05-08 22:00:00+00:00,2.7093000000000003,10.0,9.8,True,770,32.08,2.554
XRPUSDT,2025-04-06 20:00:00+00:00,1.9953,2025-04-13 09:00:00+00:00,2.19483,10.0,9.8,True,157,6.54,3.167
DOTUSDT,2025-04-06 20:00:00+00:00,3.737,2025-04-23 04:00:00+00:00,4.1107000000000005,10.0,9.8,True,392,16.33,3.504
CHZUSDT,2025-04-06 21:00:00+00:00,0.03759,2025-04-23 08:00:00+00:00,0.041349000000000004,10.0,9.8,True,395,16.46,3.528
ATOMUSDT,2025-04-06 21:00:00+00:00,4.467,2025-05-09 11:00:00+00:00,4.9137,10.0,9.8,True,782,32.58,3.898
APTUSDT,2025-04-06 21:00:00+00:00,4.321,2025-04-09 17:00:00+00:00,4.7531,10.0,9.8,True,68,2.83,2.535
LINKUSDT,2025-04-06 23:00:00+00:00,11.21,2025-04-09 17:00:00+00:00,12.331000000000001,10.0,9.8,True,66,2.75,2.543
DOGEUSDT,2025-04-06 23:00:00+00:00,0.14848,2025-04-09 21:00:00+00:00,0.163328,10.0,9.8,True,70,2.92,2.925
BTCUSDT,2025-04-07 00:00:00+00:00,78430.0,2025-04-15 13:00:00+00:00,86273.0,10.0,9.8,True,205,8.54,3.408
XRPUSDT,2025-04-07 00:00:00+00:00,1.9218,2025-04-12 13:00:00+00:00,2.11398,10.0,9.8,True,133,5.54,4.436
AVAXUSDT,2025-04-07 00:00:00+00:00,16.05,2025-04-08 13:00:00+00:00,17.655,10.0,9.8,True,37,1.54,2.543
NEARUSDT,2025-04-07 00:00:00+00:00,2.162,2025-04-22 21:00:00+00:00,2.3782,10.0,9.8,True,381,15.88,3.182
LTCUSDT,2025-04-07 00:00:00+00:00,70.63,2025-04-09 18:00:00+00:00,77.693,10.0,9.8,True,66,2.75,2.68
ETHUSDT,2025-04-07 00:00:00+00:00,1580.77,2025-04-22 21:00:00+00:00,1738.8470000000002,10.0,9.8,True,381,15.88,2.764
TRXUSDT,2025-04-07 00:00:00+00:00,0.2301,2025-04-13 16:00:00+00:00,0.25311,10.0,9.8,True,160,6.67,2.921
ENJUSDT,2025-04-07 01:00:00+00:00,0.0649,2025-04-20 15:00:00+00:00,0.07139000000000001,10.0,9.8,True,326,13.58,2.62
BCHUSDT,2025-04-07 01:00:00+00:00,270.3,2025-04-09 17:00:00+00:00,297.33000000000004,10.0,9.8,True,64,2.67,3.083
CHZUSDT,2025-04-07 02:00:00+00:00,0.03907,2025-04-26 00:00:00+00:00,0.042977,10.0,9.8,True,454,18.92,4.726
DOTUSDT,2025-04-07 04:00:00+00:00,3.5,2025-04-19 22:00:00+00:00,3.8500000000000005,10.0,9.8,True,306,12.75,3.721
SANDUSDT,2025-04-07 04:00:00+00:00,0.2283,2025-04-07 14:00:00+00:00,0.25113,10.0,9.8,True,10,0.42,3.028
XRPUSDT,2025-04-07 04:00:00+00:00,1.8235,2025-04-07 14:00:00+00:00,2.00585,10.0,9.8,True,10,0.42,2.596
DOGEUSDT,2025-04-07 04:00:00+00:00,0.14211,2025-04-08 11:00:00+00:00,0.156321,10.0,9.8,True,31,1.29,2.64
CHZUSDT,2025-04-07 06:00:00+00:00,0.03829,2025-04-25 05:00:00+00:00,0.042119000000000004,10.0,9.8,True,431,17.96,2.83
ETCUSDT,2025-04-07 08:00:00+00:00,13.53,2025-04-07 14:00:00+00:00,14.883000000000001,10.0,9.8,True,6,0.25,5.904
AVAXUSDT,2025-04-07 08:00:00+00:00,14.83,2025-04-07 13:00:00+00:00,16.313000000000002,10.0,9.8,True,5,0.21,2.81
FILUSDT,2025-04-07 08:00:00+00:00,2.199,2025-04-07 14:00:00+00:00,2.4189,10.0,9.8,True,6,0.25,3.444
AAVEUSDT,2025-04-07 08:00:00+00:00,116.23,2025-04-07 13:00:00+00:00,127.85300000000001,10.0,9.8,True,5,0.21,2.793
BNBUSDT,2025-04-07 09:00:00+00:00,540.65,2025-04-12 13:00:00+00:00,594.715,10.0,9.8,True,124,5.17,4.433
AXSUSDT,2025-04-07 09:00:00+00:00,2.347,2025-04-24 15:00:00+00:00,2.5817,10.0,9.8,True,414,17.25,2.604
ATOMUSDT,2025-04-07 15:00:00+00:00,4.447,2025-05-09 10:00:00+00:00,4.8917,10.0,9.8,True,763,31.79,4.743
SOLUSDT,2025-04-07 15:00:00+00:00,107.49,2025-04-09 17:00:00+00:00,118.239,10.0,9.8,True,50,2.08,4.861
XRPUSDT,2025-04-07 15:00:00+00:00,1.8933,2025-04-09 17:00:00+00:00,2.08263,10.0,9.8,True,50,2.08,3.659
DOTUSDT,2025-04-07 15:00:00+00:00,3.621,2025-04-22 21:00:00+00:00,3.9831000000000003,10.0,9.8,True,366,15.25,3.363
XLMUSDT,2025-04-07 15:00:00+00:00,0.2303,2025-04-21 05:00:00+00:00,0.25333,10.0,9.8,True,326,13.58,5.857
DOGEUSDT,2025-04-07 15:00:00+00:00,0.14888,2025-04-09 21:00:00+00:00,0.16376800000000002,10.0,9.8,True,54,2.25,3.989
ETHUSDT,2025-04-07 15:00:00+00:00,1569.64,2025-04-22 21:00:00+00:00,1726.6040000000003,10.0,9.8,True,366,15.25,4.053
XLMUSDT,2025-04-08 18:00:00+00:00,0.2246,2025-04-12 14:00:00+00:00,0.24706,10.0,9.8,True,92,3.83,2.835
AAVEUSDT,2025-04-08 18:00:00+00:00,127.44,2025-04-09 17:00:00+00:00,140.184,10.0,9.8,True,23,0.96,3.083
SHIBUSDT,2025-04-08 18:00:00+00:00,1.082e-05,2025-04-09 17:00:00+00:00,1.1902e-05,10.0,9.8,True,23,0.96,2.699
CHZUSDT,2025-04-08 18:00:00+00:00,0.03654,2025-04-12 14:00:00+00:00,0.04019400000000001,10.0,9.8,True,92,3.83,2.789
ETCUSDT,2025-04-08 18:00:00+00:00,14.18,2025-04-12 14:00:00+00:00,15.598,10.0,9.8,True,92,3.83,3.132
LINKUSDT,2025-04-08 18:00:00+00:00,11.07,2025-04-09 17:00:00+00:00,12.177000000000001,10.0,9.8,True,23,0.96,2.588
ENJUSDT,2025-04-08 18:00:00+00:00,0.0638,2025-04-20 15:00:00+00:00,0.07018,10.0,9.8,True,285,11.88,3.837
ARBUSDT,2025-04-08 18:00:00+00:00,0.2663,2025-04-09 17:00:00+00:00,0.29293,10.0,9.8,True,23,0.96,4.074
SUIUSDT,2025-04-08 20:00:00+00:00,1.98,2025-04-09 17:00:00+00:00,2.178,10.0,9.8,True,21,0.88,3.128
OPUSDT,2025-04-09 05:00:00+00:00,0.587,2025-04-09 17:00:00+00:00,0.6457,10.0,9.8,True,12,0.5,2.641
APTUSDT,2025-04-09 08:00:00+00:00,4.389,2025-04-09 21:00:00+00:00,4.8279000000000005,10.0,9.8,True,13,0.54,2.695
LINKUSDT,2025-04-09 08:00:00+00:00,11.38,2025-04-09 17:00:00+00:00,12.518000000000002,10.0,9.8,True,9,0.38,3.626
ARBUSDT,2025-04-10 13:00:00+00:00,0.286,2025-04-13 17:00:00+00:00,0.3146,10.0,9.8,True,76,3.17,2.659
BNBUSDT,2025-04-10 13:00:00+00:00,577.18,2025-05-09 07:00:00+00:00,634.898,10.0,9.8,True,690,28.75,3.955
MANAUSDT,2025-04-10 14:00:00+00:00,0.2313,2025-04-11 17:00:00+00:00,0.25443000000000005,10.0,9.8,True,27,1.12,4.792
SANDUSDT,2025-04-10 16:00:00+00:00,0.248,2025-04-13 00:00:00+00:00,0.27280000000000004,10.0,9.8,True,56,2.33,2.568
APTUSDT,2025-04-10 16:00:00+00:00,4.467,2025-04-12 13:00:00+00:00,4.9137,10.0,9.8,True,45,1.88,2.548
OPUSDT,2025-04-10 16:00:00+00:00,0.633,2025-04-13 10:00:00+00:00,0.6963,10.0,9.8,True,66,2.75,2.944
AAVEUSDT,2025-04-10 19:00:00+00:00,131.26,2025-04-12 13:00:00+00:00,144.386,10.0,9.8,True,42,1.75,2.9
ENJUSDT,2025-04-10 22:00:00+00:00,0.0647,2025-04-20 15:00:00+00:00,0.07117,10.0,9.8,True,233,9.71,2.761
AAVEUSDT,2025-04-11 04:00:00+00:00,134.62,2025-04-12 15:00:00+00:00,148.08200000000002,10.0,9.8,True,35,1.46,2.884
AXSUSDT,2025-04-12 09:00:00+00:00,2.293,2025-04-23 01:00:00+00:00,2.5223000000000004,10.0,9.8,True,256,10.67,3.666
LTCUSDT,2025-04-12 14:00:00+00:00,77.53,2025-04-25 09:00:00+00:00,85.283,10.0,9.8,True,307,12.79,2.751
ATOMUSDT,2025-04-12 14:00:00+00:00,4.295,2025-04-26 16:00:00+00:00,4.7245,10.0,9.8,True,338,14.08,3.39
UNIUSDT,2025-04-13 09:00:00+00:00,5.476,2025-04-23 04:00:00+00:00,6.0236,10.0,9.8,True,235,9.79,3.184
SANDUSDT,2025-04-13 12:00:00+00:00,0.2643,2025-04-21 06:00:00+00:00,0.29073,10.0,9.8,True,186,7.75,2.739
LINKUSDT,2025-04-13 18:00:00+00:00,13.13,2025-04-23 04:00:00+00:00,14.443000000000001,10.0,9.8,True,226,9.42,2.578
ETHUSDT,2025-04-13 18:00:00+00:00,1636.77,2025-04-23 02:00:00+00:00,1800.4470000000001,10.0,9.8,True,224,9.33,3.26
MANAUSDT,2025-04-13 18:00:00+00:00,0.2669,2025-04-14 04:00:00+00:00,0.2935900000000001,10.0,9.8,True,10,0.42,2.992
ENJUSDT,2025-04-13 18:00:00+00:00,0.0672,2025-04-20 15:00:00+00:00,0.07392,10.0,9.8,True,165,6.88,4.193
AVAXUSDT,2025-04-13 18:00:00+00:00,20.39,2025-04-23 02:00:00+00:00,22.429000000000002,10.0,9.8,True,224,9.33,2.739
CHZUSDT,2025-04-13 18:00:00+00:00,0.03938,2025-04-26 01:00:00+00:00,0.043318,10.0,9.8,True,295,12.29,3.054
ATOMUSDT,2025-04-13 20:00:00+00:00,4.105,2025-04-24 14:00:00+00:00,4.515500000000001,10.0,9.8,True,258,10.75,6.25
SHIBUSDT,2025-04-13 20:00:00+00:00,1.207e-05,2025-04-22 18:00:00+00:00,1.3277e-05,10.0,9.8,True,214,8.92,3.046
CHZUSDT,2025-04-13 20:00:00+00:00,0.03787,2025-04-23 12:00:00+00:00,0.041657000000000007,10.0,9.8,True,232,9.67,5.273
SANDUSDT,2025-04-13 20:00:00+00:00,0.257,2025-04-21 06:00:00+00:00,0.2827,10.0,9.8,True,178,7.42,3.001
SANDUSDT,2025-04-14 03:00:00+00:00,0.2647,2025-04-21 06:00:00+00:00,0.29117000000000004,10.0,9.8,True,171,7.12,2.983
NEARUSDT,2025-04-14 03:00:00+00:00,2.165,2025-04-22 21:00:00+00:00,2.3815000000000004,10.0,9.8,True,210,8.75,3.686
CHZUSDT,2025-04-15 07:00:00+00:00,0.0373,2025-04-23 08:00:00+00:00,0.041030000000000004,10.0,9.8,True,193,8.04,3.58
APTUSDT,2025-04-15 07:00:00+00:00,4.703,2025-04-21 00:00:00+00:00,5.173300000000001,10.0,9.8,True,137,5.71,2.661
ENJUSDT,2025-04-15 07:00:00+00:00,0.0624,2025-04-20 14:00:00+00:00,0.06864,10.0,9.8,True,127,5.29,3.82
CHZUSDT,2025-04-15 12:00:00+00:00,0.03668,2025-04-22 22:00:00+00:00,0.040348,10.0,9.8,True,178,7.42,4.423
APTUSDT,2025-04-15 15:00:00+00:00,4.678,2025-04-21 00:00:00+00:00,5.1458,10.0,9.8,True,129,5.38,3.639
NEARUSDT,2025-04-15 15:00:00+00:00,2.075,2025-04-21 00:00:00+00:00,2.2825,10.0,9.8,True,129,5.38,4.717
LTCUSDT,2025-04-15 17:00:00+00:00,75.6,2025-04-22 17:00:00+00:00,83.16,10.0,9.8,True,168,7.0,3.682
ETCUSDT,2025-04-16 09:00:00+00:00,14.97,2025-04-22 21:00:00+00:00,16.467000000000002,10.0,9.8,True,156,6.5,2.849
AAVEUSDT,2025-04-16 19:00:00+00:00,132.9,2025-04-22 07:00:00+00:00,146.19000000000003,10.0,9.8,True,132,5.5,4.744
NEARUSDT,2025-04-16 19:00:00+00:00,1.952,2025-04-19 17:00:00+00:00,2.1472,10.0,9.8,True,70,2.92,3.446
ENJUSDT,2025-04-16 19:00:00+00:00,0.06,2025-04-19 15:00:00+00:00,0.066,10.0,9.8,True,68,2.83,4.757
APTUSDT,2025-04-17 14:00:00+00:00,4.581,2025-04-20 16:00:00+00:00,5.039100000000001,10.0,9.8,True,74,3.08,2.762
FILUSDT,2025-04-17 17:00:00+00:00,2.4,2025-04-19 21:00:00+00:00,2.64,10.0,9.8,True,52,2.17,2.526
BNBUSDT,2025-04-18 09:00:00+00:00,589.45,2025-05-09 23:00:00+00:00,648.3950000000001,10.0,9.8,True,518,21.58,3.921
BCHUSDT,2025-04-18 13:00:00+00:00,340.0,2025-04-25 11:00:00+00:00,374.00000000000006,10.0,9.8,True,166,6.92,4.605
TRXUSDT,2025-04-18 20:00:00+00:00,0.2416,2025-05-09 11:00:00+00:00,0.26576000000000005,10.0,9.8,True,495,20.62,4.084
BCHUSDT,2025-04-20 01:00:00+00:00,339.3,2025-04-25 11:00:00+00:00,373.23,10.0,9.8,True,130,5.42,7.608
SUIUSDT,2025-04-20 13:00:00+00:00,2.1009,2025-04-22 08:00:00+00:00,2.3109900000000003,10.0,9.8,True,43,1.79,2.606
APTUSDT,2025-04-20 14:00:00+00:00,4.974,2025-04-24 00:00:00+00:00,5.471400000000001,10.0,9.8,True,82,3.42,2.661
AAVEUSDT,2025-04-20 21:00:00+00:00,141.01,2025-04-22 15:00:00+00:00,155.111,10.0,9.8,True,42,1.75,4.634
ENJUSDT,2025-04-22 00:00:00+00:00,0.0917,2025-05-10 23:00:00+00:00,0.10087000000000002,10.0,9.8,True,455,18.96,4.605
ATOMUSDT,2025-04-22 06:00:00+00:00,4.024,2025-04-23 18:00:00+00:00,4.4264,10.0,9.8,True,36,1.5,2.558
FILUSDT,2025-04-22 07:00:00+00:00,2.5,2025-04-23 01:00:00+00:00,2.75,10.0,9.8,True,18,0.75,2.553
ETHUSDT,2025-04-22 08:00:00+00:00,1619.2,2025-04-23 01:00:00+00:00,1781.1200000000001,10.0,9.8,True,17,0.71,2.721
ETCUSDT,2025-04-22 08:00:00+00:00,15.67,2025-04-25 12:00:00+00:00,17.237000000000002,10.0,9.8,True,76,3.17,2.575
UNIUSDT,2025-04-22 08:00:00+00:00,5.373,2025-04-23 01:00:00+00:00,5.9103,10.0,9.8,True,17,0.71,3.879
XLMUSDT,2025-04-22 11:00:00+00:00,0.2478,2025-04-23 08:00:00+00:00,0.27258,10.0,9.8,True,21,0.88,3.672
DOTUSDT,2025-04-22 13:00:00+00:00,3.774,2025-04-23 08:00:00+00:00,4.151400000000001,10.0,9.8,True,19,0.79,2.65
APTUSDT,2025-04-22 13:00:00+00:00,4.999,2025-04-24 14:00:00+00:00,5.4989,10.0,9.8,True,49,2.04,5.24
BNBUSDT,2025-04-23 16:00:00+00:00,606.62,2025-05-09 23:00:00+00:00,667.282,10.0,9.8,True,391,16.29,3.234
ENJUSDT,2025-04-24 07:00:00+00:00,0.0905,2025-05-10 22:00:00+00:00,0.09955,10.0,9.8,True,399,16.62,2.81
SANDUSDT,2025-04-24 07:00:00+00:00,0.2871,2025-04-26 01:00:00+00:00,0.31581000000000004,10.0,9.8,True,42,1.75,3.461
SOLUSDT,2025-04-24 09:00:00+00:00,146.44,2025-05-08 15:00:00+00:00,161.084,10.0,9.8,True,342,14.25,2.662
MANAUSDT,2025-04-24 10:00:00+00:00,0.3043,2025-04-25 13:00:00+00:00,0.33473,10.0,9.8,True,27,1.12,2.537
XRPUSDT,2025-04-24 14:00:00+00:00,2.1817,2025-05-09 08:00:00+00:00,2.3998700000000004,10.0,9.8,True,354,14.75,4.506
DOGEUSDT,2025-04-24 15:00:00+00:00,0.17732,2025-05-08 20:00:00+00:00,0.19505200000000003,10.0,9.8,True,341,14.21,3.305
AAVEUSDT,2025-04-24 15:00:00+00:00,164.58,2025-05-03 21:00:00+00:00,181.03800000000004,10.0,9.8,True,222,9.25,2.657
LINKUSDT,2025-04-24 15:00:00+00:00,14.86,2025-05-09 08:00:00+00:00,16.346,10.0,9.8,True,353,14.71,2.749
ETCUSDT,2025-04-24 16:00:00+00:00,16.56,2025-05-08 20:00:00+00:00,18.216,10.0,9.8,True,340,14.17,3.177
OPUSDT,2025-04-24 16:00:00+00:00,0.786,2025-05-10 22:00:00+00:00,0.8646000000000001,10.0,9.8,True,390,16.25,3.283
ENJUSDT,2025-04-26 23:00:00+00:00,0.0904,2025-05-10 22:00:00+00:00,0.09944,10.0,9.8,True,335,13.96,20.516
BCHUSDT,2025-04-27 01:00:00+00:00,359.4,2025-05-08 01:00:00+00:00,395.34000000000003,10.0,9.8,True,264,11.0,2.625
UNIUSDT,2025-04-27 01:00:00+00:00,5.972,2025-05-09 07:00:00+00:00,6.569200000000001,10.0,9.8,True,294,12.25,3.734
MANAUSDT,2025-04-27 01:00:00+00:00,0.3325,2025-05-10 17:00:00+00:00,0.3657500000000001,10.0,9.8,True,328,13.67,2.766
ATOMUSDT,2025-04-27 08:00:00+00:00,4.479,2025-05-09 11:00:00+00:00,4.926900000000001,10.0,9.8,True,291,12.12,3.68
MANAUSDT,2025-04-27 14:00:00+00:00,0.3119,2025-05-09 07:00:00+00:00,0.34309000000000006,10.0,9.8,True,281,11.71,2.97
OPUSDT,2025-04-27 14:00:00+00:00,0.8,2025-05-10 22:00:00+00:00,0.8800000000000001,10.0,9.8,True,320,13.33,6.309
DOTUSDT,2025-04-27 17:00:00+00:00,4.069,2025-05-08 21:00:00+00:00,4.4759,10.0,9.8,True,268,11.17,4.158
ATOMUSDT,2025-04-27 22:00:00+00:00,4.429,2025-05-09 10:00:00+00:00,4.871900000000001,10.0,9.8,True,276,11.5,3.139
SUIUSDT,2025-04-28 03:00:00+00:00,3.5135,2025-04-28 11:00:00+00:00,3.8648500000000006,10.0,9.8,True,8,0.33,2.6
MANAUSDT,2025-04-28 04:00:00+00:00,0.3141,2025-05-09 08:00:00+00:00,0.34551000000000004,10.0,9.8,True,268,11.17,2.716
BCHUSDT,2025-04-28 04:00:00+00:00,348.8,2025-05-02 14:00:00+00:00,383.68000000000006,10.0,9.8,True,106,4.42,2.621
FILUSDT,2025-04-30 00:00:00+00:00,2.741,2025-05-09 07:00:00+00:00,3.0151000000000003,10.0,9.8,True,223,9.29,3.861
MANAUSDT,2025-04-30 00:00:00+00:00,0.3082,2025-05-09 07:00:00+00:00,0.33902,10.0,9.8,True,223,9.29,2.588
DOGEUSDT,2025-04-30 00:00:00+00:00,0.17465,2025-05-08 16:00:00+00:00,0.192115,10.0,9.8,True,208,8.67,2.619
BCHUSDT,2025-04-30 05:00:00+00:00,367.6,2025-05-08 01:00:00+00:00,404.36000000000007,10.0,9.8,True,188,7.83,7.589
OPUSDT,2025-04-30 08:00:00+00:00,0.751,2025-05-10 20:00:00+00:00,0.8261000000000001,10.0,9.8,True,252,10.5,4.369
NEARUSDT,2025-04-30 10:00:00+00:00,2.527,2025-05-09 01:00:00+00:00,2.7797000000000005,10.0,9.8,True,207,8.62,2.751
CHZUSDT,2025-04-30 12:00:00+00:00,0.04185,2025-05-09 08:00:00+00:00,0.046035,10.0,9.8,True,212,8.83,10.369
ADAUSDT,2025-04-30 13:00:00+00:00,0.6872,2025-05-08 20:00:00+00:00,0.7559200000000001,10.0,9.8,True,199,8.29,2.52
LINKUSDT,2025-04-30 13:00:00+00:00,14.32,2025-05-08 20:00:00+00:00,15.752000000000002,10.0,9.8,True,199,8.29,3.703
XRPUSDT,2025-04-30 13:00:00+00:00,2.1937,2025-05-09 08:00:00+00:00,2.4130700000000003,10.0,9.8,True,211,8.79,3.393
DOTUSDT,2025-04-30 13:00:00+00:00,4.097,2025-05-09 01:00:00+00:00,4.506700000000001,10.0,9.8,True,204,8.5,3.401
APTUSDT,2025-04-30 13:00:00+00:00,5.314,2025-05-09 08:00:00+00:00,5.845400000000001,10.0,9.8,True,211,8.79,2.95
AAVEUSDT,2025-04-30 13:00:00+00:00,160.89,2025-05-01 14:00:00+00:00,176.979,10.0,9.8,True,25,1.04,2.881
LINKUSDT,2025-04-30 15:00:00+00:00,14.07,2025-05-08 19:00:00+00:00,15.477000000000002,10.0,9.8,True,196,8.17,3.846
SUIUSDT,2025-04-30 15:00:00+00:00,3.3781,2025-05-01 12:00:00+00:00,3.71591,10.0,9.8,True,21,0.88,3.421
AVAXUSDT,2025-04-30 15:00:00+00:00,20.85,2025-05-09 07:00:00+00:00,22.935000000000002,10.0,9.8,True,208,8.67,3.113
NEARUSDT,2025-04-30 15:00:00+00:00,2.44,2025-05-08 20:00:00+00:00,2.684,10.0,9.8,True,197,8.21,3.455
XRPUSDT,2025-04-30 15:00:00+00:00,2.1588,2025-05-09 08:00:00+00:00,2.37468,10.0,9.8,True,209,8.71,3.004
ETHUSDT,2025-04-30 15:00:00+00:00,1759.27,2025-05-08 07:00:00+00:00,1935.1970000000001,10.0,9.8,True,184,7.67,3.604
AAVEUSDT,2025-04-30 15:00:00+00:00,159.04,2025-05-01 13:00:00+00:00,174.94400000000002,10.0,9.8,True,22,0.92,3.608
APTUSDT,2025-04-30 15:00:00+00:00,5.247,2025-05-09 08:00:00+00:00,5.7717,10.0,9.8,True,209,8.71,2.893
SOLUSDT,2025-04-30 15:00:00+00:00,141.93,2025-05-08 14:00:00+00:00,156.12300000000002,10.0,9.8,True,191,7.96,2.605
ADAUSDT,2025-04-30 15:00:00+00:00,0.676,2025-05-08 15:00:00+00:00,0.7436000000000001,10.0,9.8,True,192,8.0,2.743
BTCUSDT,2025-04-30 15:00:00+00:00,93705.04,2025-05-08 21:00:00+00:00,103075.544,10.0,9.8,True,198,8.25,4.529
DOGEUSDT,2025-04-30 15:00:00+00:00,0.16969,2025-05-08 14:00:00+00:00,0.18665900000000002,10.0,9.8,True,191,7.96,2.92
BCHUSDT,2025-05-02 02:00:00+00:00,366.4,2025-05-08 01:00:00+00:00,403.04,10.0,9.8,True,143,5.96,2.733
ENJUSDT,2025-05-02 13:00:00+00:00,0.0841,2025-05-10 00:00:00+00:00,0.09251,10.0,9.8,True,179,7.46,2.822
UNIUSDT,2025-05-03 09:00:00+00:00,5.165,2025-05-08 15:00:00+00:00,5.681500000000001,10.0,9.8,True,126,5.25,4.379
NEARUSDT,2025-05-03 09:00:00+00:00,2.485,2025-05-08 23:00:00+00:00,2.7335000000000003,10.0,9.8,True,134,5.58,4.374
AAVEUSDT,2025-05-03 12:00:00+00:00,172.18,2025-05-08 10:00:00+00:00,189.39800000000002,10.0,9.8,True,118,4.92,2.858
SANDUSDT,2025-05-03 13:00:00+00:00,0.2902,2025-05-08 16:00:00+00:00,0.31922000000000006,10.0,9.8,True,123,5.12,2.581
UNIUSDT,2025-05-03 14:00:00+00:00,5.178,2025-05-08 20:00:00+00:00,5.6958,10.0,9.8,True,126,5.25,2.549
ARBUSDT,2025-05-03 15:00:00+00:00,0.3325,2025-05-08 21:00:00+00:00,0.3657500000000001,10.0,9.8,True,126,5.25,2.861
CHZUSDT,2025-05-03 17:00:00+00:00,0.04062,2025-05-08 21:00:00+00:00,0.044682000000000006,10.0,9.8,True,124,5.17,2.592
APTUSDT,2025-05-03 17:00:00+00:00,5.191,2025-05-09 07:00:00+00:00,5.710100000000001,10.0,9.8,True,134,5.58,2.54
SHIBUSDT,2025-05-03 18:00:00+00:00,1.301e-05,2025-05-08 20:00:00+00:00,1.4311000000000002e-05,10.0,9.8,True,122,5.08,3.657
TRXUSDT,2025-05-03 18:00:00+00:00,0.2462,2025-05-12 09:00:00+00:00,0.27082,10.0,9.8,True,207,8.62,2.885
ETCUSDT,2025-05-03 18:00:00+00:00,16.63,2025-05-08 20:00:00+00:00,18.293,10.0,9.8,True,122,5.08,5.105
ARBUSDT,2025-05-03 18:00:00+00:00,0.3223,2025-05-08 19:00:00+00:00,0.35453,10.0,9.8,True,121,5.04,4.355
DOTUSDT,2025-05-04 01:00:00+00:00,4.003,2025-05-08 20:00:00+00:00,4.403300000000001,10.0,9.8,True,115,4.79,4.058
BCHUSDT,2025-05-04 03:00:00+00:00,365.7,2025-05-08 01:00:00+00:00,402.27000000000004,10.0,9.8,True,94,3.92,2.572
AXSUSDT,2025-05-04 06:00:00+00:00,2.392,2025-05-08 20:00:00+00:00,2.6312,10.0,9.8,True,110,4.58,3.708
DOTUSDT,2025-05-04 06:00:00+00:00,4.026,2025-05-08 20:00:00+00:00,4.4286,10.0,9.8,True,110,4.58,2.989
BCHUSDT,2025-05-04 07:00:00+00:00,360.4,2025-05-08 01:00:00+00:00,396.44,10.0,9.8,True,90,3.75,2.736
SOLUSDT,2025-05-04 12:00:00+00:00,145.46,2025-05-08 15:00:00+00:00,160.00600000000003,10.0,9.8,True,99,4.12,2.807
SANDUSDT,2025-05-04 14:00:00+00:00,0.2782,2025-05-08 16:00:00+00:00,0.30602,10.0,9.8,True,98,4.08,2.943
NEARUSDT,2025-05-04 15:00:00+00:00,2.372,2025-05-08 15:00:00+00:00,2.6092,10.0,9.8,True,96,4.0,2.701
DOTUSDT,2025-05-04 16:00:00+00:00,3.963,2025-05-08 20:00:00+00:00,4.3593,10.0,9.8,True,100,4.17,2.889
ETCUSDT,2025-05-04 18:00:00+00:00,16.12,2025-05-08 15:00:00+00:00,17.732000000000003,10.0,9.8,True,93,3.88,8.294
ADAUSDT,2025-05-04 23:00:00+00:00,0.6778,2025-05-08 20:00:00+00:00,0.74558,10.0,9.8,True,93,3.88,2.899
ETCUSDT,2025-05-05 04:00:00+00:00,16.07,2025-05-08 15:00:00+00:00,17.677000000000003,10.0,9.8,True,83,3.46,2.898
ADAUSDT,2025-05-05 13:00:00+00:00,0.6659,2025-05-08 15:00:00+00:00,0.7324900000000001,10.0,9.8,True,74,3.08,3.268
BTCUSDT,2025-05-05 14:00:00+00:00,94226.38,2025-05-08 21:00:00+00:00,103649.01800000001,10.0,9.8,True,79,3.29,2.708
XLMUSDT,2025-05-05 19:00:00+00:00,0.2625,2025-05-08 20:00:00+00:00,0.28875000000000006,10.0,9.8,True,73,3.04,2.539
DOTUSDT,2025-05-06 10:00:00+00:00,3.889,2025-05-08 09:00:00+00:00,4.2779,10.0,9.8,True,47,1.96,3.46
AXSUSDT,2025-05-06 11:00:00+00:00,2.257,2025-05-08 03:00:00+00:00,2.4827000000000004,10.0,9.8,True,40,1.67,3.687
DOTUSDT,2025-05-06 14:00:00+00:00,3.86,2025-05-08 06:00:00+00:00,4.246,10.0,9.8,True,40,1.67,3.956
NEARUSDT,2025-05-06 15:00:00+00:00,2.284,2025-05-08 12:00:00+00:00,2.5124,10.0,9.8,True,45,1.88,2.554
SANDUSDT,2025-05-06 15:00:00+00:00,0.2661,2025-05-08 10:00:00+00:00,0.29271,10.0,9.8,True,43,1.79,3.057
FILUSDT,2025-05-06 15:00:00+00:00,2.567,2025-05-08 15:00:00+00:00,2.8237000000000005,10.0,9.8,True,48,2.0,3.96
NEARUSDT,2025-05-06 19:00:00+00:00,2.313,2025-05-08 15:00:00+00:00,2.5443000000000002,10.0,9.8,True,44,1.83,2.645
OPUSDT,2025-05-06 23:00:00+00:00,0.614,2025-05-08 20:00:00+00:00,0.6754,10.0,9.8,True,45,1.88,2.828
NEARUSDT,2025-05-07 19:00:00+00:00,2.248,2025-05-08 10:00:00+00:00,2.4728000000000003,10.0,9.8,True,15,0.62,2.852
ADAUSDT,2025-05-07 19:00:00+00:00,0.6656,2025-05-08 15:00:00+00:00,0.73216,10.0,9.8,True,20,0.83,2.56
CHZUSDT,2025-05-07 19:00:00+00:00,0.0388,2025-05-08 15:00:00+00:00,0.04268,10.0,9.8,True,20,0.83,3.204
ARBUSDT,2025-05-07 19:00:00+00:00,0.3044,2025-05-08 13:00:00+00:00,0.33484,10.0,9.8,True,18,0.75,9.398
BCHUSDT,2025-05-07 19:00:00+00:00,358.5,2025-05-08 01:00:00+00:00,394.35,10.0,9.8,True,6,0.25,3.404
XRPUSDT,2025-05-07 19:00:00+00:00,2.1236,2025-05-09 07:00:00+00:00,2.3359600000000005,10.0,9.8,True,36,1.5,2.631
AAVEUSDT,2025-05-07 19:00:00+00:00,169.44,2025-05-08 03:00:00+00:00,186.38400000000001,10.0,9.8,True,8,0.33,2.508
LTCUSDT,2025-05-08 00:00:00+00:00,89.52,2025-05-09 07:00:00+00:00,98.47200000000001,10.0,9.8,True,31,1.29,2.568
BCHUSDT,2025-05-08 00:00:00+00:00,383.6,2025-05-08 04:00:00+00:00,421.96000000000004,10.0,9.8,True,4,0.17,5.015
LTCUSDT,2025-05-08 02:00:00+00:00,91.05,2025-05-09 08:00:00+00:00,100.155,10.0,9.8,True,30,1.25,3.826
BTCUSDT,2025-05-11 00:00:00+00:00,104809.53,2025-07-09 23:00:00+00:00,111233.99,6.13,5.93,False,1439,59.96,5.302
AXSUSDT,2025-05-13 07:00:00+00:00,3.188,2025-05-14 00:00:00+00:00,3.5068000000000006,10.0,9.8,True,17,0.71,11.783
ENJUSDT,2025-05-13 09:00:00+00:00,0.0924,2025-05-14 01:00:00+00:00,0.10164000000000001,10.0,9.8,True,16,0.67,3.207
ADAUSDT,2025-05-14 10:00:00+00:00,0.8156,2025-07-13 09:00:00+00:00,0.7305,-10.434,-10.634,False,1439,59.96,2.703
BTCUSDT,2025-05-14 14:00:00+00:00,103970.87,2025-07-10 21:00:00+00:00,114367.95700000001,10.0,9.8,True,1375,57.29,2.552
ENJUSDT,2025-05-15 07:00:00+00:00,0.0922,2025-07-14 06:00:00+00:00,0.0802,-13.015,-13.215,False,1439,59.96,3.965
AVAXUSDT,2025-05-15 07:00:00+00:00,24.12,2025-07-14 06:00:00+00:00,21.69,-10.075,-10.275,False,1439,59.96,2.577
BCHUSDT,2025-05-15 08:00:00+00:00,390.0,2025-05-22 09:00:00+00:00,429.00000000000006,10.0,9.8,True,169,7.04,3.265
CHZUSDT,2025-05-15 09:00:00+00:00,0.04614,2025-07-14 08:00:00+00:00,0.04138,-10.316,-10.516,False,1439,59.96,2.516
SHIBUSDT,2025-05-15 13:00:00+00:00,1.502e-05,2025-07-14 12:00:00+00:00,1.374e-05,-8.522,-8.722,False,1439,59.96,3.405
XRPUSDT,2025-05-15 13:00:00+00:00,2.4631,2025-07-11 13:00:00+00:00,2.70941,10.0,9.8,True,1368,57.0,2.64
MANAUSDT,2025-05-15 13:00:00+00:00,0.3441,2025-07-14 12:00:00+00:00,0.3274,-4.853,-5.053,False,1439,59.96,2.939
DOTUSDT,2025-05-15 14:00:00+00:00,4.765,2025-07-14 13:00:00+00:00,4.102,-13.914,-14.114,False,1439,59.96,2.989
ARBUSDT,2025-05-15 16:00:00+00:00,0.4145,2025-07-14 15:00:00+00:00,0.4073,-1.737,-1.937,False,1439,59.96,2.596
OPUSDT,2025-05-16 23:00:00+00:00,0.707,2025-05-22 07:00:00+00:00,0.7777000000000001,10.0,9.8,True,128,5.33,2.944
SANDUSDT,2025-05-17 06:00:00+00:00,0.3091,2025-05-23 01:00:00+00:00,0.34001000000000003,10.0,9.8,True,139,5.79,3.009
ADAUSDT,2025-05-18 21:00:00+00:00,0.7362,2025-05-22 09:00:00+00:00,0.80982,10.0,9.8,True,84,3.5,4.371
ETHUSDT,2025-05-18 21:00:00+00:00,2393.82,2025-05-22 03:00:00+00:00,2633.202,10.0,9.8,True,78,3.25,4.772
TRXUSDT,2025-05-19 01:00:00+00:00,0.2637,2025-06-09 22:00:00+00:00,0.29007,10.0,9.8,True,525,21.88,2.954
MANAUSDT,2025-05-19 15:00:00+00:00,0.3195,2025-05-23 02:00:00+00:00,0.35145000000000004,10.0,9.8,True,83,3.46,8.122
XLMUSDT,2025-05-20 12:00:00+00:00,0.2841,2025-07-11 10:00:00+00:00,0.31251000000000007,10.0,9.8,True,1246,51.92,3.067
XLMUSDT,2025-05-20 15:00:00+00:00,0.2812,2025-05-23 02:00:00+00:00,0.30932000000000004,10.0,9.8,True,59,2.46,4.318
AXSUSDT,2025-05-20 19:00:00+00:00,2.908,2025-05-23 02:00:00+00:00,3.1988000000000003,10.0,9.8,True,55,2.29,4.557
AVAXUSDT,2025-05-20 20:00:00+00:00,22.41,2025-05-22 10:00:00+00:00,24.651000000000003,10.0,9.8,True,38,1.58,3.19
NEARUSDT,2025-05-20 22:00:00+00:00,2.811,2025-05-22 15:00:00+00:00,3.0921000000000003,10.0,9.8,True,41,1.71,2.852
AXSUSDT,2025-05-20 22:00:00+00:00,3.003,2025-07-19 21:00:00+00:00,2.679,-10.789,-10.989,False,1439,59.96,4.118
AAVEUSDT,2025-05-22 00:00:00+00:00,247.57,2025-05-24 15:00:00+00:00,272.327,10.0,9.8,True,63,2.62,2.584
TRXUSDT,2025-05-23 13:00:00+00:00,0.266,2025-06-10 12:00:00+00:00,0.2926,10.0,9.8,True,431,17.96,4.402
BTCUSDT,2025-05-23 14:00:00+00:00,109634.99,2025-07-14 03:00:00+00:00,120598.48900000002,10.0,9.8,True,1237,51.54,3.474
ETCUSDT,2025-05-24 10:00:00+00:00,18.65,2025-07-18 00:00:00+00:00,20.515,10.0,9.8,True,1310,54.58,3.948
BTCUSDT,2025-05-24 11:00:00+00:00,109094.99,2025-07-14 03:00:00+00:00,120004.48900000002,10.0,9.8,True,1216,50.67,2.708
ETCUSDT,2025-05-24 12:00:00+00:00,18.66,2025-07-18 00:00:00+00:00,20.526000000000003,10.0,9.8,True,1308,54.5,3.866
OPUSDT,2025-05-25 02:00:00+00:00,0.725,2025-05-29 00:00:00+00:00,0.7975,10.0,9.8,True,94,3.92,4.233
CHZUSDT,2025-05-25 02:00:00+00:00,0.04289,2025-07-21 15:00:00+00:00,0.047179,10.0,9.8,True,1381,57.54,3.833
AXSUSDT,2025-05-25 05:00:00+00:00,2.815,2025-07-24 04:00:00+00:00,2.539,-9.805,-10.005,False,1439,59.96,2.727
XLMUSDT,2025-05-25 10:00:00+00:00,0.2823,2025-07-11 09:00:00+00:00,0.31053000000000003,10.0,9.8,True,1127,46.96,4.109
FILUSDT,2025-05-25 14:00:00+00:00,2.788,2025-07-24 13:00:00+00:00,2.582,-7.389,-7.589,False,1439,59.96,3.007
NEARUSDT,2025-05-25 16:00:00+00:00,2.68,2025-05-29 02:00:00+00:00,2.9480000000000004,10.0,9.8,True,82,3.42,3.05
APTUSDT,2025-05-25 16:00:00+00:00,5.054,2025-05-29 02:00:00+00:00,5.559400000000001,10.0,9.8,True,82,3.42,3.094
ATOMUSDT,2025-05-25 18:00:00+00:00,4.659,2025-07-18 05:00:00+00:00,5.1249,10.0,9.8,True,1283,53.46,2.89
AXSUSDT,2025-05-27 01:00:00+00:00,2.782,2025-07-26 00:00:00+00:00,2.598,-6.614,-6.814,False,1439,59.96,2.755
SANDUSDT,2025-05-27 02:00:00+00:00,0.2998,2025-07-13 15:00:00+00:00,0.32978,10.0,9.8,True,1141,47.54,2.938
LTCUSDT,2025-05-27 07:00:00+00:00,94.45,2025-07-18 01:00:00+00:00,103.89500000000001,10.0,9.8,True,1242,51.75,2.518
SUIUSDT,2025-05-27 10:00:00+00:00,3.5614,2025-07-14 07:00:00+00:00,3.9175400000000002,10.0,9.8,True,1149,47.88,3.167
UNIUSDT,2025-05-28 05:00:00+00:00,6.639,2025-05-29 02:00:00+00:00,7.302900000000001,10.0,9.8,True,21,0.88,3.055
FILUSDT,2025-05-28 09:00:00+00:00,2.864,2025-07-27 08:00:00+00:00,2.686,-6.215,-6.415,False,1439,59.96,3.014
OPUSDT,2025-05-28 12:00:00+00:00,0.784,2025-07-27 11:00:00+00:00,0.723,-7.781,-7.981,False,1439,59.96,2.773
BTCUSDT,2025-05-28 16:00:00+00:00,107107.31,2025-07-11 05:00:00+00:00,117818.04100000001,10.0,9.8,True,1045,43.54,3.96
SOLUSDT,2025-05-28 16:00:00+00:00,169.71,2025-07-21 03:00:00+00:00,186.681,10.0,9.8,True,1283,53.46,2.835
MANAUSDT,2025-05-28 22:00:00+00:00,0.3041,2025-07-13 15:00:00+00:00,0.33451000000000003,10.0,9.8,True,1097,45.71,3.843
UNIUSDT,2025-05-29 01:00:00+00:00,7.217,2025-06-10 11:00:00+00:00,7.9387,10.0,9.8,True,298,12.42,3.208
TRXUSDT,2025-05-29 05:00:00+00:00,0.2744,2025-07-11 18:00:00+00:00,0.30184,10.0,9.8,True,1045,43.54,3.209
SANDUSDT,2025-05-29 18:00:00+00:00,0.3004,2025-07-13 15:00:00+00:00,0.33044,10.0,9.8,True,1077,44.88,3.181
DOGEUSDT,2025-05-29 20:00:00+00:00,0.21639,2025-07-18 05:00:00+00:00,0.23802900000000002,10.0,9.8,True,1185,49.38,2.504
MANAUSDT,2025-05-30 00:00:00+00:00,0.2937,2025-07-13 13:00:00+00:00,0.32307,10.0,9.8,True,1069,44.54,2.628
ADAUSDT,2025-05-30 02:00:00+00:00,0.705,2025-07-11 15:00:00+00:00,0.7755,10.0,9.8,True,1021,42.54,3.281
DOTUSDT,2025-05-30 02:00:00+00:00,4.204,2025-07-21 13:00:00+00:00,4.6244000000000005,10.0,9.8,True,1259,52.46,2.669
SHIBUSDT,2025-05-30 02:00:00+00:00,1.349e-05,2025-07-16 22:00:00+00:00,1.4839000000000001e-05,10.0,9.8,True,1148,47.83,3.694
LINKUSDT,2025-05-30 02:00:00+00:00,14.53,2025-07-14 03:00:00+00:00,15.983,10.0,9.8,True,1081,45.04,3.627
XRPUSDT,2025-05-30 02:00:00+00:00,2.1932,2025-07-09 19:00:00+00:00,2.41252,10.0,9.8,True,977,40.71,3.555
XLMUSDT,2025-05-30 02:00:00+00:00,0.2724,2025-07-10 18:00:00+00:00,0.29964,10.0,9.8,True,1000,41.67,3.155
DOGEUSDT,2025-05-30 02:00:00+00:00,0.20706,2025-07-18 01:00:00+00:00,0.22776600000000002,10.0,9.8,True,1175,48.96,3.594
DOGEUSDT,2025-05-30 06:00:00+00:00,0.2076,2025-07-18 01:00:00+00:00,0.22836000000000004,10.0,9.8,True,1171,48.79,2.691
ETCUSDT,2025-05-30 09:00:00+00:00,17.5,2025-07-16 00:00:00+00:00,19.25,10.0,9.8,True,1119,46.62,3.087
FILUSDT,2025-05-30 17:00:00+00:00,2.583,2025-07-18 04:00:00+00:00,2.8413000000000004,10.0,9.8,True,1163,48.46,3.842
DOTUSDT,2025-05-30 17:00:00+00:00,4.096,2025-07-18 04:00:00+00:00,4.5056,10.0,9.8,True,1163,48.46,3.144
ETCUSDT,2025-05-31 04:00:00+00:00,16.61,2025-06-10 11:00:00+00:00,18.271,10.0,9.8,True,247,10.29,2.8
SUIUSDT,2025-05-31 15:00:00+00:00,3.257,2025-07-14 00:00:00+00:00,3.5827000000000004,10.0,9.8,True,1041,43.38,2.623
BTCUSDT,2025-06-01 15:00:00+00:00,104599.7,2025-07-10 21:00:00+00:00,115059.67000000001,10.0,9.8,True,942,39.25,2.646
BNBUSDT,2025-06-01 15:00:00+00:00,652.67,2025-07-17 01:00:00+00:00,717.937,10.0,9.8,True,1090,45.42,2.765
ETHUSDT,2025-06-01 17:00:00+00:00,2538.77,2025-06-10 11:00:00+00:00,2792.6470000000004,10.0,9.8,True,210,8.75,2.524
AVAXUSDT,2025-06-01 17:00:00+00:00,20.81,2025-07-16 20:00:00+00:00,22.891000000000002,10.0,9.8,True,1083,45.12,2.719
FILUSDT,2025-06-02 09:00:00+00:00,2.542,2025-07-18 01:00:00+00:00,2.7962000000000002,10.0,9.8,True,1096,45.67,2.502
AXSUSDT,2025-06-02 11:00:00+00:00,2.508,2025-06-10 22:00:00+00:00,2.7588000000000004,10.0,9.8,True,203,8.46,2.517
SANDUSDT,2025-06-02 11:00:00+00:00,0.2686,2025-06-10 00:00:00+00:00,0.29546000000000006,10.0,9.8,True,181,7.54,2.554
AAVEUSDT,2025-06-02 14:00:00+00:00,245.36,2025-06-03 14:00:00+00:00,269.896,10.0,9.8,True,24,1.0,4.314
ETHUSDT,2025-06-02 15:00:00+00:00,2531.4,2025-06-10 11:00:00+00:00,2784.5400000000004,10.0,9.8,True,188,7.83,2.964
AXSUSDT,2025-06-02 15:00:00+00:00,2.527,2025-06-11 05:00:00+00:00,2.7797000000000005,10.0,9.8,True,206,8.58,2.738
TRXUSDT,2025-06-02 18:00:00+00:00,0.2668,2025-06-10 13:00:00+00:00,0.29348,10.0,9.8,True,187,7.79,3.722
AXSUSDT,2025-06-04 09:00:00+00:00,2.556,2025-06-11 06:00:00+00:00,2.8116000000000003,10.0,9.8,True,165,6.88,4.697
SUIUSDT,2025-06-04 14:00:00+00:00,3.1962,2025-06-10 11:00:00+00:00,3.5158200000000006,10.0,9.8,True,141,5.88,3.993
SHIBUSDT,2025-06-04 15:00:00+00:00,1.296e-05,2025-07-16 18:00:00+00:00,1.4256e-05,10.0,9.8,True,1011,42.12,2.932
BTCUSDT,2025-06-04 15:00:00+00:00,105033.3,2025-07-10 21:00:00+00:00,115536.63000000002,10.0,9.8,True,870,36.25,2.529
AXSUSDT,2025-06-04 16:00:00+00:00,2.525,2025-06-11 05:00:00+00:00,2.7775000000000003,10.0,9.8,True,157,6.54,2.911
OPUSDT,2025-06-04 16:00:00+00:00,0.657,2025-06-10 23:00:00+00:00,0.7227000000000001,10.0,9.8,True,151,6.29,3.098
AXSUSDT,2025-06-05 08:00:00+00:00,2.481,2025-06-10 22:00:00+00:00,2.7291,10.0,9.8,True,134,5.58,4.046
MANAUSDT,2025-06-05 08:00:00+00:00,0.2758,2025-06-10 22:00:00+00:00,0.30338000000000004,10.0,9.8,True,134,5.58,2.837
FILUSDT,2025-06-05 15:00:00+00:00,2.508,2025-06-11 14:00:00+00:00,2.7588000000000004,10.0,9.8,True,143,5.96,3.081
SOLUSDT,2025-06-05 15:00:00+00:00,151.24,2025-06-11 03:00:00+00:00,166.36400000000003,10.0,9.8,True,132,5.5,2.858
LTCUSDT,2025-06-05 20:00:00+00:00,85.77,2025-07-10 21:00:00+00:00,94.34700000000001,10.0,9.8,True,841,35.04,3.466
AVAXUSDT,2025-06-05 22:00:00+00:00,18.82,2025-06-07 07:00:00+00:00,20.702,10.0,9.8,True,33,1.38,2.738
XRPUSDT,2025-06-05 22:00:00+00:00,2.1031,2025-06-09 17:00:00+00:00,2.31341,10.0,9.8,True,91,3.79,3.196
ARBUSDT,2025-06-05 22:00:00+00:00,0.3244,2025-06-09 21:00:00+00:00,0.35684000000000005,10.0,9.8,True,95,3.96,3.197
LTCUSDT,2025-06-05 22:00:00+00:00,83.58,2025-06-10 12:00:00+00:00,91.938,10.0,9.8,True,110,4.58,2.65
AAVEUSDT,2025-06-05 22:00:00+00:00,245.23,2025-06-09 21:00:00+00:00,269.753,10.0,9.8,True,95,3.96,2.739
XLMUSDT,2025-06-05 22:00:00+00:00,0.2577,2025-06-11 08:00:00+00:00,0.28347,10.0,9.8,True,130,5.42,3.82
ADAUSDT,2025-06-05 22:00:00+00:00,0.6306,2025-06-09 21:00:00+00:00,0.6936600000000002,10.0,9.8,True,95,3.96,2.886
TRXUSDT,2025-06-06 00:00:00+00:00,0.282,2025-07-17 00:00:00+00:00,0.3102,10.0,9.8,True,984,41.0,10.722
AVAXUSDT,2025-06-08 09:00:00+00:00,20.63,2025-06-11 14:00:00+00:00,22.693,10.0,9.8,True,77,3.21,3.518
ATOMUSDT,2025-06-08 11:00:00+00:00,4.223,2025-07-11 01:00:00+00:00,4.645300000000001,10.0,9.8,True,782,32.58,9.168
AXSUSDT,2025-06-08 12:00:00+00:00,2.416,2025-06-10 22:00:00+00:00,2.6576,10.0,9.8,True,58,2.42,5.53
APTUSDT,2025-06-08 12:00:00+00:00,4.713,2025-06-11 09:00:00+00:00,5.1843,10.0,9.8,True,69,2.88,7.68
BTCUSDT,2025-06-08 13:00:00+00:00,105721.5,2025-07-10 21:00:00+00:00,116293.65000000001,10.0,9.8,True,776,32.33,2.525
AXSUSDT,2025-06-08 15:00:00+00:00,2.395,2025-06-10 12:00:00+00:00,2.6345,10.0,9.8,True,45,1.88,2.82
MANAUSDT,2025-06-09 09:00:00+00:00,0.2779,2025-07-11 02:00:00+00:00,0.30569,10.0,9.8,True,761,31.71,4.398
SANDUSDT,2025-06-09 10:00:00+00:00,0.279,2025-07-13 13:00:00+00:00,0.30690000000000006,10.0,9.8,True,819,34.12,2.648
SHIBUSDT,2025-06-09 10:00:00+00:00,1.258e-05,2025-07-11 15:00:00+00:00,1.3838e-05,10.0,9.8,True,773,32.21,2.685
DOGEUSDT,2025-06-09 11:00:00+00:00,0.18598,2025-06-11 07:00:00+00:00,0.204578,10.0,9.8,True,44,1.83,3.957
ARBUSDT,2025-06-09 11:00:00+00:00,0.3487,2025-06-10 11:00:00+00:00,0.38357,10.0,9.8,True,24,1.0,4.16
UNIUSDT,2025-06-09 11:00:00+00:00,6.536,2025-06-10 01:00:00+00:00,7.1896,10.0,9.8,True,14,0.58,5.603
SOLUSDT,2025-06-09 11:00:00+00:00,155.35,2025-07-16 16:00:00+00:00,170.88500000000002,10.0,9.8,True,893,37.21,2.93
ETHUSDT,2025-06-09 11:00:00+00:00,2534.86,2025-06-10 11:00:00+00:00,2788.3460000000005,10.0,9.8,True,24,1.0,3.184
ENJUSDT,2025-06-11 13:00:00+00:00,0.0788,2025-07-18 05:00:00+00:00,0.08668000000000001,10.0,9.8,True,880,36.67,3.541
TRXUSDT,2025-06-11 18:00:00+00:00,0.2814,2025-07-16 23:00:00+00:00,0.30954,10.0,9.8,True,845,35.21,3.052
CHZUSDT,2025-06-12 09:00:00+00:00,0.0382,2025-07-14 04:00:00+00:00,0.04202,10.0,9.8,True,763,31.79,2.618
DOTUSDT,2025-06-12 09:00:00+00:00,4.061,2025-07-18 04:00:00+00:00,4.4671,10.0,9.8,True,859,35.79,2.978
SANDUSDT,2025-06-12 09:00:00+00:00,0.2817,2025-07-13 13:00:00+00:00,0.30987000000000003,10.0,9.8,True,748,31.17,2.729
ETCUSDT,2025-06-12 10:00:00+00:00,17.69,2025-07-16 01:00:00+00:00,19.459000000000003,10.0,9.8,True,807,33.62,3.757
ETCUSDT,2025-06-12 13:00:00+00:00,17.64,2025-07-16 01:00:00+00:00,19.404000000000003,10.0,9.8,True,804,33.5,4.722
TRXUSDT,2025-06-12 13:00:00+00:00,0.2766,2025-07-12 01:00:00+00:00,0.30426000000000003,10.0,9.8,True,708,29.5,2.534
SANDUSDT,2025-06-12 15:00:00+00:00,0.2838,2025-07-13 14:00:00+00:00,0.31218,10.0,9.8,True,743,30.96,3.791
SUIUSDT,2025-06-12 16:00:00+00:00,3.2878,2025-07-14 00:00:00+00:00,3.61658,10.0,9.8,True,752,31.33,3.474
ETCUSDT,2025-06-12 17:00:00+00:00,17.59,2025-07-16 00:00:00+00:00,19.349,10.0,9.8,True,799,33.29,3.527
ATOMUSDT,2025-06-12 22:00:00+00:00,4.237,2025-07-11 01:00:00+00:00,4.6607,10.0,9.8,True,675,28.12,2.642
DOGEUSDT,2025-06-13 02:00:00+00:00,0.1722,2025-07-10 21:00:00+00:00,0.18942,10.0,9.8,True,667,27.79,3.253
BNBUSDT,2025-06-13 02:00:00+00:00,645.54,2025-07-16 18:00:00+00:00,710.094,10.0,9.8,True,808,33.67,3.424
MANAUSDT,2025-06-13 02:00:00+00:00,0.2561,2025-07-02 16:00:00+00:00,0.28171,10.0,9.8,True,470,19.58,4.159
SUIUSDT,2025-06-13 02:00:00+00:00,2.9769,2025-07-10 13:00:00+00:00,3.2745900000000003,10.0,9.8,True,659,27.46,4.172
DOTUSDT,2025-06-13 02:00:00+00:00,3.723,2025-07-11 15:00:00+00:00,4.0953,10.0,9.8,True,685,28.54,3.645
LTCUSDT,2025-06-13 02:00:00+00:00,82.47,2025-07-03 07:00:00+00:00,90.71700000000001,10.0,9.8,True,485,20.21,3.601
XLMUSDT,2025-06-13 02:00:00+00:00,0.2566,2025-07-09 12:00:00+00:00,0.28226,10.0,9.8,True,634,26.42,6.701
BTCUSDT,2025-06-13 02:00:00+00:00,103773.65,2025-07-10 21:00:00+00:00,114151.015,10.0,9.8,True,667,27.79,3.836
UNIUSDT,2025-06-13 04:00:00+00:00,7.134,2025-06-16 12:00:00+00:00,7.847400000000001,10.0,9.8,True,80,3.33,2.937
FILUSDT,2025-06-13 04:00:00+00:00,2.401,2025-07-11 05:00:00+00:00,2.6411,10.0,9.8,True,673,28.04,2.749
BCHUSDT,2025-06-13 06:00:00+00:00,409.0,2025-06-13 23:00:00+00:00,449.90000000000003,10.0,9.8,True,17,0.71,2.519
CHZUSDT,2025-06-13 09:00:00+00:00,0.03584,2025-07-10 21:00:00+00:00,0.039424,10.0,9.8,True,660,27.5,2.514
SOLUSDT,2025-06-14 16:00:00+00:00,144.53,2025-06-30 15:00:00+00:00,158.983,10.0,9.8,True,383,15.96,2.641
LINKUSDT,2025-06-14 16:00:00+00:00,13.0,2025-07-09 19:00:00+00:00,14.3,10.0,9.8,True,603,25.12,2.724
BNBUSDT,2025-06-14 16:00:00+00:00,645.42,2025-07-16 18:00:00+00:00,709.962,10.0,9.8,True,770,32.08,3.291
ENJUSDT,2025-06-14 19:00:00+00:00,0.0666,2025-07-10 21:00:00+00:00,0.07326000000000002,10.0,9.8,True,626,26.08,4.717
SHIBUSDT,2025-06-15 15:00:00+00:00,1.208e-05,2025-07-10 22:00:00+00:00,1.3288e-05,10.0,9.8,True,607,25.29,2.718
TRXUSDT,2025-06-16 08:00:00+00:00,0.2724,2025-07-11 15:00:00+00:00,0.29964,10.0,9.8,True,607,25.29,4.562
BCHUSDT,2025-06-16 14:00:00+00:00,466.6,2025-06-30 15:00:00+00:00,513.2600000000001,10.0,9.8,True,337,14.04,9.558
SOLUSDT,2025-06-17 01:00:00+00:00,152.01,2025-07-11 14:00:00+00:00,167.211,10.0,9.8,True,589,24.54,3.682
DOGEUSDT,2025-06-17 01:00:00+00:00,0.17427,2025-07-10 21:00:00+00:00,0.19169700000000003,10.0,9.8,True,572,23.83,4.496
OPUSDT,2025-06-17 01:00:00+00:00,0.592,2025-07-10 22:00:00+00:00,0.6512,10.0,9.8,True,573,23.88,3.454
ARBUSDT,2025-06-17 01:00:00+00:00,0.3234,2025-06-29 21:00:00+00:00,0.35574000000000006,10.0,9.8,True,308,12.83,2.902
SUIUSDT,2025-06-17 01:00:00+00:00,3.0245,2025-07-10 16:00:00+00:00,3.3269500000000005,10.0,9.8,True,567,23.62,4.068
AVAXUSDT,2025-06-17 01:00:00+00:00,19.29,2025-07-11 05:00:00+00:00,21.219,10.0,9.8,True,580,24.17,3.592
SHIBUSDT,2025-06-17 01:00:00+00:00,1.196e-05,2025-07-10 21:00:00+00:00,1.3156000000000002e-05,10.0,9.8,True,572,23.83,4.099
AAVEUSDT,2025-06-17 01:00:00+00:00,280.49,2025-07-10 21:00:00+00:00,308.53900000000004,10.0,9.8,True,572,23.83,3.503
AXSUSDT,2025-06-17 16:00:00+00:00,2.272,2025-07-11 03:00:00+00:00,2.4992,10.0,9.8,True,563,23.46,3.122
OPUSDT,2025-06-18 12:00:00+00:00,0.545,2025-06-29 22:00:00+00:00,0.5995000000000001,10.0,9.8,True,274,11.42,3.141
MANAUSDT,2025-06-18 14:00:00+00:00,0.2513,2025-07-02 16:00:00+00:00,0.27643000000000006,10.0,9.8,True,338,14.08,2.743
AXSUSDT,2025-06-18 14:00:00+00:00,2.235,2025-07-10 22:00:00+00:00,2.4585,10.0,9.8,True,536,22.33,2.6
APTUSDT,2025-06-18 14:00:00+00:00,4.346,2025-06-24 14:00:00+00:00,4.780600000000001,10.0,9.8,True,144,6.0,3.162
ETCUSDT,2025-06-18 14:00:00+00:00,16.25,2025-07-10 17:00:00+00:00,17.875,10.0,9.8,True,531,22.12,4.465
OPUSDT,2025-06-18 14:00:00+00:00,0.546,2025-06-29 22:00:00+00:00,0.6006000000000001,10.0,9.8,True,272,11.33,3.066
DOTUSDT,2025-06-18 14:00:00+00:00,3.638,2025-07-11 05:00:00+00:00,4.0018,10.0,9.8,True,543,22.62,4.834
FILUSDT,2025-06-18 14:00:00+00:00,2.353,2025-07-10 21:00:00+00:00,2.5883000000000003,10.0,9.8,True,535,22.29,6.27
ARBUSDT,2025-06-18 14:00:00+00:00,0.2962,2025-06-24 16:00:00+00:00,0.32582000000000005,10.0,9.8,True,146,6.08,2.643
ATOMUSDT,2025-06-18 14:00:00+00:00,3.977,2025-07-10 17:00:00+00:00,4.3747,10.0,9.8,True,531,22.12,3.034
ENJUSDT,2025-06-18 18:00:00+00:00,0.0651,2025-07-10 17:00:00+00:00,0.07161000000000001,10.0,9.8,True,527,21.96,3.06
CHZUSDT,2025-06-18 20:00:00+00:00,0.03465,2025-07-10 07:00:00+00:00,0.038115,10.0,9.8,True,515,21.46,2.571
SHIBUSDT,2025-06-18 20:00:00+00:00,1.148e-05,2025-07-10 08:00:00+00:00,1.2628000000000002e-05,10.0,9.8,True,516,21.5,2.619
SANDUSDT,2025-06-18 20:00:00+00:00,0.2509,2025-07-10 17:00:00+00:00,0.27599,10.0,9.8,True,525,21.88,5.73
ENJUSDT,2025-06-19 18:00:00+00:00,0.0645,2025-07-10 16:00:00+00:00,0.07095000000000001,10.0,9.8,True,502,20.92,3.02
APTUSDT,2025-06-19 18:00:00+00:00,4.388,2025-06-24 14:00:00+00:00,4.8268,10.0,9.8,True,116,4.83,4.302
FILUSDT,2025-06-20 16:00:00+00:00,2.308,2025-07-10 21:00:00+00:00,2.5388,10.0,9.8,True,485,20.21,2.993
SUIUSDT,2025-06-20 17:00:00+00:00,2.7286,2025-07-03 06:00:00+00:00,3.0014600000000002,10.0,9.8,True,301,12.54,3.378
SOLUSDT,2025-06-20 17:00:00+00:00,142.34,2025-06-30 15:00:00+00:00,156.574,10.0,9.8,True,238,9.92,2.809
NEARUSDT,2025-06-20 18:00:00+00:00,2.071,2025-06-29 22:00:00+00:00,2.2781000000000002,10.0,9.8,True,220,9.17,7.915
BCHUSDT,2025-06-20 18:00:00+00:00,483.3,2025-07-11 14:00:00+00:00,531.6300000000001,10.0,9.8,True,500,20.83,2.881
ADAUSDT,2025-06-20 18:00:00+00:00,0.576,2025-07-10 07:00:00+00:00,0.6336,10.0,9.8,True,469,19.54,8.585
XRPUSDT,2025-06-20 18:00:00+00:00,2.1177,2025-07-07 13:00:00+00:00,2.32947,10.0,9.8,True,403,16.79,5.637
APTUSDT,2025-06-21 05:00:00+00:00,4.492,2025-06-24 16:00:00+00:00,4.9412,10.0,9.8,True,83,3.46,3.922
ETCUSDT,2025-06-21 07:00:00+00:00,16.22,2025-07-10 17:00:00+00:00,17.842,10.0,9.8,True,466,19.42,3.201
AVAXUSDT,2025-06-21 21:00:00+00:00,17.09,2025-06-29 22:00:00+00:00,18.799000000000003,10.0,9.8,True,193,8.04,3.654
SANDUSDT,2025-06-21 21:00:00+00:00,0.2413,2025-07-09 08:00:00+00:00,0.26543,10.0,9.8,True,419,17.46,2.645
LINKUSDT,2025-06-21 21:00:00+00:00,12.29,2025-06-24 16:00:00+00:00,13.519,10.0,9.8,True,67,2.79,2.971
BNBUSDT,2025-06-21 22:00:00+00:00,625.01,2025-07-10 22:00:00+00:00,687.5110000000001,10.0,9.8,True,456,19.0,5.197
LTCUSDT,2025-06-21 22:00:00+00:00,79.32,2025-06-28 17:00:00+00:00,87.252,10.0,9.8,True,163,6.79,5.362
CHZUSDT,2025-06-21 22:00:00+00:00,0.03251,2025-06-24 06:00:00+00:00,0.035761,10.0,9.8,True,56,2.33,7.561
ADAUSDT,2025-06-21 22:00:00+00:00,0.5514,2025-07-03 06:00:00+00:00,0.6065400000000001,10.0,9.8,True,272,11.33,7.402
DOGEUSDT,2025-06-21 22:00:00+00:00,0.15261,2025-06-26 03:00:00+00:00,0.16787100000000002,10.0,9.8,True,101,4.21,10.419
NEARUSDT,2025-06-21 22:00:00+00:00,1.927,2025-06-23 22:00:00+00:00,2.1197000000000004,10.0,9.8,True,48,2.0,5.247
ATOMUSDT,2025-06-21 22:00:00+00:00,3.747,2025-06-24 16:00:00+00:00,4.121700000000001,10.0,9.8,True,66,2.75,7.232
ARBUSDT,2025-06-21 22:00:00+00:00,0.2713,2025-06-23 22:00:00+00:00,0.29843000000000003,10.0,9.8,True,48,2.0,3.736
SHIBUSDT,2025-06-21 22:00:00+00:00,1.076e-05,2025-06-24 06:00:00+00:00,1.1836000000000002e-05,10.0,9.8,True,56,2.33,7.471
SUIUSDT,2025-06-21 22:00:00+00:00,2.5167,2025-06-23 22:00:00+00:00,2.7683700000000004,10.0,9.8,True,48,2.0,5.485
XLMUSDT,2025-06-21 22:00:00+00:00,0.2338,2025-07-07 13:00:00+00:00,0.25718,10.0,9.8,True,375,15.62,8.85
AXSUSDT,2025-06-21 22:00:00+00:00,2.078,2025-06-24 05:00:00+00:00,2.2858,10.0,9.8,True,55,2.29,7.945
DOTUSDT,2025-06-21 22:00:00+00:00,3.277,2025-07-02 20:00:00+00:00,3.6047000000000002,10.0,9.8,True,262,10.92,6.973
FILUSDT,2025-06-21 23:00:00+00:00,2.191,2025-06-29 22:00:00+00:00,2.4101,10.0,9.8,True,191,7.96,3.007
DOGEUSDT,2025-06-22 00:00:00+00:00,0.15448,2025-06-29 22:00:00+00:00,0.16992800000000002,10.0,9.8,True,190,7.92,3.524
XLMUSDT,2025-06-22 00:00:00+00:00,0.2373,2025-07-09 03:00:00+00:00,0.26103000000000004,10.0,9.8,True,411,17.12,3.185
DOTUSDT,2025-06-22 00:00:00+00:00,3.325,2025-07-03 07:00:00+00:00,3.6575000000000006,10.0,9.8,True,271,11.29,3.589
NEARUSDT,2025-06-22 00:00:00+00:00,1.972,2025-06-24 05:00:00+00:00,2.1692,10.0,9.8,True,53,2.21,3.053
ATOMUSDT,2025-06-22 00:00:00+00:00,3.794,2025-06-29 22:00:00+00:00,4.1734,10.0,9.8,True,190,7.92,2.553
BTCUSDT,2025-06-22 00:00:00+00:00,102120.02,2025-07-10 16:00:00+00:00,112332.02200000001,10.0,9.8,True,448,18.67,3.801
CHZUSDT,2025-06-22 00:00:00+00:00,0.03292,2025-06-25 06:00:00+00:00,0.036212,10.0,9.8,True,78,3.25,2.698
ETHUSDT,2025-06-22 00:00:00+00:00,2295.72,2025-07-02 16:00:00+00:00,2525.292,10.0,9.8,True,256,10.67,5.682
AAVEUSDT,2025-06-22 00:00:00+00:00,234.75,2025-06-23 23:00:00+00:00,258.225,10.0,9.8,True,47,1.96,4.099
AVAXUSDT,2025-06-22 00:00:00+00:00,16.82,2025-06-29 22:00:00+00:00,18.502000000000002,10.0,9.8,True,190,7.92,2.817
MANAUSDT,2025-06-22 00:00:00+00:00,0.2388,2025-06-23 22:00:00+00:00,0.26268,10.0,9.8,True,46,1.92,3.211
SANDUSDT,2025-06-22 00:00:00+00:00,0.238,2025-07-09 08:00:00+00:00,0.26180000000000003,10.0,9.8,True,416,17.33,2.65
ENJUSDT,2025-06-22 00:00:00+00:00,0.0602,2025-06-24 05:00:00+00:00,0.06622,10.0,9.8,True,53,2.21,3.769
LINKUSDT,2025-06-22 00:00:00+00:00,12.03,2025-06-24 05:00:00+00:00,13.233,10.0,9.8,True,53,2.21,5.682
AXSUSDT,2025-06-22 00:00:00+00:00,2.102,2025-06-29 22:00:00+00:00,2.3122000000000003,10.0,9.8,True,190,7.92,3.642
SOLUSDT,2025-06-22 00:00:00+00:00,135.43,2025-06-28 16:00:00+00:00,148.973,10.0,9.8,True,160,6.67,2.554
ARBUSDT,2025-06-22 00:00:00+00:00,0.275,2025-06-23 22:00:00+00:00,0.30250000000000005,10.0,9.8,True,46,1.92,2.584
OPUSDT,2025-06-22 00:00:00+00:00,0.507,2025-06-24 05:00:00+00:00,0.5577000000000001,10.0,9.8,True,53,2.21,4.337
SHIBUSDT,2025-06-22 00:00:00+00:00,1.09e-05,2025-07-02 17:00:00+00:00,1.1990000000000002e-05,10.0,9.8,True,257,10.71,2.734
ADAUSDT,2025-06-22 00:00:00+00:00,0.5562,2025-07-03 12:00:00+00:00,0.61182,10.0,9.8,True,276,11.5,3.018
TRXUSDT,2025-06-22 01:00:00+00:00,0.2725,2025-07-11 15:00:00+00:00,0.29975000000000007,10.0,9.8,True,470,19.58,2.625
ETCUSDT,2025-06-22 05:00:00+00:00,15.47,2025-06-29 22:00:00+00:00,17.017000000000003,10.0,9.8,True,185,7.71,3.357
AAVEUSDT,2025-06-22 14:00:00+00:00,223.63,2025-06-23 20:00:00+00:00,245.99300000000002,10.0,9.8,True,30,1.25,4.571
UNIUSDT,2025-06-22 14:00:00+00:00,6.258,2025-06-23 22:00:00+00:00,6.883800000000001,10.0,9.8,True,32,1.33,3.098
ETHUSDT,2025-06-22 14:00:00+00:00,2199.93,2025-06-23 22:00:00+00:00,2419.9230000000002,10.0,9.8,True,32,1.33,4.226
MANAUSDT,2025-06-22 15:00:00+00:00,0.2339,2025-06-23 22:00:00+00:00,0.25729,10.0,9.8,True,31,1.29,2.561
NEARUSDT,2025-06-22 15:00:00+00:00,1.886,2025-06-23 20:00:00+00:00,2.0746,10.0,9.8,True,29,1.21,3.613
BCHUSDT,2025-06-22 15:00:00+00:00,455.4,2025-06-26 06:00:00+00:00,500.94,10.0,9.8,True,87,3.62,28.457
AXSUSDT,2025-06-22 15:00:00+00:00,2.02,2025-06-23 22:00:00+00:00,2.2220000000000004,10.0,9.8,True,31,1.29,3.568
ARBUSDT,2025-06-22 15:00:00+00:00,0.2666,2025-06-23 20:00:00+00:00,0.29326,10.0,9.8,True,29,1.21,2.859
SOLUSDT,2025-06-22 15:00:00+00:00,129.89,2025-06-23 22:00:00+00:00,142.879,10.0,9.8,True,31,1.29,2.988
DOTUSDT,2025-06-22 15:00:00+00:00,3.229,2025-06-29 22:00:00+00:00,3.5519000000000003,10.0,9.8,True,175,7.29,2.861
ATOMUSDT,2025-06-22 16:00:00+00:00,3.656,2025-06-23 21:00:00+00:00,4.0216,10.0,9.8,True,29,1.21,10.461
LINKUSDT,2025-06-22 21:00:00+00:00,11.32,2025-06-23 20:00:00+00:00,12.452000000000002,10.0,9.8,True,23,0.96,3.309
ETHUSDT,2025-06-22 21:00:00+00:00,2187.6,2025-06-23 22:00:00+00:00,2406.36,10.0,9.8,True,25,1.04,2.718
SANDUSDT,2025-06-22 21:00:00+00:00,0.2271,2025-06-23 20:00:00+00:00,0.24981,10.0,9.8,True,23,0.96,8.424
XLMUSDT,2025-06-22 21:00:00+00:00,0.2236,2025-06-23 23:00:00+00:00,0.24596,10.0,9.8,True,26,1.08,2.559
SHIBUSDT,2025-06-22 21:00:00+00:00,1.035e-05,2025-06-23 22:00:00+00:00,1.1385e-05,10.0,9.8,True,25,1.04,4.246
ENJUSDT,2025-06-22 21:00:00+00:00,0.0573,2025-06-23 20:00:00+00:00,0.06303,10.0,9.8,True,23,0.96,2.57
AAVEUSDT,2025-06-22 23:00:00+00:00,226.54,2025-06-23 20:00:00+00:00,249.19400000000002,10.0,9.8,True,21,0.88,3.27
XRPUSDT,2025-06-23 18:00:00+00:00,2.0276,2025-06-30 18:00:00+00:00,2.23036,10.0,9.8,True,168,7.0,2.552
SANDUSDT,2025-06-25 09:00:00+00:00,0.2522,2025-07-10 18:00:00+00:00,0.27742,10.0,9.8,True,369,15.38,2.586
LTCUSDT,2025-06-25 14:00:00+00:00,85.13,2025-07-10 21:00:00+00:00,93.643,10.0,9.8,True,367,15.29,2.968
ADAUSDT,2025-06-25 14:00:00+00:00,0.583,2025-07-10 17:00:00+00:00,0.6413,10.0,9.8,True,363,15.12,2.852
XLMUSDT,2025-06-25 14:00:00+00:00,0.2453,2025-07-09 10:00:00+00:00,0.26983,10.0,9.8,True,332,13.83,2.835
XRPUSDT,2025-06-25 14:00:00+00:00,2.2238,2025-07-10 08:00:00+00:00,2.4461800000000005,10.0,9.8,True,354,14.75,3.972
DOTUSDT,2025-06-25 14:00:00+00:00,3.449,2025-07-10 21:00:00+00:00,3.7939000000000003,10.0,9.8,True,367,15.29,2.569
UNIUSDT,2025-06-26 02:00:00+00:00,7.053,2025-07-03 09:00:00+00:00,7.7583,10.0,9.8,True,175,7.29,3.368
XRPUSDT,2025-06-26 13:00:00+00:00,2.1568,2025-07-09 11:00:00+00:00,2.3724800000000004,10.0,9.8,True,310,12.92,2.508
MANAUSDT,2025-06-26 15:00:00+00:00,0.2513,2025-07-02 16:00:00+00:00,0.27643000000000006,10.0,9.8,True,145,6.04,3.119
APTUSDT,2025-06-26 15:00:00+00:00,4.682,2025-06-27 04:00:00+00:00,5.150200000000001,10.0,9.8,True,13,0.54,2.504
SUIUSDT,2025-06-26 15:00:00+00:00,2.6414,2025-06-29 22:00:00+00:00,2.9055400000000002,10.0,9.8,True,79,3.29,2.74
DOGEUSDT,2025-06-26 15:00:00+00:00,0.16004,2025-07-07 03:00:00+00:00,0.176044,10.0,9.8,True,252,10.5,2.776
ETHUSDT,2025-06-27 02:00:00+00:00,2426.17,2025-07-09 13:00:00+00:00,2668.7870000000003,10.0,9.8,True,299,12.46,2.51
UNIUSDT,2025-06-29 10:00:00+00:00,7.22,2025-07-09 11:00:00+00:00,7.942,10.0,9.8,True,241,10.04,4.687
XLMUSDT,2025-06-29 23:00:00+00:00,0.2416,2025-07-09 06:00:00+00:00,0.26576000000000005,10.0,9.8,True,223,9.29,6.543
BCHUSDT,2025-06-30 14:00:00+00:00,501.4,2025-07-20 15:00:00+00:00,551.54,10.0,9.8,True,481,20.04,3.661
SOLUSDT,2025-06-30 16:00:00+00:00,157.83,2025-07-16 17:00:00+00:00,173.61300000000003,10.0,9.8,True,385,16.04,10.397
AVAXUSDT,2025-06-30 16:00:00+00:00,18.03,2025-07-10 17:00:00+00:00,19.833000000000002,10.0,9.8,True,241,10.04,2.627
BCHUSDT,2025-06-30 16:00:00+00:00,513.2,2025-07-25 11:00:00+00:00,564.5200000000001,10.0,9.8,True,595,24.79,5.548
DOGEUSDT,2025-06-30 16:00:00+00:00,0.16493,2025-07-09 20:00:00+00:00,0.181423,10.0,9.8,True,220,9.17,3.415
UNIUSDT,2025-06-30 16:00:00+00:00,7.201,2025-07-09 10:00:00+00:00,7.9211,10.0,9.8,True,210,8.75,2.979
MANAUSDT,2025-06-30 16:00:00+00:00,0.2517,2025-07-02 16:00:00+00:00,0.27687,10.0,9.8,True,48,2.0,3.436
DOTUSDT,2025-06-30 16:00:00+00:00,3.397,2025-07-10 17:00:00+00:00,3.7367,10.0,9.8,True,241,10.04,2.996
AAVEUSDT,2025-07-01 13:00:00+00:00,265.36,2025-07-08 17:00:00+00:00,291.896,10.0,9.8,True,172,7.17,3.298
ADAUSDT,2025-07-01 13:00:00+00:00,0.5528,2025-07-03 07:00:00+00:00,0.60808,10.0,9.8,True,42,1.75,2.504
BTCUSDT,2025-07-01 14:00:00+00:00,106807.43,2025-07-11 05:00:00+00:00,117488.173,10.0,9.8,True,231,9.62,4.184
APTUSDT,2025-07-01 14:00:00+00:00,4.681,2025-07-14 02:00:00+00:00,5.149100000000001,10.0,9.8,True,300,12.5,2.846
FILUSDT,2025-07-01 15:00:00+00:00,2.249,2025-07-10 16:00:00+00:00,2.4739000000000004,10.0,9.8,True,217,9.04,3.069
UNIUSDT,2025-07-02 02:00:00+00:00,6.566,2025-07-02 15:00:00+00:00,7.222600000000001,10.0,9.8,True,13,0.54,2.855
UNIUSDT,2025-07-02 05:00:00+00:00,6.983,2025-07-03 06:00:00+00:00,7.6813,10.0,9.8,True,25,1.04,5.824
CHZUSDT,2025-07-04 07:00:00+00:00,0.03593,2025-07-10 21:00:00+00:00,0.039523,10.0,9.8,True,158,6.58,2.796
LINKUSDT,2025-07-04 10:00:00+00:00,13.47,2025-07-10 21:00:00+00:00,14.817000000000002,10.0,9.8,True,155,6.46,2.943
CHZUSDT,2025-07-04 15:00:00+00:00,0.03523,2025-07-10 17:00:00+00:00,0.038753,10.0,9.8,True,146,6.08,3.044
AXSUSDT,2025-07-04 17:00:00+00:00,2.15,2025-07-10 18:00:00+00:00,2.365,10.0,9.8,True,145,6.04,3.57
UNIUSDT,2025-07-04 17:00:00+00:00,6.828,2025-07-06 13:00:00+00:00,7.510800000000001,10.0,9.8,True,44,1.83,3.038
SHIBUSDT,2025-07-04 17:00:00+00:00,1.129e-05,2025-07-09 19:00:00+00:00,1.2419000000000001e-05,10.0,9.8,True,122,5.08,3.368
ATOMUSDT,2025-07-04 17:00:00+00:00,3.983,2025-07-10 17:00:00+00:00,4.3813,10.0,9.8,True,144,6.0,2.832
ETCUSDT,2025-07-04 17:00:00+00:00,16.17,2025-07-10 16:00:00+00:00,17.787000000000003,10.0,9.8,True,143,5.96,3.992
CHZUSDT,2025-07-04 17:00:00+00:00,0.03448,2025-07-09 21:00:00+00:00,0.037927999999999996,10.0,9.8,True,124,5.17,3.509
MANAUSDT,2025-07-04 17:00:00+00:00,0.2575,2025-07-09 08:00:00+00:00,0.28325000000000006,10.0,9.8,True,111,4.62,3.438
DOTUSDT,2025-07-04 17:00:00+00:00,3.336,2025-07-10 07:00:00+00:00,3.6696,10.0,9.8,True,134,5.58,2.974
ARBUSDT,2025-07-04 17:00:00+00:00,0.3169,2025-07-09 19:00:00+00:00,0.34859000000000007,10.0,9.8,True,122,5.08,3.747
ETHUSDT,2025-07-04 17:00:00+00:00,2487.51,2025-07-09 19:00:00+00:00,2736.2610000000004,10.0,9.8,True,122,5.08,3.469
BTCUSDT,2025-07-04 17:00:00+00:00,107636.99,2025-07-11 05:00:00+00:00,118400.68900000001,10.0,9.8,True,156,6.5,3.441
SUIUSDT,2025-07-04 17:00:00+00:00,2.8485,2025-07-10 02:00:00+00:00,3.13335,10.0,9.8,True,129,5.38,4.472
ADAUSDT,2025-07-04 17:00:00+00:00,0.5673,2025-07-09 19:00:00+00:00,0.6240300000000001,10.0,9.8,True,122,5.08,2.631
DOTUSDT,2025-07-04 21:00:00+00:00,3.345,2025-07-10 07:00:00+00:00,3.6795000000000004,10.0,9.8,True,130,5.42,3.564
SUIUSDT,2025-07-06 14:00:00+00:00,2.9492,2025-07-10 07:00:00+00:00,3.24412,10.0,9.8,True,89,3.71,4.233
ETCUSDT,2025-07-07 14:00:00+00:00,16.73,2025-07-10 21:00:00+00:00,18.403000000000002,10.0,9.8,True,79,3.29,2.9
AXSUSDT,2025-07-07 14:00:00+00:00,2.168,2025-07-10 21:00:00+00:00,2.3848000000000003,10.0,9.8,True,79,3.29,3.501
UNIUSDT,2025-07-07 14:00:00+00:00,7.418,2025-07-09 12:00:00+00:00,8.1598,10.0,9.8,True,46,1.92,2.515
ENJUSDT,2025-07-08 01:00:00+00:00,0.0648,2025-07-10 16:00:00+00:00,0.07128,10.0,9.8,True,63,2.62,3.066
MANAUSDT,2025-07-08 02:00:00+00:00,0.2584,2025-07-09 08:00:00+00:00,0.28424000000000005,10.0,9.8,True,30,1.25,2.658
BTCUSDT,2025-07-08 03:00:00+00:00,107766.2,2025-07-11 09:00:00+00:00,118542.82,10.0,9.8,True,78,3.25,2.578
ADAUSDT,2025-07-08 07:00:00+00:00,0.577,2025-07-10 07:00:00+00:00,0.6347,10.0,9.8,True,48,2.0,3.249
FILUSDT,2025-07-08 12:00:00+00:00,2.287,2025-07-10 17:00:00+00:00,2.5157000000000003,10.0,9.8,True,53,2.21,2.836
TRXUSDT,2025-07-08 19:00:00+00:00,0.2869,2025-07-17 14:00:00+00:00,0.31559000000000004,10.0,9.8,True,211,8.79,3.961
AAVEUSDT,2025-07-10 17:00:00+00:00,299.82,2025-07-14 10:00:00+00:00,329.802,10.0,9.8,True,89,3.71,2.885
OPUSDT,2025-07-12 13:00:00+00:00,0.644,2025-07-15 23:00:00+00:00,0.7084,10.0,9.8,True,82,3.42,2.709
AXSUSDT,2025-07-14 20:00:00+00:00,2.434,2025-07-16 20:00:00+00:00,2.6774000000000004,10.0,9.8,True,48,2.0,4.415
SANDUSDT,2025-07-15 05:00:00+00:00,0.3014,2025-07-18 00:00:00+00:00,0.33154,10.0,9.8,True,67,2.79,2.919
AVAXUSDT,2025-07-15 10:00:00+00:00,21.29,2025-07-17 23:00:00+00:00,23.419,10.0,9.8,True,61,2.54,3.506
ENJUSDT,2025-07-15 13:00:00+00:00,0.0757,2025-07-16 20:00:00+00:00,0.08327000000000001,10.0,9.8,True,31,1.29,3.277
SOLUSDT,2025-07-15 15:00:00+00:00,157.78,2025-07-16 17:00:00+00:00,173.55800000000002,10.0,9.8,True,26,1.08,2.668
APTUSDT,2025-07-15 15:00:00+00:00,4.803,2025-07-16 17:00:00+00:00,5.2833000000000006,10.0,9.8,True,26,1.08,3.548
SUIUSDT,2025-07-16 16:00:00+00:00,3.9995,2025-07-27 12:00:00+00:00,4.39945,10.0,9.8,True,260,10.83,2.672
UNIUSDT,2025-07-16 17:00:00+00:00,9.066,2025-07-18 01:00:00+00:00,9.972600000000002,10.0,9.8,True,32,1.33,5.152
XLMUSDT,2025-07-17 07:00:00+00:00,0.4726,2025-07-18 00:00:00+00:00,0.5198600000000001,10.0,9.8,True,17,0.71,2.626
ENJUSDT,2025-07-18 23:00:00+00:00,0.0804,2025-07-20 15:00:00+00:00,0.08844,10.0,9.8,True,40,1.67,4.424
BCHUSDT,2025-07-19 20:00:00+00:00,515.0,2025-07-27 01:00:00+00:00,566.5,10.0,9.8,True,173,7.21,5.055
ATOMUSDT,2025-07-19 20:00:00+00:00,5.009,2025-09-17 19:00:00+00:00,4.554,-9.084,-9.284,False,1439,59.96,2.926
DOGEUSDT,2025-07-20 02:00:00+00:00,0.25167,2025-07-20 19:00:00+00:00,0.27683700000000006,10.0,9.8,True,17,0.71,2.913
BCHUSDT,2025-07-21 09:00:00+00:00,527.4,2025-07-27 06:00:00+00:00,580.14,10.0,9.8,True,141,5.88,2.501
BCHUSDT,2025-07-21 12:00:00+00:00,528.8,2025-07-27 06:00:00+00:00,581.68,10.0,9.8,True,138,5.75,2.615
BCHUSDT,2025-07-21 15:00:00+00:00,529.0,2025-07-27 06:00:00+00:00,581.9000000000001,10.0,9.8,True,135,5.62,3.046
SANDUSDT,2025-07-21 22:00:00+00:00,0.3424,2025-09-19 21:00:00+00:00,0.3006,-12.208,-12.408,False,1439,59.96,4.055
LTCUSDT,2025-07-22 02:00:00+00:00,116.85,2025-08-05 10:00:00+00:00,128.535,10.0,9.8,True,344,14.33,2.567
AAVEUSDT,2025-07-22 02:00:00+00:00,323.76,2025-08-23 11:00:00+00:00,356.136,10.0,9.8,True,777,32.38,2.74
SUIUSDT,2025-07-22 02:00:00+00:00,4.0181,2025-07-27 13:00:00+00:00,4.41991,10.0,9.8,True,131,5.46,2.782
AXSUSDT,2025-07-22 16:00:00+00:00,2.826,2025-09-20 15:00:00+00:00,2.468,-12.668,-12.868,False,1439,59.96,2.524
OPUSDT,2025-07-22 16:00:00+00:00,0.8,2025-08-13 22:00:00+00:00,0.8800000000000001,10.0,9.8,True,534,22.25,2.544
DOTUSDT,2025-07-23 15:00:00+00:00,4.231,2025-09-19 00:00:00+00:00,4.654100000000001,10.0,9.8,True,1377,57.38,6.432
ETHUSDT,2025-07-23 15:00:00+00:00,3616.43,2025-08-08 13:00:00+00:00,3978.0730000000003,10.0,9.8,True,382,15.92,2.704
TRXUSDT,2025-07-23 15:00:00+00:00,0.3125,2025-07-29 10:00:00+00:00,0.34375,10.0,9.8,True,139,5.79,2.892
ENJUSDT,2025-07-23 16:00:00+00:00,0.0846,2025-09-21 15:00:00+00:00,0.068,-19.622,-19.822,False,1439,59.96,2.712
XLMUSDT,2025-07-23 18:00:00+00:00,0.4265,2025-08-14 01:00:00+00:00,0.46915,10.0,9.8,True,511,21.29,2.555
ENJUSDT,2025-07-23 18:00:00+00:00,0.0825,2025-09-21 17:00:00+00:00,0.0681,-17.455,-17.655,False,1439,59.96,2.987
XRPUSDT,2025-07-23 18:00:00+00:00,3.2404,2025-09-21 17:00:00+00:00,2.9738,-8.227,-8.427,False,1439,59.96,3.332
ENJUSDT,2025-07-23 21:00:00+00:00,0.0814,2025-09-21 20:00:00+00:00,0.0676,-16.953,-17.153,False,1439,59.96,2.574
ADAUSDT,2025-07-23 22:00:00+00:00,0.8069,2025-08-13 09:00:00+00:00,0.88759,10.0,9.8,True,491,20.46,2.902
NEARUSDT,2025-07-24 07:00:00+00:00,2.617,2025-07-26 00:00:00+00:00,2.8787000000000003,10.0,9.8,True,41,1.71,2.568
ETCUSDT,2025-07-27 11:00:00+00:00,22.93,2025-08-22 16:00:00+00:00,25.223000000000003,10.0,9.8,True,629,26.21,3.922
DOTUSDT,2025-07-28 16:00:00+00:00,4.071,2025-09-13 06:00:00+00:00,4.4781,10.0,9.8,True,1118,46.58,2.723
BCHUSDT,2025-07-29 01:00:00+00:00,582.1,2025-09-18 03:00:00+00:00,640.3100000000001,10.0,9.8,True,1226,51.08,2.57
MANAUSDT,2025-07-30 05:00:00+00:00,0.2971,2025-09-05 12:00:00+00:00,0.32681,10.0,9.8,True,895,37.29,4.246
ETCUSDT,2025-07-30 06:00:00+00:00,21.6,2025-08-09 20:00:00+00:00,23.760000000000005,10.0,9.8,True,254,10.58,3.187
ENJUSDT,2025-07-30 07:00:00+00:00,0.0741,2025-09-28 06:00:00+00:00,0.0596,-19.568,-19.768,False,1439,59.96,6.946
AXSUSDT,2025-07-30 13:00:00+00:00,2.347,2025-08-10 01:00:00+00:00,2.5817,10.0,9.8,True,252,10.5,2.58
ETCUSDT,2025-07-30 13:00:00+00:00,21.12,2025-08-09 05:00:00+00:00,23.232000000000003,10.0,9.8,True,232,9.67,3.07
DOGEUSDT,2025-07-30 13:00:00+00:00,0.217,2025-08-09 10:00:00+00:00,0.23870000000000002,10.0,9.8,True,237,9.88,2.805
CHZUSDT,2025-07-30 13:00:00+00:00,0.04001,2025-08-10 04:00:00+00:00,0.044011,10.0,9.8,True,255,10.62,2.604
FILUSDT,2025-07-30 13:00:00+00:00,2.475,2025-08-13 13:00:00+00:00,2.7225,10.0,9.8,True,336,14.0,2.697
UNIUSDT,2025-07-30 14:00:00+00:00,9.918,2025-08-08 17:00:00+00:00,10.9098,10.0,9.8,True,219,9.12,2.686
SHIBUSDT,2025-07-30 14:00:00+00:00,1.28e-05,2025-08-14 01:00:00+00:00,1.408e-05,10.0,9.8,True,347,14.46,2.649
AAVEUSDT,2025-07-30 14:00:00+00:00,275.06,2025-08-09 05:00:00+00:00,302.56600000000003,10.0,9.8,True,231,9.62,2.713
ADAUSDT,2025-07-30 15:00:00+00:00,0.7769,2025-08-12 20:00:00+00:00,0.8545900000000001,10.0,9.8,True,317,13.21,2.76
AVAXUSDT,2025-07-30 16:00:00+00:00,23.23,2025-08-13 21:00:00+00:00,25.553,10.0,9.8,True,341,14.21,3.312
SANDUSDT,2025-07-30 20:00:00+00:00,0.2848,2025-08-13 22:00:00+00:00,0.31328,10.0,9.8,True,338,14.08,5.718
ATOMUSDT,2025-07-30 20:00:00+00:00,4.405,2025-08-13 10:00:00+00:00,4.8455,10.0,9.8,True,326,13.58,3.62
AAVEUSDT,2025-07-30 20:00:00+00:00,273.12,2025-08-09 05:00:00+00:00,300.432,10.0,9.8,True,225,9.38,5.486
XLMUSDT,2025-07-30 20:00:00+00:00,0.4081,2025-08-08 00:00:00+00:00,0.44891000000000003,10.0,9.8,True,196,8.17,5.591
DOTUSDT,2025-07-30 20:00:00+00:00,3.779,2025-08-09 20:00:00+00:00,4.1569,10.0,9.8,True,240,10.0,5.294
AVAXUSDT,2025-07-30 20:00:00+00:00,23.23,2025-08-13 21:00:00+00:00,25.553,10.0,9.8,True,337,14.04,3.752
NEARUSDT,2025-07-30 20:00:00+00:00,2.625,2025-08-13 08:00:00+00:00,2.8875,10.0,9.8,True,324,13.5,5.707
AXSUSDT,2025-07-31 18:00:00+00:00,2.378,2025-08-13 10:00:00+00:00,2.6158,10.0,9.8,True,304,12.67,2.758
BCHUSDT,2025-07-31 22:00:00+00:00,571.5,2025-08-13 13:00:00+00:00,628.6500000000001,10.0,9.8,True,303,12.62,5.516
LTCUSDT,2025-08-01 01:00:00+00:00,105.94,2025-08-04 12:00:00+00:00,116.534,10.0,9.8,True,83,3.46,2.723
AXSUSDT,2025-08-01 01:00:00+00:00,2.267,2025-08-09 05:00:00+00:00,2.4937,10.0,9.8,True,196,8.17,4.138
UNIUSDT,2025-08-01 01:00:00+00:00,9.373,2025-08-07 20:00:00+00:00,10.3103,10.0,9.8,True,163,6.79,3.074
AAVEUSDT,2025-08-01 01:00:00+00:00,260.38,2025-08-07 23:00:00+00:00,286.418,10.0,9.8,True,166,6.92,4.195
MANAUSDT,2025-08-01 01:00:00+00:00,0.2786,2025-08-09 04:00:00+00:00,0.30646000000000007,10.0,9.8,True,195,8.12,5.318
OPUSDT,2025-08-01 01:00:00+00:00,0.663,2025-08-08 03:00:00+00:00,0.7293000000000001,10.0,9.8,True,170,7.08,3.196
APTUSDT,2025-08-01 01:00:00+00:00,4.312,2025-08-09 02:00:00+00:00,4.743200000000001,10.0,9.8,True,193,8.04,2.713
DOGEUSDT,2025-08-01 01:00:00+00:00,0.20796,2025-08-08 14:00:00+00:00,0.22875600000000001,10.0,9.8,True,181,7.54,5.768
SUIUSDT,2025-08-01 01:00:00+00:00,3.5787,2025-08-09 02:00:00+00:00,3.93657,10.0,9.8,True,193,8.04,4.116
NEARUSDT,2025-08-01 02:00:00+00:00,2.516,2025-08-09 05:00:00+00:00,2.7676000000000003,10.0,9.8,True,195,8.12,2.567
ARBUSDT,2025-08-01 09:00:00+00:00,0.3838,2025-08-08 00:00:00+00:00,0.42218,10.0,9.8,True,159,6.62,2.508
BNBUSDT,2025-08-01 09:00:00+00:00,766.02,2025-08-13 07:00:00+00:00,842.6220000000001,10.0,9.8,True,286,11.92,2.7
MANAUSDT,2025-08-01 09:00:00+00:00,0.2739,2025-08-08 13:00:00+00:00,0.30129,10.0,9.8,True,172,7.17,2.873
FILUSDT,2025-08-01 09:00:00+00:00,2.324,2025-08-08 23:00:00+00:00,2.5564,10.0,9.8,True,182,7.58,3.881
SANDUSDT,2025-08-01 09:00:00+00:00,0.2658,2025-08-08 14:00:00+00:00,0.29238000000000003,10.0,9.8,True,173,7.21,2.747
APTUSDT,2025-08-01 14:00:00+00:00,4.195,2025-08-08 06:00:00+00:00,4.6145000000000005,10.0,9.8,True,160,6.67,2.73
AXSUSDT,2025-08-02 20:00:00+00:00,2.141,2025-08-07 10:00:00+00:00,2.3551,10.0,9.8,True,110,4.58,3.9
ETCUSDT,2025-08-03 05:00:00+00:00,19.49,2025-08-07 22:00:00+00:00,21.439,10.0,9.8,True,113,4.71,5.996
CHZUSDT,2025-08-05 09:00:00+00:00,0.03938,2025-08-09 05:00:00+00:00,0.043318,10.0,9.8,True,92,3.83,3.528
LINKUSDT,2025-08-05 11:00:00+00:00,16.9,2025-08-08 00:00:00+00:00,18.59,10.0,9.8,True,61,2.54,2.763
ATOMUSDT,2025-08-05 14:00:00+00:00,4.295,2025-08-09 05:00:00+00:00,4.7245,10.0,9.8,True,87,3.62,3.138
ETHUSDT,2025-08-05 15:00:00+00:00,3577.85,2025-08-08 00:00:00+00:00,3935.635,10.0,9.8,True,57,2.38,4.205
OPUSDT,2025-08-05 15:00:00+00:00,0.671,2025-08-08 07:00:00+00:00,0.7381000000000001,10.0,9.8,True,64,2.67,3.201
ARBUSDT,2025-08-05 15:00:00+00:00,0.384,2025-08-08 00:00:00+00:00,0.42240000000000005,10.0,9.8,True,57,2.38,3.017
BTCUSDT,2025-08-05 15:00:00+00:00,113037.12,2025-08-14 00:00:00+00:00,124340.83200000001,10.0,9.8,True,201,8.38,5.074
AAVEUSDT,2025-08-05 19:00:00+00:00,253.67,2025-08-07 19:00:00+00:00,279.03700000000003,10.0,9.8,True,48,2.0,2.635
ARBUSDT,2025-08-06 06:00:00+00:00,0.3842,2025-08-08 00:00:00+00:00,0.42262,10.0,9.8,True,42,1.75,2.657
BTCUSDT,2025-08-07 11:00:00+00:00,116347.23,2025-10-06 10:00:00+00:00,123978.0,6.559,6.359,False,1439,59.96,4.777
BNBUSDT,2025-08-07 11:00:00+00:00,777.31,2025-08-13 09:00:00+00:00,855.041,10.0,9.8,True,142,5.92,2.543
TRXUSDT,2025-08-10 02:00:00+00:00,0.3381,2025-10-09 01:00:00+00:00,0.3411,0.887,0.687,False,1439,59.96,2.91
BTCUSDT,2025-08-10 04:00:00+00:00,118500.0,2025-10-09 03:00:00+00:00,122038.01,2.986,2.786,False,1439,59.96,6.95
UNIUSDT,2025-08-10 15:00:00+00:00,11.016,2025-08-13 09:00:00+00:00,12.117600000000001,10.0,9.8,True,66,2.75,6.659
DOGEUSDT,2025-08-10 16:00:00+00:00,0.23257,2025-09-11 22:00:00+00:00,0.255827,10.0,9.8,True,774,32.25,3.0
LINKUSDT,2025-08-11 14:00:00+00:00,21.8,2025-08-12 15:00:00+00:00,23.980000000000004,10.0,9.8,True,25,1.04,2.736
MANAUSDT,2025-08-11 14:00:00+00:00,0.2978,2025-09-05 12:00:00+00:00,0.32758000000000004,10.0,9.8,True,598,24.92,3.036
ARBUSDT,2025-08-11 14:00:00+00:00,0.4538,2025-08-13 13:00:00+00:00,0.49918,10.0,9.8,True,47,1.96,3.218
AAVEUSDT,2025-08-11 14:00:00+00:00,300.3,2025-08-13 12:00:00+00:00,330.33000000000004,10.0,9.8,True,46,1.92,2.78
ETCUSDT,2025-08-11 14:00:00+00:00,22.6,2025-08-22 16:00:00+00:00,24.860000000000003,10.0,9.8,True,266,11.08,2.873
ETHUSDT,2025-08-11 14:00:00+00:00,4279.72,2025-08-13 09:00:00+00:00,4707.692000000001,10.0,9.8,True,43,1.79,2.64
AXSUSDT,2025-08-11 14:00:00+00:00,2.44,2025-08-31 00:00:00+00:00,2.684,10.0,9.8,True,466,19.42,3.533
AAVEUSDT,2025-08-11 19:00:00+00:00,299.16,2025-08-13 09:00:00+00:00,329.0760000000001,10.0,9.8,True,38,1.58,2.504
ETCUSDT,2025-08-12 10:00:00+00:00,22.04,2025-08-13 09:00:00+00:00,24.244,10.0,9.8,True,23,0.96,2.567
MANAUSDT,2025-08-12 13:00:00+00:00,0.2976,2025-09-05 12:00:00+00:00,0.32736,10.0,9.8,True,575,23.96,4.178
SANDUSDT,2025-08-12 13:00:00+00:00,0.2886,2025-09-13 09:00:00+00:00,0.3174600000000001,10.0,9.8,True,764,31.83,3.511
LTCUSDT,2025-08-12 13:00:00+00:00,121.29,2025-08-13 04:00:00+00:00,133.419,10.0,9.8,True,15,0.62,2.742
OPUSDT,2025-08-12 13:00:00+00:00,0.771,2025-08-13 14:00:00+00:00,0.8481000000000001,10.0,9.8,True,25,1.04,6.079
DOGEUSDT,2025-08-12 13:00:00+00:00,0.22657,2025-08-13 08:00:00+00:00,0.249227,10.0,9.8,True,19,0.79,4.301
AXSUSDT,2025-08-12 13:00:00+00:00,2.42,2025-08-13 22:00:00+00:00,2.662,10.0,9.8,True,33,1.38,2.61
ENJUSDT,2025-08-12 13:00:00+00:00,0.0711,2025-08-13 14:00:00+00:00,0.07821,10.0,9.8,True,25,1.04,3.128
BCHUSDT,2025-08-13 14:00:00+00:00,627.1,2025-10-12 13:00:00+00:00,519.0,-17.238,-17.438,False,1439,59.96,20.345
ETHUSDT,2025-08-14 14:00:00+00:00,4612.71,2025-10-13 13:00:00+00:00,4164.66,-9.713,-9.913,False,1439,59.96,4.142
DOTUSDT,2025-08-14 14:00:00+00:00,4.045,2025-09-13 06:00:00+00:00,4.4495000000000005,10.0,9.8,True,712,29.67,3.582
XLMUSDT,2025-08-14 14:00:00+00:00,0.4275,2025-10-13 13:00:00+00:00,0.3502,-18.082,-18.282,False,1439,59.96,3.228
AXSUSDT,2025-08-14 14:00:00+00:00,2.462,2025-08-31 01:00:00+00:00,2.7082000000000006,10.0,9.8,True,395,16.46,3.014
AVAXUSDT,2025-08-14 14:00:00+00:00,23.95,2025-08-23 13:00:00+00:00,26.345000000000002,10.0,9.8,True,215,8.96,4.308
APTUSDT,2025-08-14 14:00:00+00:00,4.807,2025-10-03 12:00:00+00:00,5.287700000000001,10.0,9.8,True,1198,49.92,2.883
LINKUSDT,2025-08-14 14:00:00+00:00,22.77,2025-08-17 14:00:00+00:00,25.047,10.0,9.8,True,72,3.0,3.419
XRPUSDT,2025-08-14 14:00:00+00:00,3.1125,2025-10-13 13:00:00+00:00,2.6037,-16.347,-16.547,False,1439,59.96,3.508
FILUSDT,2025-08-14 14:00:00+00:00,2.553,2025-10-13 13:00:00+00:00,1.663,-34.861,-35.061,False,1439,59.96,3.408
ATOMUSDT,2025-08-14 14:00:00+00:00,4.61,2025-10-13 13:00:00+00:00,3.582,-22.299,-22.499,False,1439,59.96,3.875
MANAUSDT,2025-08-14 14:00:00+00:00,0.2984,2025-09-05 12:00:00+00:00,0.32824000000000003,10.0,9.8,True,526,21.92,3.659
CHZUSDT,2025-08-14 14:00:00+00:00,0.04118,2025-10-01 09:00:00+00:00,0.045298000000000005,10.0,9.8,True,1147,47.79,5.094
UNIUSDT,2025-08-14 14:00:00+00:00,11.02,2025-10-13 13:00:00+00:00,6.811,-38.194,-38.394,False,1439,59.96,3.061
ARBUSDT,2025-08-14 14:00:00+00:00,0.5238,2025-08-22 17:00:00+00:00,0.5761800000000001,10.0,9.8,True,195,8.12,2.574
OPUSDT,2025-08-14 14:00:00+00:00,0.78,2025-10-13 13:00:00+00:00,0.4876,-37.487,-37.687,False,1439,59.96,2.859
ETCUSDT,2025-08-14 14:00:00+00:00,22.59,2025-08-22 16:00:00+00:00,24.849,10.0,9.8,True,194,8.08,4.543
NEARUSDT,2025-08-14 14:00:00+00:00,2.836,2025-09-18 17:00:00+00:00,3.1196,10.0,9.8,True,843,35.12,2.883
SANDUSDT,2025-08-14 14:00:00+00:00,0.2911,2025-09-13 11:00:00+00:00,0.32021000000000005,10.0,9.8,True,717,29.88,2.934
DOGEUSDT,2025-08-14 14:00:00+00:00,0.22654,2025-09-09 12:00:00+00:00,0.249194,10.0,9.8,True,622,25.92,3.549
AAVEUSDT,2025-08-14 14:00:00+00:00,316.84,2025-08-23 00:00:00+00:00,348.524,10.0,9.8,True,202,8.42,2.749
SUIUSDT,2025-08-14 14:00:00+00:00,3.8274,2025-10-13 13:00:00+00:00,2.9036,-24.136,-24.336,False,1439,59.96,2.877
FILUSDT,2025-08-15 17:00:00+00:00,2.431,2025-10-14 16:00:00+00:00,1.665,-31.51,-31.71,False,1439,59.96,3.369
XLMUSDT,2025-08-15 17:00:00+00:00,0.419,2025-10-14 16:00:00+00:00,0.3342,-20.239,-20.439,False,1439,59.96,2.584
MANAUSDT,2025-08-18 10:00:00+00:00,0.2849,2025-09-04 00:00:00+00:00,0.31339,10.0,9.8,True,398,16.58,2.541
ADAUSDT,2025-08-18 13:00:00+00:00,0.9133,2025-10-17 12:00:00+00:00,0.6172,-32.421,-32.621,False,1439,59.96,2.864
APTUSDT,2025-08-19 11:00:00+00:00,4.496,2025-10-02 04:00:00+00:00,4.945600000000001,10.0,9.8,True,1049,43.71,2.737
ETCUSDT,2025-08-19 16:00:00+00:00,21.03,2025-08-22 15:00:00+00:00,23.133000000000003,10.0,9.8,True,71,2.96,2.711
DOTUSDT,2025-08-19 16:00:00+00:00,3.775,2025-08-22 21:00:00+00:00,4.1525,10.0,9.8,True,77,3.21,2.537
BTCUSDT,2025-08-19 16:00:00+00:00,113786.39,2025-10-05 04:00:00+00:00,125165.02900000001,10.0,9.8,True,1116,46.5,3.097
ETHUSDT,2025-08-19 16:00:00+00:00,4192.14,2025-08-22 14:00:00+00:00,4611.354000000001,10.0,9.8,True,70,2.92,2.529
BNBUSDT,2025-08-20 02:00:00+00:00,828.4,2025-09-12 17:00:00+00:00,911.24,10.0,9.8,True,567,23.62,2.831
DOGEUSDT,2025-08-20 07:00:00+00:00,0.21301,2025-08-22 16:00:00+00:00,0.23431100000000002,10.0,9.8,True,57,2.38,2.645
APTUSDT,2025-08-21 14:00:00+00:00,4.41,2025-10-01 23:00:00+00:00,4.851000000000001,10.0,9.8,True,993,41.38,3.332
SUIUSDT,2025-08-21 14:00:00+00:00,3.4358,2025-08-22 21:00:00+00:00,3.77938,10.0,9.8,True,31,1.29,2.621
UNIUSDT,2025-08-21 15:00:00+00:00,10.336,2025-08-22 16:00:00+00:00,11.369600000000002,10.0,9.8,True,25,1.04,2.683
ARBUSDT,2025-08-21 15:00:00+00:00,0.495,2025-08-22 15:00:00+00:00,0.5445,10.0,9.8,True,24,1.0,2.683
AXSUSDT,2025-08-21 15:00:00+00:00,2.28,2025-08-22 18:00:00+00:00,2.508,10.0,9.8,True,27,1.12,4.95
BCHUSDT,2025-08-21 15:00:00+00:00,553.7,2025-09-03 05:00:00+00:00,609.07,10.0,9.8,True,302,12.58,2.975
TRXUSDT,2025-08-21 15:00:00+00:00,0.3523,2025-10-20 14:00:00+00:00,0.3228,-8.374,-8.574,False,1439,59.96,2.718
BCHUSDT,2025-08-21 17:00:00+00:00,551.1,2025-08-22 17:00:00+00:00,606.21,10.0,9.8,True,24,1.0,3.7
OPUSDT,2025-08-21 23:00:00+00:00,0.7232,2025-08-22 19:00:00+00:00,0.79552,10.0,9.8,True,20,0.83,5.474
LINKUSDT,2025-08-22 13:00:00+00:00,24.43,2025-08-22 16:00:00+00:00,26.873,10.0,9.8,True,3,0.12,2.515
XRPUSDT,2025-08-22 13:00:00+00:00,2.8078,2025-08-22 17:00:00+00:00,3.08858,10.0,9.8,True,4,0.17,3.486
CHZUSDT,2025-08-22 14:00:00+00:00,0.03884,2025-08-22 21:00:00+00:00,0.042724000000000005,10.0,9.8,True,7,0.29,2.564
MANAUSDT,2025-08-22 14:00:00+00:00,0.2732,2025-08-22 17:00:00+00:00,0.30052,10.0,9.8,True,3,0.12,3.139
DOGEUSDT,2025-08-22 14:00:00+00:00,0.21207,2025-08-22 15:00:00+00:00,0.23327700000000004,10.0,9.8,True,1,0.04,4.405
FILUSDT,2025-08-22 14:00:00+00:00,2.337,2025-08-22 17:00:00+00:00,2.5707000000000004,10.0,9.8,True,3,0.12,3.524
SANDUSDT,2025-08-22 14:00:00+00:00,0.2729,2025-08-22 16:00:00+00:00,0.30019,10.0,9.8,True,2,0.08,2.926
AXSUSDT,2025-08-22 14:00:00+00:00,2.217,2025-08-22 16:00:00+00:00,2.4387000000000003,10.0,9.8,True,2,0.08,2.959
SHIBUSDT,2025-08-22 14:00:00+00:00,1.22e-05,2025-08-22 21:00:00+00:00,1.3420000000000002e-05,10.0,9.8,True,7,0.29,5.364
DOTUSDT,2025-08-22 14:00:00+00:00,3.735,2025-08-22 17:00:00+00:00,4.1085,10.0,9.8,True,3,0.12,5.939
NEARUSDT,2025-08-22 14:00:00+00:00,2.409,2025-08-22 16:00:00+00:00,2.6499,10.0,9.8,True,2,0.08,3.991
ATOMUSDT,2025-08-22 14:00:00+00:00,4.371,2025-08-22 21:00:00+00:00,4.8081000000000005,10.0,9.8,True,7,0.29,5.718
SUIUSDT,2025-08-22 14:00:00+00:00,3.3646,2025-08-22 16:00:00+00:00,3.70106,10.0,9.8,True,2,0.08,3.847
OPUSDT,2025-08-22 15:00:00+00:00,0.7443,2025-08-23 19:00:00+00:00,0.8187300000000001,10.0,9.8,True,28,1.17,12.105
XLMUSDT,2025-08-22 15:00:00+00:00,0.4114,2025-10-21 14:00:00+00:00,0.3273,-20.442,-20.642,False,1439,59.96,23.727
APTUSDT,2025-08-22 15:00:00+00:00,4.523,2025-10-02 04:00:00+00:00,4.9753,10.0,9.8,True,973,40.54,14.814
ADAUSDT,2025-08-22 15:00:00+00:00,0.9036,2025-10-21 14:00:00+00:00,0.6743,-25.376,-25.576,False,1439,59.96,20.894
LINKUSDT,2025-08-22 15:00:00+00:00,26.07,2025-10-21 14:00:00+00:00,18.74,-28.117,-28.317,False,1439,59.96,18.584
ENJUSDT,2025-08-22 15:00:00+00:00,0.0712,2025-10-21 14:00:00+00:00,0.04718,-33.736,-33.936,False,1439,59.96,14.612
ARBUSDT,2025-08-22 15:00:00+00:00,0.5318,2025-08-22 19:00:00+00:00,0.58498,10.0,9.8,True,4,0.17,14.291
FILUSDT,2025-08-22 17:00:00+00:00,2.531,2025-10-21 16:00:00+00:00,1.621,-35.954,-36.154,False,1439,59.96,2.866
BCHUSDT,2025-08-23 14:00:00+00:00,589.3,2025-09-18 13:00:00+00:00,648.23,10.0,9.8,True,623,25.96,12.023
ETCUSDT,2025-08-24 09:00:00+00:00,23.48,2025-10-23 08:00:00+00:00,15.73,-33.007,-33.207,False,1439,59.96,3.932
ARBUSDT,2025-08-24 11:00:00+00:00,0.5678,2025-10-23 10:00:00+00:00,0.3105,-45.315,-45.515,False,1439,59.96,3.054
DOTUSDT,2025-08-24 12:00:00+00:00,4.036,2025-09-13 06:00:00+00:00,4.4395999999999995,10.0,9.8,True,474,19.75,2.66
CHZUSDT,2025-08-24 12:00:00+00:00,0.04012,2025-09-13 12:00:00+00:00,0.044132000000000005,10.0,9.8,True,480,20.0,4.409
ARBUSDT,2025-08-24 15:00:00+00:00,0.5801,2025-10-23 14:00:00+00:00,0.3109,-46.406,-46.606,False,1439,59.96,2.958
NEARUSDT,2025-08-24 18:00:00+00:00,2.699,2025-09-18 14:00:00+00:00,2.9689,10.0,9.8,True,596,24.83,2.637
SUIUSDT,2025-08-24 18:00:00+00:00,3.7165,2025-10-23 17:00:00+00:00,2.4935,-32.907,-33.107,False,1439,59.96,3.273
LINKUSDT,2025-08-24 18:00:00+00:00,26.01,2025-10-23 17:00:00+00:00,17.72,-31.872,-32.072,False,1439,59.96,3.034
ADAUSDT,2025-08-24 18:00:00+00:00,0.9224,2025-10-23 17:00:00+00:00,0.6524,-29.271,-29.471,False,1439,59.96,2.837
AXSUSDT,2025-08-24 18:00:00+00:00,2.441,2025-08-31 00:00:00+00:00,2.6851,10.0,9.8,True,150,6.25,4.698
MANAUSDT,2025-08-24 19:00:00+00:00,0.3096,2025-09-13 08:00:00+00:00,0.34056000000000003,10.0,9.8,True,469,19.54,4.465
APTUSDT,2025-08-24 19:00:00+00:00,4.753,2025-10-02 22:00:00+00:00,5.228300000000001,10.0,9.8,True,939,39.12,3.481
XRPUSDT,2025-08-24 19:00:00+00:00,3.1098,2025-10-23 18:00:00+00:00,2.4026,-22.741,-22.941,False,1439,59.96,3.942
XLMUSDT,2025-08-24 19:00:00+00:00,0.4209,2025-10-23 18:00:00+00:00,0.3139,-25.422,-25.622,False,1439,59.96,3.07
AVAXUSDT,2025-08-24 19:00:00+00:00,26.43,2025-09-10 16:00:00+00:00,29.073,10.0,9.8,True,405,16.88,2.628
LTCUSDT,2025-08-24 19:00:00+00:00,123.7,2025-10-23 18:00:00+00:00,93.94,-24.058,-24.258,False,1439,59.96,4.617
SHIBUSDT,2025-08-24 19:00:00+00:00,1.338e-05,2025-09-13 10:00:00+00:00,1.4718000000000002e-05,10.0,9.8,True,471,19.62,2.822
DOGEUSDT,2025-08-24 19:00:00+00:00,0.24192,2025-09-12 15:00:00+00:00,0.266112,10.0,9.8,True,452,18.83,3.548
SANDUSDT,2025-08-24 19:00:00+00:00,0.3053,2025-10-23 18:00:00+00:00,0.2102,-31.15,-31.35,False,1439,59.96,2.757
CHZUSDT,2025-08-24 19:00:00+00:00,0.04193,2025-10-02 04:00:00+00:00,0.046123000000000004,10.0,9.8,True,921,38.38,3.08
ATOMUSDT,2025-08-24 19:00:00+00:00,4.906,2025-10-23 18:00:00+00:00,3.206,-34.651,-34.851,False,1439,59.96,3.811
DOTUSDT,2025-08-24 19:00:00+00:00,4.25,2025-09-19 00:00:00+00:00,4.675000000000001,10.0,9.8,True,605,25.21,3.777
ETCUSDT,2025-08-24 20:00:00+00:00,23.66,2025-10-23 19:00:00+00:00,15.8,-33.221,-33.421,False,1439,59.96,5.395
BNBUSDT,2025-08-24 20:00:00+00:00,869.51,2025-09-16 19:00:00+00:00,956.461,10.0,9.8,True,551,22.96,3.709
ARBUSDT,2025-08-24 20:00:00+00:00,0.5838,2025-10-23 19:00:00+00:00,0.3146,-46.112,-46.312,False,1439,59.96,4.211
FILUSDT,2025-08-24 20:00:00+00:00,2.463,2025-10-23 19:00:00+00:00,1.562,-36.581,-36.781,False,1439,59.96,9.433
ENJUSDT,2025-08-24 20:00:00+00:00,0.0726,2025-10-23 19:00:00+00:00,0.04417,-39.16,-39.36,False,1439,59.96,11.547
ENJUSDT,2025-08-25 20:00:00+00:00,0.0667,2025-09-13 08:00:00+00:00,0.07337,10.0,9.8,True,444,18.5,2.785
XRPUSDT,2025-08-25 20:00:00+00:00,2.8769,2025-09-13 09:00:00+00:00,3.1645900000000005,10.0,9.8,True,445,18.54,2.768
ARBUSDT,2025-08-25 21:00:00+00:00,0.5118,2025-10-24 20:00:00+00:00,0.319,-37.671,-37.871,False,1439,59.96,3.241
ATOMUSDT,2025-08-25 21:00:00+00:00,4.4,2025-09-13 09:00:00+00:00,4.840000000000001,10.0,9.8,True,444,18.5,3.912
SUIUSDT,2025-08-25 21:00:00+00:00,3.3264,2025-09-11 12:00:00+00:00,3.6590400000000005,10.0,9.8,True,399,16.62,2.981
AVAXUSDT,2025-08-25 21:00:00+00:00,23.17,2025-09-03 08:00:00+00:00,25.487000000000005,10.0,9.8,True,203,8.46,3.431
AXSUSDT,2025-08-25 22:00:00+00:00,2.171,2025-08-28 14:00:00+00:00,2.3881,10.0,9.8,True,64,2.67,2.885
AAVEUSDT,2025-08-26 03:00:00+00:00,326.8,2025-10-25 02:00:00+00:00,228.2,-30.171,-30.371,False,1439,59.96,2.765
SANDUSDT,2025-08-26 07:00:00+00:00,0.2755,2025-09-09 06:00:00+00:00,0.30305000000000004,10.0,9.8,True,335,13.96,4.833
ARBUSDT,2025-08-27 21:00:00+00:00,0.514,2025-10-26 20:00:00+00:00,0.327,-36.381,-36.581,False,1439,59.96,3.768
TRXUSDT,2025-08-27 21:00:00+00:00,0.3479,2025-10-26 20:00:00+00:00,0.2989,-14.085,-14.285,False,1439,59.96,3.688
LTCUSDT,2025-08-27 21:00:00+00:00,113.83,2025-10-09 22:00:00+00:00,125.21300000000001,10.0,9.8,True,1033,43.04,2.768
AAVEUSDT,2025-08-27 21:00:00+00:00,324.93,2025-10-26 20:00:00+00:00,235.98,-27.375,-27.575,False,1439,59.96,3.161
BTCUSDT,2025-08-29 07:00:00+00:00,111279.45,2025-10-03 16:00:00+00:00,122407.395,10.0,9.8,True,849,35.38,2.955
XRPUSDT,2025-08-29 07:00:00+00:00,2.9007,2025-10-28 06:00:00+00:00,2.6482,-8.705,-8.905,False,1439,59.96,3.12
BCHUSDT,2025-08-29 11:00:00+00:00,536.5,2025-09-03 03:00:00+00:00,590.1500000000001,10.0,9.8,True,112,4.67,2.665
CHZUSDT,2025-08-29 12:00:00+00:00,0.03928,2025-09-09 07:00:00+00:00,0.043208,10.0,9.8,True,259,10.79,4.225
ETHUSDT,2025-08-29 13:00:00+00:00,4407.37,2025-10-28 12:00:00+00:00,4121.97,-6.476,-6.676,False,1439,59.96,2.627
LTCUSDT,2025-08-29 13:00:00+00:00,110.93,2025-10-02 10:00:00+00:00,122.02300000000001,10.0,9.8,True,813,33.88,2.943
BTCUSDT,2025-08-29 13:00:00+00:00,110728.01,2025-10-03 15:00:00+00:00,121800.811,10.0,9.8,True,842,35.08,2.559
TRXUSDT,2025-08-29 13:00:00+00:00,0.3399,2025-10-28 12:00:00+00:00,0.2981,-12.298,-12.498,False,1439,59.96,3.364
DOGEUSDT,2025-08-29 13:00:00+00:00,0.21902,2025-09-08 21:00:00+00:00,0.24092200000000003,10.0,9.8,True,248,10.33,3.266
SUIUSDT,2025-08-29 13:00:00+00:00,3.3662,2025-09-11 12:00:00+00:00,3.7028200000000004,10.0,9.8,True,311,12.96,4.13
APTUSDT,2025-08-29 13:00:00+00:00,4.312,2025-09-13 12:00:00+00:00,4.743200000000001,10.0,9.8,True,359,14.96,3.002
SHIBUSDT,2025-08-29 13:00:00+00:00,1.231e-05,2025-09-12 16:00:00+00:00,1.3541000000000001e-05,10.0,9.8,True,339,14.12,7.216
NEARUSDT,2025-08-29 15:00:00+00:00,2.436,2025-09-09 06:00:00+00:00,2.6796,10.0,9.8,True,255,10.62,3.15
FILUSDT,2025-08-29 15:00:00+00:00,2.278,2025-09-01 08:00:00+00:00,2.5058000000000002,10.0,9.8,True,65,2.71,2.627
ETHUSDT,2025-08-29 15:00:00+00:00,4282.48,2025-09-12 22:00:00+00:00,4710.728,10.0,9.8,True,343,14.29,2.696
ETCUSDT,2025-08-29 15:00:00+00:00,20.77,2025-10-28 14:00:00+00:00,16.4,-21.04,-21.24,False,1439,59.96,2.861
SHIBUSDT,2025-08-29 15:00:00+00:00,1.214e-05,2025-09-12 00:00:00+00:00,1.3354000000000001e-05,10.0,9.8,True,321,13.38,4.286
APTUSDT,2025-08-29 15:00:00+00:00,4.251,2025-09-13 08:00:00+00:00,4.676100000000001,10.0,9.8,True,353,14.71,2.548
OPUSDT,2025-08-29 15:00:00+00:00,0.6909,2025-09-09 00:00:00+00:00,0.75999,10.0,9.8,True,249,10.38,3.972
AXSUSDT,2025-08-30 04:00:00+00:00,2.282,2025-08-31 00:00:00+00:00,2.5102,10.0,9.8,True,20,0.83,4.2
TRXUSDT,2025-08-31 01:00:00+00:00,0.3411,2025-10-30 00:00:00+00:00,0.2964,-13.105,-13.305,False,1439,59.96,2.787
SANDUSDT,2025-08-31 01:00:00+00:00,0.28,2025-09-12 18:00:00+00:00,0.30800000000000005,10.0,9.8,True,305,12.71,17.695
ENJUSDT,2025-08-31 01:00:00+00:00,0.0693,2025-10-30 00:00:00+00:00,0.04365,-37.013,-37.213,False,1439,59.96,3.079
ETHUSDT,2025-08-31 01:00:00+00:00,4467.38,2025-10-30 00:00:00+00:00,3922.56,-12.196,-12.396,False,1439,59.96,3.188
NEARUSDT,2025-08-31 01:00:00+00:00,2.467,2025-09-09 09:00:00+00:00,2.7137000000000002,10.0,9.8,True,224,9.33,3.914
BCHUSDT,2025-09-01 00:00:00+00:00,544.2,2025-09-03 05:00:00+00:00,598.6200000000001,10.0,9.8,True,53,2.21,3.189
ETCUSDT,2025-09-01 01:00:00+00:00,20.62,2025-10-31 00:00:00+00:00,15.47,-24.976,-25.176,False,1439,59.96,2.531
SHIBUSDT,2025-09-01 04:00:00+00:00,1.202e-05,2025-09-11 22:00:00+00:00,1.3222000000000001e-05,10.0,9.8,True,258,10.75,2.766
ETCUSDT,2025-09-01 05:00:00+00:00,20.39,2025-09-13 13:00:00+00:00,22.429000000000002,10.0,9.8,True,296,12.33,3.367
UNIUSDT,2025-09-01 05:00:00+00:00,9.383,2025-09-13 10:00:00+00:00,10.321299999999999,10.0,9.8,True,293,12.21,3.594
DOGEUSDT,2025-09-01 05:00:00+00:00,0.20923,2025-09-08 02:00:00+00:00,0.23015300000000002,10.0,9.8,True,165,6.88,2.872
SUIUSDT,2025-09-01 05:00:00+00:00,3.1605,2025-09-08 10:00:00+00:00,3.47655,10.0,9.8,True,173,7.21,3.046
MANAUSDT,2025-09-01 05:00:00+00:00,0.28,2025-09-03 14:00:00+00:00,0.30800000000000005,10.0,9.8,True,57,2.38,2.909
XLMUSDT,2025-09-01 07:00:00+00:00,0.3489,2025-09-08 14:00:00+00:00,0.38379,10.0,9.8,True,175,7.29,2.668
NEARUSDT,2025-09-01 08:00:00+00:00,2.413,2025-09-09 04:00:00+00:00,2.6543,10.0,9.8,True,188,7.83,2.726
SUIUSDT,2025-09-01 08:00:00+00:00,3.2879,2025-09-09 08:00:00+00:00,3.61669,10.0,9.8,True,192,8.0,3.275
FILUSDT,2025-09-01 08:00:00+00:00,2.361,2025-09-13 09:00:00+00:00,2.5971000000000006,10.0,9.8,True,289,12.04,7.233
TRXUSDT,2025-09-01 08:00:00+00:00,0.3402,2025-10-31 07:00:00+00:00,0.295,-13.286,-13.486,False,1439,59.96,2.604
DOGEUSDT,2025-09-01 08:00:00+00:00,0.218,2025-09-08 13:00:00+00:00,0.2398,10.0,9.8,True,173,7.21,4.048
BNBUSDT,2025-09-01 08:00:00+00:00,865.57,2025-09-16 17:00:00+00:00,952.1270000000002,10.0,9.8,True,369,15.38,2.945
ETHUSDT,2025-09-01 08:00:00+00:00,4463.29,2025-10-31 07:00:00+00:00,3831.49,-14.155,-14.355,False,1439,59.96,2.65
XRPUSDT,2025-09-01 08:00:00+00:00,2.7943,2025-09-12 18:00:00+00:00,3.07373,10.0,9.8,True,274,11.42,2.661
ARBUSDT,2025-09-01 08:00:00+00:00,0.5063,2025-09-13 10:00:00+00:00,0.55693,10.0,9.8,True,290,12.08,3.524
DOTUSDT,2025-09-01 08:00:00+00:00,3.821,2025-09-10 13:00:00+00:00,4.203100000000001,10.0,9.8,True,221,9.21,3.626
ADAUSDT,2025-09-01 08:00:00+00:00,0.8383,2025-09-13 00:00:00+00:00,0.9221300000000001,10.0,9.8,True,280,11.67,8.28
AVAXUSDT,2025-09-01 08:00:00+00:00,23.79,2025-09-09 10:00:00+00:00,26.169,10.0,9.8,True,194,8.08,3.426
UNIUSDT,2025-09-01 08:00:00+00:00,9.741,2025-10-31 07:00:00+00:00,5.884,-39.596,-39.796,False,1439,59.96,2.955
ETCUSDT,2025-09-01 08:00:00+00:00,21.04,2025-10-31 07:00:00+00:00,15.68,-25.475,-25.675,False,1439,59.96,2.909
BTCUSDT,2025-09-01 08:00:00+00:00,109432.99,2025-10-02 18:00:00+00:00,120376.28900000002,10.0,9.8,True,754,31.42,2.616
SHIBUSDT,2025-09-01 08:00:00+00:00,1.242e-05,2025-09-12 17:00:00+00:00,1.3662e-05,10.0,9.8,True,273,11.38,5.44
BCHUSDT,2025-09-01 08:00:00+00:00,549.6,2025-09-03 05:00:00+00:00,604.5600000000001,10.0,9.8,True,45,1.88,2.774
ATOMUSDT,2025-09-01 09:00:00+00:00,4.584,2025-10-31 08:00:00+00:00,3.02,-34.119,-34.319,False,1439,59.96,3.193
LTCUSDT,2025-09-01 09:00:00+00:00,111.25,2025-10-02 10:00:00+00:00,122.37500000000001,10.0,9.8,True,745,31.04,4.18
OPUSDT,2025-09-01 09:00:00+00:00,0.7177,2025-09-09 00:00:00+00:00,0.7894700000000001,10.0,9.8,True,183,7.62,3.641
APTUSDT,2025-09-01 09:00:00+00:00,4.386,2025-10-01 22:00:00+00:00,4.8246,10.0,9.8,True,733,30.54,9.751
AXSUSDT,2025-09-02 01:00:00+00:00,2.307,2025-09-08 22:00:00+00:00,2.5377,10.0,9.8,True,165,6.88,2.918
BCHUSDT,2025-09-02 02:00:00+00:00,557.3,2025-09-05 13:00:00+00:00,613.03,10.0,9.8,True,83,3.46,4.598
CHZUSDT,2025-09-04 12:00:00+00:00,0.03913,2025-09-09 06:00:00+00:00,0.043043000000000005,10.0,9.8,True,114,4.75,3.685
AXSUSDT,2025-09-04 12:00:00+00:00,2.352,2025-09-11 07:00:00+00:00,2.5872,10.0,9.8,True,163,6.79,2.821
AVAXUSDT,2025-09-04 13:00:00+00:00,24.71,2025-09-10 12:00:00+00:00,27.181000000000004,10.0,9.8,True,143,5.96,2.654
OPUSDT,2025-09-04 15:00:00+00:00,0.694,2025-09-09 00:00:00+00:00,0.7634,10.0,9.8,True,105,4.38,2.594
DOTUSDT,2025-09-04 15:00:00+00:00,3.766,2025-09-09 07:00:00+00:00,4.142600000000001,10.0,9.8,True,112,4.67,2.642
UNIUSDT,2025-09-04 15:00:00+00:00,9.337,2025-09-13 03:00:00+00:00,10.2707,10.0,9.8,True,204,8.5,3.47
DOGEUSDT,2025-09-04 15:00:00+00:00,0.21424,2025-09-08 12:00:00+00:00,0.23566400000000004,10.0,9.8,True,93,3.88,2.626
AVAXUSDT,2025-09-04 16:00:00+00:00,24.73,2025-09-10 12:00:00+00:00,27.203000000000003,10.0,9.8,True,140,5.83,2.94
FILUSDT,2025-09-04 19:00:00+00:00,2.241,2025-09-08 06:00:00+00:00,2.4651000000000005,10.0,9.8,True,83,3.46,2.716
SHIBUSDT,2025-09-04 21:00:00+00:00,1.208e-05,2025-09-12 00:00:00+00:00,1.3288e-05,10.0,9.8,True,171,7.12,2.669
ATOMUSDT,2025-09-04 21:00:00+00:00,4.38,2025-09-13 08:00:00+00:00,4.8180000000000005,10.0,9.8,True,203,8.46,2.899
BCHUSDT,2025-09-06 13:00:00+00:00,590.8,2025-09-18 13:00:00+00:00,649.88,10.0,9.8,True,288,12.0,4.284
ETCUSDT,2025-09-06 17:00:00+00:00,20.21,2025-09-13 08:00:00+00:00,22.231,10.0,9.8,True,159,6.62,3.205
CHZUSDT,2025-09-06 17:00:00+00:00,0.0393,2025-09-09 07:00:00+00:00,0.043230000000000005,10.0,9.8,True,62,2.58,2.767
ETHUSDT,2025-09-06 17:00:00+00:00,4289.97,2025-09-12 22:00:00+00:00,4718.967000000001,10.0,9.8,True,149,6.21,4.746
TRXUSDT,2025-09-06 23:00:00+00:00,0.3103,2025-09-11 01:00:00+00:00,0.34133,10.0,9.8,True,98,4.08,6.803
TRXUSDT,2025-09-07 01:00:00+00:00,0.32,2025-09-12 22:00:00+00:00,0.35200000000000004,10.0,9.8,True,141,5.88,3.159
TRXUSDT,2025-09-07 03:00:00+00:00,0.3268,2025-11-06 02:00:00+00:00,0.289,-11.567,-11.767,False,1439,59.96,4.025
BCHUSDT,2025-09-08 08:00:00+00:00,593.3,2025-11-07 07:00:00+00:00,487.8,-17.782,-17.982,False,1439,59.96,8.222
BCHUSDT,2025-09-08 10:00:00+00:00,597.4,2025-11-07 09:00:00+00:00,485.6,-18.714,-18.914,False,1439,59.96,7.444
LTCUSDT,2025-09-08 15:00:00+00:00,113.39,2025-10-03 18:00:00+00:00,124.72900000000001,10.0,9.8,True,603,25.12,2.59
UNIUSDT,2025-09-09 05:00:00+00:00,9.524,2025-11-08 04:00:00+00:00,6.024,-36.749,-36.949,False,1439,59.96,2.669
BCHUSDT,2025-09-09 07:00:00+00:00,582.7,2025-09-18 03:00:00+00:00,640.9700000000001,10.0,9.8,True,212,8.83,3.012
TRXUSDT,2025-09-09 07:00:00+00:00,0.3349,2025-11-08 06:00:00+00:00,0.2915,-12.959,-13.159,False,1439,59.96,5.947
TRXUSDT,2025-09-09 09:00:00+00:00,0.337,2025-11-08 08:00:00+00:00,0.2922,-13.294,-13.494,False,1439,59.96,4.896
AXSUSDT,2025-09-10 00:00:00+00:00,2.489,2025-11-08 23:00:00+00:00,1.48,-40.538,-40.738,False,1439,59.96,3.814
ARBUSDT,2025-09-10 13:00:00+00:00,0.5132,2025-11-09 12:00:00+00:00,0.2933,-42.849,-43.049,False,1439,59.96,3.461
BCHUSDT,2025-09-11 05:00:00+00:00,594.9,2025-11-10 04:00:00+00:00,504.8,-15.145,-15.345,False,1439,59.96,6.778
ATOMUSDT,2025-09-11 13:00:00+00:00,4.641,2025-11-10 12:00:00+00:00,3.067,-33.915,-34.115,False,1439,59.96,5.622
ATOMUSDT,2025-09-12 13:00:00+00:00,4.655,2025-11-11 12:00:00+00:00,2.994,-35.682,-35.882,False,1439,59.96,4.558
FILUSDT,2025-09-12 18:00:00+00:00,2.536,2025-11-07 16:00:00+00:00,2.7896,10.0,9.8,True,1342,55.92,2.548
UNIUSDT,2025-09-14 05:00:00+00:00,9.586,2025-11-13 04:00:00+00:00,8.051,-16.013,-16.213,False,1439,59.96,6.938
BTCUSDT,2025-09-14 15:00:00+00:00,115401.75,2025-11-13 14:00:00+00:00,102873.14,-10.857,-11.057,False,1439,59.96,3.157
APTUSDT,2025-09-14 15:00:00+00:00,4.486,2025-10-02 04:00:00+00:00,4.9346000000000005,10.0,9.8,True,421,17.54,2.992
SHIBUSDT,2025-09-14 15:00:00+00:00,1.364e-05,2025-11-13 14:00:00+00:00,9.81e-06,-28.079,-28.279,False,1439,59.96,2.924
UNIUSDT,2025-09-14 15:00:00+00:00,9.427,2025-11-13 14:00:00+00:00,8.076,-14.331,-14.531,False,1439,59.96,3.089
FILUSDT,2025-09-14 15:00:00+00:00,2.489,2025-11-07 16:00:00+00:00,2.7379000000000002,10.0,9.8,True,1297,54.04,3.493
XLMUSDT,2025-09-14 15:00:00+00:00,0.3867,2025-11-13 14:00:00+00:00,0.2879,-25.55,-25.75,False,1439,59.96,4.243
ADAUSDT,2025-09-14 15:00:00+00:00,0.8858,2025-11-13 14:00:00+00:00,0.564,-36.329,-36.529,False,1439,59.96,2.723
OPUSDT,2025-09-14 15:00:00+00:00,0.7751,2025-09-19 01:00:00+00:00,0.8526100000000001,10.0,9.8,True,106,4.42,2.689
ARBUSDT,2025-09-14 15:00:00+00:00,0.5105,2025-11-13 14:00:00+00:00,0.2684,-47.424,-47.624,False,1439,59.96,3.268
NEARUSDT,2025-09-14 15:00:00+00:00,2.69,2025-09-18 14:00:00+00:00,2.959,10.0,9.8,True,95,3.96,2.756
ETCUSDT,2025-09-15 02:00:00+00:00,21.17,2025-11-14 01:00:00+00:00,14.94,-29.428,-29.628,False,1439,59.96,3.45
MANAUSDT,2025-09-15 02:00:00+00:00,0.3589,2025-11-14 01:00:00+00:00,0.2108,-41.265,-41.465,False,1439,59.96,2.957
SHIBUSDT,2025-09-15 10:00:00+00:00,1.313e-05,2025-11-14 09:00:00+00:00,9.11e-06,-30.617,-30.817,False,1439,59.96,2.863
AXSUSDT,2025-09-15 10:00:00+00:00,2.469,2025-11-14 09:00:00+00:00,1.25,-49.372,-49.572,False,1439,59.96,3.89
LTCUSDT,2025-09-15 14:00:00+00:00,113.83,2025-10-09 22:00:00+00:00,125.21300000000001,10.0,9.8,True,584,24.33,2.554
ENJUSDT,2025-09-15 16:00:00+00:00,0.067,2025-11-14 15:00:00+00:00,0.0397,-40.746,-40.946,False,1439,59.96,3.877
AXSUSDT,2025-09-16 07:00:00+00:00,2.417,2025-11-15 06:00:00+00:00,1.294,-46.463,-46.663,False,1439,59.96,3.166
AAVEUSDT,2025-09-16 18:00:00+00:00,297.35,2025-11-15 17:00:00+00:00,182.73,-38.547,-38.747,False,1439,59.96,2.653
AVAXUSDT,2025-09-17 18:00:00+00:00,29.67,2025-09-18 02:00:00+00:00,32.63700000000001,10.0,9.8,True,8,0.33,3.698
CHZUSDT,2025-09-17 18:00:00+00:00,0.04116,2025-10-01 09:00:00+00:00,0.045276000000000004,10.0,9.8,True,327,13.62,4.016
DOGEUSDT,2025-09-17 18:00:00+00:00,0.26175,2025-09-18 16:00:00+00:00,0.287925,10.0,9.8,True,22,0.92,2.753
ENJUSDT,2025-09-17 18:00:00+00:00,0.0683,2025-11-16 17:00:00+00:00,0.03635,-46.779,-46.979,False,1439,59.96,2.793
AAVEUSDT,2025-09-17 18:00:00+00:00,290.92,2025-11-16 17:00:00+00:00,170.02,-41.558,-41.758,False,1439,59.96,3.059
ADAUSDT,2025-09-17 18:00:00+00:00,0.8642,2025-11-16 17:00:00+00:00,0.4811,-44.33,-44.53,False,1439,59.96,3.241
SHIBUSDT,2025-09-17 18:00:00+00:00,1.292e-05,2025-11-16 17:00:00+00:00,8.73e-06,-32.43,-32.63,False,1439,59.96,2.952
MANAUSDT,2025-09-17 19:00:00+00:00,0.337,2025-11-16 18:00:00+00:00,0.1959,-41.869,-42.069,False,1439,59.96,4.177
BCHUSDT,2025-09-17 19:00:00+00:00,594.9,2025-11-16 18:00:00+00:00,476.5,-19.903,-20.103,False,1439,59.96,3.388
AXSUSDT,2025-09-17 19:00:00+00:00,2.416,2025-11-16 18:00:00+00:00,1.203,-50.207,-50.407,False,1439,59.96,3.531
BNBUSDT,2025-09-17 19:00:00+00:00,954.1,2025-09-21 00:00:00+00:00,1049.5100000000002,10.0,9.8,True,77,3.21,3.59
LINKUSDT,2025-09-17 19:00:00+00:00,22.95,2025-11-16 18:00:00+00:00,13.56,-40.915,-41.115,False,1439,59.96,6.234
FILUSDT,2025-09-17 19:00:00+00:00,2.492,2025-11-07 16:00:00+00:00,2.7412,10.0,9.8,True,1221,50.88,3.343
TRXUSDT,2025-09-17 19:00:00+00:00,0.339,2025-11-16 18:00:00+00:00,0.2896,-14.572,-14.772,False,1439,59.96,5.268
SUIUSDT,2025-09-17 19:00:00+00:00,3.5742,2025-09-18 14:00:00+00:00,3.93162,10.0,9.8,True,19,0.79,7.461
DOTUSDT,2025-09-17 19:00:00+00:00,4.179,2025-09-19 00:00:00+00:00,4.596900000000001,10.0,9.8,True,29,1.21,5.759
AXSUSDT,2025-09-17 21:00:00+00:00,2.456,2025-11-16 20:00:00+00:00,1.213,-50.611,-50.811,False,1439,59.96,2.579
XRPUSDT,2025-09-19 16:00:00+00:00,3.0103,2025-11-18 15:00:00+00:00,2.2136,-26.466,-26.666,False,1439,59.96,2.539
LTCUSDT,2025-09-19 16:00:00+00:00,115.47,2025-10-09 22:00:00+00:00,127.01700000000001,10.0,9.8,True,486,20.25,2.65
ETCUSDT,2025-09-20 00:00:00+00:00,20.2,2025-11-18 23:00:00+00:00,14.65,-27.475,-27.675,False,1439,59.96,2.514
SANDUSDT,2025-09-20 05:00:00+00:00,0.3006,2025-11-19 04:00:00+00:00,0.1749,-41.816,-42.016,False,1439,59.96,2.945
AVAXUSDT,2025-09-20 16:00:00+00:00,33.62,2025-11-19 15:00:00+00:00,14.07,-58.15,-58.35,False,1439,59.96,3.688
MANAUSDT,2025-09-20 23:00:00+00:00,0.3243,2025-10-05 03:00:00+00:00,0.35673,10.0,9.8,True,340,14.17,3.127
TRXUSDT,2025-09-21 03:00:00+00:00,0.3456,2025-11-20 02:00:00+00:00,0.2873,-16.869,-17.069,False,1439,59.96,2.884
TRXUSDT,2025-09-21 14:00:00+00:00,0.3442,2025-11-20 13:00:00+00:00,0.2848,-17.257,-17.457,False,1439,59.96,4.669
SHIBUSDT,2025-09-21 23:00:00+00:00,1.282e-05,2025-11-20 22:00:00+00:00,8.45e-06,-34.087,-34.287,False,1439,59.96,3.028
OPUSDT,2025-09-22 01:00:00+00:00,0.7552,2025-11-21 00:00:00+00:00,0.3656,-51.589,-51.789,False,1439,59.96,5.846
ADAUSDT,2025-09-22 01:00:00+00:00,0.8643,2025-11-21 00:00:00+00:00,0.4363,-49.52,-49.72,False,1439,59.96,6.308
SOLUSDT,2025-09-22 02:00:00+00:00,233.18,2025-11-21 01:00:00+00:00,134.24,-42.431,-42.631,False,1439,59.96,3.181
AVAXUSDT,2025-09-22 02:00:00+00:00,31.83,2025-09-23 03:00:00+00:00,35.013,10.0,9.8,True,25,1.04,2.947
BCHUSDT,2025-09-22 02:00:00+00:00,588.6,2025-11-21 01:00:00+00:00,485.8,-17.465,-17.665,False,1439,59.96,4.373
APTUSDT,2025-09-22 02:00:00+00:00,4.503,2025-10-02 04:00:00+00:00,4.9533000000000005,10.0,9.8,True,242,10.08,3.066
BTCUSDT,2025-09-22 06:00:00+00:00,113691.18,2025-10-05 04:00:00+00:00,125060.298,10.0,9.8,True,310,12.92,2.56
BNBUSDT,2025-09-22 07:00:00+00:00,1023.97,2025-10-03 13:00:00+00:00,1126.3670000000002,10.0,9.8,True,270,11.25,5.662
AVAXUSDT,2025-09-22 07:00:00+00:00,30.93,2025-09-23 00:00:00+00:00,34.023,10.0,9.8,True,17,0.71,7.196
SOLUSDT,2025-09-22 07:00:00+00:00,224.44,2025-11-21 06:00:00+00:00,130.87,-41.69,-41.89,False,1439,59.96,10.814
NEARUSDT,2025-09-22 07:00:00+00:00,2.878,2025-10-05 08:00:00+00:00,3.1658000000000004,10.0,9.8,True,313,13.04,9.214
ENJUSDT,2025-09-22 10:00:00+00:00,0.062,2025-11-21 09:00:00+00:00,0.03206,-48.29,-48.49,False,1439,59.96,2.823
SANDUSDT,2025-09-22 10:00:00+00:00,0.2692,2025-10-10 21:00:00+00:00,0.29612,10.0,9.8,True,443,18.46,5.28
TRXUSDT,2025-09-22 12:00:00+00:00,0.3409,2025-11-21 11:00:00+00:00,0.2756,-19.155,-19.355,False,1439,59.96,3.631
XRPUSDT,2025-09-24 05:00:00+00:00,2.8402,2025-11-23 04:00:00+00:00,2.0654,-27.28,-27.48,False,1439,59.96,2.609
XLMUSDT,2025-09-24 05:00:00+00:00,0.3626,2025-10-02 00:00:00+00:00,0.39886,10.0,9.8,True,187,7.79,2.985
UNIUSDT,2025-09-24 05:00:00+00:00,8.012,2025-11-10 21:00:00+00:00,8.813200000000002,10.0,9.8,True,1144,47.67,3.089
ADAUSDT,2025-09-24 05:00:00+00:00,0.8059,2025-10-03 16:00:00+00:00,0.88649,10.0,9.8,True,227,9.46,4.802
SOLUSDT,2025-09-24 05:00:00+00:00,208.04,2025-10-02 16:00:00+00:00,228.84400000000002,10.0,9.8,True,203,8.46,5.17
BTCUSDT,2025-09-24 05:00:00+00:00,112161.94,2025-10-03 16:00:00+00:00,123378.134,10.0,9.8,True,227,9.46,2.69
LINKUSDT,2025-09-24 05:00:00+00:00,21.39,2025-10-06 20:00:00+00:00,23.529000000000003,10.0,9.8,True,303,12.62,4.014
XLMUSDT,2025-09-24 07:00:00+00:00,0.3671,2025-10-02 00:00:00+00:00,0.40381,10.0,9.8,True,185,7.71,2.841
LINKUSDT,2025-09-24 07:00:00+00:00,21.75,2025-11-23 06:00:00+00:00,12.42,-42.897,-43.097,False,1439,59.96,10.396
ADAUSDT,2025-09-25 03:00:00+00:00,0.8073,2025-10-03 16:00:00+00:00,0.8880300000000001,10.0,9.8,True,205,8.54,2.772
BCHUSDT,2025-09-25 03:00:00+00:00,554.7,2025-10-03 15:00:00+00:00,610.1700000000001,10.0,9.8,True,204,8.5,4.985
ETHUSDT,2025-09-25 03:00:00+00:00,4102.22,2025-10-02 19:00:00+00:00,4512.442000000001,10.0,9.8,True,184,7.67,2.847
UNIUSDT,2025-09-25 04:00:00+00:00,7.799,2025-10-10 03:00:00+00:00,8.5789,10.0,9.8,True,359,14.96,3.935
TRXUSDT,2025-09-25 06:00:00+00:00,0.3355,2025-11-24 05:00:00+00:00,0.2773,-17.347,-17.547,False,1439,59.96,3.316
ETCUSDT,2025-09-25 07:00:00+00:00,18.3,2025-10-02 19:00:00+00:00,20.130000000000003,10.0,9.8,True,180,7.5,2.545
DOTUSDT,2025-09-25 09:00:00+00:00,3.92,2025-10-02 13:00:00+00:00,4.312,10.0,9.8,True,172,7.17,3.075
AXSUSDT,2025-09-25 11:00:00+00:00,2.113,2025-10-03 16:00:00+00:00,2.3243,10.0,9.8,True,197,8.21,13.628
DOTUSDT,2025-09-25 13:00:00+00:00,3.901,2025-10-02 13:00:00+00:00,4.2911,10.0,9.8,True,168,7.0,4.934
APTUSDT,2025-09-25 13:00:00+00:00,4.082,2025-10-01 01:00:00+00:00,4.490200000000001,10.0,9.8,True,132,5.5,5.015
SUIUSDT,2025-09-25 13:00:00+00:00,3.1698,2025-10-01 15:00:00+00:00,3.4867800000000004,10.0,9.8,True,146,6.08,2.596
NEARUSDT,2025-09-25 13:00:00+00:00,2.853,2025-10-05 07:00:00+00:00,3.1383000000000005,10.0,9.8,True,234,9.75,3.403
CHZUSDT,2025-09-25 13:00:00+00:00,0.03909,2025-10-01 08:00:00+00:00,0.042999,10.0,9.8,True,139,5.79,2.642
ATOMUSDT,2025-09-25 13:00:00+00:00,4.067,2025-11-24 12:00:00+00:00,2.424,-40.398,-40.598,False,1439,59.96,3.95
FILUSDT,2025-09-25 13:00:00+00:00,2.196,2025-10-03 16:00:00+00:00,2.4156000000000004,10.0,9.8,True,195,8.12,4.098
SHIBUSDT,2025-09-25 13:00:00+00:00,1.177e-05,2025-10-05 10:00:00+00:00,1.2947000000000002e-05,10.0,9.8,True,237,9.88,4.049
BCHUSDT,2025-09-25 13:00:00+00:00,547.5,2025-10-03 04:00:00+00:00,602.25,10.0,9.8,True,183,7.62,2.764
LTCUSDT,2025-09-25 13:00:00+00:00,103.89,2025-10-01 22:00:00+00:00,114.27900000000001,10.0,9.8,True,153,6.38,3.947
MANAUSDT,2025-09-25 13:00:00+00:00,0.2854,2025-10-02 01:00:00+00:00,0.31394,10.0,9.8,True,156,6.5,3.466
XLMUSDT,2025-09-25 13:00:00+00:00,0.3591,2025-10-01 19:00:00+00:00,0.39501000000000003,10.0,9.8,True,150,6.25,3.78
LINKUSDT,2025-09-25 13:00:00+00:00,20.87,2025-10-02 18:00:00+00:00,22.957000000000004,10.0,9.8,True,173,7.21,5.382
SANDUSDT,2025-09-25 13:00:00+00:00,0.2653,2025-10-03 16:00:00+00:00,0.29183,10.0,9.8,True,195,8.12,2.695
AXSUSDT,2025-09-25 13:00:00+00:00,2.12,2025-10-03 16:00:00+00:00,2.3320000000000003,10.0,9.8,True,195,8.12,2.589
ETCUSDT,2025-09-25 13:00:00+00:00,18.25,2025-10-02 19:00:00+00:00,20.075000000000003,10.0,9.8,True,174,7.25,3.781
TRXUSDT,2025-09-25 13:00:00+00:00,0.3317,2025-11-24 12:00:00+00:00,0.2762,-16.732,-16.932,False,1439,59.96,2.613
DOGEUSDT,2025-09-25 13:00:00+00:00,0.22958,2025-10-02 01:00:00+00:00,0.25253800000000004,10.0,9.8,True,156,6.5,3.799
OPUSDT,2025-09-25 13:00:00+00:00,0.6685,2025-10-02 12:00:00+00:00,0.7353500000000001,10.0,9.8,True,167,6.96,2.755
ARBUSDT,2025-09-25 13:00:00+00:00,0.4191,2025-10-06 14:00:00+00:00,0.46101000000000003,10.0,9.8,True,265,11.04,5.052
ENJUSDT,2025-09-25 13:00:00+00:00,0.0605,2025-11-24 12:00:00+00:00,0.0326,-46.116,-46.316,False,1439,59.96,3.289
UNIUSDT,2025-09-25 13:00:00+00:00,7.67,2025-10-03 16:00:00+00:00,8.437000000000001,10.0,9.8,True,195,8.12,2.768
ADAUSDT,2025-09-25 13:00:00+00:00,0.7847,2025-10-02 06:00:00+00:00,0.86317,10.0,9.8,True,161,6.71,4.322
SANDUSDT,2025-09-25 16:00:00+00:00,0.2659,2025-10-03 16:00:00+00:00,0.29249,10.0,9.8,True,192,8.0,4.079
BNBUSDT,2025-09-25 17:00:00+00:00,980.92,2025-10-02 20:00:00+00:00,1079.012,10.0,9.8,True,171,7.12,2.787
NEARUSDT,2025-09-25 18:00:00+00:00,2.783,2025-10-03 16:00:00+00:00,3.0613,10.0,9.8,True,190,7.92,2.605
BCHUSDT,2025-09-26 08:00:00+00:00,545.5,2025-10-03 04:00:00+00:00,600.0500000000001,10.0,9.8,True,164,6.83,2.707
AVAXUSDT,2025-09-26 17:00:00+00:00,28.81,2025-11-25 16:00:00+00:00,13.94,-51.614,-51.814,False,1439,59.96,2.709
FILUSDT,2025-09-28 05:00:00+00:00,2.164,2025-10-02 17:00:00+00:00,2.3804000000000003,10.0,9.8,True,108,4.5,2.78
SANDUSDT,2025-09-28 09:00:00+00:00,0.2587,2025-10-02 01:00:00+00:00,0.28457,10.0,9.8,True,88,3.67,3.133
AXSUSDT,2025-09-28 09:00:00+00:00,2.097,2025-10-03 15:00:00+00:00,2.3067,10.0,9.8,True,126,5.25,4.583
DOTUSDT,2025-09-28 09:00:00+00:00,3.81,2025-10-02 04:00:00+00:00,4.191000000000001,10.0,9.8,True,91,3.79,3.28
UNIUSDT,2025-09-28 14:00:00+00:00,7.526,2025-10-02 01:00:00+00:00,8.2786,10.0,9.8,True,83,3.46,4.089
ENJUSDT,2025-09-28 14:00:00+00:00,0.06,2025-10-02 06:00:00+00:00,0.066,10.0,9.8,True,88,3.67,3.069
DOTUSDT,2025-09-28 14:00:00+00:00,3.863,2025-10-02 06:00:00+00:00,4.249300000000001,10.0,9.8,True,88,3.67,3.567
AVAXUSDT,2025-09-28 14:00:00+00:00,28.91,2025-11-27 13:00:00+00:00,14.96,-48.253,-48.453,False,1439,59.96,2.545
SUIUSDT,2025-09-28 14:00:00+00:00,3.1557,2025-10-01 15:00:00+00:00,3.47127,10.0,9.8,True,73,3.04,4.904
MANAUSDT,2025-09-28 14:00:00+00:00,0.2845,2025-10-02 01:00:00+00:00,0.31295,10.0,9.8,True,83,3.46,5.212
TRXUSDT,2025-09-28 23:00:00+00:00,0.3352,2025-11-27 22:00:00+00:00,0.2799,-16.498,-16.698,False,1439,59.96,3.495
ATOMUSDT,2025-09-29 14:00:00+00:00,4.073,2025-11-28 13:00:00+00:00,2.503,-38.547,-38.747,False,1439,59.96,5.198
FILUSDT,2025-09-29 14:00:00+00:00,2.191,2025-10-03 16:00:00+00:00,2.4101,10.0,9.8,True,98,4.08,3.005
ADAUSDT,2025-09-29 14:00:00+00:00,0.8067,2025-10-03 16:00:00+00:00,0.88737,10.0,9.8,True,98,4.08,3.287
LINKUSDT,2025-09-29 14:00:00+00:00,21.36,2025-10-06 19:00:00+00:00,23.496000000000002,10.0,9.8,True,173,7.21,4.129
SOLUSDT,2025-09-29 14:00:00+00:00,208.87,2025-10-02 17:00:00+00:00,229.75700000000003,10.0,9.8,True,75,3.12,2.578
ARBUSDT,2025-09-29 14:00:00+00:00,0.4172,2025-10-03 16:00:00+00:00,0.45892000000000005,10.0,9.8,True,98,4.08,3.155
DOTUSDT,2025-09-29 14:00:00+00:00,3.944,2025-10-02 18:00:00+00:00,4.3384,10.0,9.8,True,76,3.17,3.943
NEARUSDT,2025-09-29 14:00:00+00:00,2.764,2025-10-03 16:00:00+00:00,3.0404,10.0,9.8,True,98,4.08,3.196
DOGEUSDT,2025-09-29 14:00:00+00:00,0.23399,2025-10-02 07:00:00+00:00,0.25738900000000003,10.0,9.8,True,65,2.71,4.469
SUIUSDT,2025-09-29 14:00:00+00:00,3.2739,2025-10-02 18:00:00+00:00,3.60129,10.0,9.8,True,76,3.17,3.192
OPUSDT,2025-09-29 14:00:00+00:00,0.6748,2025-10-02 18:00:00+00:00,0.74228,10.0,9.8,True,76,3.17,2.904
TRXUSDT,2025-09-29 14:00:00+00:00,0.3345,2025-11-28 13:00:00+00:00,0.2802,-16.233,-16.433,False,1439,59.96,3.215
AAVEUSDT,2025-09-29 14:00:00+00:00,273.95,2025-10-03 16:00:00+00:00,301.345,10.0,9.8,True,98,4.08,3.233
CHZUSDT,2025-09-29 15:00:00+00:00,0.04,2025-10-01 08:00:00+00:00,0.044000000000000004,10.0,9.8,True,41,1.71,2.972
ENJUSDT,2025-09-29 15:00:00+00:00,0.062,2025-11-28 14:00:00+00:00,0.03354,-45.903,-46.103,False,1439,59.96,4.188
MANAUSDT,2025-09-29 15:00:00+00:00,0.2953,2025-10-02 15:00:00+00:00,0.32483,10.0,9.8,True,72,3.0,4.121
SHIBUSDT,2025-09-29 15:00:00+00:00,1.199e-05,2025-11-28 14:00:00+00:00,8.87e-06,-26.022,-26.222,False,1439,59.96,2.885
UNIUSDT,2025-09-29 15:00:00+00:00,7.814,2025-10-10 03:00:00+00:00,8.595400000000001,10.0,9.8,True,252,10.5,4.162
LTCUSDT,2025-09-29 15:00:00+00:00,106.57,2025-10-02 00:00:00+00:00,117.227,10.0,9.8,True,57,2.38,6.217
ETCUSDT,2025-09-29 15:00:00+00:00,18.62,2025-10-10 03:00:00+00:00,20.482000000000003,10.0,9.8,True,252,10.5,2.948
AXSUSDT,2025-09-30 08:00:00+00:00,2.081,2025-10-02 18:00:00+00:00,2.2891000000000004,10.0,9.8,True,58,2.42,4.702
APTUSDT,2025-09-30 12:00:00+00:00,4.287,2025-10-01 18:00:00+00:00,4.7157,10.0,9.8,True,30,1.25,2.556
BCHUSDT,2025-09-30 12:00:00+00:00,550.7,2025-10-03 15:00:00+00:00,605.7700000000001,10.0,9.8,True,75,3.12,2.902
ETCUSDT,2025-09-30 13:00:00+00:00,18.33,2025-10-03 16:00:00+00:00,20.163,10.0,9.8,True,75,3.12,2.604
UNIUSDT,2025-09-30 15:00:00+00:00,7.555,2025-10-02 18:00:00+00:00,8.310500000000001,10.0,9.8,True,51,2.12,2.695
AAVEUSDT,2025-09-30 15:00:00+00:00,270.61,2025-10-03 16:00:00+00:00,297.67100000000005,10.0,9.8,True,73,3.04,4.312
AXSUSDT,2025-09-30 16:00:00+00:00,2.04,2025-10-01 18:00:00+00:00,2.244,10.0,9.8,True,26,1.08,3.507
FILUSDT,2025-09-30 16:00:00+00:00,2.151,2025-10-02 17:00:00+00:00,2.3661,10.0,9.8,True,49,2.04,4.056
DOTUSDT,2025-09-30 16:00:00+00:00,3.837,2025-10-02 06:00:00+00:00,4.220700000000001,10.0,9.8,True,38,1.58,2.731
OPUSDT,2025-09-30 16:00:00+00:00,0.6566,2025-10-02 05:00:00+00:00,0.72226,10.0,9.8,True,37,1.54,2.912
MANAUSDT,2025-09-30 16:00:00+00:00,0.2823,2025-10-02 00:00:00+00:00,0.31053000000000003,10.0,9.8,True,32,1.33,2.655
NEARUSDT,2025-09-30 16:00:00+00:00,2.591,2025-10-01 16:00:00+00:00,2.8501000000000003,10.0,9.8,True,24,1.0,3.405
UNIUSDT,2025-09-30 17:00:00+00:00,7.483,2025-10-02 01:00:00+00:00,8.231300000000001,10.0,9.8,True,32,1.33,3.353
ARBUSDT,2025-09-30 17:00:00+00:00,0.4069,2025-10-02 16:00:00+00:00,0.44759000000000004,10.0,9.8,True,47,1.96,2.51
XLMUSDT,2025-09-30 19:00:00+00:00,0.362,2025-10-01 23:00:00+00:00,0.3982,10.0,9.8,True,28,1.17,3.153
SUIUSDT,2025-09-30 20:00:00+00:00,3.2592,2025-10-02 06:00:00+00:00,3.5851200000000003,10.0,9.8,True,34,1.42,3.16
TRXUSDT,2025-09-30 21:00:00+00:00,0.3325,2025-11-29 20:00:00+00:00,0.2813,-15.398,-15.598,False,1439,59.96,2.545
AVAXUSDT,2025-09-30 21:00:00+00:00,30.25,2025-11-29 20:00:00+00:00,14.36,-52.529,-52.729,False,1439,59.96,2.671
LINKUSDT,2025-10-03 16:00:00+00:00,22.73,2025-12-02 15:00:00+00:00,13.3,-41.487,-41.687,False,1439,59.96,4.13
ATOMUSDT,2025-10-03 16:00:00+00:00,4.306,2025-12-02 15:00:00+00:00,2.422,-43.753,-43.953,False,1439,59.96,3.39
ADAUSDT,2025-10-03 17:00:00+00:00,0.8774,2025-12-02 16:00:00+00:00,0.4295,-51.049,-51.249,False,1439,59.96,6.097
SHIBUSDT,2025-10-03 17:00:00+00:00,1.268e-05,2025-12-02 16:00:00+00:00,8.49e-06,-33.044,-33.244,False,1439,59.96,3.926
SOLUSDT,2025-10-03 17:00:00+00:00,233.91,2025-12-02 16:00:00+00:00,139.37,-40.417,-40.617,False,1439,59.96,3.29
ETCUSDT,2025-10-03 17:00:00+00:00,20.02,2025-12-02 16:00:00+00:00,13.79,-31.119,-31.319,False,1439,59.96,2.691
FILUSDT,2025-10-03 17:00:00+00:00,2.399,2025-11-07 16:00:00+00:00,2.6389,10.0,9.8,True,839,34.96,3.551
ARBUSDT,2025-10-03 17:00:00+00:00,0.4542,2025-12-02 16:00:00+00:00,0.2157,-52.51,-52.71,False,1439,59.96,4.784
DOGEUSDT,2025-10-03 17:00:00+00:00,0.25997,2025-12-02 16:00:00+00:00,0.14576,-43.932,-44.132,False,1439,59.96,3.456
FILUSDT,2025-10-04 16:00:00+00:00,2.284,2025-10-10 21:00:00+00:00,2.5124,10.0,9.8,True,149,6.21,3.696
XRPUSDT,2025-10-04 16:00:00+00:00,2.9497,2025-12-03 15:00:00+00:00,2.1689,-26.47,-26.67,False,1439,59.96,3.169
XLMUSDT,2025-10-04 16:00:00+00:00,0.3888,2025-12-03 15:00:00+00:00,0.2575,-33.771,-33.971,False,1439,59.96,3.679
ETHUSDT,2025-10-04 16:00:00+00:00,4455.08,2025-12-03 15:00:00+00:00,3086.12,-30.728,-30.928,False,1439,59.96,2.567
DOTUSDT,2025-10-04 16:00:00+00:00,4.152,2025-12-03 15:00:00+00:00,2.301,-44.581,-44.781,False,1439,59.96,2.692
ARBUSDT,2025-10-04 16:00:00+00:00,0.4282,2025-12-03 15:00:00+00:00,0.2166,-49.416,-49.616,False,1439,59.96,2.804
SOLUSDT,2025-10-04 16:00:00+00:00,224.87,2025-12-03 15:00:00+00:00,141.0,-37.297,-37.497,False,1439,59.96,3.476
AAVEUSDT,2025-10-04 16:00:00+00:00,280.48,2025-12-03 15:00:00+00:00,192.93,-31.214,-31.414,False,1439,59.96,2.929
SANDUSDT,2025-10-04 16:00:00+00:00,0.2763,2025-12-03 15:00:00+00:00,0.1514,-45.204,-45.404,False,1439,59.96,2.818
XLMUSDT,2025-10-06 00:00:00+00:00,0.3961,2025-12-04 23:00:00+00:00,0.2519,-36.405,-36.605,False,1439,59.96,2.521
SANDUSDT,2025-10-06 01:00:00+00:00,0.2749,2025-12-05 00:00:00+00:00,0.149,-45.798,-45.998,False,1439,59.96,2.619
XLMUSDT,2025-10-06 02:00:00+00:00,0.4012,2025-12-05 01:00:00+00:00,0.2532,-36.889,-37.089,False,1439,59.96,2.598
BCHUSDT,2025-10-06 03:00:00+00:00,601.2,2025-12-05 02:00:00+00:00,577.8,-3.892,-4.092,False,1439,59.96,3.201
CHZUSDT,2025-10-07 11:00:00+00:00,0.04411,2025-10-10 21:00:00+00:00,0.04852100000000001,10.0,9.8,True,82,3.42,3.097
BCHUSDT,2025-10-07 13:00:00+00:00,595.1,2025-12-06 12:00:00+00:00,588.7,-1.075,-1.275,False,1439,59.96,3.077
AAVEUSDT,2025-10-07 14:00:00+00:00,288.72,2025-12-06 13:00:00+00:00,185.39,-35.789,-35.989,False,1439,59.96,2.843
TRXUSDT,2025-10-07 14:00:00+00:00,0.3443,2025-12-06 13:00:00+00:00,0.2896,-15.887,-16.087,False,1439,59.96,2.617
XLMUSDT,2025-10-07 14:00:00+00:00,0.399,2025-12-06 13:00:00+00:00,0.2405,-39.724,-39.924,False,1439,59.96,3.629
UNIUSDT,2025-10-07 14:00:00+00:00,8.079,2025-11-10 21:00:00+00:00,8.8869,10.0,9.8,True,823,34.29,3.087
XRPUSDT,2025-10-07 14:00:00+00:00,2.954,2025-12-06 13:00:00+00:00,2.0311,-31.242,-31.442,False,1439,59.96,3.125
ETCUSDT,2025-10-07 14:00:00+00:00,19.76,2025-12-06 13:00:00+00:00,13.27,-32.844,-33.044,False,1439,59.96,2.579
ARBUSDT,2025-10-07 14:00:00+00:00,0.448,2025-12-06 13:00:00+00:00,0.2038,-54.509,-54.709,False,1439,59.96,2.991
DOGEUSDT,2025-10-07 15:00:00+00:00,0.25479,2025-12-06 14:00:00+00:00,0.14003,-45.041,-45.241,False,1439,59.96,3.031
LTCUSDT,2025-10-07 16:00:00+00:00,116.14,2025-10-09 22:00:00+00:00,127.754,10.0,9.8,True,54,2.25,3.151
BTCUSDT,2025-10-07 17:00:00+00:00,121684.17,2025-12-06 16:00:00+00:00,89707.8,-26.278,-26.478,False,1439,59.96,2.528
SUIUSDT,2025-10-09 10:00:00+00:00,3.4037,2025-12-08 09:00:00+00:00,1.629,-52.14,-52.34,False,1439,59.96,2.599
DOTUSDT,2025-10-09 11:00:00+00:00,4.029,2025-12-08 10:00:00+00:00,2.153,-46.562,-46.762,False,1439,59.96,2.514
BTCUSDT,2025-10-09 13:00:00+00:00,123563.38,2025-12-08 12:00:00+00:00,91768.96,-25.731,-25.931,False,1439,59.96,2.555
AAVEUSDT,2025-10-09 13:00:00+00:00,275.45,2025-12-08 12:00:00+00:00,195.27,-29.109,-29.309,False,1439,59.96,3.646
APTUSDT,2025-10-09 15:00:00+00:00,4.946,2025-12-08 14:00:00+00:00,1.784,-63.93,-64.13,False,1439,59.96,3.061
OPUSDT,2025-10-09 15:00:00+00:00,0.692,2025-12-08 14:00:00+00:00,0.3234,-53.266,-53.466,False,1439,59.96,2.825
SHIBUSDT,2025-10-09 15:00:00+00:00,1.192e-05,2025-12-08 14:00:00+00:00,8.55e-06,-28.272,-28.472,False,1439,59.96,2.648
ARBUSDT,2025-10-09 15:00:00+00:00,0.4128,2025-12-08 14:00:00+00:00,0.2131,-48.377,-48.577,False,1439,59.96,4.011
LINKUSDT,2025-10-09 15:00:00+00:00,21.51,2025-12-08 14:00:00+00:00,13.88,-35.472,-35.672,False,1439,59.96,3.021
ENJUSDT,2025-10-09 15:00:00+00:00,0.0594,2025-12-08 14:00:00+00:00,0.03264,-45.051,-45.251,False,1439,59.96,2.975
SUIUSDT,2025-10-09 15:00:00+00:00,3.372,2025-12-08 14:00:00+00:00,1.6113,-52.215,-52.415,False,1439,59.96,2.765
ADAUSDT,2025-10-09 15:00:00+00:00,0.8061,2025-12-08 14:00:00+00:00,0.4352,-46.012,-46.212,False,1439,59.96,3.455
SHIBUSDT,2025-10-09 17:00:00+00:00,1.175e-05,2025-12-08 16:00:00+00:00,8.53e-06,-27.404,-27.604,False,1439,59.96,2.529
AXSUSDT,2025-10-09 17:00:00+00:00,2.097,2025-12-08 16:00:00+00:00,1.05,-49.928,-50.128,False,1439,59.96,2.559
AXSUSDT,2025-10-09 19:00:00+00:00,2.213,2025-12-08 18:00:00+00:00,1.036,-53.186,-53.386,False,1439,59.96,11.712
XRPUSDT,2025-10-10 17:00:00+00:00,2.7295,2025-12-09 16:00:00+00:00,2.165,-20.681,-20.881,False,1439,59.96,2.996
SOLUSDT,2025-10-10 17:00:00+00:00,211.25,2025-12-09 16:00:00+00:00,143.67,-31.991,-32.191,False,1439,59.96,2.64
ETHUSDT,2025-10-10 17:00:00+00:00,4108.99,2025-12-09 16:00:00+00:00,3366.02,-18.082,-18.282,False,1439,59.96,3.295
AAVEUSDT,2025-10-10 17:00:00+00:00,264.97,2025-12-09 16:00:00+00:00,204.65,-22.765,-22.965,False,1439,59.96,3.047
ETHUSDT,2025-10-10 22:00:00+00:00,3950.0,2025-12-09 21:00:00+00:00,3301.9,-16.408,-16.608,False,1439,59.96,11.14
BCHUSDT,2025-10-10 22:00:00+00:00,542.7,2025-12-03 05:00:00+00:00,596.9700000000001,10.0,9.8,True,1279,53.29,13.186
AXSUSDT,2025-10-10 23:00:00+00:00,1.513,2025-10-11 09:00:00+00:00,1.6643000000000001,10.0,9.8,True,10,0.42,5.337
MANAUSDT,2025-10-10 23:00:00+00:00,0.2244,2025-10-10 23:00:00+00:00,0.24684,10.0,9.8,True,0,0.0,6.427
SHIBUSDT,2025-10-10 23:00:00+00:00,9.47e-06,2025-10-11 08:00:00+00:00,1.0417000000000002e-05,10.0,9.8,True,9,0.38,6.071
XRPUSDT,2025-10-10 23:00:00+00:00,2.3527,2025-10-13 06:00:00+00:00,2.5879700000000003,10.0,9.8,True,55,2.29,6.732
FILUSDT,2025-10-10 23:00:00+00:00,1.627,2025-11-02 09:00:00+00:00,1.7897,10.0,9.8,True,538,22.42,11.005
UNIUSDT,2025-10-10 23:00:00+00:00,5.773,2025-10-12 14:00:00+00:00,6.3503,10.0,9.8,True,39,1.62,7.768
ETCUSDT,2025-10-10 23:00:00+00:00,13.7,2025-10-10 23:00:00+00:00,15.07,10.0,9.8,True,0,0.0,6.662
OPUSDT,2025-10-10 23:00:00+00:00,0.4752,2025-12-09 22:00:00+00:00,0.339,-28.662,-28.862,False,1439,59.96,8.678
SUIUSDT,2025-10-10 23:00:00+00:00,2.5707,2025-10-12 19:00:00+00:00,2.82777,10.0,9.8,True,44,1.83,8.447
XLMUSDT,2025-10-10 23:00:00+00:00,0.3119,2025-10-12 16:00:00+00:00,0.34309000000000006,10.0,9.8,True,41,1.71,7.958
CHZUSDT,2025-10-10 23:00:00+00:00,0.03014,2025-10-11 02:00:00+00:00,0.033154,10.0,9.8,True,3,0.12,7.671
BNBUSDT,2025-10-10 23:00:00+00:00,1110.94,2025-10-12 09:00:00+00:00,1222.034,10.0,9.8,True,34,1.42,4.951
NEARUSDT,2025-10-10 23:00:00+00:00,2.408,2025-10-13 18:00:00+00:00,2.6488,10.0,9.8,True,67,2.79,2.854
DOGEUSDT,2025-10-10 23:00:00+00:00,0.19413,2025-10-12 20:00:00+00:00,0.213543,10.0,9.8,True,45,1.88,6.549
SANDUSDT,2025-10-10 23:00:00+00:00,0.1803,2025-10-11 02:00:00+00:00,0.19833,10.0,9.8,True,3,0.12,6.895
AAVEUSDT,2025-10-11 00:00:00+00:00,224.65,2025-10-12 16:00:00+00:00,247.11500000000004,10.0,9.8,True,40,1.67,2.643
LINKUSDT,2025-10-11 00:00:00+00:00,17.31,2025-10-12 16:00:00+00:00,19.041,10.0,9.8,True,40,1.67,3.8
ARBUSDT,2025-10-11 00:00:00+00:00,0.2961,2025-10-11 09:00:00+00:00,0.32571,10.0,9.8,True,9,0.38,3.268
ADAUSDT,2025-10-11 00:00:00+00:00,0.6353,2025-10-12 19:00:00+00:00,0.6988300000000001,10.0,9.8,True,43,1.79,3.636
ATOMUSDT,2025-10-11 00:00:00+00:00,2.942,2025-10-11 08:00:00+00:00,3.2362000000000006,10.0,9.8,True,8,0.33,5.526
AVAXUSDT,2025-10-11 00:00:00+00:00,20.67,2025-10-11 02:00:00+00:00,22.737000000000005,10.0,9.8,True,2,0.08,4.011
DOTUSDT,2025-10-11 00:00:00+00:00,2.945,2025-10-11 08:00:00+00:00,3.2395,10.0,9.8,True,8,0.33,3.329
BCHUSDT,2025-10-11 22:00:00+00:00,492.3,2025-10-12 16:00:00+00:00,541.5300000000001,10.0,9.8,True,18,0.75,2.893
BCHUSDT,2025-10-12 06:00:00+00:00,520.9,2025-10-27 20:00:00+00:00,572.99,10.0,9.8,True,374,15.58,2.531
APTUSDT,2025-10-13 09:00:00+00:00,3.854,2025-12-12 08:00:00+00:00,1.698,-55.942,-56.142,False,1439,59.96,2.796
CHZUSDT,2025-10-14 10:00:00+00:00,0.03442,2025-12-13 09:00:00+00:00,0.03331,-3.225,-3.425,False,1439,59.96,2.876
BCHUSDT,2025-10-14 10:00:00+00:00,519.6,2025-10-27 13:00:00+00:00,571.5600000000001,10.0,9.8,True,315,13.12,3.731
CHZUSDT,2025-10-14 14:00:00+00:00,0.03457,2025-12-13 13:00:00+00:00,0.03326,-3.789,-3.989,False,1439,59.96,3.727
BNBUSDT,2025-10-14 14:00:00+00:00,1180.05,2025-12-13 13:00:00+00:00,891.98,-24.412,-24.612,False,1439,59.96,2.914
ETHUSDT,2025-10-14 14:00:00+00:00,3956.02,2025-12-13 13:00:00+00:00,3109.77,-21.391,-21.591,False,1439,59.96,2.525
TRXUSDT,2025-10-14 17:00:00+00:00,0.3159,2025-12-13 16:00:00+00:00,0.272,-13.897,-14.097,False,1439,59.96,2.695
SHIBUSDT,2025-10-14 17:00:00+00:00,1.066e-05,2025-12-13 16:00:00+00:00,8.36e-06,-21.576,-21.776,False,1439,59.96,2.665
TRXUSDT,2025-10-15 17:00:00+00:00,0.3144,2025-12-14 16:00:00+00:00,0.2766,-12.023,-12.223,False,1439,59.96,2.81
SOLUSDT,2025-10-16 10:00:00+00:00,193.89,2025-12-15 09:00:00+00:00,132.74,-31.539,-31.739,False,1439,59.96,2.817
FILUSDT,2025-10-16 10:00:00+00:00,1.585,2025-11-02 09:00:00+00:00,1.7435,10.0,9.8,True,407,16.96,5.055
SUIUSDT,2025-10-16 10:00:00+00:00,2.6849,2025-12-15 09:00:00+00:00,1.5728,-41.421,-41.621,False,1439,59.96,3.403
BNBUSDT,2025-10-16 17:00:00+00:00,1154.91,2025-12-15 16:00:00+00:00,852.22,-26.209,-26.409,False,1439,59.96,3.427
SANDUSDT,2025-10-16 17:00:00+00:00,0.214,2025-12-15 16:00:00+00:00,0.1188,-44.486,-44.686,False,1439,59.96,5.062
ADAUSDT,2025-10-16 17:00:00+00:00,0.6643,2025-12-15 16:00:00+00:00,0.3824,-42.436,-42.636,False,1439,59.96,3.571
AVAXUSDT,2025-10-16 17:00:00+00:00,21.5,2025-12-15 16:00:00+00:00,12.44,-42.14,-42.34,False,1439,59.96,3.17
DOGEUSDT,2025-10-16 17:00:00+00:00,0.1948,2025-12-15 16:00:00+00:00,0.12967,-33.434,-33.634,False,1439,59.96,2.744
APTUSDT,2025-10-16 17:00:00+00:00,3.42,2025-12-15 16:00:00+00:00,1.543,-54.883,-55.083,False,1439,59.96,3.21
FILUSDT,2025-10-16 17:00:00+00:00,1.561,2025-11-02 08:00:00+00:00,1.7171,10.0,9.8,True,399,16.62,3.063
OPUSDT,2025-10-16 17:00:00+00:00,0.4491,2025-12-15 16:00:00+00:00,0.2882,-35.827,-36.027,False,1439,59.96,3.583
LTCUSDT,2025-10-16 17:00:00+00:00,93.18,2025-10-27 16:00:00+00:00,102.49800000000002,10.0,9.8,True,263,10.96,3.18
BCHUSDT,2025-10-16 17:00:00+00:00,516.8,2025-10-27 13:00:00+00:00,568.48,10.0,9.8,True,260,10.83,6.204
SHIBUSDT,2025-10-16 17:00:00+00:00,1.028e-05,2025-12-15 16:00:00+00:00,7.84e-06,-23.735,-23.935,False,1439,59.96,2.957
BTCUSDT,2025-10-16 17:00:00+00:00,109232.43,2025-12-15 16:00:00+00:00,86400.01,-20.903,-21.103,False,1439,59.96,3.363
MANAUSDT,2025-10-16 17:00:00+00:00,0.2575,2025-12-15 16:00:00+00:00,0.1331,-48.311,-48.511,False,1439,59.96,2.847
AAVEUSDT,2025-10-16 17:00:00+00:00,239.83,2025-12-15 16:00:00+00:00,182.89,-23.742,-23.942,False,1439,59.96,2.602
SUIUSDT,2025-10-16 17:00:00+00:00,2.642,2025-12-15 16:00:00+00:00,1.4737,-44.22,-44.42,False,1439,59.96,2.902
ENJUSDT,2025-10-16 17:00:00+00:00,0.04731,2025-12-15 16:00:00+00:00,0.02817,-40.457,-40.657,False,1439,59.96,3.617
XLMUSDT,2025-10-16 17:00:00+00:00,0.3221,2025-12-15 16:00:00+00:00,0.2194,-31.885,-32.085,False,1439,59.96,2.906
AAVEUSDT,2025-10-17 02:00:00+00:00,225.24,2025-10-27 05:00:00+00:00,247.76400000000004,10.0,9.8,True,243,10.12,2.875
BCHUSDT,2025-10-17 11:00:00+00:00,462.6,2025-10-21 15:00:00+00:00,508.86000000000007,10.0,9.8,True,100,4.17,6.553
ENJUSDT,2025-10-19 02:00:00+00:00,0.0449,2025-12-18 01:00:00+00:00,0.02664,-40.668,-40.868,False,1439,59.96,3.496
ENJUSDT,2025-10-19 04:00:00+00:00,0.04546,2025-12-18 03:00:00+00:00,0.02659,-41.509,-41.709,False,1439,59.96,3.818
SUIUSDT,2025-10-19 10:00:00+00:00,2.4975,2025-12-18 09:00:00+00:00,1.4062,-43.696,-43.896,False,1439,59.96,4.628
APTUSDT,2025-10-19 10:00:00+00:00,3.19,2025-10-26 12:00:00+00:00,3.5090000000000003,10.0,9.8,True,170,7.08,2.522
ADAUSDT,2025-10-19 10:00:00+00:00,0.6355,2025-12-18 09:00:00+00:00,0.3641,-42.707,-42.907,False,1439,59.96,6.688
BNBUSDT,2025-10-19 10:00:00+00:00,1091.85,2025-12-18 09:00:00+00:00,839.03,-23.155,-23.355,False,1439,59.96,4.328
XLMUSDT,2025-10-19 10:00:00+00:00,0.3126,2025-12-18 09:00:00+00:00,0.2115,-32.342,-32.542,False,1439,59.96,3.759
ATOMUSDT,2025-10-19 10:00:00+00:00,3.173,2025-12-18 09:00:00+00:00,1.907,-39.899,-40.099,False,1439,59.96,4.135
BCHUSDT,2025-10-21 11:00:00+00:00,471.4,2025-10-26 02:00:00+00:00,518.54,10.0,9.8,True,111,4.62,12.251
FILUSDT,2025-10-21 11:00:00+00:00,1.565,2025-11-02 08:00:00+00:00,1.7215,10.0,9.8,True,285,11.88,3.719
CHZUSDT,2025-10-21 11:00:00+00:00,0.03244,2025-12-19 16:00:00+00:00,0.035684,10.0,9.8,True,1421,59.21,3.421
ETCUSDT,2025-10-21 11:00:00+00:00,15.84,2025-11-07 16:00:00+00:00,17.424,10.0,9.8,True,413,17.21,4.624
UNIUSDT,2025-10-21 13:00:00+00:00,6.3,2025-11-10 09:00:00+00:00,6.930000000000001,10.0,9.8,True,476,19.83,6.026
DOGEUSDT,2025-10-21 15:00:00+00:00,0.20305,2025-12-20 14:00:00+00:00,0.13227,-34.858,-35.058,False,1439,59.96,4.352
BTCUSDT,2025-10-21 15:00:00+00:00,112170.52,2025-12-20 14:00:00+00:00,88260.88,-21.315,-21.515,False,1439,59.96,4.417
MANAUSDT,2025-10-21 15:00:00+00:00,0.2456,2025-12-20 14:00:00+00:00,0.1304,-46.906,-47.106,False,1439,59.96,3.181
ENJUSDT,2025-10-21 15:00:00+00:00,0.0472,2025-12-20 14:00:00+00:00,0.02792,-40.847,-41.047,False,1439,59.96,3.828
APTUSDT,2025-10-21 15:00:00+00:00,3.303,2025-10-27 05:00:00+00:00,3.6333,10.0,9.8,True,134,5.58,3.169
ATOMUSDT,2025-10-21 15:00:00+00:00,3.331,2025-12-20 14:00:00+00:00,1.978,-40.618,-40.818,False,1439,59.96,2.595
SHIBUSDT,2025-10-21 15:00:00+00:00,1.039e-05,2025-12-20 14:00:00+00:00,7.47e-06,-28.104,-28.304,False,1439,59.96,3.058
LINKUSDT,2025-10-21 15:00:00+00:00,18.74,2025-12-20 14:00:00+00:00,12.67,-32.391,-32.591,False,1439,59.96,3.397
LTCUSDT,2025-10-21 15:00:00+00:00,95.45,2025-10-28 06:00:00+00:00,104.995,10.0,9.8,True,159,6.62,2.874
ETHUSDT,2025-10-21 15:00:00+00:00,4021.24,2025-12-20 14:00:00+00:00,2980.31,-25.886,-26.086,False,1439,59.96,5.004
CHZUSDT,2025-10-21 15:00:00+00:00,0.03387,2025-12-20 03:00:00+00:00,0.037257,10.0,9.8,True,1428,59.5,3.402
SOLUSDT,2025-10-21 15:00:00+00:00,192.76,2025-12-20 14:00:00+00:00,126.37,-34.442,-34.642,False,1439,59.96,3.67
OPUSDT,2025-10-21 15:00:00+00:00,0.4588,2025-12-20 14:00:00+00:00,0.2806,-38.84,-39.04,False,1439,59.96,4.266
AAVEUSDT,2025-10-21 15:00:00+00:00,232.86,2025-12-20 14:00:00+00:00,182.09,-21.803,-22.003,False,1439,59.96,4.553
ADAUSDT,2025-10-21 15:00:00+00:00,0.6744,2025-12-20 14:00:00+00:00,0.379,-43.802,-44.002,False,1439,59.96,4.358
DOTUSDT,2025-10-21 15:00:00+00:00,3.131,2025-11-08 02:00:00+00:00,3.4441,10.0,9.8,True,419,17.46,4.145
ARBUSDT,2025-10-21 15:00:00+00:00,0.3299,2025-12-20 14:00:00+00:00,0.1915,-41.952,-42.152,False,1439,59.96,3.684
NEARUSDT,2025-10-21 15:00:00+00:00,2.329,2025-11-07 15:00:00+00:00,2.5619000000000005,10.0,9.8,True,408,17.0,3.667
BNBUSDT,2025-10-21 15:00:00+00:00,1100.89,2025-12-20 14:00:00+00:00,853.05,-22.513,-22.713,False,1439,59.96,3.303
SUIUSDT,2025-10-21 15:00:00+00:00,2.646,2025-12-20 14:00:00+00:00,1.4654,-44.618,-44.818,False,1439,59.96,3.865
XRPUSDT,2025-10-21 16:00:00+00:00,2.5223,2025-12-20 15:00:00+00:00,1.9214,-23.823,-24.023,False,1439,59.96,2.766
XLMUSDT,2025-10-21 16:00:00+00:00,0.3304,2025-12-20 15:00:00+00:00,0.2189,-33.747,-33.947,False,1439,59.96,2.623
NEARUSDT,2025-10-22 12:00:00+00:00,2.201,2025-11-07 14:00:00+00:00,2.4211000000000005,10.0,9.8,True,386,16.08,2.708
AAVEUSDT,2025-10-22 12:00:00+00:00,219.76,2025-10-26 22:00:00+00:00,241.73600000000002,10.0,9.8,True,106,4.42,4.488
APTUSDT,2025-10-22 12:00:00+00:00,3.328,2025-12-21 11:00:00+00:00,1.619,-51.352,-51.552,False,1439,59.96,5.222
LINKUSDT,2025-10-22 15:00:00+00:00,17.52,2025-12-21 14:00:00+00:00,12.35,-29.509,-29.709,False,1439,59.96,2.797
SOLUSDT,2025-10-22 15:00:00+00:00,185.5,2025-10-27 01:00:00+00:00,204.05,10.0,9.8,True,106,4.42,2.97
BCHUSDT,2025-10-22 15:00:00+00:00,475.7,2025-10-26 09:00:00+00:00,523.27,10.0,9.8,True,90,3.75,8.742
DOGEUSDT,2025-10-22 15:00:00+00:00,0.19238,2025-12-21 14:00:00+00:00,0.12968,-32.592,-32.792,False,1439,59.96,2.905
OPUSDT,2025-10-22 15:00:00+00:00,0.4352,2025-12-21 14:00:00+00:00,0.2654,-39.017,-39.217,False,1439,59.96,2.731
UNIUSDT,2025-10-22 15:00:00+00:00,6.186,2025-10-27 01:00:00+00:00,6.804600000000001,10.0,9.8,True,106,4.42,3.282
NEARUSDT,2025-10-22 15:00:00+00:00,2.225,2025-11-07 14:00:00+00:00,2.4475000000000002,10.0,9.8,True,383,15.96,2.684
SUIUSDT,2025-10-22 15:00:00+00:00,2.461,2025-10-27 04:00:00+00:00,2.7071,10.0,9.8,True,109,4.54,2.552
ARBUSDT,2025-10-22 15:00:00+00:00,0.3116,2025-10-27 02:00:00+00:00,0.34276,10.0,9.8,True,107,4.46,2.908
ETCUSDT,2025-10-22 15:00:00+00:00,15.68,2025-11-07 15:00:00+00:00,17.248,10.0,9.8,True,384,16.0,4.153
ETHUSDT,2025-10-22 15:00:00+00:00,3853.56,2025-10-27 05:00:00+00:00,4238.916,10.0,9.8,True,110,4.58,2.761
ADAUSDT,2025-10-22 15:00:00+00:00,0.6398,2025-12-21 14:00:00+00:00,0.3611,-43.56,-43.76,False,1439,59.96,3.194
BTCUSDT,2025-10-22 15:00:00+00:00,108947.49,2025-12-21 14:00:00+00:00,88065.18,-19.167,-19.367,False,1439,59.96,2.679
SHIBUSDT,2025-10-22 15:00:00+00:00,9.97e-06,2025-12-21 14:00:00+00:00,7.22e-06,-27.583,-27.783,False,1439,59.96,2.714
TRXUSDT,2025-10-24 14:00:00+00:00,0.31,2025-12-23 13:00:00+00:00,0.2843,-8.29,-8.49,False,1439,59.96,2.742
UNIUSDT,2025-10-25 12:00:00+00:00,6.168,2025-10-27 01:00:00+00:00,6.784800000000001,10.0,9.8,True,37,1.54,3.974
FILUSDT,2025-10-27 14:00:00+00:00,1.624,2025-11-02 09:00:00+00:00,1.7864000000000002,10.0,9.8,True,139,5.79,3.173
LTCUSDT,2025-10-27 16:00:00+00:00,102.05,2025-11-09 20:00:00+00:00,112.25500000000001,10.0,9.8,True,316,13.17,6.547
ATOMUSDT,2025-10-28 00:00:00+00:00,3.179,2025-12-26 23:00:00+00:00,2.048,-35.577,-35.777,False,1439,59.96,2.532
BCHUSDT,2025-10-28 06:00:00+00:00,555.1,2025-12-19 17:00:00+00:00,610.6100000000001,10.0,9.8,True,1259,52.46,3.376
ADAUSDT,2025-10-28 07:00:00+00:00,0.6676,2025-12-27 06:00:00+00:00,0.353,-47.124,-47.324,False,1439,59.96,3.269
ETCUSDT,2025-10-28 07:00:00+00:00,16.6,2025-11-07 16:00:00+00:00,18.26,10.0,9.8,True,249,10.38,3.57
LTCUSDT,2025-10-28 07:00:00+00:00,105.52,2025-12-27 06:00:00+00:00,77.15,-26.886,-27.086,False,1439,59.96,4.409
BCHUSDT,2025-10-28 09:00:00+00:00,555.6,2025-12-19 17:00:00+00:00,611.1600000000001,10.0,9.8,True,1256,52.33,2.899
FILUSDT,2025-10-28 22:00:00+00:00,1.552,2025-11-01 13:00:00+00:00,1.7072000000000003,10.0,9.8,True,87,3.62,2.953
UNIUSDT,2025-10-28 22:00:00+00:00,6.324,2025-11-10 10:00:00+00:00,6.9564,10.0,9.8,True,300,12.5,2.526
ENJUSDT,2025-10-29 07:00:00+00:00,0.04333,2025-11-07 21:00:00+00:00,0.047663000000000004,10.0,9.8,True,230,9.58,3.215
ETCUSDT,2025-10-29 07:00:00+00:00,15.98,2025-11-07 16:00:00+00:00,17.578000000000003,10.0,9.8,True,225,9.38,2.68
APTUSDT,2025-10-29 12:00:00+00:00,3.419,2025-12-28 11:00:00+00:00,1.732,-49.342,-49.542,False,1439,59.96,3.149
FILUSDT,2025-10-29 12:00:00+00:00,1.624,2025-11-02 09:00:00+00:00,1.7864000000000002,10.0,9.8,True,93,3.88,2.509
UNIUSDT,2025-10-29 19:00:00+00:00,6.354,2025-11-10 10:00:00+00:00,6.989400000000001,10.0,9.8,True,279,11.62,10.503
BTCUSDT,2025-10-29 19:00:00+00:00,110806.38,2025-12-28 18:00:00+00:00,87598.49,-20.945,-21.145,False,1439,59.96,6.425
AXSUSDT,2025-10-30 14:00:00+00:00,1.409,2025-11-08 00:00:00+00:00,1.5499,10.0,9.8,True,202,8.42,2.646
ETCUSDT,2025-10-30 16:00:00+00:00,15.3,2025-11-07 15:00:00+00:00,16.830000000000002,10.0,9.8,True,191,7.96,5.354
BNBUSDT,2025-10-30 21:00:00+00:00,1065.19,2025-12-29 20:00:00+00:00,852.72,-19.947,-20.147,False,1439,59.96,2.738
XLMUSDT,2025-10-30 21:00:00+00:00,0.2937,2025-12-29 20:00:00+00:00,0.216,-26.456,-26.656,False,1439,59.96,3.338
ETCUSDT,2025-10-30 21:00:00+00:00,15.22,2025-11-07 15:00:00+00:00,16.742,10.0,9.8,True,186,7.75,6.19
BCHUSDT,2025-10-31 02:00:00+00:00,549.9,2025-12-03 21:00:00+00:00,604.89,10.0,9.8,True,811,33.79,9.324
BCHUSDT,2025-11-01 02:00:00+00:00,541.4,2025-12-03 04:00:00+00:00,595.5400000000001,10.0,9.8,True,770,32.08,2.585
AXSUSDT,2025-11-01 09:00:00+00:00,1.438,2025-12-31 08:00:00+00:00,0.815,-43.324,-43.524,False,1439,59.96,3.721
BNBUSDT,2025-11-02 16:00:00+00:00,1080.41,2026-01-01 15:00:00+00:00,859.36,-20.46,-20.66,False,1439,59.96,2.624
NEARUSDT,2025-11-03 00:00:00+00:00,2.189,2025-11-07 14:00:00+00:00,2.4079,10.0,9.8,True,110,4.58,2.752
AVAXUSDT,2025-11-03 05:00:00+00:00,17.63,2026-01-02 04:00:00+00:00,13.56,-23.086,-23.286,False,1439,59.96,3.241
OPUSDT,2025-11-03 05:00:00+00:00,0.3868,2025-11-07 17:00:00+00:00,0.42548,10.0,9.8,True,108,4.5,2.556
BNBUSDT,2025-11-03 05:00:00+00:00,1043.63,2026-01-02 04:00:00+00:00,864.9,-17.126,-17.326,False,1439,59.96,3.631
SANDUSDT,2025-11-03 05:00:00+00:00,0.1955,2026-01-02 04:00:00+00:00,0.1174,-39.949,-40.149,False,1439,59.96,2.924
ADAUSDT,2025-11-03 05:00:00+00:00,0.5776,2026-01-02 04:00:00+00:00,0.3599,-37.69,-37.89,False,1439,59.96,2.96
AXSUSDT,2025-11-03 05:00:00+00:00,1.352,2025-11-07 18:00:00+00:00,1.4872000000000003,10.0,9.8,True,109,4.54,3.545
DOGEUSDT,2025-11-03 05:00:00+00:00,0.17597,2026-01-02 04:00:00+00:00,0.12831,-27.084,-27.284,False,1439,59.96,3.378
UNIUSDT,2025-11-03 05:00:00+00:00,5.414,2025-11-07 20:00:00+00:00,5.9554,10.0,9.8,True,111,4.62,9.168
ETCUSDT,2025-11-03 06:00:00+00:00,15.39,2025-11-07 15:00:00+00:00,16.929000000000002,10.0,9.8,True,105,4.38,3.498
AVAXUSDT,2025-11-03 07:00:00+00:00,17.4,2026-01-02 06:00:00+00:00,13.53,-22.241,-22.441,False,1439,59.96,2.732
SANDUSDT,2025-11-03 07:00:00+00:00,0.1936,2025-11-07 21:00:00+00:00,0.21296,10.0,9.8,True,110,4.58,2.517
NEARUSDT,2025-11-03 07:00:00+00:00,2.033,2025-11-07 05:00:00+00:00,2.2363,10.0,9.8,True,94,3.92,3.166
XRPUSDT,2025-11-03 07:00:00+00:00,2.4083,2026-01-02 06:00:00+00:00,1.8773,-22.049,-22.249,False,1439,59.96,3.045
CHZUSDT,2025-11-03 08:00:00+00:00,0.02992,2025-11-07 16:00:00+00:00,0.032912000000000004,10.0,9.8,True,104,4.33,3.043
SOLUSDT,2025-11-03 09:00:00+00:00,175.67,2026-01-02 08:00:00+00:00,127.96,-27.159,-27.359,False,1439,59.96,2.964
DOTUSDT,2025-11-03 10:00:00+00:00,2.756,2025-11-07 16:00:00+00:00,3.0316,10.0,9.8,True,102,4.25,2.502
APTUSDT,2025-11-03 10:00:00+00:00,3.084,2026-01-02 09:00:00+00:00,1.868,-39.429,-39.629,False,1439,59.96,3.304
AVAXUSDT,2025-11-03 15:00:00+00:00,17.5,2026-01-02 14:00:00+00:00,13.29,-24.057,-24.257,False,1439,59.96,2.532
ETHUSDT,2025-11-03 15:00:00+00:00,3734.63,2026-01-02 14:00:00+00:00,3082.85,-17.452,-17.652,False,1439,59.96,2.723
OPUSDT,2025-11-03 16:00:00+00:00,0.3542,2025-11-07 09:00:00+00:00,0.38962,10.0,9.8,True,89,3.71,10.87
BNBUSDT,2025-11-03 16:00:00+00:00,980.28,2026-01-02 15:00:00+00:00,877.99,-10.435,-10.635,False,1439,59.96,7.102
FILUSDT,2025-11-03 16:00:00+00:00,1.473,2025-11-06 18:00:00+00:00,1.6203000000000003,10.0,9.8,True,74,3.08,5.656
SHIBUSDT,2025-11-03 16:00:00+00:00,9.25e-06,2025-11-07 18:00:00+00:00,1.0175e-05,10.0,9.8,True,98,4.08,14.64
LINKUSDT,2025-11-03 16:00:00+00:00,15.3,2026-01-02 15:00:00+00:00,13.08,-14.51,-14.71,False,1439,59.96,11.603
SUIUSDT,2025-11-03 17:00:00+00:00,2.0977,2026-01-02 16:00:00+00:00,1.5738,-24.975,-25.175,False,1439,59.96,2.618
BTCUSDT,2025-11-03 17:00:00+00:00,106678.43,2026-01-02 16:00:00+00:00,90376.05,-15.282,-15.482,False,1439,59.96,3.816
SOLUSDT,2025-11-04 06:00:00+00:00,157.7,2026-01-03 05:00:00+00:00,131.9,-16.36,-16.56,False,1439,59.96,2.905
AAVEUSDT,2025-11-04 06:00:00+00:00,194.33,2025-11-09 19:00:00+00:00,213.76300000000003,10.0,9.8,True,133,5.54,3.557
BCHUSDT,2025-11-04 12:00:00+00:00,500.5,2025-11-21 22:00:00+00:00,550.5500000000001,10.0,9.8,True,418,17.42,8.363
DOGEUSDT,2025-11-04 19:00:00+00:00,0.15983,2025-11-07 17:00:00+00:00,0.17581300000000002,10.0,9.8,True,70,2.92,2.51
ENJUSDT,2025-11-04 20:00:00+00:00,0.03763,2025-11-07 01:00:00+00:00,0.041393,10.0,9.8,True,53,2.21,3.426
MANAUSDT,2025-11-04 21:00:00+00:00,0.197,2025-11-07 03:00:00+00:00,0.21670000000000003,10.0,9.8,True,54,2.25,3.676
SOLUSDT,2025-11-04 21:00:00+00:00,153.41,2025-11-10 03:00:00+00:00,168.751,10.0,9.8,True,126,5.25,2.941
BNBUSDT,2025-11-04 21:00:00+00:00,920.92,2025-11-10 00:00:00+00:00,1013.0120000000001,10.0,9.8,True,123,5.12,3.317
ARBUSDT,2025-11-04 21:00:00+00:00,0.2475,2025-11-07 03:00:00+00:00,0.27225,10.0,9.8,True,54,2.25,4.929
DOGEUSDT,2025-11-04 21:00:00+00:00,0.15889,2025-11-07 16:00:00+00:00,0.17477900000000002,10.0,9.8,True,67,2.79,3.268
ADAUSDT,2025-11-04 21:00:00+00:00,0.5104,2025-11-07 16:00:00+00:00,0.56144,10.0,9.8,True,67,2.79,3.573
AAVEUSDT,2025-11-04 22:00:00+00:00,185.18,2025-11-05 17:00:00+00:00,203.69800000000004,10.0,9.8,True,19,0.79,2.535
XRPUSDT,2025-11-04 22:00:00+00:00,2.1561,2025-11-05 20:00:00+00:00,2.37171,10.0,9.8,True,22,0.92,2.98
AAVEUSDT,2025-11-05 03:00:00+00:00,198.99,2025-11-10 01:00:00+00:00,218.88900000000004,10.0,9.8,True,118,4.92,3.01
MANAUSDT,2025-11-06 10:00:00+00:00,0.2103,2025-11-07 16:00:00+00:00,0.23133,10.0,9.8,True,30,1.25,2.917
NEARUSDT,2025-11-06 13:00:00+00:00,1.908,2025-11-06 20:00:00+00:00,2.0988,10.0,9.8,True,7,0.29,3.007
ARBUSDT,2025-11-06 14:00:00+00:00,0.265,2025-11-07 16:00:00+00:00,0.29150000000000004,10.0,9.8,True,26,1.08,4.179
SUIUSDT,2025-11-06 14:00:00+00:00,2.0051,2025-11-10 09:00:00+00:00,2.2056100000000005,10.0,9.8,True,91,3.79,2.746
APTUSDT,2025-11-06 14:00:00+00:00,2.692,2025-11-07 02:00:00+00:00,2.9612000000000003,10.0,9.8,True,12,0.5,2.62
MANAUSDT,2025-11-06 14:00:00+00:00,0.2131,2025-11-07 16:00:00+00:00,0.23441000000000004,10.0,9.8,True,26,1.08,2.821
FILUSDT,2025-11-06 14:00:00+00:00,1.396,2025-11-06 17:00:00+00:00,1.5356,10.0,9.8,True,3,0.12,3.047
ADAUSDT,2025-11-06 15:00:00+00:00,0.527,2025-11-07 18:00:00+00:00,0.5797000000000001,10.0,9.8,True,27,1.12,2.524
OPUSDT,2025-11-06 15:00:00+00:00,0.3597,2025-11-07 15:00:00+00:00,0.3956700000000001,10.0,9.8,True,24,1.0,2.796
SHIBUSDT,2025-11-06 16:00:00+00:00,8.9e-06,2025-11-07 16:00:00+00:00,9.79e-06,10.0,9.8,True,24,1.0,3.298
DOGEUSDT,2025-11-06 16:00:00+00:00,0.15915,2025-11-07 16:00:00+00:00,0.17506500000000003,10.0,9.8,True,24,1.0,3.132
DOTUSDT,2025-11-06 16:00:00+00:00,2.576,2025-11-07 01:00:00+00:00,2.8336,10.0,9.8,True,9,0.38,3.118
SUIUSDT,2025-11-06 16:00:00+00:00,1.9372,2025-11-07 17:00:00+00:00,2.13092,10.0,9.8,True,25,1.04,2.576
ETHUSDT,2025-11-06 16:00:00+00:00,3300.0,2025-11-10 00:00:00+00:00,3630.0000000000005,10.0,9.8,True,80,3.33,3.815
AAVEUSDT,2025-11-06 16:00:00+00:00,195.27,2025-11-09 19:00:00+00:00,214.79700000000003,10.0,9.8,True,75,3.12,3.055
SOLUSDT,2025-11-06 16:00:00+00:00,155.92,2025-11-11 03:00:00+00:00,171.512,10.0,9.8,True,107,4.46,2.594
UNIUSDT,2025-11-06 16:00:00+00:00,5.199,2025-11-07 16:00:00+00:00,5.7189000000000005,10.0,9.8,True,24,1.0,2.553
SANDUSDT,2025-11-06 16:00:00+00:00,0.1775,2025-11-07 16:00:00+00:00,0.19525,10.0,9.8,True,24,1.0,4.285
BNBUSDT,2025-11-06 16:00:00+00:00,933.71,2026-01-05 15:00:00+00:00,906.46,-2.918,-3.118,False,1439,59.96,3.243
ENJUSDT,2025-11-06 20:00:00+00:00,0.03993,2025-11-07 16:00:00+00:00,0.043923000000000004,10.0,9.8,True,20,0.83,4.23
ETHUSDT,2025-11-07 15:00:00+00:00,3289.43,2025-11-09 23:00:00+00:00,3618.373,10.0,9.8,True,56,2.33,3.209
AXSUSDT,2025-11-08 16:00:00+00:00,1.449,2026-01-07 15:00:00+00:00,0.943,-34.921,-35.121,False,1439,59.96,3.135
AAVEUSDT,2025-11-08 17:00:00+00:00,199.97,2025-11-10 01:00:00+00:00,219.967,10.0,9.8,True,32,1.33,72.323
SANDUSDT,2025-11-08 17:00:00+00:00,0.2022,2026-01-07 16:00:00+00:00,0.1206,-40.356,-40.556,False,1439,59.96,2.717
ATOMUSDT,2025-11-09 11:00:00+00:00,2.872,2026-01-08 10:00:00+00:00,2.461,-14.311,-14.511,False,1439,59.96,13.482
XLMUSDT,2025-11-09 14:00:00+00:00,0.2755,2025-11-10 09:00:00+00:00,0.30305000000000004,10.0,9.8,True,19,0.79,5.439
TRXUSDT,2025-11-09 15:00:00+00:00,0.2908,2026-01-08 14:00:00+00:00,0.2956,1.651,1.451,False,1439,59.96,3.462
LTCUSDT,2025-11-11 16:00:00+00:00,101.01,2026-01-10 15:00:00+00:00,81.54,-19.275,-19.475,False,1439,59.96,6.499
ADAUSDT,2025-11-11 20:00:00+00:00,0.5622,2026-01-10 19:00:00+00:00,0.3913,-30.398,-30.598,False,1439,59.96,3.843
ENJUSDT,2025-11-13 02:00:00+00:00,0.04149,2026-01-12 01:00:00+00:00,0.02971,-28.392,-28.592,False,1439,59.96,2.831
XLMUSDT,2025-11-13 04:00:00+00:00,0.2902,2026-01-12 03:00:00+00:00,0.2258,-22.192,-22.392,False,1439,59.96,3.06
DOGEUSDT,2025-11-13 04:00:00+00:00,0.17406,2026-01-12 03:00:00+00:00,0.14042,-19.327,-19.527,False,1439,59.96,2.528
CHZUSDT,2025-11-13 05:00:00+00:00,0.03324,2025-12-20 03:00:00+00:00,0.036564,10.0,9.8,True,886,36.92,2.623
FILUSDT,2025-11-14 01:00:00+00:00,2.089,2026-01-13 00:00:00+00:00,1.463,-29.966,-30.166,False,1439,59.96,2.802
AAVEUSDT,2025-11-14 02:00:00+00:00,195.45,2026-01-13 01:00:00+00:00,165.47,-15.339,-15.539,False,1439,59.96,4.706
NEARUSDT,2025-11-16 06:00:00+00:00,2.467,2026-01-15 05:00:00+00:00,1.762,-28.577,-28.777,False,1439,59.96,2.946
SUIUSDT,2025-11-16 16:00:00+00:00,1.6701,2026-01-05 19:00:00+00:00,1.83711,10.0,9.8,True,1203,50.12,3.585
SANDUSDT,2025-11-16 18:00:00+00:00,0.1746,2026-01-15 17:00:00+00:00,0.1209,-30.756,-30.956,False,1439,59.96,3.351
ATOMUSDT,2025-11-16 18:00:00+00:00,2.728,2025-11-20 07:00:00+00:00,3.0008000000000004,10.0,9.8,True,85,3.54,2.928
MANAUSDT,2025-11-16 18:00:00+00:00,0.1957,2026-01-15 17:00:00+00:00,0.1469,-24.936,-25.136,False,1439,59.96,5.205
ADAUSDT,2025-11-16 18:00:00+00:00,0.481,2026-01-15 17:00:00+00:00,0.3962,-17.63,-17.83,False,1439,59.96,2.517
ETHUSDT,2025-11-16 18:00:00+00:00,3079.84,2025-12-09 17:00:00+00:00,3387.8240000000005,10.0,9.8,True,551,22.96,4.01
ENJUSDT,2025-11-16 18:00:00+00:00,0.03628,2026-01-15 17:00:00+00:00,0.0302,-16.759,-16.959,False,1439,59.96,3.14
TRXUSDT,2025-11-16 18:00:00+00:00,0.2912,2026-01-15 17:00:00+00:00,0.3089,6.078,5.878,False,1439,59.96,2.586
LINKUSDT,2025-11-16 18:00:00+00:00,13.58,2025-12-09 17:00:00+00:00,14.938,10.0,9.8,True,551,22.96,2.949
SUIUSDT,2025-11-16 18:00:00+00:00,1.6635,2026-01-05 19:00:00+00:00,1.8298500000000002,10.0,9.8,True,1201,50.04,3.109
BTCUSDT,2025-11-16 18:00:00+00:00,94357.66,2026-01-15 17:00:00+00:00,96636.35,2.415,2.215,False,1439,59.96,3.721
OPUSDT,2025-11-16 19:00:00+00:00,0.3722,2026-01-15 18:00:00+00:00,0.3396,-8.759,-8.959,False,1439,59.96,2.523
AXSUSDT,2025-11-16 19:00:00+00:00,1.203,2025-11-18 20:00:00+00:00,1.3233000000000001,10.0,9.8,True,49,2.04,3.046
AVAXUSDT,2025-11-16 19:00:00+00:00,14.8,2026-01-15 18:00:00+00:00,13.75,-7.095,-7.295,False,1439,59.96,2.794
AAVEUSDT,2025-11-16 19:00:00+00:00,172.11,2025-11-28 08:00:00+00:00,189.32100000000003,10.0,9.8,True,277,11.54,2.919
OPUSDT,2025-11-17 00:00:00+00:00,0.3828,2026-01-15 23:00:00+00:00,0.3411,-10.893,-11.093,False,1439,59.96,2.973
BCHUSDT,2025-11-17 00:00:00+00:00,483.4,2025-11-18 20:00:00+00:00,531.74,10.0,9.8,True,44,1.83,3.752
DOGEUSDT,2025-11-17 00:00:00+00:00,0.15856,2026-01-15 23:00:00+00:00,0.14004,-11.68,-11.88,False,1439,59.96,3.022
AVAXUSDT,2025-11-17 00:00:00+00:00,15.14,2026-01-15 23:00:00+00:00,13.82,-8.719,-8.919,False,1439,59.96,2.56
CHZUSDT,2025-11-17 00:00:00+00:00,0.0306,2025-12-09 04:00:00+00:00,0.03366,10.0,9.8,True,532,22.17,3.416
BNBUSDT,2025-11-17 15:00:00+00:00,919.09,2026-01-16 14:00:00+00:00,930.79,1.273,1.073,False,1439,59.96,3.77
CHZUSDT,2025-11-18 06:00:00+00:00,0.03052,2025-12-09 04:00:00+00:00,0.033572,10.0,9.8,True,502,20.92,5.155
ENJUSDT,2025-11-18 08:00:00+00:00,0.03608,2026-01-17 07:00:00+00:00,0.03304,-8.426,-8.626,False,1439,59.96,3.084
AAVEUSDT,2025-11-19 15:00:00+00:00,173.11,2025-11-30 04:00:00+00:00,190.42100000000002,10.0,9.8,True,253,10.54,2.646
XRPUSDT,2025-11-19 15:00:00+00:00,2.1237,2026-01-05 20:00:00+00:00,2.3360700000000003,10.0,9.8,True,1133,47.21,2.649
LTCUSDT,2025-11-19 16:00:00+00:00,91.71,2026-01-18 15:00:00+00:00,74.88,-18.351,-18.551,False,1439,59.96,2.996
BNBUSDT,2025-11-19 18:00:00+00:00,884.61,2026-01-18 17:00:00+00:00,951.68,7.582,7.382,False,1439,59.96,2.575
ETHUSDT,2025-11-19 18:00:00+00:00,2922.84,2025-12-04 01:00:00+00:00,3215.1240000000003,10.0,9.8,True,343,14.29,2.529
XRPUSDT,2025-11-19 18:00:00+00:00,2.057,2025-11-24 20:00:00+00:00,2.2627,10.0,9.8,True,122,5.08,2.663
AAVEUSDT,2025-11-19 18:00:00+00:00,166.41,2025-11-26 17:00:00+00:00,183.05100000000002,10.0,9.8,True,167,6.96,3.088
SHIBUSDT,2025-11-19 18:00:00+00:00,8.41e-06,2025-12-03 16:00:00+00:00,9.251000000000002e-06,10.0,9.8,True,334,13.92,3.64
LINKUSDT,2025-11-19 18:00:00+00:00,12.97,2025-12-03 05:00:00+00:00,14.267000000000001,10.0,9.8,True,323,13.46,2.742
ADAUSDT,2025-11-19 18:00:00+00:00,0.4464,2026-01-18 17:00:00+00:00,0.3922,-12.142,-12.342,False,1439,59.96,2.597
ETCUSDT,2025-11-19 18:00:00+00:00,13.98,2026-01-18 17:00:00+00:00,12.73,-8.941,-9.141,False,1439,59.96,5.546
CHZUSDT,2025-11-19 18:00:00+00:00,0.02905,2025-11-29 03:00:00+00:00,0.031955000000000004,10.0,9.8,True,225,9.38,2.519
XRPUSDT,2025-11-19 21:00:00+00:00,2.0504,2025-11-24 20:00:00+00:00,2.25544,10.0,9.8,True,119,4.96,2.732
AAVEUSDT,2025-11-19 22:00:00+00:00,174.22,2025-12-03 00:00:00+00:00,191.64200000000002,10.0,9.8,True,314,13.08,2.71
MANAUSDT,2025-11-19 22:00:00+00:00,0.1904,2026-01-18 21:00:00+00:00,0.1611,-15.389,-15.589,False,1439,59.96,3.137
TRXUSDT,2025-11-20 18:00:00+00:00,0.2804,2026-01-15 13:00:00+00:00,0.30844,10.0,9.8,True,1339,55.79,2.709
AVAXUSDT,2025-11-20 18:00:00+00:00,13.74,2025-11-27 16:00:00+00:00,15.114,10.0,9.8,True,166,6.92,2.857
LINKUSDT,2025-11-20 18:00:00+00:00,12.97,2025-12-03 05:00:00+00:00,14.267000000000001,10.0,9.8,True,299,12.46,3.641
SANDUSDT,2025-11-20 20:00:00+00:00,0.1665,2026-01-19 19:00:00+00:00,0.1369,-17.778,-17.978,False,1439,59.96,5.368
CHZUSDT,2025-11-20 21:00:00+00:00,0.0284,2025-11-29 03:00:00+00:00,0.031240000000000004,10.0,9.8,True,198,8.25,2.701
SANDUSDT,2025-11-21 00:00:00+00:00,0.165,2026-01-19 23:00:00+00:00,0.1358,-17.697,-17.897,False,1439,59.96,4.192
ADAUSDT,2025-11-21 05:00:00+00:00,0.4279,2025-12-09 16:00:00+00:00,0.47069000000000005,10.0,9.8,True,443,18.46,2.689
LTCUSDT,2025-11-21 08:00:00+00:00,84.61,2026-01-20 07:00:00+00:00,69.51,-17.847,-18.047,False,1439,59.96,6.527
ETCUSDT,2025-11-21 08:00:00+00:00,13.06,2026-01-20 07:00:00+00:00,11.82,-9.495,-9.695,False,1439,59.96,5.406
SOLUSDT,2025-11-21 08:00:00+00:00,127.55,2025-11-25 23:00:00+00:00,140.305,10.0,9.8,True,111,4.62,4.664
OPUSDT,2025-11-21 08:00:00+00:00,0.3335,2026-01-13 22:00:00+00:00,0.36685000000000006,10.0,9.8,True,1286,53.58,6.063
SUIUSDT,2025-11-21 08:00:00+00:00,1.3913,2025-11-24 18:00:00+00:00,1.5304300000000002,10.0,9.8,True,82,3.42,7.522
XLMUSDT,2025-11-21 08:00:00+00:00,0.2283,2025-11-23 20:00:00+00:00,0.25113,10.0,9.8,True,60,2.5,5.286
ETHUSDT,2025-11-21 08:00:00+00:00,2720.17,2025-11-26 17:00:00+00:00,2992.1870000000004,10.0,9.8,True,129,5.38,4.038
SHIBUSDT,2025-11-21 08:00:00+00:00,7.89e-06,2025-11-25 21:00:00+00:00,8.679000000000001e-06,10.0,9.8,True,109,4.54,5.193
BTCUSDT,2025-11-21 08:00:00+00:00,84049.38,2025-11-28 13:00:00+00:00,92454.31800000001,10.0,9.8,True,173,7.21,5.383
LINKUSDT,2025-11-21 08:00:00+00:00,12.27,2025-11-26 18:00:00+00:00,13.497,10.0,9.8,True,130,5.42,5.807
ADAUSDT,2025-11-21 08:00:00+00:00,0.4087,2025-12-03 21:00:00+00:00,0.44957,10.0,9.8,True,301,12.54,6.534
AAVEUSDT,2025-11-21 08:00:00+00:00,156.26,2025-11-23 21:00:00+00:00,171.886,10.0,9.8,True,61,2.54,6.172
UNIUSDT,2025-11-21 08:00:00+00:00,6.286,2026-01-20 07:00:00+00:00,4.942,-21.381,-21.581,False,1439,59.96,5.35
DOGEUSDT,2025-11-21 08:00:00+00:00,0.14035,2025-11-25 23:00:00+00:00,0.15438500000000002,10.0,9.8,True,111,4.62,7.071
AVAXUSDT,2025-11-21 08:00:00+00:00,13.19,2025-11-26 18:00:00+00:00,14.509,10.0,9.8,True,130,5.42,5.095
APTUSDT,2025-11-21 08:00:00+00:00,2.546,2026-01-20 07:00:00+00:00,1.585,-37.745,-37.945,False,1439,59.96,5.014
NEARUSDT,2025-11-21 08:00:00+00:00,1.952,2026-01-20 07:00:00+00:00,1.553,-20.441,-20.641,False,1439,59.96,3.655
ARBUSDT,2025-11-21 08:00:00+00:00,0.2012,2025-11-24 19:00:00+00:00,0.22132000000000002,10.0,9.8,True,83,3.46,5.632
ENJUSDT,2025-11-21 08:00:00+00:00,0.03271,2025-12-09 08:00:00+00:00,0.035981000000000006,10.0,9.8,True,432,18.0,5.734
MANAUSDT,2025-11-21 08:00:00+00:00,0.1673,2026-01-20 07:00:00+00:00,0.1542,-7.83,-8.03,False,1439,59.96,5.004
DOTUSDT,2025-11-21 08:00:00+00:00,2.402,2026-01-20 07:00:00+00:00,1.991,-17.111,-17.311,False,1439,59.96,5.987
BCHUSDT,2025-11-21 13:00:00+00:00,463.9,2025-11-21 17:00:00+00:00,510.29,10.0,9.8,True,4,0.17,3.26
BTCUSDT,2025-11-21 13:00:00+00:00,83285.34,2025-11-27 02:00:00+00:00,91613.87400000001,10.0,9.8,True,133,5.54,3.088
ETCUSDT,2025-11-21 13:00:00+00:00,13.17,2026-01-20 12:00:00+00:00,11.81,-10.326,-10.526,False,1439,59.96,2.844
XRPUSDT,2025-11-21 13:00:00+00:00,1.9089,2025-11-24 02:00:00+00:00,2.09979,10.0,9.8,True,61,2.54,2.545
DOGEUSDT,2025-11-21 13:00:00+00:00,0.13891,2025-11-24 18:00:00+00:00,0.15280100000000002,10.0,9.8,True,77,3.21,3.148
SUIUSDT,2025-11-21 13:00:00+00:00,1.3699,2025-11-24 17:00:00+00:00,1.50689,10.0,9.8,True,76,3.17,3.14
UNIUSDT,2025-11-21 13:00:00+00:00,6.267,2026-01-20 12:00:00+00:00,4.916,-21.557,-21.757,False,1439,59.96,2.571
XLMUSDT,2025-11-21 13:00:00+00:00,0.2263,2025-11-23 19:00:00+00:00,0.24893,10.0,9.8,True,54,2.25,3.284
BNBUSDT,2025-11-21 13:00:00+00:00,818.55,2025-11-27 02:00:00+00:00,900.405,10.0,9.8,True,133,5.54,2.67
BCHUSDT,2025-11-21 15:00:00+00:00,493.2,2025-11-21 21:00:00+00:00,542.52,10.0,9.8,True,6,0.25,6.239
FILUSDT,2025-11-22 17:00:00+00:00,1.61,2026-01-21 16:00:00+00:00,1.302,-19.13,-19.33,False,1439,59.96,4.779
UNIUSDT,2025-11-22 23:00:00+00:00,6.248,2026-01-21 22:00:00+00:00,4.972,-20.423,-20.623,False,1439,59.96,3.119
DOTUSDT,2025-11-24 02:00:00+00:00,2.289,2026-01-23 01:00:00+00:00,1.95,-14.81,-15.01,False,1439,59.96,2.654
APTUSDT,2025-11-24 13:00:00+00:00,2.273,2026-01-23 12:00:00+00:00,1.578,-30.576,-30.776,False,1439,59.96,2.987
ATOMUSDT,2025-11-24 14:00:00+00:00,2.419,2026-01-10 07:00:00+00:00,2.6609000000000003,10.0,9.8,True,1121,46.71,2.981
DOTUSDT,2025-11-25 15:00:00+00:00,2.205,2026-01-24 14:00:00+00:00,1.916,-13.107,-13.307,False,1439,59.96,2.894
TRXUSDT,2025-11-25 15:00:00+00:00,0.2714,2026-01-07 18:00:00+00:00,0.29853999999999997,10.0,9.8,True,1035,43.12,3.181
BCHUSDT,2025-11-25 15:00:00+00:00,521.6,2025-12-03 04:00:00+00:00,573.7600000000001,10.0,9.8,True,181,7.54,3.929
SHIBUSDT,2025-11-25 17:00:00+00:00,8.29e-06,2025-11-28 10:00:00+00:00,9.119e-06,10.0,9.8,True,65,2.71,2.881
SANDUSDT,2025-11-25 18:00:00+00:00,0.1576,2026-01-22 05:00:00+00:00,0.17336000000000001,10.0,9.8,True,1379,57.46,3.051
FILUSDT,2025-11-25 18:00:00+00:00,1.689,2026-01-24 17:00:00+00:00,1.305,-22.735,-22.935,False,1439,59.96,9.817
APTUSDT,2025-11-25 23:00:00+00:00,2.298,2026-01-24 22:00:00+00:00,1.557,-32.245,-32.445,False,1439,59.96,2.939
AXSUSDT,2025-11-26 15:00:00+00:00,1.103,2026-01-14 00:00:00+00:00,1.2133,10.0,9.8,True,1161,48.38,7.514
DOGEUSDT,2025-11-26 15:00:00+00:00,0.15017,2026-01-25 14:00:00+00:00,0.12215,-18.659,-18.859,False,1439,59.96,2.565
ARBUSDT,2025-11-26 15:00:00+00:00,0.2096,2026-01-25 14:00:00+00:00,0.1734,-17.271,-17.471,False,1439,59.96,3.631
APTUSDT,2025-11-26 15:00:00+00:00,2.183,2026-01-25 14:00:00+00:00,1.535,-29.684,-29.884,False,1439,59.96,2.565
SOLUSDT,2025-11-26 15:00:00+00:00,136.31,2026-01-25 14:00:00+00:00,126.09,-7.498,-7.698,False,1439,59.96,3.0
SANDUSDT,2025-11-26 18:00:00+00:00,0.161,2026-01-23 04:00:00+00:00,0.1771,10.0,9.8,True,1378,57.42,7.177
ARBUSDT,2025-11-26 18:00:00+00:00,0.2201,2026-01-25 17:00:00+00:00,0.169,-23.217,-23.417,False,1439,59.96,2.568
UNIUSDT,2025-11-26 18:00:00+00:00,6.325,2026-01-25 17:00:00+00:00,4.713,-25.486,-25.686,False,1439,59.96,2.762
LINKUSDT,2025-11-26 18:00:00+00:00,13.37,2025-12-03 23:00:00+00:00,14.707,10.0,9.8,True,173,7.21,2.864
ETCUSDT,2025-11-26 18:00:00+00:00,14.03,2026-01-25 17:00:00+00:00,11.32,-19.316,-19.516,False,1439,59.96,7.957
AXSUSDT,2025-11-26 19:00:00+00:00,1.171,2026-01-14 05:00:00+00:00,1.2881000000000002,10.0,9.8,True,1162,48.42,2.867
LTCUSDT,2025-11-26 19:00:00+00:00,87.0,2026-01-25 18:00:00+00:00,67.27,-22.678,-22.878,False,1439,59.96,3.266
OPUSDT,2025-11-26 19:00:00+00:00,0.3267,2026-01-13 17:00:00+00:00,0.35937,10.0,9.8,True,1150,47.92,2.54
SOLUSDT,2025-11-26 19:00:00+00:00,144.64,2026-01-25 18:00:00+00:00,121.69,-15.867,-16.067,False,1439,59.96,4.327
ADAUSDT,2025-11-26 19:00:00+00:00,0.4352,2025-12-09 16:00:00+00:00,0.47872000000000003,10.0,9.8,True,309,12.88,2.693
CHZUSDT,2025-11-27 15:00:00+00:00,0.02909,2025-11-29 03:00:00+00:00,0.03199900000000001,10.0,9.8,True,36,1.5,5.737
UNIUSDT,2025-11-27 16:00:00+00:00,6.182,2026-01-26 15:00:00+00:00,4.689,-24.151,-24.351,False,1439,59.96,2.621
BCHUSDT,2025-11-28 04:00:00+00:00,537.7,2025-12-03 04:00:00+00:00,591.4700000000001,10.0,9.8,True,120,5.0,119.287
AXSUSDT,2025-11-28 05:00:00+00:00,1.143,2026-01-14 05:00:00+00:00,1.2573,10.0,9.8,True,1128,47.0,2.565
AXSUSDT,2025-11-28 08:00:00+00:00,1.139,2026-01-14 05:00:00+00:00,1.2529000000000001,10.0,9.8,True,1125,46.88,6.712
ARBUSDT,2025-11-28 09:00:00+00:00,0.2242,2026-01-27 08:00:00+00:00,0.1688,-24.71,-24.91,False,1439,59.96,2.748
LINKUSDT,2025-11-28 09:00:00+00:00,13.53,2025-12-04 00:00:00+00:00,14.883000000000001,10.0,9.8,True,135,5.62,3.078
SOLUSDT,2025-11-28 10:00:00+00:00,141.69,2026-01-27 09:00:00+00:00,123.74,-12.669,-12.869,False,1439,59.96,2.846
APTUSDT,2025-11-28 15:00:00+00:00,2.197,2026-01-27 14:00:00+00:00,1.525,-30.587,-30.787,False,1439,59.96,5.141
ENJUSDT,2025-11-29 07:00:00+00:00,0.03284,2025-12-09 08:00:00+00:00,0.036124,10.0,9.8,True,241,10.04,2.897
SANDUSDT,2025-11-29 07:00:00+00:00,0.1579,2026-01-23 01:00:00+00:00,0.17369000000000004,10.0,9.8,True,1314,54.75,2.758
APTUSDT,2025-11-29 18:00:00+00:00,1.977,2026-01-28 17:00:00+00:00,1.599,-19.12,-19.32,False,1439,59.96,2.935
BNBUSDT,2025-11-29 19:00:00+00:00,874.01,2026-01-28 18:00:00+00:00,902.52,3.262,3.062,False,1439,59.96,2.727
AXSUSDT,2025-11-29 20:00:00+00:00,1.109,2026-01-14 00:00:00+00:00,1.2199,10.0,9.8,True,1084,45.17,3.357
DOTUSDT,2025-11-29 21:00:00+00:00,2.257,2026-01-28 20:00:00+00:00,1.856,-17.767,-17.967,False,1439,59.96,2.897
BCHUSDT,2025-11-30 02:00:00+00:00,525.5,2025-12-03 04:00:00+00:00,578.0500000000001,10.0,9.8,True,74,3.08,4.457
TRXUSDT,2025-11-30 09:00:00+00:00,0.281,2026-01-15 16:00:00+00:00,0.30910000000000004,10.0,9.8,True,1111,46.29,3.692
AXSUSDT,2025-11-30 09:00:00+00:00,1.101,2026-01-14 00:00:00+00:00,1.2111,10.0,9.8,True,1071,44.62,3.014
MANAUSDT,2025-12-01 02:00:00+00:00,0.1522,2026-01-17 13:00:00+00:00,0.16742,10.0,9.8,True,1139,47.46,2.56
ADAUSDT,2025-12-01 02:00:00+00:00,0.3899,2025-12-02 15:00:00+00:00,0.42889000000000005,10.0,9.8,True,37,1.54,6.499
DOTUSDT,2025-12-01 02:00:00+00:00,2.076,2025-12-02 17:00:00+00:00,2.2836000000000003,10.0,9.8,True,39,1.62,3.521
SHIBUSDT,2025-12-01 03:00:00+00:00,8.02e-06,2025-12-03 10:00:00+00:00,8.822e-06,10.0,9.8,True,55,2.29,2.558
BCHUSDT,2025-12-01 05:00:00+00:00,521.3,2025-12-03 04:00:00+00:00,573.43,10.0,9.8,True,47,1.96,2.798
AXSUSDT,2025-12-01 05:00:00+00:00,0.998,2025-12-02 15:00:00+00:00,1.0978,10.0,9.8,True,34,1.42,6.942
SANDUSDT,2025-12-01 05:00:00+00:00,0.1394,2025-12-02 16:00:00+00:00,0.15334,10.0,9.8,True,35,1.46,3.418
ETHUSDT,2025-12-01 10:00:00+00:00,2839.59,2025-12-03 14:00:00+00:00,3123.5490000000004,10.0,9.8,True,52,2.17,3.647
ATOMUSDT,2025-12-01 11:00:00+00:00,2.281,2026-01-06 14:00:00+00:00,2.5091000000000006,10.0,9.8,True,867,36.12,4.355
BTCUSDT,2025-12-01 16:00:00+00:00,84677.87,2025-12-03 04:00:00+00:00,93145.657,10.0,9.8,True,36,1.5,2.616
DOTUSDT,2025-12-01 16:00:00+00:00,1.997,2025-12-02 15:00:00+00:00,2.1967000000000003,10.0,9.8,True,23,0.96,2.699
ATOMUSDT,2025-12-01 16:00:00+00:00,2.172,2025-12-02 15:00:00+00:00,2.3892,10.0,9.8,True,23,0.96,2.505
ETHUSDT,2025-12-01 16:00:00+00:00,2745.73,2025-12-02 15:00:00+00:00,3020.3030000000003,10.0,9.8,True,23,0.96,4.659
CHZUSDT,2025-12-01 16:00:00+00:00,0.02843,2025-12-06 08:00:00+00:00,0.031273,10.0,9.8,True,112,4.67,3.269
SOLUSDT,2025-12-01 16:00:00+00:00,125.11,2025-12-02 15:00:00+00:00,137.621,10.0,9.8,True,23,0.96,2.703
AXSUSDT,2025-12-04 10:00:00+00:00,1.12,2026-01-14 00:00:00+00:00,1.2320000000000002,10.0,9.8,True,974,40.58,2.961
DOTUSDT,2025-12-04 16:00:00+00:00,2.329,2026-02-02 15:00:00+00:00,1.571,-32.546,-32.746,False,1439,59.96,2.771
CHZUSDT,2025-12-04 20:00:00+00:00,0.03021,2025-12-09 03:00:00+00:00,0.033231000000000004,10.0,9.8,True,103,4.29,5.324
DOGEUSDT,2025-12-04 20:00:00+00:00,0.14801,2026-02-02 19:00:00+00:00,0.10738,-27.451,-27.651,False,1439,59.96,3.118
AAVEUSDT,2025-12-04 20:00:00+00:00,190.5,2026-02-02 19:00:00+00:00,127.91,-32.856,-33.056,False,1439,59.96,4.289
ATOMUSDT,2025-12-05 03:00:00+00:00,2.327,2026-01-09 16:00:00+00:00,2.5597000000000003,10.0,9.8,True,853,35.54,3.217
BTCUSDT,2025-12-05 16:00:00+00:00,90459.34,2026-02-03 15:00:00+00:00,78132.33,-13.627,-13.827,False,1439,59.96,2.987
XLMUSDT,2025-12-05 16:00:00+00:00,0.2483,2025-12-10 20:00:00+00:00,0.27313000000000004,10.0,9.8,True,124,5.17,3.781
ADAUSDT,2025-12-05 16:00:00+00:00,0.4262,2025-12-09 15:00:00+00:00,0.46882000000000007,10.0,9.8,True,95,3.96,2.743
BNBUSDT,2025-12-05 16:00:00+00:00,888.86,2026-02-03 15:00:00+00:00,776.75,-12.613,-12.813,False,1439,59.96,3.01
SUIUSDT,2025-12-05 16:00:00+00:00,1.6363,2026-01-05 19:00:00+00:00,1.7999300000000003,10.0,9.8,True,747,31.12,3.917
ARBUSDT,2025-12-05 16:00:00+00:00,0.2089,2025-12-09 17:00:00+00:00,0.22979000000000002,10.0,9.8,True,97,4.04,4.595
AXSUSDT,2025-12-05 16:00:00+00:00,1.051,2026-01-14 00:00:00+00:00,1.1561000000000001,10.0,9.8,True,944,39.33,3.808
AVAXUSDT,2025-12-05 16:00:00+00:00,13.68,2026-02-03 15:00:00+00:00,10.15,-25.804,-26.004,False,1439,59.96,2.69
NEARUSDT,2025-12-05 16:00:00+00:00,1.713,2025-12-09 17:00:00+00:00,1.8843000000000003,10.0,9.8,True,97,4.04,3.003
DOGEUSDT,2025-12-05 16:00:00+00:00,0.14251,2026-02-03 15:00:00+00:00,0.11017,-22.693,-22.893,False,1439,59.96,2.632
XRPUSDT,2025-12-05 16:00:00+00:00,2.076,2026-01-05 20:00:00+00:00,2.2836000000000003,10.0,9.8,True,748,31.17,2.872
DOTUSDT,2025-12-05 16:00:00+00:00,2.208,2026-02-03 15:00:00+00:00,1.525,-30.933,-31.133,False,1439,59.96,3.789
LINKUSDT,2025-12-05 16:00:00+00:00,13.95,2026-02-03 15:00:00+00:00,9.75,-30.108,-30.308,False,1439,59.96,2.61
MANAUSDT,2025-12-05 16:00:00+00:00,0.1517,2026-01-17 13:00:00+00:00,0.16687000000000002,10.0,9.8,True,1029,42.88,2.955
CHZUSDT,2025-12-05 17:00:00+00:00,0.02953,2025-12-08 19:00:00+00:00,0.032483000000000005,10.0,9.8,True,74,3.08,2.521
DOTUSDT,2025-12-05 18:00:00+00:00,2.128,2025-12-09 16:00:00+00:00,2.3408,10.0,9.8,True,94,3.92,2.725
ENJUSDT,2025-12-05 22:00:00+00:00,0.03114,2025-12-09 02:00:00+00:00,0.03425400000000001,10.0,9.8,True,76,3.17,4.76
AVAXUSDT,2025-12-06 00:00:00+00:00,13.21,2025-12-09 16:00:00+00:00,14.531000000000002,10.0,9.8,True,88,3.67,2.602
BCHUSDT,2025-12-06 04:00:00+00:00,573.5,2025-12-19 22:00:00+00:00,630.85,10.0,9.8,True,330,13.75,2.522
TRXUSDT,2025-12-07 08:00:00+00:00,0.2859,2026-01-17 14:00:00+00:00,0.31449,10.0,9.8,True,990,41.25,2.686
APTUSDT,2025-12-07 15:00:00+00:00,1.678,2025-12-09 16:00:00+00:00,1.8458,10.0,9.8,True,49,2.04,8.421
TRXUSDT,2025-12-07 15:00:00+00:00,0.2843,2026-01-17 11:00:00+00:00,0.31273,10.0,9.8,True,980,40.83,3.877
XLMUSDT,2025-12-07 16:00:00+00:00,0.2377,2025-12-10 20:00:00+00:00,0.26147000000000004,10.0,9.8,True,76,3.17,2.944
BTCUSDT,2025-12-07 16:00:00+00:00,89554.52,2026-02-05 15:00:00+00:00,67489.07,-24.639,-24.839,False,1439,59.96,3.725
DOTUSDT,2025-12-07 16:00:00+00:00,2.118,2025-12-09 16:00:00+00:00,2.3298,10.0,9.8,True,48,2.0,2.748
LTCUSDT,2025-12-07 16:00:00+00:00,81.64,2026-02-05 15:00:00+00:00,53.93,-33.942,-34.142,False,1439,59.96,2.643
ARBUSDT,2025-12-07 16:00:00+00:00,0.2062,2025-12-09 16:00:00+00:00,0.22682000000000002,10.0,9.8,True,48,2.0,4.39
BNBUSDT,2025-12-07 16:00:00+00:00,890.3,2026-02-05 15:00:00+00:00,658.56,-26.029,-26.229,False,1439,59.96,4.446
ATOMUSDT,2025-12-07 16:00:00+00:00,2.198,2025-12-09 17:00:00+00:00,2.4178,10.0,9.8,True,49,2.04,2.801
ETCUSDT,2025-12-07 16:00:00+00:00,13.09,2026-02-05 15:00:00+00:00,8.54,-34.759,-34.959,False,1439,59.96,5.934
SOLUSDT,2025-12-07 16:00:00+00:00,132.03,2026-01-13 22:00:00+00:00,145.233,10.0,9.8,True,894,37.25,5.628
AVAXUSDT,2025-12-07 16:00:00+00:00,13.42,2025-12-10 20:00:00+00:00,14.762,10.0,9.8,True,76,3.17,2.564
ETHUSDT,2025-12-07 16:00:00+00:00,3027.0,2025-12-09 16:00:00+00:00,3329.7000000000003,10.0,9.8,True,48,2.0,6.97
OPUSDT,2025-12-07 16:00:00+00:00,0.3072,2025-12-09 16:00:00+00:00,0.33792,10.0,9.8,True,48,2.0,3.958
NEARUSDT,2025-12-07 16:00:00+00:00,1.698,2025-12-09 16:00:00+00:00,1.8678000000000001,10.0,9.8,True,48,2.0,4.479
AAVEUSDT,2025-12-07 16:00:00+00:00,188.2,2025-12-10 20:00:00+00:00,207.02,10.0,9.8,True,76,3.17,4.652
FILUSDT,2025-12-07 16:00:00+00:00,1.457,2026-01-05 15:00:00+00:00,1.6027000000000002,10.0,9.8,True,695,28.96,3.347
LINKUSDT,2025-12-07 16:00:00+00:00,13.6,2025-12-09 17:00:00+00:00,14.96,10.0,9.8,True,49,2.04,3.959
SUIUSDT,2025-12-07 16:00:00+00:00,1.5839,2026-01-04 17:00:00+00:00,1.7422900000000003,10.0,9.8,True,673,28.04,3.286
DOGEUSDT,2025-12-07 16:00:00+00:00,0.13931,2026-01-04 04:00:00+00:00,0.153241,10.0,9.8,True,660,27.5,5.484
SUIUSDT,2025-12-07 18:00:00+00:00,1.6376,2026-01-05 19:00:00+00:00,1.80136,10.0,9.8,True,697,29.04,4.417
XLMUSDT,2025-12-07 18:00:00+00:00,0.2427,2025-12-10 20:00:00+00:00,0.26697000000000004,10.0,9.8,True,74,3.08,3.006
SANDUSDT,2025-12-07 18:00:00+00:00,0.1427,2026-01-17 15:00:00+00:00,0.15697,10.0,9.8,True,981,40.88,2.76
AVAXUSDT,2025-12-07 18:00:00+00:00,13.67,2026-02-05 17:00:00+00:00,8.82,-35.479,-35.679,False,1439,59.96,4.123
OPUSDT,2025-12-07 18:00:00+00:00,0.3125,2025-12-09 16:00:00+00:00,0.34375,10.0,9.8,True,46,1.92,3.19
ATOMUSDT,2025-12-07 18:00:00+00:00,2.209,2026-01-06 12:00:00+00:00,2.4299000000000004,10.0,9.8,True,714,29.75,3.744
ARBUSDT,2025-12-07 18:00:00+00:00,0.2106,2026-02-05 17:00:00+00:00,0.1135,-46.106,-46.306,False,1439,59.96,2.875
BTCUSDT,2025-12-07 18:00:00+00:00,90945.18,2026-02-05 17:00:00+00:00,66181.69,-27.229,-27.429,False,1439,59.96,4.942
DOTUSDT,2025-12-07 18:00:00+00:00,2.145,2025-12-09 16:00:00+00:00,2.3595,10.0,9.8,True,46,1.92,5.38
DOGEUSDT,2025-12-07 18:00:00+00:00,0.14145,2026-01-06 14:00:00+00:00,0.155595,10.0,9.8,True,716,29.83,3.791
FILUSDT,2025-12-07 18:00:00+00:00,1.486,2026-01-05 15:00:00+00:00,1.6346,10.0,9.8,True,693,28.88,3.359
UNIUSDT,2025-12-07 18:00:00+00:00,5.619,2025-12-20 17:00:00+00:00,6.1809,10.0,9.8,True,311,12.96,3.08
LTCUSDT,2025-12-07 18:00:00+00:00,83.04,2026-02-05 17:00:00+00:00,53.08,-36.079,-36.279,False,1439,59.96,3.604
ETCUSDT,2025-12-07 18:00:00+00:00,13.35,2026-02-05 17:00:00+00:00,8.42,-36.929,-37.129,False,1439,59.96,3.118
BNBUSDT,2025-12-07 18:00:00+00:00,899.31,2026-02-05 17:00:00+00:00,654.74,-27.195,-27.395,False,1439,59.96,3.756
LINKUSDT,2025-12-07 18:00:00+00:00,14.05,2026-02-05 17:00:00+00:00,8.35,-40.569,-40.769,False,1439,59.96,3.021
TRXUSDT,2025-12-07 18:00:00+00:00,0.2866,2026-01-17 15:00:00+00:00,0.31526000000000004,10.0,9.8,True,981,40.88,2.604
AAVEUSDT,2025-12-07 18:00:00+00:00,191.31,2026-02-05 17:00:00+00:00,111.82,-41.55,-41.75,False,1439,59.96,2.685
SOLUSDT,2025-12-07 18:00:00+00:00,134.82,2026-01-13 22:00:00+00:00,148.302,10.0,9.8,True,892,37.17,4.992
NEARUSDT,2025-12-07 18:00:00+00:00,1.731,2026-02-05 17:00:00+00:00,1.044,-39.688,-39.888,False,1439,59.96,3.276
ADAUSDT,2025-12-09 12:00:00+00:00,0.4379,2025-12-09 18:00:00+00:00,0.48169000000000006,10.0,9.8,True,6,0.25,4.744
DOGEUSDT,2025-12-09 15:00:00+00:00,0.14101,2026-01-06 14:00:00+00:00,0.155111,10.0,9.8,True,671,27.96,3.15
TRXUSDT,2025-12-09 16:00:00+00:00,0.2803,2026-01-15 13:00:00+00:00,0.30833,10.0,9.8,True,885,36.88,5.023
BNBUSDT,2025-12-09 16:00:00+00:00,907.67,2026-02-07 15:00:00+00:00,642.29,-29.237,-29.437,False,1439,59.96,5.662
BCHUSDT,2025-12-10 09:00:00+00:00,565.7,2025-12-19 19:00:00+00:00,622.2700000000001,10.0,9.8,True,226,9.42,6.506
ENJUSDT,2025-12-10 14:00:00+00:00,0.03415,2026-01-17 17:00:00+00:00,0.037565,10.0,9.8,True,915,38.12,2.519
ATOMUSDT,2025-12-10 15:00:00+00:00,2.258,2026-01-06 13:00:00+00:00,2.4838,10.0,9.8,True,646,26.92,3.049
LINKUSDT,2025-12-10 17:00:00+00:00,14.17,2026-02-08 16:00:00+00:00,8.75,-38.25,-38.45,False,1439,59.96,3.34
ATOMUSDT,2025-12-10 17:00:00+00:00,2.272,2026-01-06 14:00:00+00:00,2.4992,10.0,9.8,True,645,26.88,3.048
ETCUSDT,2025-12-10 18:00:00+00:00,13.76,2026-02-08 17:00:00+00:00,8.58,-37.645,-37.845,False,1439,59.96,2.907
FILUSDT,2025-12-10 19:00:00+00:00,1.501,2026-01-05 15:00:00+00:00,1.6511,10.0,9.8,True,620,25.83,2.942
AVAXUSDT,2025-12-10 20:00:00+00:00,14.56,2026-02-08 19:00:00+00:00,9.2,-36.813,-37.013,False,1439,59.96,6.373
TRXUSDT,2025-12-10 20:00:00+00:00,0.2785,2026-01-13 20:00:00+00:00,0.30635000000000007,10.0,9.8,True,816,34.0,3.014
CHZUSDT,2025-12-11 01:00:00+00:00,0.03269,2025-12-19 16:00:00+00:00,0.035959,10.0,9.8,True,207,8.62,2.507
CHZUSDT,2025-12-11 03:00:00+00:00,0.03231,2025-12-19 16:00:00+00:00,0.035541,10.0,9.8,True,205,8.54,2.564
TRXUSDT,2025-12-12 17:00:00+00:00,0.2753,2026-01-11 00:00:00+00:00,0.30283,10.0,9.8,True,703,29.29,2.69
ADAUSDT,2025-12-12 18:00:00+00:00,0.4084,2026-02-10 17:00:00+00:00,0.2644,-35.26,-35.46,False,1439,59.96,4.317
TRXUSDT,2025-12-14 01:00:00+00:00,0.272,2026-01-09 21:00:00+00:00,0.2992,10.0,9.8,True,644,26.83,2.986
SANDUSDT,2025-12-14 11:00:00+00:00,0.13,2026-01-17 12:00:00+00:00,0.14300000000000002,10.0,9.8,True,817,34.04,4.728
ETCUSDT,2025-12-14 11:00:00+00:00,13.0,2026-02-12 10:00:00+00:00,8.41,-35.308,-35.508,False,1439,59.96,4.021
AXSUSDT,2025-12-14 11:00:00+00:00,0.991,2026-01-13 13:00:00+00:00,1.0901,10.0,9.8,True,722,30.08,3.25
NEARUSDT,2025-12-14 12:00:00+00:00,1.624,2026-01-05 03:00:00+00:00,1.7864000000000002,10.0,9.8,True,519,21.62,3.251
AAVEUSDT,2025-12-14 12:00:00+00:00,193.58,2026-02-12 11:00:00+00:00,109.85,-43.253,-43.453,False,1439,59.96,3.098
CHZUSDT,2025-12-14 13:00:00+00:00,0.03304,2025-12-19 16:00:00+00:00,0.036344,10.0,9.8,True,123,5.12,3.444
OPUSDT,2025-12-14 13:00:00+00:00,0.3073,2026-01-06 14:00:00+00:00,0.33803000000000005,10.0,9.8,True,553,23.04,5.32
DOGEUSDT,2025-12-14 16:00:00+00:00,0.13547,2026-01-04 03:00:00+00:00,0.149017,10.0,9.8,True,491,20.46,2.539
DOTUSDT,2025-12-14 18:00:00+00:00,1.95,2026-01-02 22:00:00+00:00,2.145,10.0,9.8,True,460,19.17,2.549
ETHUSDT,2025-12-14 18:00:00+00:00,3084.96,2026-01-14 16:00:00+00:00,3393.456,10.0,9.8,True,742,30.92,2.574
AXSUSDT,2025-12-14 18:00:00+00:00,0.966,2026-01-13 12:00:00+00:00,1.0626,10.0,9.8,True,714,29.75,2.635
AVAXUSDT,2025-12-15 00:00:00+00:00,12.88,2026-01-03 03:00:00+00:00,14.168000000000003,10.0,9.8,True,459,19.12,3.293
DOGEUSDT,2025-12-15 00:00:00+00:00,0.13407,2026-01-04 02:00:00+00:00,0.147477,10.0,9.8,True,482,20.08,2.622
SOLUSDT,2025-12-15 00:00:00+00:00,129.39,2026-01-06 14:00:00+00:00,142.329,10.0,9.8,True,542,22.58,3.029
XRPUSDT,2025-12-15 00:00:00+00:00,1.9784,2026-01-05 16:00:00+00:00,2.17624,10.0,9.8,True,520,21.67,5.459
BCHUSDT,2025-12-15 02:00:00+00:00,567.2,2025-12-19 19:00:00+00:00,623.9200000000001,10.0,9.8,True,113,4.71,3.117
SOLUSDT,2025-12-15 03:00:00+00:00,131.53,2026-01-13 22:00:00+00:00,144.68300000000002,10.0,9.8,True,715,29.79,2.535
ENJUSDT,2025-12-15 14:00:00+00:00,0.02951,2026-01-05 20:00:00+00:00,0.032461000000000004,10.0,9.8,True,510,21.25,4.25
AAVEUSDT,2025-12-15 19:00:00+00:00,182.87,2026-02-13 18:00:00+00:00,118.91,-34.976,-35.176,False,1439,59.96,3.635
CHZUSDT,2025-12-15 19:00:00+00:00,0.03042,2025-12-19 14:00:00+00:00,0.033462,10.0,9.8,True,91,3.79,2.611
AAVEUSDT,2025-12-16 00:00:00+00:00,192.96,2026-02-13 23:00:00+00:00,118.88,-38.391,-38.591,False,1439,59.96,4.495
BCHUSDT,2025-12-16 00:00:00+00:00,536.1,2025-12-19 03:00:00+00:00,589.71,10.0,9.8,True,75,3.12,3.525
UNIUSDT,2025-12-16 05:00:00+00:00,5.004,2025-12-20 05:00:00+00:00,5.5044,10.0,9.8,True,96,4.0,2.608
AVAXUSDT,2025-12-16 15:00:00+00:00,12.19,2026-01-01 19:00:00+00:00,13.409,10.0,9.8,True,388,16.17,3.36
AAVEUSDT,2025-12-16 17:00:00+00:00,187.23,2026-02-14 16:00:00+00:00,130.01,-30.561,-30.761,False,1439,59.96,3.506
LINKUSDT,2025-12-17 15:00:00+00:00,13.01,2026-01-14 16:00:00+00:00,14.311000000000002,10.0,9.8,True,673,28.04,8.553
SUIUSDT,2025-12-17 15:00:00+00:00,1.5275,2026-01-03 04:00:00+00:00,1.6802500000000002,10.0,9.8,True,397,16.54,5.496
OPUSDT,2025-12-17 15:00:00+00:00,0.2997,2026-01-05 18:00:00+00:00,0.3296700000000001,10.0,9.8,True,459,19.12,5.985
ETCUSDT,2025-12-17 15:00:00+00:00,12.67,2026-02-15 14:00:00+00:00,8.81,-30.466,-30.666,False,1439,59.96,3.429
SHIBUSDT,2025-12-17 15:00:00+00:00,7.96e-06,2026-01-04 09:00:00+00:00,8.756e-06,10.0,9.8,True,426,17.75,3.381
ARBUSDT,2025-12-17 15:00:00+00:00,0.2016,2026-01-05 18:00:00+00:00,0.22176,10.0,9.8,True,459,19.12,7.412
AXSUSDT,2025-12-17 15:00:00+00:00,0.928,2026-01-13 12:00:00+00:00,1.0208000000000002,10.0,9.8,True,645,26.88,2.871
ADAUSDT,2025-12-17 15:00:00+00:00,0.3952,2026-01-06 14:00:00+00:00,0.43472000000000005,10.0,9.8,True,479,19.96,6.537
NEARUSDT,2025-12-17 15:00:00+00:00,1.586,2026-01-05 00:00:00+00:00,1.7446000000000002,10.0,9.8,True,441,18.38,4.053
UNIUSDT,2025-12-17 15:00:00+00:00,5.234,2025-12-20 07:00:00+00:00,5.7574000000000005,10.0,9.8,True,64,2.67,3.957
XLMUSDT,2025-12-17 15:00:00+00:00,0.2228,2026-01-05 19:00:00+00:00,0.24508000000000002,10.0,9.8,True,460,19.17,5.254
DOTUSDT,2025-12-17 15:00:00+00:00,1.93,2026-01-02 19:00:00+00:00,2.123,10.0,9.8,True,388,16.17,3.981
BNBUSDT,2025-12-17 15:00:00+00:00,869.26,2026-01-17 15:00:00+00:00,956.186,10.0,9.8,True,744,31.0,3.159
APTUSDT,2025-12-17 15:00:00+00:00,1.618,2025-12-29 05:00:00+00:00,1.7798000000000003,10.0,9.8,True,278,11.58,5.794
DOGEUSDT,2025-12-17 15:00:00+00:00,0.13448,2026-01-04 03:00:00+00:00,0.147928,10.0,9.8,True,420,17.5,9.008
BCHUSDT,2025-12-18 08:00:00+00:00,530.6,2025-12-18 19:00:00+00:00,583.6600000000001,10.0,9.8,True,11,0.46,3.925
UNIUSDT,2025-12-18 09:00:00+00:00,5.187,2025-12-20 07:00:00+00:00,5.705700000000001,10.0,9.8,True,46,1.92,13.104
ATOMUSDT,2025-12-18 14:00:00+00:00,1.949,2026-01-02 16:00:00+00:00,2.1439000000000004,10.0,9.8,True,362,15.08,5.268
SHIBUSDT,2025-12-18 14:00:00+00:00,7.47e-06,2026-01-02 16:00:00+00:00,8.217e-06,10.0,9.8,True,362,15.08,5.246
XRPUSDT,2025-12-19 04:00:00+00:00,1.8402,2026-01-02 22:00:00+00:00,2.02422,10.0,9.8,True,354,14.75,2.804
DOTUSDT,2025-12-21 07:00:00+00:00,1.821,2026-01-01 19:00:00+00:00,2.0031000000000003,10.0,9.8,True,276,11.5,2.964
ADAUSDT,2025-12-21 10:00:00+00:00,0.3731,2026-01-05 15:00:00+00:00,0.41041,10.0,9.8,True,365,15.21,2.518
OPUSDT,2025-12-21 10:00:00+00:00,0.2772,2026-01-02 17:00:00+00:00,0.30492,10.0,9.8,True,295,12.29,2.568
AVAXUSDT,2025-12-21 10:00:00+00:00,12.28,2026-01-01 19:00:00+00:00,13.508000000000001,10.0,9.8,True,273,11.38,3.351
SUIUSDT,2025-12-21 10:00:00+00:00,1.4715,2026-01-02 21:00:00+00:00,1.6186500000000001,10.0,9.8,True,299,12.46,3.468
MANAUSDT,2025-12-21 15:00:00+00:00,0.1256,2026-01-03 03:00:00+00:00,0.13816,10.0,9.8,True,300,12.5,2.831
ENJUSDT,2025-12-21 15:00:00+00:00,0.02666,2026-01-01 13:00:00+00:00,0.029326,10.0,9.8,True,262,10.92,2.758
ATOMUSDT,2025-12-21 15:00:00+00:00,1.913,2025-12-28 06:00:00+00:00,2.1043000000000003,10.0,9.8,True,159,6.62,2.883
XRPUSDT,2025-12-21 15:00:00+00:00,1.9078,2026-01-04 12:00:00+00:00,2.09858,10.0,9.8,True,333,13.88,3.237
ENJUSDT,2025-12-21 23:00:00+00:00,0.0268,2026-01-01 14:00:00+00:00,0.029480000000000003,10.0,9.8,True,255,10.62,2.657
AAVEUSDT,2025-12-22 00:00:00+00:00,165.13,2026-02-19 23:00:00+00:00,124.84,-24.399,-24.599,False,1439,59.96,7.963
ARBUSDT,2025-12-22 01:00:00+00:00,0.1877,2026-01-02 16:00:00+00:00,0.20647000000000001,10.0,9.8,True,279,11.62,3.915
ATOMUSDT,2025-12-22 01:00:00+00:00,1.953,2026-01-02 17:00:00+00:00,2.1483000000000003,10.0,9.8,True,280,11.67,2.862
OPUSDT,2025-12-22 01:00:00+00:00,0.2742,2026-01-02 03:00:00+00:00,0.30162,10.0,9.8,True,266,11.08,4.747
DOTUSDT,2025-12-22 01:00:00+00:00,1.808,2026-01-01 19:00:00+00:00,1.9888000000000001,10.0,9.8,True,258,10.75,2.668
SANDUSDT,2025-12-22 03:00:00+00:00,0.1169,2026-01-06 12:00:00+00:00,0.12859,10.0,9.8,True,369,15.38,4.004
BCHUSDT,2025-12-23 10:00:00+00:00,584.7,2026-01-03 20:00:00+00:00,643.1700000000001,10.0,9.8,True,274,11.42,2.603
AXSUSDT,2025-12-23 14:00:00+00:00,0.823,2025-12-28 10:00:00+00:00,0.9053,10.0,9.8,True,116,4.83,4.804
AXSUSDT,2025-12-23 16:00:00+00:00,0.823,2025-12-28 10:00:00+00:00,0.9053,10.0,9.8,True,114,4.75,9.389
XLMUSDT,2025-12-23 16:00:00+00:00,0.2168,2026-01-05 18:00:00+00:00,0.23848,10.0,9.8,True,314,13.08,4.192
SOLUSDT,2025-12-23 17:00:00+00:00,124.62,2026-01-05 01:00:00+00:00,137.08200000000002,10.0,9.8,True,296,12.33,2.816
SANDUSDT,2025-12-23 17:00:00+00:00,0.1125,2026-01-04 16:00:00+00:00,0.12375000000000001,10.0,9.8,True,287,11.96,6.608
ENJUSDT,2025-12-23 17:00:00+00:00,0.02698,2026-01-01 14:00:00+00:00,0.029678000000000003,10.0,9.8,True,213,8.88,3.181
LINKUSDT,2025-12-23 18:00:00+00:00,12.24,2026-01-04 12:00:00+00:00,13.464000000000002,10.0,9.8,True,282,11.75,3.509
ENJUSDT,2025-12-23 19:00:00+00:00,0.02741,2026-01-01 14:00:00+00:00,0.030151000000000004,10.0,9.8,True,211,8.79,2.599
NEARUSDT,2025-12-24 15:00:00+00:00,1.457,2025-12-27 23:00:00+00:00,1.6027000000000002,10.0,9.8,True,80,3.33,2.883
LTCUSDT,2025-12-24 16:00:00+00:00,75.92,2026-01-05 01:00:00+00:00,83.51200000000001,10.0,9.8,True,273,11.38,3.393
APTUSDT,2025-12-24 16:00:00+00:00,1.593,2025-12-27 15:00:00+00:00,1.7523000000000002,10.0,9.8,True,71,2.96,3.406
LINKUSDT,2025-12-24 17:00:00+00:00,12.2,2026-01-02 22:00:00+00:00,13.42,10.0,9.8,True,221,9.21,3.115
ARBUSDT,2025-12-24 17:00:00+00:00,0.1888,2026-01-02 19:00:00+00:00,0.20768,10.0,9.8,True,218,9.08,2.547
XLMUSDT,2025-12-24 17:00:00+00:00,0.2125,2026-01-04 09:00:00+00:00,0.23375,10.0,9.8,True,256,10.67,3.204
ATOMUSDT,2025-12-24 18:00:00+00:00,1.942,2026-01-02 14:00:00+00:00,2.1362,10.0,9.8,True,212,8.83,3.64
SUIUSDT,2025-12-25 16:00:00+00:00,1.4161,2026-01-02 16:00:00+00:00,1.55771,10.0,9.8,True,192,8.0,3.934
ADAUSDT,2025-12-25 16:00:00+00:00,0.3573,2026-01-02 17:00:00+00:00,0.39303000000000005,10.0,9.8,True,193,8.04,3.745
DOGEUSDT,2025-12-25 16:00:00+00:00,0.12762,2026-01-02 20:00:00+00:00,0.14038200000000003,10.0,9.8,True,196,8.17,3.067
ETHUSDT,2025-12-25 16:00:00+00:00,2961.14,2026-01-05 20:00:00+00:00,3257.254,10.0,9.8,True,268,11.17,6.841
BNBUSDT,2025-12-25 16:00:00+00:00,842.52,2026-01-13 18:00:00+00:00,926.772,10.0,9.8,True,458,19.08,2.772
TRXUSDT,2025-12-25 17:00:00+00:00,0.2779,2026-01-13 20:00:00+00:00,0.30569,10.0,9.8,True,459,19.12,2.514
DOTUSDT,2025-12-26 01:00:00+00:00,1.661,2025-12-27 18:00:00+00:00,1.8271000000000002,10.0,9.8,True,41,1.71,4.113
BNBUSDT,2025-12-26 01:00:00+00:00,830.29,2026-01-05 19:00:00+00:00,913.3190000000001,10.0,9.8,True,258,10.75,2.504
ETCUSDT,2025-12-26 03:00:00+00:00,11.95,2026-01-05 01:00:00+00:00,13.145,10.0,9.8,True,238,9.92,3.617
MANAUSDT,2025-12-26 03:00:00+00:00,0.1207,2026-01-02 17:00:00+00:00,0.13277,10.0,9.8,True,182,7.58,3.552
SUIUSDT,2025-12-26 03:00:00+00:00,1.4086,2026-01-02 16:00:00+00:00,1.5494600000000003,10.0,9.8,True,181,7.54,3.89
LTCUSDT,2025-12-26 03:00:00+00:00,77.42,2026-02-24 02:00:00+00:00,51.26,-33.79,-33.99,False,1439,59.96,2.925
APTUSDT,2025-12-26 03:00:00+00:00,1.682,2026-01-01 18:00:00+00:00,1.8502,10.0,9.8,True,159,6.62,4.719
DOGEUSDT,2025-12-26 03:00:00+00:00,0.12629,2026-01-02 17:00:00+00:00,0.13891900000000001,10.0,9.8,True,182,7.58,3.942
ENJUSDT,2025-12-26 03:00:00+00:00,0.02722,2026-01-01 14:00:00+00:00,0.029942000000000003,10.0,9.8,True,155,6.46,2.698
DOTUSDT,2025-12-26 03:00:00+00:00,1.744,2025-12-27 23:00:00+00:00,1.9184,10.0,9.8,True,44,1.83,4.132
CHZUSDT,2025-12-26 03:00:00+00:00,0.03434,2025-12-29 06:00:00+00:00,0.03777400000000001,10.0,9.8,True,75,3.12,2.663
XRPUSDT,2025-12-26 03:00:00+00:00,1.8696,2026-01-04 03:00:00+00:00,2.05656,10.0,9.8,True,216,9.0,3.49
BNBUSDT,2025-12-26 03:00:00+00:00,842.38,2026-01-13 18:00:00+00:00,926.618,10.0,9.8,True,447,18.62,3.406
SANDUSDT,2025-12-26 03:00:00+00:00,0.1146,2026-01-05 18:00:00+00:00,0.12606,10.0,9.8,True,255,10.62,4.488
SHIBUSDT,2025-12-26 03:00:00+00:00,7.25e-06,2026-01-02 16:00:00+00:00,7.975e-06,10.0,9.8,True,181,7.54,4.901
OPUSDT,2025-12-26 03:00:00+00:00,0.2658,2026-01-01 20:00:00+00:00,0.29238000000000003,10.0,9.8,True,161,6.71,3.302
ATOMUSDT,2025-12-26 03:00:00+00:00,2.038,2026-01-03 03:00:00+00:00,2.2418,10.0,9.8,True,192,8.0,5.582
ADAUSDT,2025-12-26 03:00:00+00:00,0.3551,2026-01-02 17:00:00+00:00,0.39061000000000007,10.0,9.8,True,182,7.58,2.681
XLMUSDT,2025-12-26 03:00:00+00:00,0.2146,2026-01-05 01:00:00+00:00,0.23606000000000002,10.0,9.8,True,238,9.92,4.307
NEARUSDT,2025-12-26 03:00:00+00:00,1.533,2026-01-02 19:00:00+00:00,1.6863000000000001,10.0,9.8,True,184,7.67,6.98
FILUSDT,2025-12-26 12:00:00+00:00,1.244,2025-12-28 07:00:00+00:00,1.3684,10.0,9.8,True,43,1.79,3.008
ADAUSDT,2025-12-29 00:00:00+00:00,0.3689,2026-01-05 01:00:00+00:00,0.40579000000000004,10.0,9.8,True,169,7.04,3.052
AVAXUSDT,2025-12-29 01:00:00+00:00,12.75,2026-01-03 03:00:00+00:00,14.025,10.0,9.8,True,122,5.08,2.544
OPUSDT,2025-12-29 01:00:00+00:00,0.2763,2026-01-02 16:00:00+00:00,0.30393000000000003,10.0,9.8,True,111,4.62,4.194
APTUSDT,2025-12-29 01:00:00+00:00,1.741,2026-01-03 00:00:00+00:00,1.9151000000000002,10.0,9.8,True,119,4.96,2.752
BCHUSDT,2025-12-29 10:00:00+00:00,607.4,2026-01-05 08:00:00+00:00,668.14,10.0,9.8,True,166,6.92,11.226
ENJUSDT,2025-12-29 17:00:00+00:00,0.02774,2026-01-01 14:00:00+00:00,0.030514000000000003,10.0,9.8,True,69,2.88,4.17
APTUSDT,2025-12-30 03:00:00+00:00,1.689,2026-01-01 18:00:00+00:00,1.8579,10.0,9.8,True,63,2.62,2.6
ETCUSDT,2025-12-30 07:00:00+00:00,11.87,2026-01-05 01:00:00+00:00,13.057,10.0,9.8,True,138,5.75,2.939
XLMUSDT,2025-12-30 09:00:00+00:00,0.2138,2026-01-04 10:00:00+00:00,0.23518,10.0,9.8,True,121,5.04,2.809
LTCUSDT,2025-12-30 15:00:00+00:00,78.61,2026-02-28 14:00:00+00:00,52.33,-33.431,-33.631,False,1439,59.96,2.927
XLMUSDT,2025-12-31 18:00:00+00:00,0.1994,2026-01-02 22:00:00+00:00,0.21934,10.0,9.8,True,52,2.17,3.227
ENJUSDT,2025-12-31 21:00:00+00:00,0.02734,2026-01-01 14:00:00+00:00,0.030074000000000004,10.0,9.8,True,17,0.71,3.276
XRPUSDT,2025-12-31 21:00:00+00:00,1.8302,2026-01-02 21:00:00+00:00,2.01322,10.0,9.8,True,48,2.0,2.898
SUIUSDT,2025-12-31 21:00:00+00:00,1.3984,2026-01-02 14:00:00+00:00,1.5382400000000003,10.0,9.8,True,41,1.71,2.749
UNIUSDT,2026-01-01 08:00:00+00:00,5.643,2026-01-05 22:00:00+00:00,6.2073,10.0,9.8,True,110,4.58,2.699
ETCUSDT,2026-01-01 08:00:00+00:00,11.55,2026-01-04 02:00:00+00:00,12.705000000000002,10.0,9.8,True,66,2.75,6.764
BCHUSDT,2026-01-01 17:00:00+00:00,588.5,2026-01-03 20:00:00+00:00,647.35,10.0,9.8,True,51,2.12,2.815
CHZUSDT,2026-01-02 02:00:00+00:00,0.0431,2026-01-10 17:00:00+00:00,0.04741,10.0,9.8,True,207,8.62,3.973
BCHUSDT,2026-01-02 04:00:00+00:00,592.5,2026-01-03 20:00:00+00:00,651.75,10.0,9.8,True,40,1.67,2.706
BCHUSDT,2026-01-05 01:00:00+00:00,650.4,2026-03-06 00:00:00+00:00,461.2,-29.09,-29.29,False,1439,59.96,3.975
SHIBUSDT,2026-01-05 17:00:00+00:00,9.65e-06,2026-03-06 16:00:00+00:00,5.36e-06,-44.456,-44.656,False,1439,59.96,19.755
DOGEUSDT,2026-01-05 18:00:00+00:00,0.15301,2026-03-06 17:00:00+00:00,0.0903,-40.984,-41.184,False,1439,59.96,2.53
BCHUSDT,2026-01-06 01:00:00+00:00,653.4,2026-03-07 00:00:00+00:00,449.7,-31.175,-31.375,False,1439,59.96,3.251
CHZUSDT,2026-01-06 17:00:00+00:00,0.04313,2026-01-10 17:00:00+00:00,0.047443000000000006,10.0,9.8,True,96,4.0,4.278
LINKUSDT,2026-01-07 15:00:00+00:00,13.59,2026-03-08 14:00:00+00:00,8.59,-36.792,-36.992,False,1439,59.96,2.589
FILUSDT,2026-01-07 15:00:00+00:00,1.542,2026-03-08 14:00:00+00:00,0.941,-38.975,-39.175,False,1439,59.96,3.167
OPUSDT,2026-01-07 15:00:00+00:00,0.3199,2026-01-13 16:00:00+00:00,0.35189000000000004,10.0,9.8,True,145,6.04,3.326
ENJUSDT,2026-01-07 15:00:00+00:00,0.03178,2026-01-17 15:00:00+00:00,0.034958,10.0,9.8,True,240,10.0,2.652
LTCUSDT,2026-01-07 15:00:00+00:00,82.24,2026-03-08 14:00:00+00:00,52.94,-35.627,-35.827,False,1439,59.96,3.347
UNIUSDT,2026-01-07 15:00:00+00:00,5.8,2026-03-08 14:00:00+00:00,3.691,-36.362,-36.562,False,1439,59.96,6.305
DOTUSDT,2026-01-07 15:00:00+00:00,2.167,2026-03-08 14:00:00+00:00,1.458,-32.718,-32.918,False,1439,59.96,2.525
ETHUSDT,2026-01-07 15:00:00+00:00,3191.54,2026-03-08 14:00:00+00:00,1945.52,-39.041,-39.241,False,1439,59.96,3.564
CHZUSDT,2026-01-07 17:00:00+00:00,0.04269,2026-01-10 17:00:00+00:00,0.046959,10.0,9.8,True,72,3.0,2.954
LTCUSDT,2026-01-08 07:00:00+00:00,80.61,2026-03-09 06:00:00+00:00,53.31,-33.867,-34.067,False,1439,59.96,3.088
BNBUSDT,2026-01-08 08:00:00+00:00,885.02,2026-03-09 07:00:00+00:00,621.96,-29.724,-29.924,False,1439,59.96,3.021
UNIUSDT,2026-01-08 08:00:00+00:00,5.614,2026-03-09 07:00:00+00:00,3.778,-32.704,-32.904,False,1439,59.96,2.999
XRPUSDT,2026-01-08 15:00:00+00:00,2.0869,2026-03-09 14:00:00+00:00,1.3647,-34.606,-34.806,False,1439,59.96,4.525
ARBUSDT,2026-01-08 15:00:00+00:00,0.2066,2026-03-09 14:00:00+00:00,0.0989,-52.13,-52.33,False,1439,59.96,2.933
BTCUSDT,2026-01-08 15:00:00+00:00,90024.0,2026-03-09 14:00:00+00:00,69151.5,-23.185,-23.385,False,1439,59.96,2.563
OPUSDT,2026-01-08 15:00:00+00:00,0.3139,2026-01-13 16:00:00+00:00,0.34529000000000004,10.0,9.8,True,121,5.04,8.928
DOGEUSDT,2026-01-08 16:00:00+00:00,0.14187,2026-03-09 15:00:00+00:00,0.09112,-35.772,-35.972,False,1439,59.96,2.703
NEARUSDT,2026-01-08 17:00:00+00:00,1.702,2026-01-13 22:00:00+00:00,1.8722,10.0,9.8,True,125,5.21,3.739
ENJUSDT,2026-01-09 14:00:00+00:00,0.03046,2026-01-17 01:00:00+00:00,0.033506,10.0,9.8,True,179,7.46,4.686
BTCUSDT,2026-01-09 16:00:00+00:00,91176.48,2026-03-10 15:00:00+00:00,71346.16,-21.749,-21.949,False,1439,59.96,6.831
DOGEUSDT,2026-01-09 16:00:00+00:00,0.14212,2026-03-10 15:00:00+00:00,0.09912,-30.256,-30.456,False,1439,59.96,5.929
APTUSDT,2026-01-09 16:00:00+00:00,1.819,2026-01-13 16:00:00+00:00,2.0009,10.0,9.8,True,96,4.0,2.797
DOTUSDT,2026-01-09 16:00:00+00:00,2.106,2026-01-13 16:00:00+00:00,2.3166,10.0,9.8,True,96,4.0,3.913
ARBUSDT,2026-01-09 16:00:00+00:00,0.21,2026-03-10 15:00:00+00:00,0.1012,-51.81,-52.01,False,1439,59.96,10.832
ARBUSDT,2026-01-10 10:00:00+00:00,0.2103,2026-03-11 09:00:00+00:00,0.0985,-53.162,-53.362,False,1439,59.96,2.747
XLMUSDT,2026-01-12 00:00:00+00:00,0.2243,2026-01-14 04:00:00+00:00,0.24673000000000003,10.0,9.8,True,52,2.17,5.519
ENJUSDT,2026-01-12 00:00:00+00:00,0.02956,2026-01-14 16:00:00+00:00,0.032516,10.0,9.8,True,64,2.67,2.713
ATOMUSDT,2026-01-12 01:00:00+00:00,2.562,2026-03-13 00:00:00+00:00,1.843,-28.064,-28.264,False,1439,59.96,2.699
SANDUSDT,2026-01-12 01:00:00+00:00,0.1164,2026-01-14 00:00:00+00:00,0.12804000000000001,10.0,9.8,True,47,1.96,2.799
ETCUSDT,2026-01-12 01:00:00+00:00,12.43,2026-03-13 00:00:00+00:00,8.39,-32.502,-32.702,False,1439,59.96,2.875
XRPUSDT,2026-01-12 01:00:00+00:00,2.0554,2026-03-13 00:00:00+00:00,1.4064,-31.575,-31.775,False,1439,59.96,3.804
ARBUSDT,2026-01-12 01:00:00+00:00,0.2047,2026-01-13 22:00:00+00:00,0.22517,10.0,9.8,True,45,1.88,2.772
SANDUSDT,2026-01-12 03:00:00+00:00,0.1189,2026-01-17 01:00:00+00:00,0.13079000000000002,10.0,9.8,True,118,4.92,3.239
LTCUSDT,2026-01-12 13:00:00+00:00,76.39,2026-03-13 12:00:00+00:00,56.25,-26.365,-26.565,False,1439,59.96,2.762
TRXUSDT,2026-01-12 16:00:00+00:00,0.2987,2026-03-13 15:00:00+00:00,0.2896,-3.047,-3.247,False,1439,59.96,2.617
BCHUSDT,2026-01-13 05:00:00+00:00,616.0,2026-03-14 04:00:00+00:00,461.7,-25.049,-25.249,False,1439,59.96,5.463
BCHUSDT,2026-01-14 14:00:00+00:00,600.2,2026-03-15 13:00:00+00:00,463.7,-22.742,-22.942,False,1439,59.96,7.099
SHIBUSDT,2026-01-14 15:00:00+00:00,8.79e-06,2026-03-15 14:00:00+00:00,5.86e-06,-33.333,-33.533,False,1439,59.96,2.944
SUIUSDT,2026-01-14 17:00:00+00:00,1.8974,2026-03-15 16:00:00+00:00,0.999,-47.349,-47.549,False,1439,59.96,5.067
BCHUSDT,2026-01-14 23:00:00+00:00,597.1,2026-03-15 22:00:00+00:00,469.5,-21.37,-21.57,False,1439,59.96,7.378
BCHUSDT,2026-01-15 02:00:00+00:00,600.3,2026-03-16 01:00:00+00:00,467.9,-22.056,-22.256,False,1439,59.96,3.623
UNIUSDT,2026-01-15 13:00:00+00:00,5.498,2026-03-16 12:00:00+00:00,4.071,-25.955,-26.155,False,1439,59.96,2.591
DOGEUSDT,2026-01-15 16:00:00+00:00,0.14209,2026-03-16 15:00:00+00:00,0.10007,-29.573,-29.773,False,1439,59.96,2.763
ETCUSDT,2026-01-16 03:00:00+00:00,12.7,2026-03-17 02:00:00+00:00,9.02,-28.976,-29.176,False,1439,59.96,3.118
AXSUSDT,2026-01-16 03:00:00+00:00,1.109,2026-01-16 07:00:00+00:00,1.2199,10.0,9.8,True,4,0.17,4.252
ARBUSDT,2026-01-16 05:00:00+00:00,0.207,2026-03-17 04:00:00+00:00,0.1077,-47.971,-48.171,False,1439,59.96,4.208
LINKUSDT,2026-01-16 17:00:00+00:00,13.58,2026-03-17 16:00:00+00:00,9.84,-27.541,-27.741,False,1439,59.96,2.59
ETCUSDT,2026-01-16 17:00:00+00:00,12.4,2026-03-17 16:00:00+00:00,8.86,-28.548,-28.748,False,1439,59.96,2.94
ADAUSDT,2026-01-16 17:00:00+00:00,0.384,2026-03-17 16:00:00+00:00,0.2867,-25.339,-25.539,False,1439,59.96,2.525
DOTUSDT,2026-01-16 18:00:00+00:00,2.088,2026-03-17 17:00:00+00:00,1.599,-23.42,-23.62,False,1439,59.96,2.934
AAVEUSDT,2026-01-18 04:00:00+00:00,173.94,2026-03-19 03:00:00+00:00,118.05,-32.132,-32.332,False,1439,59.96,6.189
ADAUSDT,2026-01-18 09:00:00+00:00,0.3937,2026-03-19 08:00:00+00:00,0.2682,-31.877,-32.077,False,1439,59.96,2.554
ATOMUSDT,2026-01-18 10:00:00+00:00,2.515,2026-03-19 09:00:00+00:00,1.868,-25.726,-25.926,False,1439,59.96,3.568
UNIUSDT,2026-01-18 14:00:00+00:00,5.289,2026-03-19 13:00:00+00:00,3.574,-32.426,-32.626,False,1439,59.96,6.651
DOGEUSDT,2026-01-18 15:00:00+00:00,0.13678,2026-03-19 14:00:00+00:00,0.09307,-31.956,-32.156,False,1439,59.96,2.802
UNIUSDT,2026-01-18 16:00:00+00:00,5.338,2026-03-19 15:00:00+00:00,3.529,-33.889,-34.089,False,1439,59.96,2.797
FILUSDT,2026-01-18 16:00:00+00:00,1.537,2026-03-19 15:00:00+00:00,0.889,-42.16,-42.36,False,1439,59.96,3.127
APTUSDT,2026-01-18 16:00:00+00:00,1.824,2026-03-19 15:00:00+00:00,0.939,-48.52,-48.72,False,1439,59.96,7.345
DOTUSDT,2026-01-18 16:00:00+00:00,2.163,2026-03-19 15:00:00+00:00,1.522,-29.635,-29.835,False,1439,59.96,4.463
NEARUSDT,2026-01-18 17:00:00+00:00,1.72,2026-03-19 16:00:00+00:00,1.325,-22.965,-23.165,False,1439,59.96,3.577
SANDUSDT,2026-01-19 01:00:00+00:00,0.1388,2026-01-20 10:00:00+00:00,0.15268,10.0,9.8,True,33,1.38,4.28
AXSUSDT,2026-01-20 01:00:00+00:00,1.799,2026-01-20 03:00:00+00:00,1.9789,10.0,9.8,True,2,0.08,3.482
SANDUSDT,2026-01-20 01:00:00+00:00,0.1355,2026-01-20 10:00:00+00:00,0.14905000000000002,10.0,9.8,True,9,0.38,2.864
AXSUSDT,2026-01-20 03:00:00+00:00,1.924,2026-01-20 04:00:00+00:00,2.1164,10.0,9.8,True,1,0.04,2.663
ETHUSDT,2026-01-20 09:00:00+00:00,3106.84,2026-03-21 08:00:00+00:00,2154.0,-30.669,-30.869,False,1439,59.96,3.701
OPUSDT,2026-01-20 11:00:00+00:00,0.3119,2026-03-21 10:00:00+00:00,0.1216,-61.013,-61.213,False,1439,59.96,2.725
CHZUSDT,2026-01-20 11:00:00+00:00,0.0533,2026-03-21 10:00:00+00:00,0.03626,-31.97,-32.17,False,1439,59.96,2.957
DOGEUSDT,2026-01-20 15:00:00+00:00,0.12565,2026-03-21 14:00:00+00:00,0.0937,-25.428,-25.628,False,1439,59.96,3.205
UNIUSDT,2026-01-20 15:00:00+00:00,4.834,2026-03-21 14:00:00+00:00,3.572,-26.107,-26.307,False,1439,59.96,3.381
SUIUSDT,2026-01-20 15:00:00+00:00,1.5269,2026-03-21 14:00:00+00:00,0.9602,-37.114,-37.314,False,1439,59.96,3.49
FILUSDT,2026-01-20 15:00:00+00:00,1.341,2026-03-21 14:00:00+00:00,0.925,-31.022,-31.222,False,1439,59.96,3.39
AVAXUSDT,2026-01-20 15:00:00+00:00,12.46,2026-03-21 14:00:00+00:00,9.47,-23.997,-24.197,False,1439,59.96,2.79
LINKUSDT,2026-01-20 16:00:00+00:00,12.44,2026-03-21 15:00:00+00:00,9.11,-26.768,-26.968,False,1439,59.96,4.409
AAVEUSDT,2026-01-20 16:00:00+00:00,157.08,2026-03-21 15:00:00+00:00,112.54,-28.355,-28.555,False,1439,59.96,2.586
LTCUSDT,2026-01-20 16:00:00+00:00,68.68,2026-03-21 15:00:00+00:00,55.75,-18.826,-19.026,False,1439,59.96,3.211
BTCUSDT,2026-01-20 16:00:00+00:00,90684.95,2026-03-21 15:00:00+00:00,70630.02,-22.115,-22.315,False,1439,59.96,3.046
SHIBUSDT,2026-01-20 16:00:00+00:00,7.86e-06,2026-03-21 15:00:00+00:00,6.05e-06,-23.028,-23.228,False,1439,59.96,2.821
NEARUSDT,2026-01-20 17:00:00+00:00,1.524,2026-03-21 16:00:00+00:00,1.321,-13.32,-13.52,False,1439,59.96,2.772
SUIUSDT,2026-01-20 23:00:00+00:00,1.4798,2026-03-21 22:00:00+00:00,0.9603,-35.106,-35.306,False,1439,59.96,2.584
ATOMUSDT,2026-01-21 03:00:00+00:00,2.43,2026-03-22 02:00:00+00:00,1.794,-26.173,-26.373,False,1439,59.96,3.656
TRXUSDT,2026-01-21 16:00:00+00:00,0.2991,2026-03-22 15:00:00+00:00,0.3149,5.283,5.083,False,1439,59.96,3.067
ETCUSDT,2026-01-21 18:00:00+00:00,11.45,2026-03-22 17:00:00+00:00,8.11,-29.17,-29.37,False,1439,59.96,2.713
APTUSDT,2026-01-21 18:00:00+00:00,1.524,2026-03-22 17:00:00+00:00,0.921,-39.567,-39.767,False,1439,59.96,2.784
NEARUSDT,2026-01-21 20:00:00+00:00,1.57,2026-03-22 19:00:00+00:00,1.277,-18.662,-18.862,False,1439,59.96,3.531
SUIUSDT,2026-01-21 20:00:00+00:00,1.5409,2026-03-22 19:00:00+00:00,0.9107,-40.898,-41.098,False,1439,59.96,3.766
FILUSDT,2026-01-21 20:00:00+00:00,1.37,2026-03-22 19:00:00+00:00,0.866,-36.788,-36.988,False,1439,59.96,2.596
LTCUSDT,2026-01-21 20:00:00+00:00,69.2,2026-03-22 19:00:00+00:00,53.76,-22.312,-22.512,False,1439,59.96,2.679
APTUSDT,2026-01-21 20:00:00+00:00,1.594,2026-03-22 19:00:00+00:00,0.917,-42.472,-42.672,False,1439,59.96,3.091
ETCUSDT,2026-01-22 11:00:00+00:00,11.67,2026-03-23 10:00:00+00:00,8.07,-30.848,-31.048,False,1439,59.96,2.865
SOLUSDT,2026-01-23 16:00:00+00:00,127.9,2026-03-24 15:00:00+00:00,89.74,-29.836,-30.036,False,1439,59.96,2.794
ARBUSDT,2026-01-24 19:00:00+00:00,0.1758,2026-03-25 18:00:00+00:00,0.099,-43.686,-43.886,False,1439,59.96,2.754
BTCUSDT,2026-01-25 04:00:00+00:00,88960.36,2026-03-26 03:00:00+00:00,70921.47,-20.277,-20.477,False,1439,59.96,2.917
ETCUSDT,2026-01-25 04:00:00+00:00,11.47,2026-03-26 03:00:00+00:00,8.57,-25.283,-25.483,False,1439,59.96,6.624
BCHUSDT,2026-01-25 11:00:00+00:00,589.0,2026-03-26 10:00:00+00:00,462.5,-21.477,-21.677,False,1439,59.96,4.036
ATOMUSDT,2026-01-25 14:00:00+00:00,2.271,2026-02-18 16:00:00+00:00,2.4981,10.0,9.8,True,578,24.08,7.255
LINKUSDT,2026-01-25 15:00:00+00:00,11.99,2026-03-26 14:00:00+00:00,8.95,-25.354,-25.554,False,1439,59.96,4.918
ENJUSDT,2026-01-25 15:00:00+00:00,0.02921,2026-01-29 13:00:00+00:00,0.032131,10.0,9.8,True,94,3.92,5.641
BCHUSDT,2026-01-25 16:00:00+00:00,582.5,2026-03-26 15:00:00+00:00,461.8,-20.721,-20.921,False,1439,59.96,2.824
DOGEUSDT,2026-01-25 16:00:00+00:00,0.1223,2026-03-26 15:00:00+00:00,0.09096,-25.626,-25.826,False,1439,59.96,3.678
FILUSDT,2026-01-25 17:00:00+00:00,1.267,2026-03-26 16:00:00+00:00,0.883,-30.308,-30.508,False,1439,59.96,7.319
XLMUSDT,2026-01-25 21:00:00+00:00,0.2026,2026-03-26 20:00:00+00:00,0.1731,-14.561,-14.761,False,1439,59.96,2.82
SOLUSDT,2026-01-25 21:00:00+00:00,118.33,2026-03-26 20:00:00+00:00,86.34,-27.035,-27.235,False,1439,59.96,5.606
AAVEUSDT,2026-01-25 21:00:00+00:00,146.64,2026-01-28 11:00:00+00:00,161.304,10.0,9.8,True,62,2.58,3.806
XLMUSDT,2026-01-26 02:00:00+00:00,0.2078,2026-03-27 01:00:00+00:00,0.1744,-16.073,-16.273,False,1439,59.96,2.712
UNIUSDT,2026-01-26 06:00:00+00:00,4.565,2026-03-27 05:00:00+00:00,3.518,-22.935,-23.135,False,1439,59.96,2.731
AXSUSDT,2026-01-26 07:00:00+00:00,2.212,2026-01-26 08:00:00+00:00,2.4332000000000003,10.0,9.8,True,1,0.04,2.896
SANDUSDT,2026-01-26 08:00:00+00:00,0.1328,2026-03-27 07:00:00+00:00,0.077,-42.018,-42.218,False,1439,59.96,4.76
XRPUSDT,2026-01-27 17:00:00+00:00,1.9141,2026-03-28 16:00:00+00:00,1.35,-29.471,-29.671,False,1439,59.96,2.985
FILUSDT,2026-01-27 17:00:00+00:00,1.284,2026-03-28 16:00:00+00:00,0.828,-35.514,-35.714,False,1439,59.96,3.785
SUIUSDT,2026-01-27 17:00:00+00:00,1.4575,2026-03-28 16:00:00+00:00,0.8879,-39.081,-39.281,False,1439,59.96,3.852
ARBUSDT,2026-01-27 17:00:00+00:00,0.171,2026-03-28 16:00:00+00:00,0.0923,-46.023,-46.223,False,1439,59.96,2.875
OPUSDT,2026-01-27 17:00:00+00:00,0.3002,2026-03-28 16:00:00+00:00,0.1053,-64.923,-65.123,False,1439,59.96,5.777
BTCUSDT,2026-01-27 17:00:00+00:00,88641.43,2026-03-28 16:00:00+00:00,66926.95,-24.497,-24.697,False,1439,59.96,2.604
TRXUSDT,2026-01-27 17:00:00+00:00,0.295,2026-03-28 16:00:00+00:00,0.3161,7.153,6.953,False,1439,59.96,3.69
DOTUSDT,2026-01-27 17:00:00+00:00,1.873,2026-03-28 16:00:00+00:00,1.289,-31.18,-31.38,False,1439,59.96,3.851
OPUSDT,2026-01-28 20:00:00+00:00,0.2985,2026-03-29 19:00:00+00:00,0.1019,-65.863,-66.063,False,1439,59.96,5.575
CHZUSDT,2026-01-29 06:00:00+00:00,0.05334,2026-03-30 05:00:00+00:00,0.04233,-20.641,-20.841,False,1439,59.96,3.155
ENJUSDT,2026-01-29 07:00:00+00:00,0.02697,2026-01-29 13:00:00+00:00,0.029667000000000002,10.0,9.8,True,6,0.25,2.945
AXSUSDT,2026-01-29 07:00:00+00:00,2.347,2026-03-30 06:00:00+00:00,1.143,-51.3,-51.5,False,1439,59.96,2.654
ENJUSDT,2026-01-29 14:00:00+00:00,0.03108,2026-03-30 13:00:00+00:00,0.02107,-32.207,-32.407,False,1439,59.96,153.598
AVAXUSDT,2026-01-29 15:00:00+00:00,11.18,2026-03-30 14:00:00+00:00,8.98,-19.678,-19.878,False,1439,59.96,5.337
ETCUSDT,2026-01-29 15:00:00+00:00,10.95,2026-03-30 14:00:00+00:00,8.25,-24.658,-24.858,False,1439,59.96,3.076
FILUSDT,2026-01-29 15:00:00+00:00,1.204,2026-03-30 14:00:00+00:00,0.835,-30.648,-30.848,False,1439,59.96,3.328
SUIUSDT,2026-01-29 15:00:00+00:00,1.3276,2026-03-30 14:00:00+00:00,0.8851,-33.331,-33.531,False,1439,59.96,2.623
OPUSDT,2026-01-29 15:00:00+00:00,0.278,2026-03-30 14:00:00+00:00,0.1077,-61.259,-61.459,False,1439,59.96,2.506
XLMUSDT,2026-01-29 15:00:00+00:00,0.2008,2026-03-30 14:00:00+00:00,0.1712,-14.741,-14.941,False,1439,59.96,3.796
ADAUSDT,2026-01-29 15:00:00+00:00,0.3391,2026-03-30 14:00:00+00:00,0.2491,-26.541,-26.741,False,1439,59.96,2.759
CHZUSDT,2026-01-29 15:00:00+00:00,0.04805,2026-03-30 14:00:00+00:00,0.04286,-10.801,-11.001,False,1439,59.96,2.773
AAVEUSDT,2026-01-29 15:00:00+00:00,150.29,2026-03-30 14:00:00+00:00,99.15,-34.028,-34.228,False,1439,59.96,3.062
DOGEUSDT,2026-01-29 15:00:00+00:00,0.11875,2026-03-30 14:00:00+00:00,0.09303,-21.659,-21.859,False,1439,59.96,3.63
ARBUSDT,2026-01-29 15:00:00+00:00,0.1599,2026-03-30 14:00:00+00:00,0.0928,-41.964,-42.164,False,1439,59.96,3.351
UNIUSDT,2026-01-29 15:00:00+00:00,4.575,2026-03-30 14:00:00+00:00,3.537,-22.689,-22.889,False,1439,59.96,2.633
ATOMUSDT,2026-01-29 16:00:00+00:00,2.104,2026-02-16 22:00:00+00:00,2.3144000000000005,10.0,9.8,True,438,18.25,3.699
SANDUSDT,2026-01-29 16:00:00+00:00,0.1146,2026-03-30 15:00:00+00:00,0.0747,-34.817,-35.017,False,1439,59.96,5.948
APTUSDT,2026-01-29 16:00:00+00:00,1.488,2026-03-30 15:00:00+00:00,0.915,-38.508,-38.708,False,1439,59.96,6.414
LTCUSDT,2026-01-29 16:00:00+00:00,65.46,2026-03-30 15:00:00+00:00,53.92,-17.629,-17.829,False,1439,59.96,7.547
MANAUSDT,2026-01-29 16:00:00+00:00,0.1265,2026-03-30 15:00:00+00:00,0.0828,-34.545,-34.745,False,1439,59.96,3.222
DOTUSDT,2026-01-29 16:00:00+00:00,1.731,2026-03-30 15:00:00+00:00,1.264,-26.979,-27.179,False,1439,59.96,8.803
NEARUSDT,2026-01-29 16:00:00+00:00,1.374,2026-03-30 15:00:00+00:00,1.18,-14.119,-14.319,False,1439,59.96,6.66
LINKUSDT,2026-01-29 17:00:00+00:00,11.08,2026-03-30 16:00:00+00:00,8.81,-20.487,-20.687,False,1439,59.96,2.791
SOLUSDT,2026-01-29 17:00:00+00:00,118.95,2026-03-30 16:00:00+00:00,84.22,-29.197,-29.397,False,1439,59.96,3.361
SHIBUSDT,2026-01-29 17:00:00+00:00,7.35e-06,2026-03-30 16:00:00+00:00,6.12e-06,-16.735,-16.935,False,1439,59.96,2.846
BTCUSDT,2026-01-29 17:00:00+00:00,85270.01,2026-03-30 16:00:00+00:00,67368.1,-20.994,-21.194,False,1439,59.96,4.488
ETHUSDT,2026-01-29 17:00:00+00:00,2835.03,2026-03-30 16:00:00+00:00,2066.18,-27.12,-27.32,False,1439,59.96,5.315
XRPUSDT,2026-01-29 17:00:00+00:00,1.8163,2026-03-30 16:00:00+00:00,1.342,-26.114,-26.314,False,1439,59.96,2.624
ARBUSDT,2026-01-29 19:00:00+00:00,0.1545,2026-03-30 18:00:00+00:00,0.0906,-41.359,-41.559,False,1439,59.96,2.791
ATOMUSDT,2026-01-29 19:00:00+00:00,2.082,2026-02-16 22:00:00+00:00,2.2902,10.0,9.8,True,435,18.12,2.591
ADAUSDT,2026-01-29 19:00:00+00:00,0.3283,2026-03-30 18:00:00+00:00,0.2445,-25.525,-25.725,False,1439,59.96,2.699
DOTUSDT,2026-01-29 19:00:00+00:00,1.701,2026-03-30 18:00:00+00:00,1.247,-26.69,-26.89,False,1439,59.96,3.328
SHIBUSDT,2026-01-29 19:00:00+00:00,7.22e-06,2026-03-30 18:00:00+00:00,5.98e-06,-17.175,-17.375,False,1439,59.96,2.763
ETCUSDT,2026-01-29 19:00:00+00:00,10.61,2026-03-30 18:00:00+00:00,8.08,-23.845,-24.045,False,1439,59.96,3.216
FILUSDT,2026-01-29 19:00:00+00:00,1.16,2026-03-30 18:00:00+00:00,0.816,-29.655,-29.855,False,1439,59.96,2.774
SOLUSDT,2026-01-29 19:00:00+00:00,115.77,2026-03-30 18:00:00+00:00,82.69,-28.574,-28.774,False,1439,59.96,3.056
APTUSDT,2026-01-29 19:00:00+00:00,1.446,2026-03-30 18:00:00+00:00,0.898,-37.898,-38.098,False,1439,59.96,2.528
NEARUSDT,2026-01-29 19:00:00+00:00,1.346,2026-03-16 21:00:00+00:00,1.4806000000000001,10.0,9.8,True,1106,46.08,3.076
OPUSDT,2026-01-29 19:00:00+00:00,0.2613,2026-03-30 18:00:00+00:00,0.1063,-59.319,-59.519,False,1439,59.96,2.604
XLMUSDT,2026-01-29 19:00:00+00:00,0.1954,2026-03-30 18:00:00+00:00,0.1679,-14.074,-14.274,False,1439,59.96,2.789
SANDUSDT,2026-01-30 02:00:00+00:00,0.1143,2026-03-31 01:00:00+00:00,0.0748,-34.558,-34.758,False,1439,59.96,3.007
AVAXUSDT,2026-01-30 02:00:00+00:00,10.96,2026-03-31 01:00:00+00:00,9.01,-17.792,-17.992,False,1439,59.96,3.728
MANAUSDT,2026-01-30 02:00:00+00:00,0.1245,2026-03-31 01:00:00+00:00,0.0831,-33.253,-33.453,False,1439,59.96,5.588
UNIUSDT,2026-01-30 02:00:00+00:00,4.324,2026-03-31 01:00:00+00:00,3.554,-17.808,-18.008,False,1439,59.96,4.06
OPUSDT,2026-01-30 02:00:00+00:00,0.2677,2026-03-31 01:00:00+00:00,0.1081,-59.619,-59.819,False,1439,59.96,3.796
AAVEUSDT,2026-01-30 02:00:00+00:00,144.15,2026-03-31 01:00:00+00:00,98.52,-31.655,-31.855,False,1439,59.96,3.682
BCHUSDT,2026-01-30 08:00:00+00:00,549.2,2026-03-31 07:00:00+00:00,470.1,-14.403,-14.603,False,1439,59.96,2.575
APTUSDT,2026-01-30 16:00:00+00:00,1.455,2026-03-31 15:00:00+00:00,0.883,-39.313,-39.513,False,1439,59.96,3.254
AAVEUSDT,2026-01-30 19:00:00+00:00,140.61,2026-03-31 18:00:00+00:00,98.0,-30.304,-30.504,False,1439,59.96,2.834
AAVEUSDT,2026-01-31 15:00:00+00:00,133.03,2026-04-01 14:00:00+00:00,99.94,-24.874,-25.074,False,1439,59.96,16.089
AXSUSDT,2026-01-31 15:00:00+00:00,1.9,2026-04-01 14:00:00+00:00,1.148,-39.579,-39.779,False,1439,59.96,3.778
ATOMUSDT,2026-01-31 17:00:00+00:00,1.976,2026-02-14 16:00:00+00:00,2.1736,10.0,9.8,True,335,13.96,3.812
AVAXUSDT,2026-01-31 17:00:00+00:00,10.07,2026-04-01 16:00:00+00:00,9.23,-8.342,-8.542,False,1439,59.96,3.954
ARBUSDT,2026-01-31 17:00:00+00:00,0.1411,2026-04-01 16:00:00+00:00,0.0949,-32.743,-32.943,False,1439,59.96,3.427
UNIUSDT,2026-01-31 17:00:00+00:00,3.959,2026-02-11 14:00:00+00:00,4.354900000000001,10.0,9.8,True,261,10.88,2.546
SANDUSDT,2026-01-31 17:00:00+00:00,0.1062,2026-04-01 16:00:00+00:00,0.0778,-26.742,-26.942,False,1439,59.96,3.872
SHIBUSDT,2026-01-31 17:00:00+00:00,6.74e-06,2026-04-01 16:00:00+00:00,6.1e-06,-9.496,-9.696,False,1439,59.96,2.716
XLMUSDT,2026-01-31 19:00:00+00:00,0.1726,2026-04-01 18:00:00+00:00,0.1704,-1.275,-1.475,False,1439,59.96,6.643
XRPUSDT,2026-01-31 19:00:00+00:00,1.585,2026-04-01 18:00:00+00:00,1.3475,-14.984,-15.184,False,1439,59.96,5.641
ADAUSDT,2026-01-31 19:00:00+00:00,0.2842,2026-02-25 21:00:00+00:00,0.31262,10.0,9.8,True,602,25.08,4.42
BCHUSDT,2026-01-31 19:00:00+00:00,488.9,2026-02-01 13:00:00+00:00,537.79,10.0,9.8,True,18,0.75,5.892
ETCUSDT,2026-01-31 19:00:00+00:00,9.48,2026-04-01 18:00:00+00:00,8.22,-13.291,-13.491,False,1439,59.96,4.707
AXSUSDT,2026-02-01 01:00:00+00:00,1.845,2026-04-02 00:00:00+00:00,1.134,-38.537,-38.737,False,1439,59.96,2.71
APTUSDT,2026-02-02 00:00:00+00:00,1.236,2026-04-02 23:00:00+00:00,0.86,-30.421,-30.621,False,1439,59.96,3.941
OPUSDT,2026-02-02 00:00:00+00:00,0.2277,2026-04-02 23:00:00+00:00,0.1064,-53.272,-53.472,False,1439,59.96,2.809
LINKUSDT,2026-02-02 00:00:00+00:00,9.4,2026-04-02 23:00:00+00:00,8.63,-8.191,-8.391,False,1439,59.96,3.006
AVAXUSDT,2026-02-02 00:00:00+00:00,9.91,2026-04-02 23:00:00+00:00,8.75,-11.705,-11.905,False,1439,59.96,3.75
BNBUSDT,2026-02-02 00:00:00+00:00,758.54,2026-04-02 23:00:00+00:00,583.52,-23.073,-23.273,False,1439,59.96,2.913
DOTUSDT,2026-02-02 00:00:00+00:00,1.496,2026-02-25 20:00:00+00:00,1.6456000000000002,10.0,9.8,True,572,23.83,2.995
NEARUSDT,2026-02-02 00:00:00+00:00,1.173,2026-03-02 14:00:00+00:00,1.2903000000000002,10.0,9.8,True,686,28.58,2.911
XLMUSDT,2026-02-02 00:00:00+00:00,0.1751,2026-04-02 23:00:00+00:00,0.163,-6.91,-7.11,False,1439,59.96,3.827
ARBUSDT,2026-02-02 02:00:00+00:00,0.1368,2026-04-03 01:00:00+00:00,0.0911,-33.406,-33.606,False,1439,59.96,4.81
XRPUSDT,2026-02-02 04:00:00+00:00,1.5809,2026-04-03 03:00:00+00:00,1.3217,-16.396,-16.596,False,1439,59.96,3.416
SOLUSDT,2026-02-02 07:00:00+00:00,100.72,2026-04-03 06:00:00+00:00,79.65,-20.919,-21.119,False,1439,59.96,2.504
XRPUSDT,2026-02-02 07:00:00+00:00,1.5806,2026-04-03 06:00:00+00:00,1.3193,-16.532,-16.732,False,1439,59.96,2.905
LINKUSDT,2026-02-02 07:00:00+00:00,9.35,2026-04-03 06:00:00+00:00,8.73,-6.631,-6.831,False,1439,59.96,2.58
DOGEUSDT,2026-02-02 07:00:00+00:00,0.10306,2026-02-14 22:00:00+00:00,0.11336600000000001,10.0,9.8,True,303,12.62,2.586
CHZUSDT,2026-02-03 15:00:00+00:00,0.04419,2026-04-04 14:00:00+00:00,0.03912,-11.473,-11.673,False,1439,59.96,4.457
BCHUSDT,2026-02-03 16:00:00+00:00,533.0,2026-04-04 15:00:00+00:00,442.7,-16.942,-17.142,False,1439,59.96,3.02
LINKUSDT,2026-02-03 16:00:00+00:00,9.75,2026-04-04 15:00:00+00:00,8.69,-10.872,-11.072,False,1439,59.96,2.866
SANDUSDT,2026-02-03 16:00:00+00:00,0.1005,2026-04-04 15:00:00+00:00,0.0769,-23.483,-23.683,False,1439,59.96,4.361
DOTUSDT,2026-02-03 16:00:00+00:00,1.526,2026-02-25 20:00:00+00:00,1.6786,10.0,9.8,True,532,22.17,4.779
BTCUSDT,2026-02-03 17:00:00+00:00,76488.08,2026-04-04 16:00:00+00:00,67366.68,-11.925,-12.125,False,1439,59.96,3.583
ETHUSDT,2026-02-03 17:00:00+00:00,2240.6,2026-04-04 16:00:00+00:00,2055.75,-8.25,-8.45,False,1439,59.96,3.642
BCHUSDT,2026-02-03 18:00:00+00:00,519.2,2026-02-14 11:00:00+00:00,571.1200000000001,10.0,9.8,True,257,10.71,3.434
XLMUSDT,2026-02-03 20:00:00+00:00,0.1759,2026-04-04 19:00:00+00:00,0.162,-7.902,-8.102,False,1439,59.96,3.389
AAVEUSDT,2026-02-03 20:00:00+00:00,127.42,2026-04-04 19:00:00+00:00,94.73,-25.655,-25.855,False,1439,59.96,3.766
AVAXUSDT,2026-02-03 20:00:00+00:00,9.96,2026-04-04 19:00:00+00:00,9.02,-9.438,-9.638,False,1439,59.96,3.38
SANDUSDT,2026-02-03 20:00:00+00:00,0.0991,2026-04-04 19:00:00+00:00,0.0773,-21.998,-22.198,False,1439,59.96,2.672
ETCUSDT,2026-02-03 20:00:00+00:00,9.59,2026-04-04 19:00:00+00:00,8.88,-7.404,-7.604,False,1439,59.96,3.411
OPUSDT,2026-02-03 20:00:00+00:00,0.2145,2026-04-04 19:00:00+00:00,0.1105,-48.485,-48.685,False,1439,59.96,2.734
UNIUSDT,2026-02-03 20:00:00+00:00,3.881,2026-02-11 14:00:00+00:00,4.2691,10.0,9.8,True,186,7.75,2.648
ADAUSDT,2026-02-03 20:00:00+00:00,0.2948,2026-04-04 19:00:00+00:00,0.2479,-15.909,-16.109,False,1439,59.96,3.519
TRXUSDT,2026-02-03 20:00:00+00:00,0.2836,2026-03-21 06:00:00+00:00,0.31196000000000007,10.0,9.8,True,1090,45.42,3.687
LTCUSDT,2026-02-03 20:00:00+00:00,59.29,2026-04-04 19:00:00+00:00,53.55,-9.681,-9.881,False,1439,59.96,2.637
SOLUSDT,2026-02-03 20:00:00+00:00,99.01,2026-04-04 19:00:00+00:00,80.85,-18.342,-18.542,False,1439,59.96,2.766
NEARUSDT,2026-02-03 20:00:00+00:00,1.18,2026-03-02 14:00:00+00:00,1.298,10.0,9.8,True,642,26.75,3.709
MANAUSDT,2026-02-03 20:00:00+00:00,0.1116,2026-04-04 19:00:00+00:00,0.0878,-21.326,-21.526,False,1439,59.96,2.563
APTUSDT,2026-02-03 20:00:00+00:00,1.252,2026-04-04 19:00:00+00:00,0.847,-32.348,-32.548,False,1439,59.96,2.719
FILUSDT,2026-02-03 20:00:00+00:00,1.069,2026-04-04 19:00:00+00:00,0.845,-20.954,-21.154,False,1439,59.96,2.675
ATOMUSDT,2026-02-03 20:00:00+00:00,1.979,2026-02-14 16:00:00+00:00,2.1769000000000003,10.0,9.8,True,260,10.83,3.52
LINKUSDT,2026-02-03 20:00:00+00:00,9.47,2026-04-04 19:00:00+00:00,8.72,-7.92,-8.12,False,1439,59.96,3.7
SHIBUSDT,2026-02-03 20:00:00+00:00,6.73e-06,2026-04-04 19:00:00+00:00,6.01e-06,-10.698,-10.898,False,1439,59.96,3.258
SUIUSDT,2026-02-03 20:00:00+00:00,1.1279,2026-04-04 19:00:00+00:00,0.8703,-22.839,-23.039,False,1439,59.96,3.4
ARBUSDT,2026-02-03 20:00:00+00:00,0.1295,2026-04-04 19:00:00+00:00,0.0931,-28.108,-28.308,False,1439,59.96,2.916
DOTUSDT,2026-02-03 21:00:00+00:00,1.554,2026-02-25 21:00:00+00:00,1.7094000000000003,10.0,9.8,True,528,22.0,2.843
ETHUSDT,2026-02-03 21:00:00+00:00,2299.46,2026-04-04 20:00:00+00:00,2062.81,-10.292,-10.492,False,1439,59.96,2.931
BCHUSDT,2026-02-03 21:00:00+00:00,538.7,2026-04-04 20:00:00+00:00,442.1,-17.932,-18.132,False,1439,59.96,2.712
BNBUSDT,2026-02-04 17:00:00+00:00,729.3,2026-04-05 16:00:00+00:00,592.9,-18.703,-18.903,False,1439,59.96,2.931
AAVEUSDT,2026-02-04 17:00:00+00:00,122.04,2026-04-05 16:00:00+00:00,91.22,-25.254,-25.454,False,1439,59.96,3.635
DOGEUSDT,2026-02-04 17:00:00+00:00,0.10323,2026-02-14 22:00:00+00:00,0.11355300000000002,10.0,9.8,True,245,10.21,2.798
ETHUSDT,2026-02-04 17:00:00+00:00,2135.04,2026-03-16 21:00:00+00:00,2348.5440000000003,10.0,9.8,True,964,40.17,2.801
SUIUSDT,2026-02-04 17:00:00+00:00,1.0719,2026-04-05 16:00:00+00:00,0.8472,-20.963,-21.163,False,1439,59.96,2.501
BCHUSDT,2026-02-04 17:00:00+00:00,519.8,2026-02-14 11:00:00+00:00,571.78,10.0,9.8,True,234,9.75,2.716
DOTUSDT,2026-02-04 19:00:00+00:00,1.459,2026-02-25 19:00:00+00:00,1.6049000000000002,10.0,9.8,True,504,21.0,2.578
AAVEUSDT,2026-02-04 19:00:00+00:00,122.5,2026-04-05 18:00:00+00:00,91.64,-25.192,-25.392,False,1439,59.96,3.755
AVAXUSDT,2026-02-04 19:00:00+00:00,9.77,2026-04-05 18:00:00+00:00,8.85,-9.417,-9.617,False,1439,59.96,2.781
ETHUSDT,2026-02-04 19:00:00+00:00,2147.97,2026-03-16 21:00:00+00:00,2362.767,10.0,9.8,True,962,40.08,2.84
TRXUSDT,2026-02-04 19:00:00+00:00,0.2843,2026-03-21 06:00:00+00:00,0.31273,10.0,9.8,True,1067,44.46,2.892
LINKUSDT,2026-02-04 19:00:00+00:00,9.3,2026-04-05 18:00:00+00:00,8.61,-7.419,-7.619,False,1439,59.96,3.033
LTCUSDT,2026-02-04 19:00:00+00:00,58.44,2026-04-05 18:00:00+00:00,53.42,-8.59,-8.79,False,1439,59.96,2.969
SUIUSDT,2026-02-04 19:00:00+00:00,1.0792,2026-04-05 18:00:00+00:00,0.8507,-21.173,-21.373,False,1439,59.96,2.64
MANAUSDT,2026-02-04 19:00:00+00:00,0.1091,2026-04-05 18:00:00+00:00,0.085,-22.09,-22.29,False,1439,59.96,2.692
NEARUSDT,2026-02-04 19:00:00+00:00,1.159,2026-03-02 14:00:00+00:00,1.2749000000000001,10.0,9.8,True,619,25.79,3.9
APTUSDT,2026-02-04 19:00:00+00:00,1.228,2026-04-05 18:00:00+00:00,0.835,-32.003,-32.203,False,1439,59.96,2.616
SHIBUSDT,2026-02-04 19:00:00+00:00,6.64e-06,2026-04-05 18:00:00+00:00,5.83e-06,-12.199,-12.399,False,1439,59.96,2.857
UNIUSDT,2026-02-04 19:00:00+00:00,3.753,2026-02-11 14:00:00+00:00,4.1283,10.0,9.8,True,163,6.79,2.644
ADAUSDT,2026-02-04 19:00:00+00:00,0.2877,2026-04-05 18:00:00+00:00,0.2437,-15.294,-15.494,False,1439,59.96,2.72
CHZUSDT,2026-02-04 19:00:00+00:00,0.04415,2026-04-05 18:00:00+00:00,0.03825,-13.364,-13.564,False,1439,59.96,2.981
APTUSDT,2026-02-05 06:00:00+00:00,1.207,2026-04-06 05:00:00+00:00,0.852,-29.412,-29.612,False,1439,59.96,3.01
XLMUSDT,2026-02-05 07:00:00+00:00,0.1635,2026-02-15 05:00:00+00:00,0.17985,10.0,9.8,True,238,9.92,3.835
XRPUSDT,2026-02-05 12:00:00+00:00,1.3653,2026-02-06 15:00:00+00:00,1.50183,10.0,9.8,True,27,1.12,2.533
LINKUSDT,2026-02-05 13:00:00+00:00,8.92,2026-03-16 04:00:00+00:00,9.812000000000001,10.0,9.8,True,927,38.62,2.584
ENJUSDT,2026-02-05 13:00:00+00:00,0.02258,2026-03-18 07:00:00+00:00,0.024838000000000002,10.0,9.8,True,978,40.75,2.786
ENJUSDT,2026-02-05 15:00:00+00:00,0.02275,2026-03-18 07:00:00+00:00,0.025025000000000002,10.0,9.8,True,976,40.67,2.535
XRPUSDT,2026-02-05 16:00:00+00:00,1.2967,2026-02-06 13:00:00+00:00,1.4263700000000001,10.0,9.8,True,21,0.88,6.209
ADAUSDT,2026-02-05 16:00:00+00:00,0.2623,2026-02-14 16:00:00+00:00,0.28853,10.0,9.8,True,216,9.0,7.177
TRXUSDT,2026-02-05 16:00:00+00:00,0.2776,2026-03-17 17:00:00+00:00,0.30536,10.0,9.8,True,961,40.04,3.402
FILUSDT,2026-02-05 16:00:00+00:00,0.955,2026-02-25 15:00:00+00:00,1.0505,10.0,9.8,True,479,19.96,7.752
SUIUSDT,2026-02-05 16:00:00+00:00,0.9599,2026-03-13 13:00:00+00:00,1.05589,10.0,9.8,True,861,35.88,4.651
XLMUSDT,2026-02-05 16:00:00+00:00,0.1544,2026-02-06 17:00:00+00:00,0.16984000000000002,10.0,9.8,True,25,1.04,4.349
ETCUSDT,2026-02-05 17:00:00+00:00,8.66,2026-02-21 08:00:00+00:00,9.526000000000002,10.0,9.8,True,375,15.62,3.372
LTCUSDT,2026-02-05 17:00:00+00:00,54.42,2026-04-06 16:00:00+00:00,54.1,-0.588,-0.788,False,1439,59.96,2.723
AVAXUSDT,2026-02-05 17:00:00+00:00,9.0,2026-03-10 16:00:00+00:00,9.9,10.0,9.8,True,791,32.96,2.745
SANDUSDT,2026-02-05 17:00:00+00:00,0.0855,2026-02-07 15:00:00+00:00,0.09405000000000001,10.0,9.8,True,46,1.92,3.064
UNIUSDT,2026-02-05 17:00:00+00:00,3.441,2026-02-11 14:00:00+00:00,3.7851,10.0,9.8,True,141,5.88,2.697
APTUSDT,2026-02-05 17:00:00+00:00,1.111,2026-04-06 16:00:00+00:00,0.862,-22.412,-22.612,False,1439,59.96,2.797
NEARUSDT,2026-02-05 17:00:00+00:00,1.067,2026-02-25 18:00:00+00:00,1.1737,10.0,9.8,True,481,20.04,2.994
ATOMUSDT,2026-02-05 17:00:00+00:00,1.927,2026-02-13 22:00:00+00:00,2.1197000000000004,10.0,9.8,True,197,8.21,2.564
SHIBUSDT,2026-02-05 21:00:00+00:00,5.68e-06,2026-02-06 16:00:00+00:00,6.248e-06,10.0,9.8,True,19,0.79,3.342
DOTUSDT,2026-02-05 21:00:00+00:00,1.256,2026-02-06 16:00:00+00:00,1.3816000000000002,10.0,9.8,True,19,0.79,3.459
CHZUSDT,2026-02-05 21:00:00+00:00,0.03867,2026-02-06 17:00:00+00:00,0.042537000000000005,10.0,9.8,True,20,0.83,2.948
XRPUSDT,2026-02-05 21:00:00+00:00,1.1905,2026-02-06 05:00:00+00:00,1.30955,10.0,9.8,True,8,0.33,3.64
SUIUSDT,2026-02-05 21:00:00+00:00,0.8938,2026-02-06 14:00:00+00:00,0.9831800000000002,10.0,9.8,True,17,0.71,3.264
FILUSDT,2026-02-05 21:00:00+00:00,0.89,2026-02-06 17:00:00+00:00,0.9790000000000001,10.0,9.8,True,20,0.83,4.242
DOGEUSDT,2026-02-05 21:00:00+00:00,0.08908,2026-02-06 16:00:00+00:00,0.09798800000000002,10.0,9.8,True,19,0.79,3.726
MANAUSDT,2026-02-05 21:00:00+00:00,0.0922,2026-02-06 16:00:00+00:00,0.10142000000000001,10.0,9.8,True,19,0.79,3.155
OPUSDT,2026-02-05 21:00:00+00:00,0.1847,2026-04-06 20:00:00+00:00,0.1121,-39.307,-39.507,False,1439,59.96,4.78
FILUSDT,2026-02-06 01:00:00+00:00,0.863,2026-02-06 14:00:00+00:00,0.9493,10.0,9.8,True,13,0.54,8.408
LINKUSDT,2026-02-06 01:00:00+00:00,7.91,2026-02-06 16:00:00+00:00,8.701,10.0,9.8,True,15,0.62,5.811
ADAUSDT,2026-02-06 01:00:00+00:00,0.244,2026-02-06 14:00:00+00:00,0.2684,10.0,9.8,True,13,0.54,7.79
BTCUSDT,2026-02-06 01:00:00+00:00,63509.4,2026-02-06 16:00:00+00:00,69860.34000000001,10.0,9.8,True,15,0.62,3.26
BCHUSDT,2026-02-06 01:00:00+00:00,451.6,2026-02-06 14:00:00+00:00,496.76000000000005,10.0,9.8,True,13,0.54,6.634
SANDUSDT,2026-02-06 01:00:00+00:00,0.0781,2026-02-06 14:00:00+00:00,0.08591000000000001,10.0,9.8,True,13,0.54,6.284
ETCUSDT,2026-02-06 01:00:00+00:00,7.91,2026-02-06 14:00:00+00:00,8.701,10.0,9.8,True,13,0.54,7.218
SHIBUSDT,2026-02-06 01:00:00+00:00,5.62e-06,2026-02-06 14:00:00+00:00,6.182000000000001e-06,10.0,9.8,True,13,0.54,5.918
AXSUSDT,2026-02-06 01:00:00+00:00,1.265,2026-02-06 14:00:00+00:00,1.3915,10.0,9.8,True,13,0.54,4.693
UNIUSDT,2026-02-06 01:00:00+00:00,3.145,2026-02-06 15:00:00+00:00,3.4595000000000002,10.0,9.8,True,14,0.58,4.029
APTUSDT,2026-02-06 01:00:00+00:00,1.011,2026-02-06 16:00:00+00:00,1.1121,10.0,9.8,True,15,0.62,9.131
AVAXUSDT,2026-02-06 01:00:00+00:00,8.22,2026-02-06 15:00:00+00:00,9.042000000000002,10.0,9.8,True,14,0.58,4.661
ETHUSDT,2026-02-06 01:00:00+00:00,1870.63,2026-02-06 17:00:00+00:00,2057.693,10.0,9.8,True,16,0.67,2.828
AAVEUSDT,2026-02-06 01:00:00+00:00,100.65,2026-02-06 15:00:00+00:00,110.71500000000002,10.0,9.8,True,14,0.58,5.674
LTCUSDT,2026-02-06 01:00:00+00:00,49.7,2026-02-06 16:00:00+00:00,54.67000000000001,10.0,9.8,True,15,0.62,8.736
SUIUSDT,2026-02-06 01:00:00+00:00,0.8717,2026-02-06 13:00:00+00:00,0.9588700000000001,10.0,9.8,True,12,0.5,7.07
XRPUSDT,2026-02-06 01:00:00+00:00,1.2174,2026-02-06 10:00:00+00:00,1.3391400000000002,10.0,9.8,True,9,0.38,3.384
XLMUSDT,2026-02-06 01:00:00+00:00,0.1509,2026-02-06 15:00:00+00:00,0.16599000000000003,10.0,9.8,True,14,0.58,5.788
ARBUSDT,2026-02-06 01:00:00+00:00,0.1061,2026-02-06 16:00:00+00:00,0.11671000000000001,10.0,9.8,True,15,0.62,8.231
DOTUSDT,2026-02-06 01:00:00+00:00,1.228,2026-02-06 14:00:00+00:00,1.3508,10.0,9.8,True,13,0.54,8.196
BNBUSDT,2026-02-06 01:00:00+00:00,614.52,2026-03-13 13:00:00+00:00,675.972,10.0,9.8,True,852,35.5,4.443
ENJUSDT,2026-02-06 01:00:00+00:00,0.02007,2026-02-06 14:00:00+00:00,0.022077000000000003,10.0,9.8,True,13,0.54,3.914
MANAUSDT,2026-02-06 01:00:00+00:00,0.0904,2026-02-06 14:00:00+00:00,0.09944,10.0,9.8,True,13,0.54,7.061
DOGEUSDT,2026-02-06 01:00:00+00:00,0.08762,2026-02-06 14:00:00+00:00,0.09638200000000001,10.0,9.8,True,13,0.54,6.2
APTUSDT,2026-02-07 13:00:00+00:00,1.114,2026-04-08 12:00:00+00:00,0.858,-22.98,-23.18,False,1439,59.96,2.559
XLMUSDT,2026-02-07 17:00:00+00:00,0.1618,2026-02-15 04:00:00+00:00,0.17798000000000003,10.0,9.8,True,179,7.46,11.074
BNBUSDT,2026-02-07 17:00:00+00:00,643.29,2026-04-08 16:00:00+00:00,605.2,-5.921,-6.121,False,1439,59.96,6.662
XRPUSDT,2026-02-07 17:00:00+00:00,1.419,2026-02-15 05:00:00+00:00,1.5609000000000002,10.0,9.8,True,180,7.5,5.177
MANAUSDT,2026-02-08 13:00:00+00:00,0.1032,2026-04-09 12:00:00+00:00,0.0916,-11.24,-11.44,False,1439,59.96,2.778
BCHUSDT,2026-02-08 13:00:00+00:00,535.6,2026-04-09 12:00:00+00:00,440.8,-17.7,-17.9,False,1439,59.96,3.577
FILUSDT,2026-02-09 00:00:00+00:00,0.934,2026-02-14 19:00:00+00:00,1.0274,10.0,9.8,True,139,5.79,2.616
LINKUSDT,2026-02-09 11:00:00+00:00,8.51,2026-02-25 16:00:00+00:00,9.361,10.0,9.8,True,389,16.21,2.777
SUIUSDT,2026-02-09 15:00:00+00:00,0.9479,2026-02-14 19:00:00+00:00,1.0426900000000001,10.0,9.8,True,124,5.17,2.541
ARBUSDT,2026-02-09 15:00:00+00:00,0.1103,2026-02-14 19:00:00+00:00,0.12133000000000001,10.0,9.8,True,124,5.17,2.732
CHZUSDT,2026-02-09 15:00:00+00:00,0.04009,2026-02-14 17:00:00+00:00,0.044099000000000006,10.0,9.8,True,122,5.08,5.115
DOTUSDT,2026-02-09 15:00:00+00:00,1.318,2026-02-25 12:00:00+00:00,1.4498000000000002,10.0,9.8,True,381,15.88,2.833
UNIUSDT,2026-02-09 16:00:00+00:00,3.434,2026-02-11 14:00:00+00:00,3.7774000000000005,10.0,9.8,True,46,1.92,3.866
APTUSDT,2026-02-09 16:00:00+00:00,1.029,2026-04-10 15:00:00+00:00,0.858,-16.618,-16.818,False,1439,59.96,2.882
ETCUSDT,2026-02-09 16:00:00+00:00,8.52,2026-02-21 08:00:00+00:00,9.372,10.0,9.8,True,280,11.67,2.689
AXSUSDT,2026-02-10 01:00:00+00:00,1.585,2026-04-11 00:00:00+00:00,1.128,-28.833,-29.033,False,1439,59.96,5.772
ENJUSDT,2026-02-10 12:00:00+00:00,0.02234,2026-03-18 07:00:00+00:00,0.024574000000000002,10.0,9.8,True,859,35.79,10.446
CHZUSDT,2026-02-10 12:00:00+00:00,0.0394,2026-02-14 14:00:00+00:00,0.043340000000000004,10.0,9.8,True,98,4.08,2.814
NEARUSDT,2026-02-10 14:00:00+00:00,0.991,2026-02-14 19:00:00+00:00,1.0901,10.0,9.8,True,101,4.21,2.888
XLMUSDT,2026-02-10 14:00:00+00:00,0.1561,2026-02-14 11:00:00+00:00,0.17171,10.0,9.8,True,93,3.88,3.031
TRXUSDT,2026-02-10 15:00:00+00:00,0.278,2026-03-17 19:00:00+00:00,0.30580000000000007,10.0,9.8,True,844,35.17,2.795
DOGEUSDT,2026-02-10 15:00:00+00:00,0.09252,2026-02-14 14:00:00+00:00,0.10177200000000002,10.0,9.8,True,95,3.96,3.057
APTUSDT,2026-02-10 15:00:00+00:00,0.998,2026-02-25 20:00:00+00:00,1.0978,10.0,9.8,True,365,15.21,2.583
MANAUSDT,2026-02-10 15:00:00+00:00,0.0995,2026-04-11 14:00:00+00:00,0.0887,-10.854,-11.054,False,1439,59.96,3.931
SOLUSDT,2026-02-10 15:00:00+00:00,83.72,2026-02-25 21:00:00+00:00,92.09200000000001,10.0,9.8,True,366,15.25,2.618
LINKUSDT,2026-02-10 15:00:00+00:00,8.53,2026-02-25 16:00:00+00:00,9.383000000000001,10.0,9.8,True,361,15.04,2.794
XRPUSDT,2026-02-10 15:00:00+00:00,1.4027,2026-02-15 01:00:00+00:00,1.5429700000000002,10.0,9.8,True,106,4.42,3.114
BTCUSDT,2026-02-10 15:00:00+00:00,68460.4,2026-03-17 00:00:00+00:00,75306.44,10.0,9.8,True,825,34.38,2.888
AAVEUSDT,2026-02-10 17:00:00+00:00,109.87,2026-02-14 04:00:00+00:00,120.85700000000001,10.0,9.8,True,83,3.46,4.843
APTUSDT,2026-02-10 17:00:00+00:00,0.989,2026-02-25 20:00:00+00:00,1.0879,10.0,9.8,True,363,15.12,2.893
OPUSDT,2026-02-11 08:00:00+00:00,0.1772,2026-02-14 12:00:00+00:00,0.19492,10.0,9.8,True,76,3.17,7.689
BNBUSDT,2026-02-11 09:00:00+00:00,595.88,2026-03-04 14:00:00+00:00,655.4680000000001,10.0,9.8,True,509,21.21,2.983
ATOMUSDT,2026-02-11 11:00:00+00:00,1.881,2026-02-13 15:00:00+00:00,2.0691,10.0,9.8,True,52,2.17,3.521
ATOMUSDT,2026-02-11 14:00:00+00:00,1.941,2026-02-14 02:00:00+00:00,2.1351000000000004,10.0,9.8,True,60,2.5,2.514
LTCUSDT,2026-02-11 14:00:00+00:00,52.54,2026-02-25 15:00:00+00:00,57.794000000000004,10.0,9.8,True,337,14.04,2.517
DOTUSDT,2026-02-11 14:00:00+00:00,1.252,2026-02-14 14:00:00+00:00,1.3772000000000002,10.0,9.8,True,72,3.0,2.825
UNIUSDT,2026-02-11 14:00:00+00:00,3.395,2026-02-11 14:00:00+00:00,3.7345,10.0,9.8,True,0,0.0,5.949
DOGEUSDT,2026-02-11 14:00:00+00:00,0.09014,2026-02-14 11:00:00+00:00,0.099154,10.0,9.8,True,69,2.88,2.855
ADAUSDT,2026-02-11 14:00:00+00:00,0.2566,2026-02-14 11:00:00+00:00,0.28226,10.0,9.8,True,69,2.88,2.681
ETCUSDT,2026-02-11 15:00:00+00:00,8.07,2026-02-14 14:00:00+00:00,8.877,10.0,9.8,True,71,2.96,5.378
XLMUSDT,2026-02-11 15:00:00+00:00,0.1525,2026-02-14 08:00:00+00:00,0.16775,10.0,9.8,True,65,2.71,3.18
SHIBUSDT,2026-02-11 15:00:00+00:00,5.82e-06,2026-02-13 21:00:00+00:00,6.402000000000001e-06,10.0,9.8,True,54,2.25,2.719
TRXUSDT,2026-02-11 15:00:00+00:00,0.2752,2026-03-17 11:00:00+00:00,0.30272000000000004,10.0,9.8,True,812,33.83,2.932
MANAUSDT,2026-02-11 15:00:00+00:00,0.095,2026-02-14 12:00:00+00:00,0.10450000000000001,10.0,9.8,True,69,2.88,3.806
LINKUSDT,2026-02-11 15:00:00+00:00,8.24,2026-02-14 16:00:00+00:00,9.064000000000002,10.0,9.8,True,73,3.04,6.91
BCHUSDT,2026-02-11 15:00:00+00:00,515.2,2026-02-13 22:00:00+00:00,566.7200000000001,10.0,9.8,True,55,2.29,5.174
BNBUSDT,2026-02-11 15:00:00+00:00,597.49,2026-03-04 14:00:00+00:00,657.239,10.0,9.8,True,503,20.96,3.004
AAVEUSDT,2026-02-11 15:00:00+00:00,106.58,2026-02-13 15:00:00+00:00,117.23800000000001,10.0,9.8,True,48,2.0,13.339
SANDUSDT,2026-02-11 15:00:00+00:00,0.0817,2026-02-13 22:00:00+00:00,0.08987,10.0,9.8,True,55,2.29,2.84
BTCUSDT,2026-02-11 16:00:00+00:00,66519.72,2026-03-04 15:00:00+00:00,73171.69200000001,10.0,9.8,True,503,20.96,2.867
CHZUSDT,2026-02-11 16:00:00+00:00,0.03847,2026-02-14 05:00:00+00:00,0.042317,10.0,9.8,True,61,2.54,3.404
APTUSDT,2026-02-12 01:00:00+00:00,0.941,2026-02-25 19:00:00+00:00,1.0351000000000001,10.0,9.8,True,330,13.75,2.933
AAVEUSDT,2026-02-12 19:00:00+00:00,108.63,2026-02-13 18:00:00+00:00,119.49300000000001,10.0,9.8,True,23,0.96,5.512
ENJUSDT,2026-02-13 06:00:00+00:00,0.02063,2026-02-14 19:00:00+00:00,0.022693,10.0,9.8,True,37,1.54,4.62
BNBUSDT,2026-02-13 15:00:00+00:00,602.63,2026-03-04 19:00:00+00:00,662.893,10.0,9.8,True,460,19.17,3.314
TRXUSDT,2026-02-13 16:00:00+00:00,0.2784,2026-03-17 20:00:00+00:00,0.30624,10.0,9.8,True,772,32.17,3.088
AXSUSDT,2026-02-13 16:00:00+00:00,1.388,2026-02-14 00:00:00+00:00,1.5268,10.0,9.8,True,8,0.33,3.285
UNIUSDT,2026-02-14 09:00:00+00:00,3.483,2026-02-25 15:00:00+00:00,3.8313000000000006,10.0,9.8,True,270,11.25,5.391
ETHUSDT,2026-02-15 03:00:00+00:00,2059.59,2026-03-16 04:00:00+00:00,2265.5490000000004,10.0,9.8,True,697,29.04,4.63
BTCUSDT,2026-02-15 05:00:00+00:00,70184.0,2026-04-16 04:00:00+00:00,74944.15,6.782,6.582,False,1439,59.96,2.775
DOTUSDT,2026-02-15 14:00:00+00:00,1.355,2026-02-25 13:00:00+00:00,1.4905000000000002,10.0,9.8,True,239,9.96,2.503
FILUSDT,2026-02-15 14:00:00+00:00,0.961,2026-02-25 15:00:00+00:00,1.0571000000000002,10.0,9.8,True,241,10.04,2.756
OPUSDT,2026-02-15 14:00:00+00:00,0.1875,2026-04-16 13:00:00+00:00,0.1269,-32.32,-32.52,False,1439,59.96,3.827
BCHUSDT,2026-02-15 17:00:00+00:00,557.5,2026-04-16 16:00:00+00:00,439.8,-21.112,-21.312,False,1439,59.96,2.997
MANAUSDT,2026-02-15 21:00:00+00:00,0.1025,2026-04-16 20:00:00+00:00,0.0949,-7.415,-7.615,False,1439,59.96,3.223
NEARUSDT,2026-02-17 13:00:00+00:00,1.057,2026-02-25 18:00:00+00:00,1.1627,10.0,9.8,True,197,8.21,2.548
ATOMUSDT,2026-02-17 14:00:00+00:00,2.304,2026-04-18 13:00:00+00:00,1.795,-22.092,-22.292,False,1439,59.96,3.723
SUIUSDT,2026-02-17 15:00:00+00:00,0.9577,2026-03-13 13:00:00+00:00,1.0534700000000001,10.0,9.8,True,574,23.92,2.564
AVAXUSDT,2026-02-17 15:00:00+00:00,9.04,2026-03-10 16:00:00+00:00,9.943999999999999,10.0,9.8,True,505,21.04,2.605
ARBUSDT,2026-02-17 15:00:00+00:00,0.1116,2026-04-16 13:00:00+00:00,0.12276000000000002,10.0,9.8,True,1390,57.92,4.642
SANDUSDT,2026-02-17 15:00:00+00:00,0.0847,2026-02-25 21:00:00+00:00,0.09317,10.0,9.8,True,198,8.25,3.17
ETCUSDT,2026-02-17 15:00:00+00:00,8.61,2026-02-21 08:00:00+00:00,9.471,10.0,9.8,True,89,3.71,2.737
LINKUSDT,2026-02-17 15:00:00+00:00,8.71,2026-02-25 21:00:00+00:00,9.581000000000001,10.0,9.8,True,198,8.25,3.643
ENJUSDT,2026-02-17 15:00:00+00:00,0.02115,2026-03-17 12:00:00+00:00,0.023265,10.0,9.8,True,669,27.88,3.809
DOGEUSDT,2026-02-17 15:00:00+00:00,0.09906,2026-04-18 14:00:00+00:00,0.09617,-2.917,-3.117,False,1439,59.96,5.427
ETHUSDT,2026-02-17 16:00:00+00:00,1968.59,2026-03-04 16:00:00+00:00,2165.449,10.0,9.8,True,360,15.0,2.688
SOLUSDT,2026-02-17 16:00:00+00:00,83.8,2026-03-04 15:00:00+00:00,92.18,10.0,9.8,True,359,14.96,3.951
BTCUSDT,2026-02-17 16:00:00+00:00,67392.06,2026-03-16 03:00:00+00:00,74131.266,10.0,9.8,True,635,26.46,4.2
UNIUSDT,2026-02-17 16:00:00+00:00,3.503,2026-02-25 15:00:00+00:00,3.8533000000000004,10.0,9.8,True,191,7.96,2.565
XLMUSDT,2026-02-17 16:00:00+00:00,0.1659,2026-04-18 15:00:00+00:00,0.1703,2.652,2.452,False,1439,59.96,2.907
BNBUSDT,2026-02-17 16:00:00+00:00,615.25,2026-03-13 13:00:00+00:00,676.7750000000001,10.0,9.8,True,573,23.88,2.709
SANDUSDT,2026-02-17 17:00:00+00:00,0.0859,2026-04-18 16:00:00+00:00,0.0821,-4.424,-4.624,False,1439,59.96,2.542
XRPUSDT,2026-02-17 17:00:00+00:00,1.477,2026-04-18 16:00:00+00:00,1.4336,-2.938,-3.138,False,1439,59.96,3.963
FILUSDT,2026-02-17 17:00:00+00:00,0.969,2026-02-25 15:00:00+00:00,1.0659,10.0,9.8,True,190,7.92,2.975
ARBUSDT,2026-02-18 15:00:00+00:00,0.1112,2026-04-11 04:00:00+00:00,0.12232,10.0,9.8,True,1237,51.54,2.504
APTUSDT,2026-02-18 15:00:00+00:00,0.889,2026-02-25 16:00:00+00:00,0.9779000000000001,10.0,9.8,True,169,7.04,2.826
TRXUSDT,2026-02-18 16:00:00+00:00,0.2802,2026-03-18 00:00:00+00:00,0.30822000000000005,10.0,9.8,True,656,27.33,3.264
AXSUSDT,2026-02-18 23:00:00+00:00,1.293,2026-02-21 20:00:00+00:00,1.4223000000000001,10.0,9.8,True,69,2.88,4.102
ARBUSDT,2026-02-19 02:00:00+00:00,0.1083,2026-04-11 03:00:00+00:00,0.11913,10.0,9.8,True,1225,51.04,3.88
SANDUSDT,2026-02-19 02:00:00+00:00,0.0843,2026-02-25 21:00:00+00:00,0.09273,10.0,9.8,True,163,6.79,2.655
OPUSDT,2026-02-19 08:00:00+00:00,0.1465,2026-04-20 07:00:00+00:00,0.1229,-16.109,-16.309,False,1439,59.96,2.943
CHZUSDT,2026-02-19 09:00:00+00:00,0.0388,2026-03-30 04:00:00+00:00,0.04268,10.0,9.8,True,931,38.79,3.553
SUIUSDT,2026-02-19 09:00:00+00:00,0.9096,2026-02-25 19:00:00+00:00,1.0005600000000001,10.0,9.8,True,154,6.42,3.694
AVAXUSDT,2026-02-19 15:00:00+00:00,8.79,2026-02-25 16:00:00+00:00,9.669,10.0,9.8,True,145,6.04,2.94
LINKUSDT,2026-02-19 15:00:00+00:00,8.48,2026-02-25 15:00:00+00:00,9.328000000000001,10.0,9.8,True,144,6.0,2.854
AAVEUSDT,2026-02-19 15:00:00+00:00,122.59,2026-04-20 14:00:00+00:00,89.31,-27.147,-27.347,False,1439,59.96,2.857
BCHUSDT,2026-02-19 15:00:00+00:00,547.6,2026-04-20 14:00:00+00:00,440.7,-19.522,-19.722,False,1439,59.96,3.864
SHIBUSDT,2026-02-19 15:00:00+00:00,6.21e-06,2026-04-20 14:00:00+00:00,5.98e-06,-3.704,-3.904,False,1439,59.96,2.781
SANDUSDT,2026-02-19 17:00:00+00:00,0.0803,2026-02-25 16:00:00+00:00,0.08833,10.0,9.8,True,143,5.96,2.719
ARBUSDT,2026-02-19 17:00:00+00:00,0.0991,2026-02-27 08:00:00+00:00,0.10901,10.0,9.8,True,183,7.62,2.663
XLMUSDT,2026-02-19 17:00:00+00:00,0.1583,2026-03-16 08:00:00+00:00,0.17413,10.0,9.8,True,591,24.62,2.994
ENJUSDT,2026-02-19 19:00:00+00:00,0.01996,2026-03-17 12:00:00+00:00,0.021956,10.0,9.8,True,617,25.71,3.747
ARBUSDT,2026-02-20 06:00:00+00:00,0.0977,2026-02-27 07:00:00+00:00,0.10747000000000001,10.0,9.8,True,169,7.04,2.888
CHZUSDT,2026-02-20 14:00:00+00:00,0.03576,2026-03-09 16:00:00+00:00,0.039336,10.0,9.8,True,410,17.08,3.76
AAVEUSDT,2026-02-20 15:00:00+00:00,116.97,2026-04-21 14:00:00+00:00,91.32,-21.929,-22.129,False,1439,59.96,7.938
OPUSDT,2026-02-20 16:00:00+00:00,0.133,2026-04-21 15:00:00+00:00,0.1239,-6.842,-7.042,False,1439,59.96,2.845
BCHUSDT,2026-02-20 16:00:00+00:00,556.3,2026-04-21 15:00:00+00:00,445.5,-19.917,-20.117,False,1439,59.96,14.64
DOGEUSDT,2026-02-20 16:00:00+00:00,0.1003,2026-04-21 15:00:00+00:00,0.09477,-5.513,-5.713,False,1439,59.96,5.022
TRXUSDT,2026-02-21 10:00:00+00:00,0.2866,2026-03-22 16:00:00+00:00,0.31526000000000004,10.0,9.8,True,702,29.25,3.133
SANDUSDT,2026-02-22 02:00:00+00:00,0.0838,2026-02-25 20:00:00+00:00,0.09218000000000001,10.0,9.8,True,90,3.75,2.863
DOTUSDT,2026-02-22 03:00:00+00:00,1.349,2026-02-25 13:00:00+00:00,1.4839,10.0,9.8,True,82,3.42,2.564
SHIBUSDT,2026-02-22 06:00:00+00:00,6.23e-06,2026-04-23 05:00:00+00:00,6.08e-06,-2.408,-2.608,False,1439,59.96,24.604
LINKUSDT,2026-02-22 13:00:00+00:00,8.76,2026-03-04 19:00:00+00:00,9.636000000000001,10.0,9.8,True,246,10.25,2.789
AVAXUSDT,2026-02-22 13:00:00+00:00,8.93,2026-02-25 21:00:00+00:00,9.823,10.0,9.8,True,80,3.33,3.026
DOGEUSDT,2026-02-22 15:00:00+00:00,0.09584,2026-02-25 21:00:00+00:00,0.105424,10.0,9.8,True,78,3.25,2.665
LTCUSDT,2026-02-22 16:00:00+00:00,53.32,2026-02-25 21:00:00+00:00,58.65200000000001,10.0,9.8,True,77,3.21,3.358
XRPUSDT,2026-02-22 23:00:00+00:00,1.4011,2026-03-16 18:00:00+00:00,1.5412100000000002,10.0,9.8,True,523,21.79,2.768
NEARUSDT,2026-02-23 01:00:00+00:00,1.012,2026-02-25 15:00:00+00:00,1.1132000000000002,10.0,9.8,True,62,2.58,4.822
SUIUSDT,2026-02-23 03:00:00+00:00,0.8724,2026-02-25 16:00:00+00:00,0.95964,10.0,9.8,True,61,2.54,2.628
AAVEUSDT,2026-02-23 03:00:00+00:00,112.67,2026-02-25 17:00:00+00:00,123.93700000000001,10.0,9.8,True,62,2.58,3.375
MANAUSDT,2026-02-23 03:00:00+00:00,0.0903,2026-02-25 16:00:00+00:00,0.09933000000000002,10.0,9.8,True,61,2.54,4.418
BNBUSDT,2026-02-23 03:00:00+00:00,587.26,2026-03-02 15:00:00+00:00,645.986,10.0,9.8,True,180,7.5,2.518
BNBUSDT,2026-02-23 06:00:00+00:00,593.75,2026-03-04 09:00:00+00:00,653.125,10.0,9.8,True,219,9.12,2.981
ETCUSDT,2026-02-23 06:00:00+00:00,8.19,2026-02-25 14:00:00+00:00,9.009,10.0,9.8,True,56,2.33,4.336
MANAUSDT,2026-02-23 08:00:00+00:00,0.093,2026-02-25 20:00:00+00:00,0.1023,10.0,9.8,True,60,2.5,3.259
NEARUSDT,2026-02-24 02:00:00+00:00,0.983,2026-02-25 13:00:00+00:00,1.0813000000000001,10.0,9.8,True,35,1.46,3.004
DOGEUSDT,2026-02-24 02:00:00+00:00,0.09274,2026-02-25 15:00:00+00:00,0.10201400000000001,10.0,9.8,True,37,1.54,3.742
FILUSDT,2026-02-24 02:00:00+00:00,0.891,2026-02-25 13:00:00+00:00,0.9801000000000001,10.0,9.8,True,35,1.46,2.527
ADAUSDT,2026-02-24 02:00:00+00:00,0.261,2026-02-25 14:00:00+00:00,0.2871,10.0,9.8,True,36,1.5,3.042
UNIUSDT,2026-02-24 02:00:00+00:00,3.322,2026-02-25 12:00:00+00:00,3.6542000000000003,10.0,9.8,True,34,1.42,4.551
ETCUSDT,2026-02-24 08:00:00+00:00,8.21,2026-02-25 15:00:00+00:00,9.031000000000002,10.0,9.8,True,31,1.29,3.969
ATOMUSDT,2026-02-24 14:00:00+00:00,2.031,2026-04-25 13:00:00+00:00,2.042,0.542,0.342,False,1439,59.96,2.585
OPUSDT,2026-02-24 15:00:00+00:00,0.1166,2026-02-25 19:00:00+00:00,0.12826,10.0,9.8,True,28,1.17,2.676
ETCUSDT,2026-02-24 15:00:00+00:00,8.27,2026-02-25 15:00:00+00:00,9.097,10.0,9.8,True,24,1.0,6.238
DOGEUSDT,2026-02-24 15:00:00+00:00,0.09135,2026-02-25 14:00:00+00:00,0.100485,10.0,9.8,True,23,0.96,2.512
XRPUSDT,2026-02-24 15:00:00+00:00,1.3359,2026-02-25 17:00:00+00:00,1.4694900000000002,10.0,9.8,True,26,1.08,2.897
ATOMUSDT,2026-02-25 02:00:00+00:00,2.084,2026-04-26 01:00:00+00:00,2.015,-3.311,-3.511,False,1439,59.96,2.735
AAVEUSDT,2026-02-26 15:00:00+00:00,114.54,2026-03-02 16:00:00+00:00,125.99400000000001,10.0,9.8,True,97,4.04,2.736
CHZUSDT,2026-02-26 15:00:00+00:00,0.03237,2026-03-03 06:00:00+00:00,0.03560700000000001,10.0,9.8,True,111,4.62,6.5
SHIBUSDT,2026-02-26 15:00:00+00:00,6.08e-06,2026-04-27 14:00:00+00:00,6.14e-06,0.987,0.787,False,1439,59.96,2.806
LTCUSDT,2026-02-26 16:00:00+00:00,55.81,2026-04-27 15:00:00+00:00,55.19,-1.111,-1.311,False,1439,59.96,2.838
CHZUSDT,2026-02-26 18:00:00+00:00,0.0315,2026-02-28 22:00:00+00:00,0.03465,10.0,9.8,True,52,2.17,2.651
BCHUSDT,2026-02-27 05:00:00+00:00,485.6,2026-04-28 04:00:00+00:00,447.9,-7.764,-7.964,False,1439,59.96,4.82
ENJUSDT,2026-02-27 20:00:00+00:00,0.01974,2026-03-17 12:00:00+00:00,0.021714000000000004,10.0,9.8,True,424,17.67,2.908
ENJUSDT,2026-02-27 23:00:00+00:00,0.01982,2026-03-17 12:00:00+00:00,0.021802000000000002,10.0,9.8,True,421,17.54,4.623
APTUSDT,2026-02-28 01:00:00+00:00,0.935,2026-03-03 18:00:00+00:00,1.0285000000000002,10.0,9.8,True,89,3.71,5.836
SOLUSDT,2026-02-28 08:00:00+00:00,78.7,2026-03-01 01:00:00+00:00,86.57000000000001,10.0,9.8,True,17,0.71,2.938
ADAUSDT,2026-02-28 08:00:00+00:00,0.265,2026-03-01 02:00:00+00:00,0.29150000000000004,10.0,9.8,True,18,0.75,4.863
DOGEUSDT,2026-02-28 08:00:00+00:00,0.08933,2026-03-04 15:00:00+00:00,0.09826300000000002,10.0,9.8,True,103,4.29,3.416
SUIUSDT,2026-02-28 08:00:00+00:00,0.85,2026-03-01 02:00:00+00:00,0.935,10.0,9.8,True,18,0.75,2.695
BNBUSDT,2026-02-28 08:00:00+00:00,597.49,2026-03-04 14:00:00+00:00,657.239,10.0,9.8,True,102,4.25,2.524
AXSUSDT,2026-02-28 08:00:00+00:00,1.249,2026-04-25 05:00:00+00:00,1.3739000000000001,10.0,9.8,True,1341,55.88,2.63
LINKUSDT,2026-02-28 08:00:00+00:00,8.35,2026-03-01 02:00:00+00:00,9.185,10.0,9.8,True,18,0.75,2.974
ETCUSDT,2026-02-28 08:00:00+00:00,8.29,2026-03-16 08:00:00+00:00,9.119,10.0,9.8,True,384,16.0,4.098
TRXUSDT,2026-02-28 10:00:00+00:00,0.2788,2026-03-17 20:00:00+00:00,0.30668,10.0,9.8,True,418,17.42,3.137
AAVEUSDT,2026-02-28 14:00:00+00:00,109.02,2026-03-02 15:00:00+00:00,119.92200000000001,10.0,9.8,True,49,2.04,3.367
MANAUSDT,2026-02-28 14:00:00+00:00,0.0931,2026-04-29 13:00:00+00:00,0.0909,-2.363,-2.563,False,1439,59.96,2.943
DOGEUSDT,2026-02-28 14:00:00+00:00,0.09148,2026-03-04 17:00:00+00:00,0.10062800000000001,10.0,9.8,True,99,4.12,2.758
SUIUSDT,2026-02-28 14:00:00+00:00,0.8653,2026-03-02 15:00:00+00:00,0.9518300000000001,10.0,9.8,True,49,2.04,2.756
SANDUSDT,2026-02-28 14:00:00+00:00,0.0802,2026-03-02 15:00:00+00:00,0.08822,10.0,9.8,True,49,2.04,2.88
SHIBUSDT,2026-03-01 19:00:00+00:00,5.57e-06,2026-03-13 11:00:00+00:00,6.127000000000001e-06,10.0,9.8,True,280,11.67,2.888
ENJUSDT,2026-03-02 16:00:00+00:00,0.01941,2026-03-17 12:00:00+00:00,0.021351000000000002,10.0,9.8,True,356,14.83,2.943
ARBUSDT,2026-03-03 13:00:00+00:00,0.1007,2026-03-16 21:00:00+00:00,0.11077000000000001,10.0,9.8,True,320,13.33,2.558
DOGEUSDT,2026-03-03 15:00:00+00:00,0.08934,2026-03-04 15:00:00+00:00,0.09827400000000001,10.0,9.8,True,24,1.0,2.522
ADAUSDT,2026-03-03 15:00:00+00:00,0.2629,2026-03-16 05:00:00+00:00,0.28919000000000006,10.0,9.8,True,302,12.58,2.763
XLMUSDT,2026-03-03 15:00:00+00:00,0.1497,2026-03-04 19:00:00+00:00,0.16467,10.0,9.8,True,28,1.17,3.02
AAVEUSDT,2026-03-03 16:00:00+00:00,109.99,2026-03-16 13:00:00+00:00,120.989,10.0,9.8,True,309,12.88,2.634
XRPUSDT,2026-03-03 17:00:00+00:00,1.3689,2026-03-16 14:00:00+00:00,1.5057900000000002,10.0,9.8,True,309,12.88,2.726
TRXUSDT,2026-03-03 17:00:00+00:00,0.2805,2026-03-18 00:00:00+00:00,0.30855000000000005,10.0,9.8,True,343,14.29,2.607
DOGEUSDT,2026-03-03 17:00:00+00:00,0.09091,2026-03-04 16:00:00+00:00,0.100001,10.0,9.8,True,23,0.96,2.501
SOLUSDT,2026-03-03 17:00:00+00:00,85.4,2026-03-04 19:00:00+00:00,93.94000000000001,10.0,9.8,True,26,1.08,3.053
MANAUSDT,2026-03-03 17:00:00+00:00,0.0964,2026-05-02 16:00:00+00:00,0.0908,-5.809,-6.009,False,1439,59.96,2.73
LTCUSDT,2026-03-03 17:00:00+00:00,54.84,2026-05-02 16:00:00+00:00,55.42,1.058,0.858,False,1439,59.96,4.14
ENJUSDT,2026-03-04 04:00:00+00:00,0.01878,2026-03-17 12:00:00+00:00,0.020658000000000003,10.0,9.8,True,320,13.33,3.377
ETCUSDT,2026-03-04 09:00:00+00:00,8.73,2026-05-03 08:00:00+00:00,8.43,-3.436,-3.636,False,1439,59.96,3.328
DOGEUSDT,2026-03-04 09:00:00+00:00,0.0923,2026-03-04 17:00:00+00:00,0.10153,10.0,9.8,True,8,0.33,2.877
MANAUSDT,2026-03-04 09:00:00+00:00,0.0983,2026-05-03 08:00:00+00:00,0.0905,-7.935,-8.135,False,1439,59.96,2.716
ADAUSDT,2026-03-04 10:00:00+00:00,0.2726,2026-05-03 09:00:00+00:00,0.2494,-8.511,-8.711,False,1439,59.96,2.618
AXSUSDT,2026-03-04 10:00:00+00:00,1.231,2026-04-25 05:00:00+00:00,1.3541000000000003,10.0,9.8,True,1243,51.79,2.941
TRXUSDT,2026-03-05 22:00:00+00:00,0.2844,2026-03-21 07:00:00+00:00,0.31284,10.0,9.8,True,369,15.38,9.481
AAVEUSDT,2026-03-06 13:00:00+00:00,114.21,2026-05-05 12:00:00+00:00,93.71,-17.949,-18.149,False,1439,59.96,3.989
ATOMUSDT,2026-03-06 14:00:00+00:00,1.805,2026-03-16 19:00:00+00:00,1.9855,10.0,9.8,True,245,10.21,3.244
NEARUSDT,2026-03-06 15:00:00+00:00,1.242,2026-03-12 23:00:00+00:00,1.3662,10.0,9.8,True,152,6.33,2.964
ENJUSDT,2026-03-06 16:00:00+00:00,0.01841,2026-03-17 12:00:00+00:00,0.020251,10.0,9.8,True,260,10.83,2.681
BCHUSDT,2026-03-06 17:00:00+00:00,445.6,2026-05-05 16:00:00+00:00,454.9,2.087,1.887,False,1439,59.96,4.141
ETCUSDT,2026-03-07 19:00:00+00:00,8.12,2026-03-16 05:00:00+00:00,8.932,10.0,9.8,True,202,8.42,3.284
MANAUSDT,2026-03-07 19:00:00+00:00,0.0919,2026-04-25 09:00:00+00:00,0.10109,10.0,9.8,True,1166,48.58,2.867
ARBUSDT,2026-03-07 19:00:00+00:00,0.0971,2026-03-13 13:00:00+00:00,0.10681000000000002,10.0,9.8,True,138,5.75,3.172
BTCUSDT,2026-03-07 19:00:00+00:00,67568.13,2026-03-16 03:00:00+00:00,74324.94300000001,10.0,9.8,True,200,8.33,2.679
ENJUSDT,2026-03-07 20:00:00+00:00,0.01773,2026-03-17 11:00:00+00:00,0.019503,10.0,9.8,True,231,9.62,2.673
SANDUSDT,2026-03-07 20:00:00+00:00,0.0787,2026-03-13 13:00:00+00:00,0.08657000000000001,10.0,9.8,True,137,5.71,3.679
AXSUSDT,2026-03-07 21:00:00+00:00,1.107,2026-03-14 03:00:00+00:00,1.2177,10.0,9.8,True,150,6.25,5.232
MANAUSDT,2026-03-07 23:00:00+00:00,0.0908,2026-04-25 06:00:00+00:00,0.09988000000000001,10.0,9.8,True,1159,48.29,3.511
ENJUSDT,2026-03-08 01:00:00+00:00,0.01755,2026-03-16 23:00:00+00:00,0.019305000000000003,10.0,9.8,True,214,8.92,2.585
MANAUSDT,2026-03-08 03:00:00+00:00,0.0902,2026-03-18 08:00:00+00:00,0.09922000000000002,10.0,9.8,True,245,10.21,3.627
MANAUSDT,2026-03-08 08:00:00+00:00,0.0912,2026-04-25 08:00:00+00:00,0.10032,10.0,9.8,True,1152,48.0,2.86
NEARUSDT,2026-03-08 11:00:00+00:00,1.252,2026-03-13 00:00:00+00:00,1.3772000000000002,10.0,9.8,True,109,4.54,4.289
UNIUSDT,2026-03-08 15:00:00+00:00,3.69,2026-03-13 03:00:00+00:00,4.059,10.0,9.8,True,108,4.5,2.715
ATOMUSDT,2026-03-08 23:00:00+00:00,1.742,2026-03-16 13:00:00+00:00,1.9162000000000001,10.0,9.8,True,182,7.58,2.661
NEARUSDT,2026-03-09 04:00:00+00:00,1.24,2026-03-12 22:00:00+00:00,1.364,10.0,9.8,True,90,3.75,2.501
UNIUSDT,2026-03-09 04:00:00+00:00,3.739,2026-03-13 10:00:00+00:00,4.1129,10.0,9.8,True,102,4.25,2.556
ETCUSDT,2026-03-11 07:00:00+00:00,8.23,2026-03-16 07:00:00+00:00,9.053,10.0,9.8,True,120,5.0,2.778
MANAUSDT,2026-03-11 10:00:00+00:00,0.0918,2026-04-25 09:00:00+00:00,0.10098000000000001,10.0,9.8,True,1079,44.96,2.998
APTUSDT,2026-03-11 13:00:00+00:00,0.952,2026-03-23 20:00:00+00:00,1.0472000000000001,10.0,9.8,True,295,12.29,2.551
DOGEUSDT,2026-03-11 14:00:00+00:00,0.09311,2026-03-16 06:00:00+00:00,0.10242100000000001,10.0,9.8,True,112,4.67,3.059
FILUSDT,2026-03-12 06:00:00+00:00,0.865,2026-03-16 06:00:00+00:00,0.9515,10.0,9.8,True,96,4.0,3.552
ETCUSDT,2026-03-12 14:00:00+00:00,8.21,2026-03-16 07:00:00+00:00,9.031000000000002,10.0,9.8,True,89,3.71,4.829
SANDUSDT,2026-03-12 14:00:00+00:00,0.0818,2026-03-16 21:00:00+00:00,0.08998,10.0,9.8,True,103,4.29,2.823
MANAUSDT,2026-03-12 15:00:00+00:00,0.0899,2026-03-18 08:00:00+00:00,0.09889,10.0,9.8,True,137,5.71,3.336
ARBUSDT,2026-03-12 15:00:00+00:00,0.0982,2026-03-16 05:00:00+00:00,0.10802,10.0,9.8,True,86,3.58,2.788
BCHUSDT,2026-03-14 12:00:00+00:00,460.4,2026-05-13 11:00:00+00:00,438.0,-4.865,-5.065,False,1439,59.96,4.533
ENJUSDT,2026-03-14 15:00:00+00:00,0.01825,2026-03-17 12:00:00+00:00,0.020075,10.0,9.8,True,69,2.88,2.742
ETCUSDT,2026-03-15 00:00:00+00:00,8.26,2026-03-16 08:00:00+00:00,9.086,10.0,9.8,True,32,1.33,2.581
AXSUSDT,2026-03-17 15:00:00+00:00,1.254,2026-04-25 05:00:00+00:00,1.3794000000000002,10.0,9.8,True,926,38.58,3.325
BCHUSDT,2026-03-18 14:00:00+00:00,454.7,2026-05-17 13:00:00+00:00,413.5,-9.061,-9.261,False,1439,59.96,2.957
SUIUSDT,2026-03-18 14:00:00+00:00,0.9926,2026-05-09 01:00:00+00:00,1.09186,10.0,9.8,True,1235,51.46,2.704
DOGEUSDT,2026-03-18 14:00:00+00:00,0.09578,2026-04-29 07:00:00+00:00,0.10535800000000001,10.0,9.8,True,1001,41.71,3.27
SHIBUSDT,2026-03-18 14:00:00+00:00,5.84e-06,2026-04-17 13:00:00+00:00,6.424000000000001e-06,10.0,9.8,True,719,29.96,2.531
LTCUSDT,2026-03-18 15:00:00+00:00,55.57,2026-05-17 14:00:00+00:00,55.9,0.594,0.394,False,1439,59.96,2.745
BCHUSDT,2026-03-18 16:00:00+00:00,448.4,2026-05-17 15:00:00+00:00,412.3,-8.051,-8.251,False,1439,59.96,2.616
ARBUSDT,2026-03-18 16:00:00+00:00,0.1014,2026-04-10 04:00:00+00:00,0.11154000000000001,10.0,9.8,True,540,22.5,3.993
BTCUSDT,2026-03-18 16:00:00+00:00,71467.82,2026-04-22 13:00:00+00:00,78614.60200000001,10.0,9.8,True,837,34.88,3.079
BCHUSDT,2026-03-18 18:00:00+00:00,452.9,2026-05-17 17:00:00+00:00,411.3,-9.185,-9.385,False,1439,59.96,2.938
NEARUSDT,2026-03-18 19:00:00+00:00,1.385,2026-05-06 16:00:00+00:00,1.5235,10.0,9.8,True,1173,48.88,2.691
AAVEUSDT,2026-03-18 19:00:00+00:00,113.74,2026-05-17 18:00:00+00:00,90.57,-20.371,-20.571,False,1439,59.96,2.609
APTUSDT,2026-03-18 21:00:00+00:00,0.973,2026-03-23 21:00:00+00:00,1.0703,10.0,9.8,True,120,5.0,4.305
ETCUSDT,2026-03-19 04:00:00+00:00,8.56,2026-05-06 08:00:00+00:00,9.416000000000002,10.0,9.8,True,1156,48.17,3.557
LTCUSDT,2026-03-19 14:00:00+00:00,55.19,2026-05-18 13:00:00+00:00,53.82,-2.482,-2.682,False,1439,59.96,4.612
SOLUSDT,2026-03-19 14:00:00+00:00,88.52,2026-05-11 16:00:00+00:00,97.372,10.0,9.8,True,1274,53.08,2.973
FILUSDT,2026-03-19 14:00:00+00:00,0.897,2026-04-16 05:00:00+00:00,0.9867000000000001,10.0,9.8,True,663,27.62,3.99
ADAUSDT,2026-03-19 14:00:00+00:00,0.2667,2026-05-18 13:00:00+00:00,0.2492,-6.562,-6.762,False,1439,59.96,3.124
NEARUSDT,2026-03-19 14:00:00+00:00,1.338,2026-05-06 11:00:00+00:00,1.4718000000000002,10.0,9.8,True,1149,47.88,3.353
CHZUSDT,2026-03-19 14:00:00+00:00,0.03549,2026-03-28 13:00:00+00:00,0.039039000000000004,10.0,9.8,True,215,8.96,2.732
LINKUSDT,2026-03-19 14:00:00+00:00,9.0,2026-05-06 04:00:00+00:00,9.9,10.0,9.8,True,1142,47.58,3.085
MANAUSDT,2026-03-19 14:00:00+00:00,0.0897,2026-04-25 05:00:00+00:00,0.09867000000000001,10.0,9.8,True,879,36.62,3.751
UNIUSDT,2026-03-19 16:00:00+00:00,3.528,2026-05-10 05:00:00+00:00,3.8808000000000002,10.0,9.8,True,1237,51.54,3.137
TRXUSDT,2026-03-19 17:00:00+00:00,0.3005,2026-04-19 08:00:00+00:00,0.33055,10.0,9.8,True,735,30.62,3.348
ATOMUSDT,2026-03-19 20:00:00+00:00,1.846,2026-04-25 03:00:00+00:00,2.0306,10.0,9.8,True,871,36.29,3.256
AAVEUSDT,2026-03-20 22:00:00+00:00,111.21,2026-05-19 21:00:00+00:00,87.99,-20.879,-21.079,False,1439,59.96,3.393
MANAUSDT,2026-03-21 11:00:00+00:00,0.0868,2026-04-16 18:00:00+00:00,0.09548000000000001,10.0,9.8,True,631,26.29,2.782
SANDUSDT,2026-03-21 15:00:00+00:00,0.0807,2026-05-20 14:00:00+00:00,0.07203,-10.743,-10.943,False,1439,59.96,2.584
SANDUSDT,2026-03-21 17:00:00+00:00,0.0813,2026-05-20 16:00:00+00:00,0.0723,-11.07,-11.27,False,1439,59.96,2.975
LTCUSDT,2026-03-21 20:00:00+00:00,55.83,2026-05-20 19:00:00+00:00,54.22,-2.884,-3.084,False,1439,59.96,2.568
LINKUSDT,2026-03-22 01:00:00+00:00,8.86,2026-04-17 13:00:00+00:00,9.746,10.0,9.8,True,636,26.5,7.277
LTCUSDT,2026-03-22 01:00:00+00:00,54.66,2026-05-10 23:00:00+00:00,60.126,10.0,9.8,True,1198,49.92,3.525
SANDUSDT,2026-03-22 01:00:00+00:00,0.0789,2026-05-21 00:00:00+00:00,0.07248,-8.137,-8.337,False,1439,59.96,5.488
XRPUSDT,2026-03-22 01:00:00+00:00,1.411,2026-05-21 00:00:00+00:00,1.3762,-2.466,-2.666,False,1439,59.96,4.606
BNBUSDT,2026-03-22 01:00:00+00:00,630.37,2026-05-21 00:00:00+00:00,653.71,3.703,3.503,False,1439,59.96,5.86
AAVEUSDT,2026-03-22 01:00:00+00:00,108.52,2026-05-21 00:00:00+00:00,88.95,-18.034,-18.234,False,1439,59.96,7.0
UNIUSDT,2026-03-22 01:00:00+00:00,3.499,2026-05-10 05:00:00+00:00,3.8489000000000004,10.0,9.8,True,1180,49.17,4.558
SHIBUSDT,2026-03-22 01:00:00+00:00,5.85e-06,2026-04-17 13:00:00+00:00,6.435e-06,10.0,9.8,True,636,26.5,4.191
BTCUSDT,2026-03-22 01:00:00+00:00,68954.7,2026-04-14 14:00:00+00:00,75850.17,10.0,9.8,True,565,23.54,3.542
CHZUSDT,2026-03-22 01:00:00+00:00,0.03529,2026-03-28 13:00:00+00:00,0.038819000000000006,10.0,9.8,True,156,6.5,5.403
SUIUSDT,2026-03-22 01:00:00+00:00,0.9324,2026-04-17 13:00:00+00:00,1.02564,10.0,9.8,True,636,26.5,7.161
MANAUSDT,2026-03-22 01:00:00+00:00,0.0849,2026-04-09 09:00:00+00:00,0.09339000000000001,10.0,9.8,True,440,18.33,3.479
DOGEUSDT,2026-03-22 01:00:00+00:00,0.09146,2026-04-17 13:00:00+00:00,0.100606,10.0,9.8,True,636,26.5,6.202
NEARUSDT,2026-03-22 01:00:00+00:00,1.292,2026-04-11 18:00:00+00:00,1.4212000000000002,10.0,9.8,True,497,20.71,5.739
AVAXUSDT,2026-03-22 01:00:00+00:00,9.23,2026-05-10 15:00:00+00:00,10.153,10.0,9.8,True,1190,49.58,4.49
OPUSDT,2026-03-22 01:00:00+00:00,0.1182,2026-04-16 15:00:00+00:00,0.13002,10.0,9.8,True,614,25.58,5.743
ETHUSDT,2026-03-22 01:00:00+00:00,2087.68,2026-04-11 18:00:00+00:00,2296.448,10.0,9.8,True,497,20.71,10.425
BCHUSDT,2026-03-22 04:00:00+00:00,464.6,2026-05-21 03:00:00+00:00,380.4,-18.123,-18.323,False,1439,59.96,6.152
ATOMUSDT,2026-03-22 07:00:00+00:00,1.782,2026-04-24 10:00:00+00:00,1.9602000000000002,10.0,9.8,True,795,33.12,2.554
ETCUSDT,2026-03-22 22:00:00+00:00,8.02,2026-04-04 18:00:00+00:00,8.822000000000001,10.0,9.8,True,308,12.83,6.881
ETHUSDT,2026-03-22 22:00:00+00:00,2045.96,2026-04-07 23:00:00+00:00,2250.556,10.0,9.8,True,385,16.04,2.98
ADAUSDT,2026-03-22 22:00:00+00:00,0.2505,2026-03-25 12:00:00+00:00,0.27555,10.0,9.8,True,62,2.58,4.231
DOGEUSDT,2026-03-22 22:00:00+00:00,0.08993,2026-04-16 18:00:00+00:00,0.098923,10.0,9.8,True,596,24.83,3.484
XLMUSDT,2026-03-22 22:00:00+00:00,0.1558,2026-03-24 21:00:00+00:00,0.17138,10.0,9.8,True,47,1.96,3.005
SOLUSDT,2026-03-22 22:00:00+00:00,86.0,2026-05-10 09:00:00+00:00,94.60000000000001,10.0,9.8,True,1163,48.46,3.301
LTCUSDT,2026-03-22 22:00:00+00:00,53.37,2026-05-08 18:00:00+00:00,58.707,10.0,9.8,True,1124,46.83,2.546
SHIBUSDT,2026-03-22 22:00:00+00:00,5.67e-06,2026-03-24 20:00:00+00:00,6.237000000000001e-06,10.0,9.8,True,46,1.92,3.047
DOTUSDT,2026-03-22 22:00:00+00:00,1.412,2026-05-21 21:00:00+00:00,1.299,-8.003,-8.203,False,1439,59.96,3.378
LINKUSDT,2026-03-22 22:00:00+00:00,8.66,2026-04-16 18:00:00+00:00,9.526000000000002,10.0,9.8,True,596,24.83,3.26
APTUSDT,2026-03-22 22:00:00+00:00,0.924,2026-03-23 18:00:00+00:00,1.0164000000000002,10.0,9.8,True,20,0.83,4.036
AVAXUSDT,2026-03-22 23:00:00+00:00,9.05,2026-04-17 14:00:00+00:00,9.955000000000002,10.0,9.8,True,615,25.62,3.012
XLMUSDT,2026-03-23 05:00:00+00:00,0.159,2026-03-24 23:00:00+00:00,0.17490000000000003,10.0,9.8,True,42,1.75,3.084
CHZUSDT,2026-03-23 10:00:00+00:00,0.0345,2026-03-28 12:00:00+00:00,0.037950000000000005,10.0,9.8,True,122,5.08,2.773
TRXUSDT,2026-03-23 12:00:00+00:00,0.3083,2026-05-03 05:00:00+00:00,0.33913000000000004,10.0,9.8,True,977,40.71,4.563
AXSUSDT,2026-03-23 12:00:00+00:00,1.086,2026-04-17 00:00:00+00:00,1.1946,10.0,9.8,True,588,24.5,8.569
CHZUSDT,2026-03-23 12:00:00+00:00,0.03549,2026-03-28 13:00:00+00:00,0.039039000000000004,10.0,9.8,True,121,5.04,6.36
ATOMUSDT,2026-03-23 12:00:00+00:00,1.818,2026-04-25 00:00:00+00:00,1.9998000000000002,10.0,9.8,True,780,32.5,9.351
FILUSDT,2026-03-23 12:00:00+00:00,0.886,2026-04-16 05:00:00+00:00,0.9746000000000001,10.0,9.8,True,569,23.71,10.548
ENJUSDT,2026-03-26 09:00:00+00:00,0.02034,2026-03-26 15:00:00+00:00,0.022374,10.0,9.8,True,6,0.25,2.634
OPUSDT,2026-03-26 09:00:00+00:00,0.1091,2026-04-08 01:00:00+00:00,0.12001,10.0,9.8,True,304,12.67,3.857
DOGEUSDT,2026-03-26 12:00:00+00:00,0.09133,2026-04-17 13:00:00+00:00,0.100463,10.0,9.8,True,529,22.04,2.613
FILUSDT,2026-03-26 13:00:00+00:00,0.895,2026-04-16 05:00:00+00:00,0.9845000000000002,10.0,9.8,True,496,20.67,3.099
ENJUSDT,2026-03-26 13:00:00+00:00,0.02079,2026-03-26 15:00:00+00:00,0.022869,10.0,9.8,True,2,0.08,6.469
SUIUSDT,2026-03-26 14:00:00+00:00,0.9306,2026-04-17 13:00:00+00:00,1.02366,10.0,9.8,True,527,21.96,2.874
SUIUSDT,2026-03-26 16:00:00+00:00,0.9146,2026-04-16 20:00:00+00:00,1.00606,10.0,9.8,True,508,21.17,2.571
BTCUSDT,2026-03-26 16:00:00+00:00,69082.64,2026-04-14 14:00:00+00:00,75990.90400000001,10.0,9.8,True,454,18.92,2.549
ADAUSDT,2026-03-26 16:00:00+00:00,0.2561,2026-05-10 15:00:00+00:00,0.28171,10.0,9.8,True,1079,44.96,2.749
XRPUSDT,2026-03-26 16:00:00+00:00,1.3605,2026-04-17 14:00:00+00:00,1.4965500000000003,10.0,9.8,True,526,21.92,2.943
OPUSDT,2026-03-26 18:00:00+00:00,0.1115,2026-04-16 05:00:00+00:00,0.12265000000000001,10.0,9.8,True,491,20.46,3.226
LTCUSDT,2026-03-26 20:00:00+00:00,54.29,2026-05-10 17:00:00+00:00,59.719,10.0,9.8,True,1077,44.88,3.441
SANDUSDT,2026-03-26 21:00:00+00:00,0.0771,2026-04-16 20:00:00+00:00,0.08481000000000001,10.0,9.8,True,503,20.96,2.675
ADAUSDT,2026-03-26 21:00:00+00:00,0.2548,2026-05-10 15:00:00+00:00,0.28028000000000003,10.0,9.8,True,1074,44.75,4.023
AAVEUSDT,2026-03-26 21:00:00+00:00,105.23,2026-04-16 19:00:00+00:00,115.75300000000001,10.0,9.8,True,502,20.92,3.055
AVAXUSDT,2026-03-26 21:00:00+00:00,9.09,2026-04-17 14:00:00+00:00,9.999,10.0,9.8,True,521,21.71,2.512
FILUSDT,2026-03-26 21:00:00+00:00,0.87,2026-04-16 04:00:00+00:00,0.9570000000000001,10.0,9.8,True,487,20.29,3.856
AXSUSDT,2026-03-27 00:00:00+00:00,1.116,2026-04-18 07:00:00+00:00,1.2276000000000002,10.0,9.8,True,535,22.29,46.229
NEARUSDT,2026-03-27 14:00:00+00:00,1.182,2026-04-06 11:00:00+00:00,1.3002,10.0,9.8,True,237,9.88,4.284
XRPUSDT,2026-03-27 16:00:00+00:00,1.336,2026-04-17 13:00:00+00:00,1.4696000000000002,10.0,9.8,True,501,20.88,2.783
UNIUSDT,2026-03-27 16:00:00+00:00,3.408,2026-05-09 00:00:00+00:00,3.7488,10.0,9.8,True,1016,42.33,2.836
ETCUSDT,2026-03-27 16:00:00+00:00,8.08,2026-04-04 18:00:00+00:00,8.888000000000002,10.0,9.8,True,194,8.08,2.738
ENJUSDT,2026-03-28 01:00:00+00:00,0.02061,2026-03-29 10:00:00+00:00,0.022671,10.0,9.8,True,33,1.38,3.437
AXSUSDT,2026-03-28 02:00:00+00:00,1.096,2026-04-17 13:00:00+00:00,1.2056000000000002,10.0,9.8,True,491,20.46,7.413
AAVEUSDT,2026-03-28 08:00:00+00:00,97.95,2026-04-15 15:00:00+00:00,107.74500000000002,10.0,9.8,True,439,18.29,2.587
ENJUSDT,2026-03-28 10:00:00+00:00,0.01999,2026-03-29 10:00:00+00:00,0.021989,10.0,9.8,True,24,1.0,3.414
FILUSDT,2026-03-28 14:00:00+00:00,0.833,2026-04-07 22:00:00+00:00,0.9163,10.0,9.8,True,248,10.33,3.015
FILUSDT,2026-03-29 00:00:00+00:00,0.8,2026-04-06 10:00:00+00:00,0.8800000000000001,10.0,9.8,True,202,8.42,3.323
MANAUSDT,2026-03-29 09:00:00+00:00,0.0811,2026-04-01 12:00:00+00:00,0.08921000000000001,10.0,9.8,True,75,3.12,2.816
SANDUSDT,2026-03-29 11:00:00+00:00,0.0734,2026-04-07 23:00:00+00:00,0.08074000000000002,10.0,9.8,True,228,9.5,5.057
ATOMUSDT,2026-03-29 14:00:00+00:00,1.643,2026-04-07 23:00:00+00:00,1.8073000000000001,10.0,9.8,True,225,9.38,4.597
AVAXUSDT,2026-03-29 14:00:00+00:00,8.65,2026-04-06 01:00:00+00:00,9.515,10.0,9.8,True,179,7.46,2.625
SUIUSDT,2026-03-29 14:00:00+00:00,0.8486,2026-04-07 22:00:00+00:00,0.9334600000000001,10.0,9.8,True,224,9.33,3.185
ETCUSDT,2026-03-29 14:00:00+00:00,7.95,2026-04-04 17:00:00+00:00,8.745000000000001,10.0,9.8,True,147,6.12,4.422
SANDUSDT,2026-03-29 14:00:00+00:00,0.0726,2026-04-07 22:00:00+00:00,0.07986,10.0,9.8,True,224,9.33,4.176
UNIUSDT,2026-03-29 21:00:00+00:00,3.406,2026-05-09 00:00:00+00:00,3.7466000000000004,10.0,9.8,True,963,40.12,2.579
ARBUSDT,2026-03-29 23:00:00+00:00,0.0879,2026-04-01 12:00:00+00:00,0.09669000000000001,10.0,9.8,True,61,2.54,7.711
AAVEUSDT,2026-03-29 23:00:00+00:00,94.78,2026-04-14 00:00:00+00:00,104.25800000000001,10.0,9.8,True,361,15.04,2.823
APTUSDT,2026-03-29 23:00:00+00:00,0.912,2026-04-16 16:00:00+00:00,1.0032,10.0,9.8,True,425,17.71,7.336
LTCUSDT,2026-03-29 23:00:00+00:00,53.12,2026-05-08 18:00:00+00:00,58.432,10.0,9.8,True,955,39.79,5.14
SOLUSDT,2026-03-29 23:00:00+00:00,80.94,2026-04-16 18:00:00+00:00,89.034,10.0,9.8,True,427,17.79,8.607
DOTUSDT,2026-03-29 23:00:00+00:00,1.251,2026-05-08 18:00:00+00:00,1.3761,10.0,9.8,True,955,39.79,5.33
ADAUSDT,2026-03-29 23:00:00+00:00,0.2383,2026-04-07 22:00:00+00:00,0.26213000000000003,10.0,9.8,True,215,8.96,5.435
SHIBUSDT,2026-03-29 23:00:00+00:00,5.75e-06,2026-04-16 18:00:00+00:00,6.3250000000000004e-06,10.0,9.8,True,427,17.79,7.243
ETCUSDT,2026-03-29 23:00:00+00:00,7.92,2026-04-04 17:00:00+00:00,8.712,10.0,9.8,True,138,5.75,6.292
AVAXUSDT,2026-03-29 23:00:00+00:00,8.56,2026-04-01 06:00:00+00:00,9.416000000000002,10.0,9.8,True,55,2.29,7.399
XRPUSDT,2026-03-29 23:00:00+00:00,1.319,2026-04-16 19:00:00+00:00,1.4509,10.0,9.8,True,428,17.83,9.095
SUIUSDT,2026-03-29 23:00:00+00:00,0.8411,2026-04-07 22:00:00+00:00,0.92521,10.0,9.8,True,215,8.96,4.749
NEARUSDT,2026-03-29 23:00:00+00:00,1.159,2026-04-04 16:00:00+00:00,1.2749000000000001,10.0,9.8,True,137,5.71,3.921
LINKUSDT,2026-03-29 23:00:00+00:00,8.37,2026-04-07 23:00:00+00:00,9.207,10.0,9.8,True,216,9.0,7.484
ATOMUSDT,2026-03-29 23:00:00+00:00,1.634,2026-04-07 23:00:00+00:00,1.7974,10.0,9.8,True,216,9.0,3.915
FILUSDT,2026-03-30 00:00:00+00:00,0.801,2026-04-06 10:00:00+00:00,0.8811000000000001,10.0,9.8,True,178,7.42,3.501
ETHUSDT,2026-03-30 00:00:00+00:00,1984.65,2026-04-07 22:00:00+00:00,2183.1150000000002,10.0,9.8,True,214,8.92,3.53
APTUSDT,2026-03-30 01:00:00+00:00,0.926,2026-04-17 10:00:00+00:00,1.0186000000000002,10.0,9.8,True,441,18.38,2.611
BTCUSDT,2026-03-30 01:00:00+00:00,66280.24,2026-04-09 22:00:00+00:00,72908.26400000001,10.0,9.8,True,261,10.88,3.12
LINKUSDT,2026-03-30 01:00:00+00:00,8.48,2026-04-07 23:00:00+00:00,9.328000000000001,10.0,9.8,True,214,8.92,3.119
MANAUSDT,2026-03-30 01:00:00+00:00,0.081,2026-04-01 12:00:00+00:00,0.08910000000000001,10.0,9.8,True,59,2.46,2.7
SOLUSDT,2026-03-30 01:00:00+00:00,81.89,2026-04-16 19:00:00+00:00,90.07900000000001,10.0,9.8,True,426,17.75,2.794
XRPUSDT,2026-03-30 01:00:00+00:00,1.3314,2026-04-16 19:00:00+00:00,1.46454,10.0,9.8,True,426,17.75,2.635
ARBUSDT,2026-03-31 00:00:00+00:00,0.0911,2026-04-07 22:00:00+00:00,0.10021000000000001,10.0,9.8,True,190,7.92,2.52
SOLUSDT,2026-03-31 12:00:00+00:00,80.85,2026-04-16 18:00:00+00:00,88.935,10.0,9.8,True,390,16.25,4.703
XLMUSDT,2026-03-31 15:00:00+00:00,0.1647,2026-04-21 08:00:00+00:00,0.18117000000000003,10.0,9.8,True,497,20.71,2.523
ADAUSDT,2026-03-31 17:00:00+00:00,0.2398,2026-04-07 23:00:00+00:00,0.26378,10.0,9.8,True,174,7.25,4.055
SHIBUSDT,2026-03-31 17:00:00+00:00,5.95e-06,2026-04-29 10:00:00+00:00,6.545e-06,10.0,9.8,True,689,28.71,3.167
SUIUSDT,2026-03-31 18:00:00+00:00,0.8748,2026-04-07 23:00:00+00:00,0.9622800000000001,10.0,9.8,True,173,7.21,2.811
TRXUSDT,2026-03-31 18:00:00+00:00,0.3129,2026-05-05 16:00:00+00:00,0.34419000000000005,10.0,9.8,True,838,34.92,3.186
ETCUSDT,2026-04-01 22:00:00+00:00,8.25,2026-05-05 22:00:00+00:00,9.075000000000001,10.0,9.8,True,816,34.0,2.808
UNIUSDT,2026-04-02 06:00:00+00:00,3.312,2026-05-08 16:00:00+00:00,3.6432,10.0,9.8,True,874,36.42,5.581
SANDUSDT,2026-04-02 09:00:00+00:00,0.0741,2026-04-07 23:00:00+00:00,0.08151,10.0,9.8,True,134,5.58,3.995
AAVEUSDT,2026-04-02 14:00:00+00:00,93.29,2026-04-13 23:00:00+00:00,102.61900000000001,10.0,9.8,True,273,11.38,2.58
XRPUSDT,2026-04-02 15:00:00+00:00,1.3,2026-04-16 13:00:00+00:00,1.4300000000000002,10.0,9.8,True,334,13.92,2.853
BTCUSDT,2026-04-02 15:00:00+00:00,66868.17,2026-04-11 18:00:00+00:00,73554.98700000001,10.0,9.8,True,219,9.12,2.568
UNIUSDT,2026-04-02 15:00:00+00:00,3.191,2026-04-17 13:00:00+00:00,3.5101,10.0,9.8,True,358,14.92,2.591
DOTUSDT,2026-04-02 16:00:00+00:00,1.222,2026-04-09 22:00:00+00:00,1.3442,10.0,9.8,True,174,7.25,2.528
ENJUSDT,2026-04-04 02:00:00+00:00,0.01994,2026-04-08 15:00:00+00:00,0.021934000000000002,10.0,9.8,True,109,4.54,3.833
ENJUSDT,2026-04-04 05:00:00+00:00,0.01996,2026-04-08 15:00:00+00:00,0.021956,10.0,9.8,True,106,4.42,8.13
ENJUSDT,2026-04-04 07:00:00+00:00,0.02021,2026-04-08 15:00:00+00:00,0.022231,10.0,9.8,True,104,4.33,3.435
XLMUSDT,2026-04-04 10:00:00+00:00,0.1618,2026-04-21 07:00:00+00:00,0.17798000000000003,10.0,9.8,True,405,16.88,2.656
ENJUSDT,2026-04-05 04:00:00+00:00,0.02005,2026-04-08 15:00:00+00:00,0.022055,10.0,9.8,True,83,3.46,2.731
BCHUSDT,2026-04-05 06:00:00+00:00,436.7,2026-05-06 04:00:00+00:00,480.37,10.0,9.8,True,742,30.92,3.243
XRPUSDT,2026-04-05 07:00:00+00:00,1.3016,2026-04-16 13:00:00+00:00,1.4317600000000001,10.0,9.8,True,270,11.25,3.323
SUIUSDT,2026-04-05 07:00:00+00:00,0.8543,2026-04-07 22:00:00+00:00,0.9397300000000001,10.0,9.8,True,63,2.62,5.181
APTUSDT,2026-04-05 07:00:00+00:00,0.837,2026-04-15 16:00:00+00:00,0.9207000000000001,10.0,9.8,True,249,10.38,3.136
AAVEUSDT,2026-04-05 09:00:00+00:00,92.75,2026-04-13 23:00:00+00:00,102.025,10.0,9.8,True,206,8.58,2.93
MANAUSDT,2026-04-05 10:00:00+00:00,0.086,2026-04-16 13:00:00+00:00,0.0946,10.0,9.8,True,267,11.12,3.559
AAVEUSDT,2026-04-05 11:00:00+00:00,92.62,2026-04-13 23:00:00+00:00,101.88200000000002,10.0,9.8,True,204,8.5,4.384
ENJUSDT,2026-04-05 11:00:00+00:00,0.02004,2026-04-08 15:00:00+00:00,0.022044,10.0,9.8,True,76,3.17,3.313
CHZUSDT,2026-04-05 13:00:00+00:00,0.03839,2026-04-15 16:00:00+00:00,0.042229,10.0,9.8,True,243,10.12,3.319
ATOMUSDT,2026-04-05 15:00:00+00:00,1.68,2026-04-17 13:00:00+00:00,1.848,10.0,9.8,True,286,11.92,2.647
ADAUSDT,2026-04-05 16:00:00+00:00,0.2435,2026-04-17 14:00:00+00:00,0.26785000000000003,10.0,9.8,True,286,11.92,2.525
XLMUSDT,2026-04-05 16:00:00+00:00,0.1587,2026-04-17 14:00:00+00:00,0.17457000000000003,10.0,9.8,True,286,11.92,3.142
AVAXUSDT,2026-04-05 16:00:00+00:00,8.88,2026-04-16 18:00:00+00:00,9.768000000000002,10.0,9.8,True,266,11.08,3.201
ETHUSDT,2026-04-05 16:00:00+00:00,2053.85,2026-04-07 23:00:00+00:00,2259.235,10.0,9.8,True,55,2.29,4.01
AAVEUSDT,2026-04-05 16:00:00+00:00,91.64,2026-04-13 22:00:00+00:00,100.804,10.0,9.8,True,198,8.25,2.501
APTUSDT,2026-04-05 16:00:00+00:00,0.837,2026-04-15 16:00:00+00:00,0.9207000000000001,10.0,9.8,True,240,10.0,3.107
ARBUSDT,2026-04-05 16:00:00+00:00,0.091,2026-04-07 22:00:00+00:00,0.10010000000000001,10.0,9.8,True,54,2.25,2.643
BNBUSDT,2026-04-05 16:00:00+00:00,593.13,2026-04-22 13:00:00+00:00,652.4430000000001,10.0,9.8,True,405,16.88,2.888
OPUSDT,2026-04-05 16:00:00+00:00,0.1071,2026-04-07 22:00:00+00:00,0.11781000000000001,10.0,9.8,True,54,2.25,2.894
DOTUSDT,2026-04-05 16:00:00+00:00,1.232,2026-04-09 22:00:00+00:00,1.3552000000000002,10.0,9.8,True,102,4.25,15.358
BTCUSDT,2026-04-05 16:00:00+00:00,67306.65,2026-04-13 22:00:00+00:00,74037.315,10.0,9.8,True,198,8.25,4.348
AXSUSDT,2026-04-05 23:00:00+00:00,1.094,2026-04-17 13:00:00+00:00,1.2034000000000002,10.0,9.8,True,278,11.58,3.222
BCHUSDT,2026-04-06 00:00:00+00:00,428.7,2026-04-22 08:00:00+00:00,471.57000000000005,10.0,9.8,True,392,16.33,2.554
ATOMUSDT,2026-04-06 00:00:00+00:00,1.698,2026-04-22 02:00:00+00:00,1.8678000000000001,10.0,9.8,True,386,16.08,2.59
TRXUSDT,2026-04-06 12:00:00+00:00,0.3184,2026-05-08 07:00:00+00:00,0.35024000000000005,10.0,9.8,True,763,31.79,2.724
UNIUSDT,2026-04-07 03:00:00+00:00,3.073,2026-04-16 13:00:00+00:00,3.3803,10.0,9.8,True,226,9.42,3.159
ETCUSDT,2026-04-07 05:00:00+00:00,8.24,2026-05-05 22:00:00+00:00,9.064000000000002,10.0,9.8,True,689,28.71,7.706
AVAXUSDT,2026-04-07 06:00:00+00:00,8.56,2026-04-07 23:00:00+00:00,9.416000000000002,10.0,9.8,True,17,0.71,3.307
ATOMUSDT,2026-04-07 10:00:00+00:00,1.688,2026-04-17 13:00:00+00:00,1.8568,10.0,9.8,True,243,10.12,3.602
OPUSDT,2026-04-07 11:00:00+00:00,0.1091,2026-04-08 01:00:00+00:00,0.12001,10.0,9.8,True,14,0.58,2.874
AAVEUSDT,2026-04-07 11:00:00+00:00,88.4,2026-04-13 05:00:00+00:00,97.24000000000001,10.0,9.8,True,138,5.75,5.737
AAVEUSDT,2026-04-07 13:00:00+00:00,87.32,2026-04-07 23:00:00+00:00,96.052,10.0,9.8,True,10,0.42,3.175
MANAUSDT,2026-04-07 13:00:00+00:00,0.0839,2026-04-09 09:00:00+00:00,0.09229000000000001,10.0,9.8,True,44,1.83,2.95
LINKUSDT,2026-04-07 13:00:00+00:00,8.68,2026-04-16 18:00:00+00:00,9.548,10.0,9.8,True,221,9.21,4.062
OPUSDT,2026-04-07 13:00:00+00:00,0.1085,2026-04-07 23:00:00+00:00,0.11935000000000001,10.0,9.8,True,10,0.42,3.662
UNIUSDT,2026-04-07 13:00:00+00:00,3.06,2026-04-16 13:00:00+00:00,3.3660000000000005,10.0,9.8,True,216,9.0,3.566
BCHUSDT,2026-04-07 13:00:00+00:00,432.6,2026-05-06 04:00:00+00:00,475.86000000000007,10.0,9.8,True,687,28.62,3.044
ATOMUSDT,2026-04-07 14:00:00+00:00,1.682,2026-04-17 13:00:00+00:00,1.8502,10.0,9.8,True,239,9.96,4.311
ATOMUSDT,2026-04-07 17:00:00+00:00,1.701,2026-04-22 02:00:00+00:00,1.8711000000000002,10.0,9.8,True,345,14.38,2.772
SOLUSDT,2026-04-07 18:00:00+00:00,80.07,2026-04-16 18:00:00+00:00,88.077,10.0,9.8,True,216,9.0,2.827
APTUSDT,2026-04-07 20:00:00+00:00,0.836,2026-04-15 16:00:00+00:00,0.9196000000000001,10.0,9.8,True,188,7.83,2.791
LINKUSDT,2026-04-07 22:00:00+00:00,8.89,2026-04-17 13:00:00+00:00,9.779000000000002,10.0,9.8,True,231,9.62,2.833
AXSUSDT,2026-04-07 23:00:00+00:00,1.142,2026-04-25 04:00:00+00:00,1.2562,10.0,9.8,True,413,17.21,3.979
MANAUSDT,2026-04-08 17:00:00+00:00,0.0887,2026-04-18 07:00:00+00:00,0.09757,10.0,9.8,True,230,9.58,6.156
ARBUSDT,2026-04-08 22:00:00+00:00,0.1052,2026-04-10 22:00:00+00:00,0.11572000000000002,10.0,9.8,True,48,2.0,2.813
DOGEUSDT,2026-04-09 06:00:00+00:00,0.09145,2026-04-17 13:00:00+00:00,0.10059500000000002,10.0,9.8,True,199,8.29,2.6
XLMUSDT,2026-04-09 09:00:00+00:00,0.1551,2026-04-17 12:00:00+00:00,0.17061,10.0,9.8,True,195,8.12,3.694
SHIBUSDT,2026-04-09 14:00:00+00:00,5.85e-06,2026-04-17 13:00:00+00:00,6.435e-06,10.0,9.8,True,191,7.96,3.019
BCHUSDT,2026-04-09 15:00:00+00:00,436.3,2026-05-06 04:00:00+00:00,479.93000000000006,10.0,9.8,True,637,26.54,3.387
XLMUSDT,2026-04-09 15:00:00+00:00,0.153,2026-04-16 20:00:00+00:00,0.1683,10.0,9.8,True,173,7.21,4.28
UNIUSDT,2026-04-09 16:00:00+00:00,3.13,2026-04-16 19:00:00+00:00,3.443,10.0,9.8,True,171,7.12,2.901
SHIBUSDT,2026-04-09 16:00:00+00:00,5.94e-06,2026-04-29 10:00:00+00:00,6.5340000000000005e-06,10.0,9.8,True,474,19.75,3.011
DOTUSDT,2026-04-09 16:00:00+00:00,1.282,2026-05-10 18:00:00+00:00,1.4102000000000001,10.0,9.8,True,746,31.08,3.704
DOGEUSDT,2026-04-09 16:00:00+00:00,0.0929,2026-04-29 04:00:00+00:00,0.10219,10.0,9.8,True,468,19.5,3.305
ETHUSDT,2026-04-09 16:00:00+00:00,2218.0,2026-04-17 13:00:00+00:00,2439.8,10.0,9.8,True,189,7.88,4.11
AXSUSDT,2026-04-10 14:00:00+00:00,1.137,2026-04-25 04:00:00+00:00,1.2507000000000001,10.0,9.8,True,350,14.58,2.927
DOGEUSDT,2026-04-10 15:00:00+00:00,0.09399,2026-04-29 07:00:00+00:00,0.10338900000000001,10.0,9.8,True,448,18.67,3.692
ETCUSDT,2026-04-11 06:00:00+00:00,8.34,2026-05-06 02:00:00+00:00,9.174000000000001,10.0,9.8,True,596,24.83,2.882
ETCUSDT,2026-04-11 13:00:00+00:00,8.3,2026-05-06 01:00:00+00:00,9.13,10.0,9.8,True,588,24.5,2.761
DOGEUSDT,2026-04-11 14:00:00+00:00,0.09259,2026-04-17 16:00:00+00:00,0.10184900000000001,10.0,9.8,True,146,6.08,2.663
AAVEUSDT,2026-04-11 14:00:00+00:00,91.35,2026-04-13 22:00:00+00:00,100.485,10.0,9.8,True,56,2.33,6.405
LTCUSDT,2026-04-11 17:00:00+00:00,54.92,2026-05-10 23:00:00+00:00,60.412000000000006,10.0,9.8,True,702,29.25,2.663
BCHUSDT,2026-04-11 19:00:00+00:00,439.8,2026-05-06 04:00:00+00:00,483.78000000000003,10.0,9.8,True,585,24.38,3.506
BCHUSDT,2026-04-12 03:00:00+00:00,427.7,2026-04-22 07:00:00+00:00,470.47,10.0,9.8,True,244,10.17,2.611
FILUSDT,2026-04-12 03:00:00+00:00,0.868,2026-04-16 04:00:00+00:00,0.9548000000000001,10.0,9.8,True,97,4.04,2.845
CHZUSDT,2026-04-12 03:00:00+00:00,0.03826,2026-04-15 16:00:00+00:00,0.042086000000000005,10.0,9.8,True,85,3.54,3.287
BCHUSDT,2026-04-12 12:00:00+00:00,425.6,2026-04-22 05:00:00+00:00,468.1600000000001,10.0,9.8,True,233,9.71,3.917
MANAUSDT,2026-04-12 13:00:00+00:00,0.0879,2026-04-16 19:00:00+00:00,0.09669000000000001,10.0,9.8,True,102,4.25,2.803
CHZUSDT,2026-04-12 17:00:00+00:00,0.03697,2026-04-15 15:00:00+00:00,0.04066700000000001,10.0,9.8,True,70,2.92,3.984
TRXUSDT,2026-04-13 08:00:00+00:00,0.3216,2026-05-14 10:00:00+00:00,0.35376,10.0,9.8,True,746,31.08,2.806
ENJUSDT,2026-04-13 10:00:00+00:00,0.04209,2026-04-13 10:00:00+00:00,0.04629900000000001,10.0,9.8,True,0,0.0,2.705
ATOMUSDT,2026-04-13 11:00:00+00:00,1.726,2026-04-22 02:00:00+00:00,1.8986,10.0,9.8,True,207,8.62,2.765
LTCUSDT,2026-04-13 12:00:00+00:00,52.8,2026-05-08 17:00:00+00:00,58.08,10.0,9.8,True,605,25.21,6.041
ETHUSDT,2026-04-13 14:00:00+00:00,2215.46,2026-04-17 13:00:00+00:00,2437.0060000000003,10.0,9.8,True,95,3.96,4.025
LTCUSDT,2026-04-13 15:00:00+00:00,53.4,2026-05-08 18:00:00+00:00,58.74,10.0,9.8,True,603,25.12,2.503
OPUSDT,2026-04-14 15:00:00+00:00,0.1147,2026-04-16 13:00:00+00:00,0.12617,10.0,9.8,True,46,1.92,5.441
AVAXUSDT,2026-04-14 22:00:00+00:00,9.36,2026-05-10 17:00:00+00:00,10.296,10.0,9.8,True,619,25.79,2.78
BCHUSDT,2026-04-15 09:00:00+00:00,433.5,2026-05-06 04:00:00+00:00,476.85,10.0,9.8,True,499,20.79,4.437
ATOMUSDT,2026-04-15 11:00:00+00:00,1.739,2026-04-22 04:00:00+00:00,1.9129000000000003,10.0,9.8,True,161,6.71,2.988
TRXUSDT,2026-04-15 13:00:00+00:00,0.3269,2026-05-20 19:00:00+00:00,0.3595900000000001,10.0,9.8,True,846,35.25,4.621
ETHUSDT,2026-04-16 15:00:00+00:00,2309.96,2026-06-15 14:00:00+00:00,1814.55,-21.447,-21.647,False,1439,59.96,3.437
SOLUSDT,2026-04-17 14:00:00+00:00,90.13,2026-06-16 13:00:00+00:00,73.99,-17.907,-18.107,False,1439,59.96,8.157
AXSUSDT,2026-04-18 08:00:00+00:00,1.227,2026-04-25 05:00:00+00:00,1.3497000000000001,10.0,9.8,True,165,6.88,4.975
DOGEUSDT,2026-04-18 09:00:00+00:00,0.09708,2026-04-29 09:00:00+00:00,0.10678800000000001,10.0,9.8,True,264,11.0,3.402
BCHUSDT,2026-04-18 13:00:00+00:00,446.2,2026-06-17 12:00:00+00:00,213.6,-52.129,-52.329,False,1439,59.96,3.837
APTUSDT,2026-04-18 14:00:00+00:00,0.947,2026-05-01 04:00:00+00:00,1.0417,10.0,9.8,True,302,12.58,3.326
FILUSDT,2026-04-19 08:00:00+00:00,0.92,2026-05-06 01:00:00+00:00,1.0120000000000002,10.0,9.8,True,401,16.71,2.587
ADAUSDT,2026-04-19 08:00:00+00:00,0.2459,2026-05-06 08:00:00+00:00,0.27049,10.0,9.8,True,408,17.0,2.764
DOGEUSDT,2026-04-19 12:00:00+00:00,0.09453,2026-04-29 07:00:00+00:00,0.103983,10.0,9.8,True,235,9.79,2.516
ETCUSDT,2026-04-19 12:00:00+00:00,8.41,2026-05-06 03:00:00+00:00,9.251000000000001,10.0,9.8,True,399,16.62,2.568
DOGEUSDT,2026-04-19 14:00:00+00:00,0.09535,2026-04-29 07:00:00+00:00,0.10488500000000002,10.0,9.8,True,233,9.71,4.468
ATOMUSDT,2026-04-19 14:00:00+00:00,1.787,2026-04-24 11:00:00+00:00,1.9657,10.0,9.8,True,117,4.88,2.669
APTUSDT,2026-04-20 08:00:00+00:00,0.927,2026-04-30 01:00:00+00:00,1.0197,10.0,9.8,True,233,9.71,3.033
ETHUSDT,2026-04-20 08:00:00+00:00,2298.81,2026-06-19 07:00:00+00:00,1695.82,-26.231,-26.431,False,1439,59.96,3.565
LINKUSDT,2026-04-20 08:00:00+00:00,9.25,2026-05-06 09:00:00+00:00,10.175,10.0,9.8,True,385,16.04,2.707
BCHUSDT,2026-04-20 08:00:00+00:00,441.3,2026-05-06 04:00:00+00:00,485.43000000000006,10.0,9.8,True,380,15.83,3.415
AAVEUSDT,2026-04-20 21:00:00+00:00,92.63,2026-05-10 19:00:00+00:00,101.893,10.0,9.8,True,478,19.92,2.559
OPUSDT,2026-04-21 12:00:00+00:00,0.124,2026-05-06 11:00:00+00:00,0.13640000000000002,10.0,9.8,True,359,14.96,9.212
AXSUSDT,2026-04-21 15:00:00+00:00,1.101,2026-04-25 03:00:00+00:00,1.2111,10.0,9.8,True,84,3.5,2.515
AVAXUSDT,2026-04-23 01:00:00+00:00,9.35,2026-05-10 17:00:00+00:00,10.285,10.0,9.8,True,424,17.67,2.878
UNIUSDT,2026-04-23 06:00:00+00:00,3.284,2026-05-08 15:00:00+00:00,3.6124,10.0,9.8,True,369,15.38,2.903
XLMUSDT,2026-04-23 07:00:00+00:00,0.1774,2026-05-28 13:00:00+00:00,0.19514,10.0,9.8,True,846,35.25,3.938
SOLUSDT,2026-04-23 16:00:00+00:00,86.36,2026-05-10 17:00:00+00:00,94.99600000000001,10.0,9.8,True,409,17.04,3.05
XRPUSDT,2026-04-23 17:00:00+00:00,1.4299,2026-06-22 16:00:00+00:00,1.1387,-20.365,-20.565,False,1439,59.96,2.838
ETHUSDT,2026-04-23 18:00:00+00:00,2310.42,2026-06-22 17:00:00+00:00,1740.93,-24.649,-24.849,False,1439,59.96,3.236
XLMUSDT,2026-04-25 04:00:00+00:00,0.1744,2026-05-28 13:00:00+00:00,0.19184,10.0,9.8,True,801,33.38,2.934
XLMUSDT,2026-04-25 10:00:00+00:00,0.1733,2026-05-28 12:00:00+00:00,0.19063000000000002,10.0,9.8,True,794,33.08,2.642
ENJUSDT,2026-04-25 14:00:00+00:00,0.06188,2026-06-24 13:00:00+00:00,0.03107,-49.79,-49.99,False,1439,59.96,3.393
ETHUSDT,2026-04-25 17:00:00+00:00,2309.54,2026-06-24 16:00:00+00:00,1589.87,-31.161,-31.361,False,1439,59.96,3.36
SOLUSDT,2026-04-25 19:00:00+00:00,85.69,2026-05-10 09:00:00+00:00,94.259,10.0,9.8,True,350,14.58,3.343
SUIUSDT,2026-04-25 19:00:00+00:00,0.933,2026-05-06 09:00:00+00:00,1.0263000000000002,10.0,9.8,True,254,10.58,4.07
ETCUSDT,2026-04-26 05:00:00+00:00,8.43,2026-05-06 03:00:00+00:00,9.273,10.0,9.8,True,238,9.92,4.127
XLMUSDT,2026-04-26 07:00:00+00:00,0.1697,2026-05-28 12:00:00+00:00,0.18667,10.0,9.8,True,773,32.21,4.123
ENJUSDT,2026-04-26 13:00:00+00:00,0.06118,2026-06-25 12:00:00+00:00,0.03014,-50.736,-50.936,False,1439,59.96,2.599
MANAUSDT,2026-04-26 17:00:00+00:00,0.0949,2026-06-25 16:00:00+00:00,0.0634,-33.193,-33.393,False,1439,59.96,4.375
CHZUSDT,2026-04-27 07:00:00+00:00,0.04858,2026-06-26 06:00:00+00:00,0.01804,-62.865,-63.065,False,1439,59.96,2.571
ATOMUSDT,2026-04-27 08:00:00+00:00,1.955,2026-05-12 19:00:00+00:00,2.1505,10.0,9.8,True,371,15.46,2.958
CHZUSDT,2026-04-27 10:00:00+00:00,0.05097,2026-06-26 09:00:00+00:00,0.01786,-64.96,-65.16,False,1439,59.96,3.005
AXSUSDT,2026-04-27 14:00:00+00:00,1.404,2026-04-28 03:00:00+00:00,1.5444,10.0,9.8,True,13,0.54,3.019
XLMUSDT,2026-04-27 23:00:00+00:00,0.1654,2026-05-28 12:00:00+00:00,0.18194000000000002,10.0,9.8,True,733,30.54,3.05
BTCUSDT,2026-04-28 08:00:00+00:00,76879.28,2026-06-27 07:00:00+00:00,60548.07,-21.243,-21.443,False,1439,59.96,3.039
ATOMUSDT,2026-04-28 15:00:00+00:00,1.943,2026-05-12 18:00:00+00:00,2.1373,10.0,9.8,True,339,14.12,5.052
TRXUSDT,2026-04-28 16:00:00+00:00,0.3234,2026-05-17 11:00:00+00:00,0.35574000000000006,10.0,9.8,True,451,18.79,2.696
XLMUSDT,2026-04-28 16:00:00+00:00,0.1628,2026-05-28 11:00:00+00:00,0.17908000000000002,10.0,9.8,True,715,29.79,2.877
MANAUSDT,2026-04-29 00:00:00+00:00,0.0917,2026-05-10 16:00:00+00:00,0.10087000000000002,10.0,9.8,True,280,11.67,2.579
TRXUSDT,2026-04-29 09:00:00+00:00,0.3234,2026-05-17 11:00:00+00:00,0.35574000000000006,10.0,9.8,True,434,18.08,3.065
ATOMUSDT,2026-04-30 04:00:00+00:00,1.916,2026-05-11 10:00:00+00:00,2.1076,10.0,9.8,True,270,11.25,2.789
ATOMUSDT,2026-04-30 06:00:00+00:00,1.909,2026-05-11 10:00:00+00:00,2.0999000000000003,10.0,9.8,True,268,11.17,5.119
XRPUSDT,2026-05-01 02:00:00+00:00,1.3714,2026-05-14 18:00:00+00:00,1.50854,10.0,9.8,True,328,13.67,2.768
ARBUSDT,2026-05-01 03:00:00+00:00,0.1243,2026-05-08 15:00:00+00:00,0.13673,10.0,9.8,True,180,7.5,11.174
AXSUSDT,2026-05-01 04:00:00+00:00,1.394,2026-06-30 03:00:00+00:00,1.002,-28.121,-28.321,False,1439,59.96,7.533
APTUSDT,2026-05-02 01:00:00+00:00,1.001,2026-05-08 18:00:00+00:00,1.1011,10.0,9.8,True,161,6.71,2.847
MANAUSDT,2026-05-02 06:00:00+00:00,0.0895,2026-05-09 01:00:00+00:00,0.09845000000000001,10.0,9.8,True,163,6.79,3.143
ARBUSDT,2026-05-03 10:00:00+00:00,0.1198,2026-05-08 08:00:00+00:00,0.13178,10.0,9.8,True,118,4.92,5.281
AVAXUSDT,2026-05-03 10:00:00+00:00,9.06,2026-05-08 21:00:00+00:00,9.966000000000001,10.0,9.8,True,131,5.46,3.284
BCHUSDT,2026-05-03 13:00:00+00:00,446.7,2026-07-02 12:00:00+00:00,218.5,-51.086,-51.286,False,1439,59.96,2.904
SHIBUSDT,2026-05-03 23:00:00+00:00,6.22e-06,2026-07-02 22:00:00+00:00,4.27e-06,-31.35,-31.55,False,1439,59.96,3.047
AXSUSDT,2026-05-04 02:00:00+00:00,1.319,2026-05-09 00:00:00+00:00,1.4509,10.0,9.8,True,118,4.92,2.569
XLMUSDT,2026-05-05 02:00:00+00:00,0.1584,2026-05-28 00:00:00+00:00,0.17424000000000003,10.0,9.8,True,550,22.92,5.631
TRXUSDT,2026-05-06 14:00:00+00:00,0.3445,2026-07-05 13:00:00+00:00,0.3285,-4.644,-4.844,False,1439,59.96,2.541
DOGEUSDT,2026-05-07 10:00:00+00:00,0.11137,2026-07-06 09:00:00+00:00,0.07673,-31.104,-31.304,False,1439,59.96,2.532
DOGEUSDT,2026-05-07 15:00:00+00:00,0.10901,2026-07-06 14:00:00+00:00,0.07559,-30.658,-30.858,False,1439,59.96,2.543
ETHUSDT,2026-05-07 15:00:00+00:00,2298.98,2026-07-06 14:00:00+00:00,1751.78,-23.802,-24.002,False,1439,59.96,3.217
XLMUSDT,2026-05-10 05:00:00+00:00,0.1613,2026-05-28 02:00:00+00:00,0.17743,10.0,9.8,True,429,17.88,2.507
DOGEUSDT,2026-05-10 11:00:00+00:00,0.10874,2026-07-09 10:00:00+00:00,0.07241,-33.41,-33.61,False,1439,59.96,3.191
OPUSDT,2026-05-11 11:00:00+00:00,0.1585,2026-07-10 10:00:00+00:00,0.1079,-31.924,-32.124,False,1439,59.96,3.218
CHZUSDT,2026-05-11 15:00:00+00:00,0.04319,2026-05-16 17:00:00+00:00,0.047509,10.0,9.8,True,122,5.08,2.703
NEARUSDT,2026-05-11 15:00:00+00:00,1.516,2026-05-13 01:00:00+00:00,1.6676000000000002,10.0,9.8,True,34,1.42,2.74
ENJUSDT,2026-05-12 03:00:00+00:00,0.04926,2026-07-11 02:00:00+00:00,0.02885,-41.433,-41.633,False,1439,59.96,7.849
TRXUSDT,2026-05-12 04:00:00+00:00,0.3489,2026-07-11 03:00:00+00:00,0.3301,-5.388,-5.588,False,1439,59.96,3.059
BCHUSDT,2026-05-12 07:00:00+00:00,447.3,2026-07-11 06:00:00+00:00,244.7,-45.294,-45.494,False,1439,59.96,3.076
BCHUSDT,2026-05-12 09:00:00+00:00,445.0,2026-07-11 08:00:00+00:00,245.6,-44.809,-45.009,False,1439,59.96,3.759
LINKUSDT,2026-05-12 13:00:00+00:00,10.32,2026-07-11 12:00:00+00:00,8.029,-22.2,-22.4,False,1439,59.96,3.838
LINKUSDT,2026-05-12 16:00:00+00:00,10.16,2026-07-11 15:00:00+00:00,8.063,-20.64,-20.84,False,1439,59.96,2.954
BTCUSDT,2026-05-12 17:00:00+00:00,80000.01,2026-07-11 16:00:00+00:00,64180.01,-19.775,-19.975,False,1439,59.96,2.931
BCHUSDT,2026-05-13 03:00:00+00:00,440.3,2026-07-12 02:00:00+00:00,245.8,-44.174,-44.374,False,1439,59.96,2.74
ENJUSDT,2026-05-13 15:00:00+00:00,0.04777,2026-07-12 14:00:00+00:00,0.02846,-40.423,-40.623,False,1439,59.96,2.669
BTCUSDT,2026-05-13 17:00:00+00:00,79108.39,2026-07-12 16:00:00+00:00,64177.7,-18.874,-19.074,False,1439,59.96,2.798
SUIUSDT,2026-05-15 07:00:00+00:00,1.1548,2026-07-14 06:00:00+00:00,0.7335,-36.483,-36.683,False,1439,59.96,4.009
MANAUSDT,2026-05-15 09:00:00+00:00,0.0945,2026-07-14 08:00:00+00:00,0.0698,-26.138,-26.338,False,1439,59.96,3.612
ETCUSDT,2026-05-15 15:00:00+00:00,9.02,2026-07-14 14:00:00+00:00,7.07,-21.619,-21.819,False,1439,59.96,2.606
SANDUSDT,2026-05-15 15:00:00+00:00,0.0743,2026-07-14 14:00:00+00:00,0.04888,-34.213,-34.413,False,1439,59.96,3.173
BCHUSDT,2026-05-16 05:00:00+00:00,427.2,2026-07-15 04:00:00+00:00,233.2,-45.412,-45.612,False,1439,59.96,3.033
UNIUSDT,2026-05-16 08:00:00+00:00,3.539,2026-07-15 07:00:00+00:00,3.592,1.498,1.298,False,1439,59.96,3.876
SHIBUSDT,2026-05-16 10:00:00+00:00,5.92e-06,2026-07-15 09:00:00+00:00,4.25e-06,-28.209,-28.409,False,1439,59.96,2.67
BTCUSDT,2026-05-16 11:00:00+00:00,77959.99,2026-07-15 10:00:00+00:00,64663.0,-17.056,-17.256,False,1439,59.96,3.034
NEARUSDT,2026-05-16 11:00:00+00:00,1.494,2026-05-19 06:00:00+00:00,1.6434000000000002,10.0,9.8,True,67,2.79,2.679
AXSUSDT,2026-05-16 11:00:00+00:00,1.157,2026-05-30 02:00:00+00:00,1.2727000000000002,10.0,9.8,True,327,13.62,3.875
UNIUSDT,2026-05-16 15:00:00+00:00,3.503,2026-07-15 14:00:00+00:00,3.635,3.768,3.568,False,1439,59.96,2.52
SOLUSDT,2026-05-18 01:00:00+00:00,85.35,2026-07-17 00:00:00+00:00,75.55,-11.482,-11.682,False,1439,59.96,3.028
ENJUSDT,2026-05-18 04:00:00+00:00,0.04206,2026-05-19 01:00:00+00:00,0.046266,10.0,9.8,True,21,0.88,3.313
DOGEUSDT,2026-05-18 07:00:00+00:00,0.10471,2026-07-17 06:00:00+00:00,0.07183,-31.401,-31.601,False,1439,59.96,3.494
ADAUSDT,2026-05-18 07:00:00+00:00,0.2495,2026-07-17 06:00:00+00:00,0.1592,-36.192,-36.392,False,1439,59.96,3.028
DOTUSDT,2026-05-18 08:00:00+00:00,1.225,2026-07-17 07:00:00+00:00,0.85,-30.612,-30.812,False,1439,59.96,2.726
SUIUSDT,2026-05-18 13:00:00+00:00,1.0556,2026-05-21 18:00:00+00:00,1.1611600000000002,10.0,9.8,True,77,3.21,2.534
BCHUSDT,2026-05-18 13:00:00+00:00,376.0,2026-07-17 12:00:00+00:00,218.7,-41.835,-42.035,False,1439,59.96,4.691
AAVEUSDT,2026-05-18 14:00:00+00:00,88.99,2026-06-26 17:00:00+00:00,97.889,10.0,9.8,True,939,39.12,3.186
BTCUSDT,2026-05-18 15:00:00+00:00,76393.66,2026-07-17 14:00:00+00:00,63174.0,-17.305,-17.505,False,1439,59.96,3.257
ATOMUSDT,2026-05-19 17:00:00+00:00,2.08,2026-05-26 14:00:00+00:00,2.2880000000000003,10.0,9.8,True,165,6.88,3.104
DOGEUSDT,2026-05-20 01:00:00+00:00,0.10278,2026-07-19 00:00:00+00:00,0.07255,-29.412,-29.612,False,1439,59.96,4.189
LINKUSDT,2026-05-20 01:00:00+00:00,9.48,2026-07-19 00:00:00+00:00,8.354,-11.878,-12.078,False,1439,59.96,2.689
ATOMUSDT,2026-05-21 02:00:00+00:00,2.049,2026-05-26 11:00:00+00:00,2.2539000000000002,10.0,9.8,True,129,5.38,5.793
ENJUSDT,2026-05-21 15:00:00+00:00,0.04379,2026-07-20 14:00:00+00:00,0.02786,-36.378,-36.578,False,1439,59.96,4.027
ETHUSDT,2026-05-21 16:00:00+00:00,2132.64,2026-07-20 15:00:00+00:00,1902.34,-10.799,-10.999,False,1439,59.96,2.512
BTCUSDT,2026-05-21 18:00:00+00:00,77869.38,2026-07-20 17:00:00+00:00,65587.98,-15.772,-15.972,False,1439,59.96,2.828
UNIUSDT,2026-05-21 18:00:00+00:00,3.609,2026-07-20 17:00:00+00:00,3.623,0.388,0.188,False,1439,59.96,5.05
XRPUSDT,2026-05-21 18:00:00+00:00,1.3812,2026-07-20 17:00:00+00:00,1.1151,-19.266,-19.466,False,1439,59.96,3.009
AAVEUSDT,2026-05-22 13:00:00+00:00,89.37,2026-06-27 13:00:00+00:00,98.30700000000002,10.0,9.8,True,864,36.0,2.778
AVAXUSDT,2026-05-23 09:00:00+00:00,8.889,2026-07-22 08:00:00+00:00,6.517,-26.685,-26.885,False,1439,59.96,2.877
CHZUSDT,2026-05-23 09:00:00+00:00,0.03773,2026-07-22 08:00:00+00:00,0.015,-60.244,-60.444,False,1439,59.96,2.953
XRPUSDT,2026-05-23 09:00:00+00:00,1.3107,2026-07-22 08:00:00+00:00,1.1348,-13.42,-13.62,False,1439,59.96,2.622
MANAUSDT,2026-05-24 14:00:00+00:00,0.0862,2026-07-23 13:00:00+00:00,0.0676,-21.578,-21.778,False,1439,59.96,2.906
ENJUSDT,2026-05-24 15:00:00+00:00,0.04101,2026-07-23 14:00:00+00:00,0.02765,-32.577,-32.777,False,1439,59.96,2.94
DOTUSDT,2026-05-24 23:00:00+00:00,1.238,2026-07-23 22:00:00+00:00,0.817,-34.006,-34.206,False,1439,59.96,2.887
SHIBUSDT,2026-05-26 02:00:00+00:00,5.51e-06,2026-07-25 01:00:00+00:00,4.22e-06,-23.412,-23.612,False,1439,59.96,2.537
ENJUSDT,2026-05-26 10:00:00+00:00,0.03912,2026-07-25 09:00:00+00:00,0.02681,-31.467,-31.667,False,1439,59.96,3.701
XLMUSDT,2026-05-26 11:00:00+00:00,0.1504,2026-05-27 18:00:00+00:00,0.16544000000000003,10.0,9.8,True,31,1.29,3.817
SOLUSDT,2026-05-26 11:00:00+00:00,85.57,2026-07-25 10:00:00+00:00,73.98,-13.544,-13.744,False,1439,59.96,2.663
SANDUSDT,2026-05-26 11:00:00+00:00,0.07252,2026-07-25 10:00:00+00:00,0.04451,-38.624,-38.824,False,1439,59.96,7.46
AVAXUSDT,2026-05-26 11:00:00+00:00,9.429,2026-07-25 10:00:00+00:00,6.28,-33.397,-33.597,False,1439,59.96,2.712
ADAUSDT,2026-05-26 11:00:00+00:00,0.245,2026-07-25 10:00:00+00:00,0.1623,-33.755,-33.955,False,1439,59.96,2.63
ETHUSDT,2026-05-26 11:00:00+00:00,2127.57,2026-07-25 10:00:00+00:00,1858.62,-12.641,-12.841,False,1439,59.96,3.33
ETCUSDT,2026-05-26 11:00:00+00:00,8.98,2026-07-25 10:00:00+00:00,6.58,-26.726,-26.926,False,1439,59.96,2.56
MANAUSDT,2026-05-26 11:00:00+00:00,0.0879,2026-07-25 10:00:00+00:00,0.0674,-23.322,-23.522,False,1439,59.96,2.637
DOTUSDT,2026-05-26 11:00:00+00:00,1.288,2026-07-25 10:00:00+00:00,0.815,-36.724,-36.924,False,1439,59.96,3.004
BCHUSDT,2026-05-27 07:00:00+00:00,345.8,2026-07-26 06:00:00+00:00,210.6,-39.098,-39.298,False,1439,59.96,2.78
TRXUSDT,2026-05-27 19:00:00+00:00,0.3702,2026-07-26 18:00:00+00:00,0.3323,-10.238,-10.438,False,1439,59.96,2.894
BCHUSDT,2026-05-28 04:00:00+00:00,333.5,2026-07-27 03:00:00+00:00,216.1,-35.202,-35.402,False,1439,59.96,10.502
ENJUSDT,2026-05-28 05:00:00+00:00,0.03769,2026-07-27 04:00:00+00:00,0.02702,-28.31,-28.51,False,1439,59.96,3.105
BCHUSDT,2026-05-28 09:00:00+00:00,324.8,2026-07-27 08:00:00+00:00,215.7,-33.59,-33.79,False,1439,59.96,3.74
APTUSDT,2026-05-28 09:00:00+00:00,0.916,2026-07-27 08:00:00+00:00,0.625,-31.769,-31.969,False,1439,59.96,2.71
TRXUSDT,2026-05-28 10:00:00+00:00,0.3541,2026-07-27 09:00:00+00:00,0.3316,-6.354,-6.554,False,1439,59.96,6.825
SANDUSDT,2026-05-28 14:00:00+00:00,0.06689,2026-07-27 13:00:00+00:00,0.04525,-32.352,-32.552,False,1439,59.96,2.567
ENJUSDT,2026-05-28 14:00:00+00:00,0.0378,2026-07-27 13:00:00+00:00,0.02695,-28.704,-28.904,False,1439,59.96,3.065
AAVEUSDT,2026-05-28 15:00:00+00:00,79.8,2026-06-25 17:00:00+00:00,87.78,10.0,9.8,True,674,28.08,3.13
DOGEUSDT,2026-05-28 15:00:00+00:00,0.09831,2026-07-27 14:00:00+00:00,0.07141,-27.362,-27.562,False,1439,59.96,3.321
ETCUSDT,2026-05-28 20:00:00+00:00,8.28,2026-07-27 19:00:00+00:00,6.93,-16.304,-16.504,False,1439,59.96,2.726
CHZUSDT,2026-05-29 14:00:00+00:00,0.03305,2026-06-01 22:00:00+00:00,0.036355000000000005,10.0,9.8,True,80,3.33,3.123
OPUSDT,2026-05-29 15:00:00+00:00,0.1165,2026-06-03 08:00:00+00:00,0.12815000000000001,10.0,9.8,True,113,4.71,4.264
DOGEUSDT,2026-05-29 15:00:00+00:00,0.09892,2026-07-28 14:00:00+00:00,0.06999,-29.246,-29.446,False,1439,59.96,3.459
LINKUSDT,2026-05-29 16:00:00+00:00,9.069,2026-07-28 15:00:00+00:00,8.382,-7.575,-7.775,False,1439,59.96,5.138
FILUSDT,2026-05-29 16:00:00+00:00,0.973,2026-07-28 15:00:00+00:00,0.7043,-27.616,-27.816,False,1439,59.96,2.811
AVAXUSDT,2026-05-29 16:00:00+00:00,8.925,2026-07-28 15:00:00+00:00,6.573,-26.353,-26.553,False,1439,59.96,4.525
APTUSDT,2026-05-29 16:00:00+00:00,0.943,2026-07-28 15:00:00+00:00,0.589,-37.54,-37.74,False,1439,59.96,3.87
CHZUSDT,2026-05-29 16:00:00+00:00,0.03396,2026-06-02 00:00:00+00:00,0.037356,10.0,9.8,True,80,3.33,2.729
SOLUSDT,2026-05-29 16:00:00+00:00,82.58,2026-07-28 15:00:00+00:00,74.35,-9.966,-10.166,False,1439,59.96,4.645
ETCUSDT,2026-05-29 16:00:00+00:00,8.25,2026-07-28 15:00:00+00:00,6.78,-17.818,-18.018,False,1439,59.96,2.99
SUIUSDT,2026-05-29 16:00:00+00:00,0.924,2026-07-28 15:00:00+00:00,0.6904,-25.281,-25.481,False,1439,59.96,3.38
DOTUSDT,2026-05-29 16:00:00+00:00,1.221,2026-07-28 15:00:00+00:00,0.763,-37.51,-37.71,False,1439,59.96,3.86
APTUSDT,2026-05-29 18:00:00+00:00,0.944,2026-07-28 17:00:00+00:00,0.584,-38.136,-38.336,False,1439,59.96,2.668
AXSUSDT,2026-05-31 01:00:00+00:00,1.216,2026-07-30 00:00:00+00:00,0.819,-32.648,-32.848,False,1439,59.96,11.953
ATOMUSDT,2026-05-31 07:00:00+00:00,1.998,2026-07-30 06:00:00+00:00,1.278,-36.036,-36.236,False,1439,59.96,2.665
ATOMUSDT,2026-05-31 11:00:00+00:00,1.99,2026-07-30 10:00:00+00:00,1.286,-35.377,-35.577,False,1439,59.96,10.677
MANAUSDT,2026-05-31 12:00:00+00:00,0.0844,2026-07-30 11:00:00+00:00,0.0665,-21.209,-21.409,False,1439,59.96,2.62
ETCUSDT,2026-05-31 16:00:00+00:00,8.11,2026-07-30 15:00:00+00:00,6.78,-16.4,-16.6,False,1439,59.96,4.42
SHIBUSDT,2026-05-31 23:00:00+00:00,5.52e-06,2026-07-30 22:00:00+00:00,4.73e-06,-14.312,-14.512,False,1439,59.96,2.614
AAVEUSDT,2026-06-01 00:00:00+00:00,82.16,2026-06-26 15:00:00+00:00,90.376,10.0,9.8,True,615,25.62,3.094
BNBUSDT,2026-06-01 10:00:00+00:00,711.01,2026-07-31 09:00:00+00:00,590.49,-16.951,-17.151,False,1439,59.96,5.45
ATOMUSDT,2026-06-02 11:00:00+00:00,1.886,2026-08-01 10:00:00+00:00,1.228,-34.889,-35.089,False,1439,59.96,3.947
AXSUSDT,2026-06-02 13:00:00+00:00,1.191,2026-08-01 12:00:00+00:00,0.838,-29.639,-29.839,False,1439,59.96,4.705
TRXUSDT,2026-06-02 13:00:00+00:00,0.3404,2026-08-01 12:00:00+00:00,0.3281,-3.613,-3.813,False,1439,59.96,2.629
BNBUSDT,2026-06-02 15:00:00+00:00,673.36,2026-08-01 14:00:00+00:00,579.03,-14.009,-14.209,False,1439,59.96,2.828
XLMUSDT,2026-06-02 15:00:00+00:00,0.2242,2026-06-18 09:00:00+00:00,0.24662000000000003,10.0,9.8,True,378,15.75,2.596
UNIUSDT,2026-06-02 16:00:00+00:00,2.8,2026-06-16 12:00:00+00:00,3.08,10.0,9.8,True,332,13.83,4.841
ARBUSDT,2026-06-02 16:00:00+00:00,0.0941,2026-08-01 15:00:00+00:00,0.0783,-16.791,-16.991,False,1439,59.96,4.974
AVAXUSDT,2026-06-02 16:00:00+00:00,8.366,2026-08-01 15:00:00+00:00,6.375,-23.799,-23.999,False,1439,59.96,3.55
ETCUSDT,2026-06-02 16:00:00+00:00,7.72,2026-08-01 15:00:00+00:00,6.58,-14.767,-14.967,False,1439,59.96,6.505
MANAUSDT,2026-06-02 17:00:00+00:00,0.0791,2026-08-01 16:00:00+00:00,0.0664,-16.056,-16.256,False,1439,59.96,2.881
ENJUSDT,2026-06-02 17:00:00+00:00,0.03683,2026-08-01 16:00:00+00:00,0.02484,-32.555,-32.755,False,1439,59.96,5.319
ADAUSDT,2026-06-02 17:00:00+00:00,0.2184,2026-08-01 16:00:00+00:00,0.1742,-20.238,-20.438,False,1439,59.96,2.53
BCHUSDT,2026-06-02 20:00:00+00:00,281.4,2026-08-01 19:00:00+00:00,206.6,-26.581,-26.781,False,1439,59.96,3.481
SOLUSDT,2026-06-02 20:00:00+00:00,75.53,2026-07-03 19:00:00+00:00,83.08300000000001,10.0,9.8,True,743,30.96,2.676
ETCUSDT,2026-06-03 03:00:00+00:00,7.79,2026-08-02 02:00:00+00:00,6.62,-15.019,-15.219,False,1439,59.96,3.775
BCHUSDT,2026-06-03 06:00:00+00:00,254.1,2026-08-02 05:00:00+00:00,211.1,-16.922,-17.122,False,1439,59.96,5.86
AVAXUSDT,2026-06-03 06:00:00+00:00,8.286,2026-08-02 05:00:00+00:00,6.577,-20.625,-20.825,False,1439,59.96,2.627
BCHUSDT,2026-06-03 08:00:00+00:00,251.7,2026-08-02 07:00:00+00:00,212.1,-15.733,-15.933,False,1439,59.96,3.854
SUIUSDT,2026-06-03 22:00:00+00:00,0.8405,2026-08-02 21:00:00+00:00,0.6942,-17.406,-17.606,False,1439,59.96,5.156
LINKUSDT,2026-06-04 03:00:00+00:00,8.097,2026-07-27 06:00:00+00:00,8.9067,10.0,9.8,True,1275,53.12,5.01
UNIUSDT,2026-06-04 03:00:00+00:00,2.693,2026-06-16 00:00:00+00:00,2.9623000000000004,10.0,9.8,True,285,11.88,4.676
ETHUSDT,2026-06-04 03:00:00+00:00,1766.83,2026-07-15 13:00:00+00:00,1943.5130000000001,10.0,9.8,True,994,41.42,3.453
ETCUSDT,2026-06-04 03:00:00+00:00,7.49,2026-08-03 02:00:00+00:00,6.56,-12.417,-12.617,False,1439,59.96,8.502
BNBUSDT,2026-06-04 03:00:00+00:00,608.05,2026-08-03 02:00:00+00:00,585.88,-3.646,-3.846,False,1439,59.96,3.845
SOLUSDT,2026-06-04 03:00:00+00:00,70.07,2026-07-01 14:00:00+00:00,77.077,10.0,9.8,True,659,27.46,3.679
ARBUSDT,2026-06-04 03:00:00+00:00,0.0898,2026-07-11 16:00:00+00:00,0.09878,10.0,9.8,True,901,37.54,5.222
DOGEUSDT,2026-06-04 03:00:00+00:00,0.08939,2026-08-03 02:00:00+00:00,0.07006,-21.624,-21.824,False,1439,59.96,7.49
BTCUSDT,2026-06-04 03:00:00+00:00,63232.0,2026-08-03 02:00:00+00:00,63141.4,-0.143,-0.343,False,1439,59.96,4.261
APTUSDT,2026-06-04 03:00:00+00:00,0.772,2026-08-03 02:00:00+00:00,0.56,-27.461,-27.661,False,1439,59.96,5.891
ATOMUSDT,2026-06-04 03:00:00+00:00,1.817,2026-06-11 17:00:00+00:00,1.9987000000000001,10.0,9.8,True,182,7.58,3.977
AVAXUSDT,2026-06-04 03:00:00+00:00,7.842,2026-08-03 02:00:00+00:00,6.486,-17.292,-17.492,False,1439,59.96,4.342
LTCUSDT,2026-06-04 03:00:00+00:00,45.82,2026-08-03 02:00:00+00:00,44.58,-2.706,-2.906,False,1439,59.96,4.262
ADAUSDT,2026-06-04 03:00:00+00:00,0.195,2026-08-03 02:00:00+00:00,0.1871,-4.051,-4.251,False,1439,59.96,3.511
XRPUSDT,2026-06-04 03:00:00+00:00,1.1816,2026-08-03 02:00:00+00:00,1.0741,-9.098,-9.298,False,1439,59.96,4.678
SHIBUSDT,2026-06-04 03:00:00+00:00,5.04e-06,2026-07-26 05:00:00+00:00,5.544000000000001e-06,10.0,9.8,True,1250,52.08,6.322
BNBUSDT,2026-06-04 06:00:00+00:00,604.24,2026-08-03 05:00:00+00:00,582.97,-3.52,-3.72,False,1439,59.96,4.784
DOGEUSDT,2026-06-05 06:00:00+00:00,0.08509,2026-08-04 05:00:00+00:00,0.07031,-17.37,-17.57,False,1439,59.96,2.751
XRPUSDT,2026-06-05 07:00:00+00:00,1.1188,2026-06-15 11:00:00+00:00,1.2306800000000002,10.0,9.8,True,244,10.17,4.466
AVAXUSDT,2026-06-05 07:00:00+00:00,7.18,2026-08-04 06:00:00+00:00,6.804,-5.237,-5.437,False,1439,59.96,3.163
ETCUSDT,2026-06-05 07:00:00+00:00,6.88,2026-06-15 16:00:00+00:00,7.5680000000000005,10.0,9.8,True,249,10.38,3.881
BTCUSDT,2026-06-05 07:00:00+00:00,61946.57,2026-08-04 06:00:00+00:00,63670.0,2.782,2.582,False,1439,59.96,4.305
SANDUSDT,2026-06-05 07:00:00+00:00,0.0534,2026-06-20 13:00:00+00:00,0.05874000000000001,10.0,9.8,True,366,15.25,6.545
ENJUSDT,2026-06-05 07:00:00+00:00,0.03068,2026-06-12 12:00:00+00:00,0.033748,10.0,9.8,True,173,7.21,3.509
SUIUSDT,2026-06-05 07:00:00+00:00,0.7007,2026-06-07 22:00:00+00:00,0.7707700000000001,10.0,9.8,True,63,2.62,5.865
SOLUSDT,2026-06-05 07:00:00+00:00,65.05,2026-06-15 00:00:00+00:00,71.555,10.0,9.8,True,233,9.71,4.138
ARBUSDT,2026-06-05 08:00:00+00:00,0.0841,2026-07-10 02:00:00+00:00,0.09251,10.0,9.8,True,834,34.75,3.25
NEARUSDT,2026-06-05 08:00:00+00:00,2.102,2026-06-15 03:00:00+00:00,2.3122000000000003,10.0,9.8,True,235,9.79,2.542
ETHUSDT,2026-06-05 08:00:00+00:00,1679.22,2026-06-15 15:00:00+00:00,1847.1420000000003,10.0,9.8,True,247,10.29,2.586
XLMUSDT,2026-06-05 08:00:00+00:00,0.1937,2026-06-06 16:00:00+00:00,0.21307000000000004,10.0,9.8,True,32,1.33,2.618
XLMUSDT,2026-06-05 10:00:00+00:00,0.1935,2026-06-06 16:00:00+00:00,0.21285,10.0,9.8,True,30,1.25,4.71
TRXUSDT,2026-06-05 11:00:00+00:00,0.3253,2026-08-04 10:00:00+00:00,0.3292,1.199,0.999,False,1439,59.96,2.974
BTCUSDT,2026-06-05 15:00:00+00:00,60868.98,2026-06-15 15:00:00+00:00,66955.87800000001,10.0,9.8,True,240,10.0,3.192
ARBUSDT,2026-06-05 17:00:00+00:00,0.0825,2026-07-09 18:00:00+00:00,0.09075000000000001,10.0,9.8,True,817,34.04,2.66
SANDUSDT,2026-06-05 17:00:00+00:00,0.05376,2026-06-20 13:00:00+00:00,0.05913600000000001,10.0,9.8,True,356,14.83,4.114
DOTUSDT,2026-06-05 17:00:00+00:00,0.971,2026-08-04 16:00:00+00:00,0.843,-13.182,-13.382,False,1439,59.96,2.709
MANAUSDT,2026-06-05 17:00:00+00:00,0.0694,2026-06-20 14:00:00+00:00,0.07634,10.0,9.8,True,357,14.88,2.902
ENJUSDT,2026-06-05 17:00:00+00:00,0.03089,2026-06-12 13:00:00+00:00,0.033979,10.0,9.8,True,164,6.83,3.861
OPUSDT,2026-06-05 17:00:00+00:00,0.0999,2026-06-13 08:00:00+00:00,0.10989000000000002,10.0,9.8,True,183,7.62,4.383
LINKUSDT,2026-06-05 17:00:00+00:00,7.488,2026-06-15 10:00:00+00:00,8.2368,10.0,9.8,True,233,9.71,3.147
ENJUSDT,2026-06-05 20:00:00+00:00,0.02988,2026-06-12 12:00:00+00:00,0.032868,10.0,9.8,True,160,6.67,2.906
SANDUSDT,2026-06-05 20:00:00+00:00,0.0521,2026-06-20 09:00:00+00:00,0.05731000000000001,10.0,9.8,True,349,14.54,3.781
BNBUSDT,2026-06-07 02:00:00+00:00,579.73,2026-08-06 01:00:00+00:00,594.06,2.472,2.272,False,1439,59.96,2.582
LTCUSDT,2026-06-07 03:00:00+00:00,41.78,2026-06-15 10:00:00+00:00,45.958000000000006,10.0,9.8,True,199,8.29,3.377
BCHUSDT,2026-06-07 23:00:00+00:00,229.9,2026-07-10 13:00:00+00:00,252.89000000000001,10.0,9.8,True,782,32.58,5.733
AVAXUSDT,2026-06-07 23:00:00+00:00,6.749,2026-08-06 22:00:00+00:00,6.454,-4.371,-4.571,False,1439,59.96,3.236
SANDUSDT,2026-06-07 23:00:00+00:00,0.05275,2026-06-20 09:00:00+00:00,0.058025,10.0,9.8,True,298,12.42,3.314
MANAUSDT,2026-06-07 23:00:00+00:00,0.0673,2026-06-20 11:00:00+00:00,0.07403,10.0,9.8,True,300,12.5,2.548
CHZUSDT,2026-06-07 23:00:00+00:00,0.02503,2026-06-08 18:00:00+00:00,0.027533000000000002,10.0,9.8,True,19,0.79,7.457
ATOMUSDT,2026-06-09 14:00:00+00:00,1.764,2026-06-11 12:00:00+00:00,1.9404000000000001,10.0,9.8,True,46,1.92,5.616
LINKUSDT,2026-06-09 15:00:00+00:00,7.81,2026-06-15 15:00:00+00:00,8.591000000000001,10.0,9.8,True,144,6.0,2.788
XRPUSDT,2026-06-09 15:00:00+00:00,1.1373,2026-06-15 15:00:00+00:00,1.25103,10.0,9.8,True,144,6.0,2.703
ARBUSDT,2026-06-09 15:00:00+00:00,0.0801,2026-06-15 11:00:00+00:00,0.08811000000000001,10.0,9.8,True,140,5.83,3.22
AAVEUSDT,2026-06-09 15:00:00+00:00,61.0,2026-06-13 10:00:00+00:00,67.10000000000001,10.0,9.8,True,91,3.79,2.819
ETHUSDT,2026-06-09 15:00:00+00:00,1645.9,2026-06-15 13:00:00+00:00,1810.4900000000002,10.0,9.8,True,142,5.92,3.06
LTCUSDT,2026-06-09 15:00:00+00:00,42.39,2026-07-18 15:00:00+00:00,46.629000000000005,10.0,9.8,True,936,39.0,2.848
XLMUSDT,2026-06-09 15:00:00+00:00,0.1983,2026-06-15 15:00:00+00:00,0.21813000000000002,10.0,9.8,True,144,6.0,2.603
BNBUSDT,2026-06-09 15:00:00+00:00,588.8,2026-08-08 14:00:00+00:00,603.28,2.459,2.259,False,1439,59.96,3.171
SHIBUSDT,2026-06-09 15:00:00+00:00,4.65e-06,2026-06-15 13:00:00+00:00,5.115000000000001e-06,10.0,9.8,True,142,5.92,3.67
ATOMUSDT,2026-06-09 16:00:00+00:00,1.786,2026-06-11 15:00:00+00:00,1.9646000000000001,10.0,9.8,True,47,1.96,5.283
XLMUSDT,2026-06-10 06:00:00+00:00,0.1854,2026-06-15 12:00:00+00:00,0.20394000000000004,10.0,9.8,True,126,5.25,2.51
XLMUSDT,2026-06-10 10:00:00+00:00,0.1844,2026-06-15 12:00:00+00:00,0.20284000000000002,10.0,9.8,True,122,5.08,5.377
ENJUSDT,2026-06-10 12:00:00+00:00,0.02841,2026-06-12 12:00:00+00:00,0.031251,10.0,9.8,True,48,2.0,2.687
AXSUSDT,2026-06-10 13:00:00+00:00,0.911,2026-06-15 11:00:00+00:00,1.0021000000000002,10.0,9.8,True,118,4.92,2.749
SOLUSDT,2026-06-10 13:00:00+00:00,64.12,2026-06-14 21:00:00+00:00,70.53200000000001,10.0,9.8,True,104,4.33,3.04
ETCUSDT,2026-06-10 14:00:00+00:00,7.03,2026-06-19 18:00:00+00:00,7.7330000000000005,10.0,9.8,True,220,9.17,5.046
AAVEUSDT,2026-06-10 14:00:00+00:00,62.54,2026-06-15 02:00:00+00:00,68.79400000000001,10.0,9.8,True,108,4.5,2.711
ENJUSDT,2026-06-10 14:00:00+00:00,0.02903,2026-06-12 12:00:00+00:00,0.031933,10.0,9.8,True,46,1.92,2.823
FILUSDT,2026-06-11 00:00:00+00:00,0.735,2026-06-15 04:00:00+00:00,0.8085,10.0,9.8,True,100,4.17,2.605
ETCUSDT,2026-06-12 10:00:00+00:00,7.29,2026-08-11 09:00:00+00:00,6.4,-12.209,-12.409,False,1439,59.96,5.117
APTUSDT,2026-06-12 10:00:00+00:00,0.664,2026-08-11 09:00:00+00:00,0.585,-11.898,-12.098,False,1439,59.96,3.609
SUIUSDT,2026-06-12 10:00:00+00:00,0.7587,2026-08-11 09:00:00+00:00,0.6917,-8.831,-9.031,False,1439,59.96,3.53
XLMUSDT,2026-06-13 08:00:00+00:00,0.1908,2026-06-15 13:00:00+00:00,0.20988,10.0,9.8,True,53,2.21,2.555
ATOMUSDT,2026-06-14 05:00:00+00:00,1.932,2026-08-13 04:00:00+00:00,1.398,-27.64,-27.84,False,1439,59.96,2.702
ETCUSDT,2026-06-14 11:00:00+00:00,7.13,2026-08-13 10:00:00+00:00,6.28,-11.921,-12.121,False,1439,59.96,5.926
DOGEUSDT,2026-06-14 16:00:00+00:00,0.08632,2026-08-13 15:00:00+00:00,0.06973,-19.219,-19.419,False,1439,59.96,4.111
APTUSDT,2026-06-14 18:00:00+00:00,0.648,2026-06-15 13:00:00+00:00,0.7128000000000001,10.0,9.8,True,19,0.79,3.039
ARBUSDT,2026-06-14 20:00:00+00:00,0.0825,2026-07-09 18:00:00+00:00,0.09075000000000001,10.0,9.8,True,598,24.92,2.522
ETHUSDT,2026-06-14 22:00:00+00:00,1718.68,2026-07-14 22:00:00+00:00,1890.5480000000002,10.0,9.8,True,720,30.0,11.558
FILUSDT,2026-06-14 22:00:00+00:00,0.791,2026-08-13 21:00:00+00:00,0.6744,-14.741,-14.941,False,1439,59.96,5.707
DOGEUSDT,2026-06-14 22:00:00+00:00,0.08857,2026-08-13 21:00:00+00:00,0.0702,-20.741,-20.941,False,1439,59.96,4.549
ENJUSDT,2026-06-14 22:00:00+00:00,0.03083,2026-06-16 12:00:00+00:00,0.033913000000000006,10.0,9.8,True,38,1.58,3.225
BNBUSDT,2026-06-14 22:00:00+00:00,614.59,2026-08-13 21:00:00+00:00,610.93,-0.596,-0.796,False,1439,59.96,3.483
XLMUSDT,2026-06-14 22:00:00+00:00,0.188,2026-06-15 13:00:00+00:00,0.2068,10.0,9.8,True,15,0.62,4.678
BTCUSDT,2026-06-14 22:00:00+00:00,65311.59,2026-08-13 21:00:00+00:00,63474.0,-2.814,-3.014,False,1439,59.96,8.284
ADAUSDT,2026-06-14 22:00:00+00:00,0.174,2026-07-04 15:00:00+00:00,0.19140000000000001,10.0,9.8,True,473,19.71,4.743
BCHUSDT,2026-06-14 22:00:00+00:00,208.4,2026-06-15 12:00:00+00:00,229.24000000000004,10.0,9.8,True,14,0.58,4.879
AVAXUSDT,2026-06-14 22:00:00+00:00,6.715,2026-08-13 21:00:00+00:00,6.423,-4.348,-4.548,False,1439,59.96,4.469
MANAUSDT,2026-06-14 22:00:00+00:00,0.0683,2026-06-20 13:00:00+00:00,0.07513,10.0,9.8,True,135,5.62,7.942
APTUSDT,2026-06-14 22:00:00+00:00,0.68,2026-08-13 21:00:00+00:00,0.56,-17.647,-17.847,False,1439,59.96,2.932
LINKUSDT,2026-06-14 22:00:00+00:00,8.073,2026-07-27 06:00:00+00:00,8.880300000000002,10.0,9.8,True,1016,42.33,5.68
SHIBUSDT,2026-06-14 22:00:00+00:00,5.01e-06,2026-07-26 05:00:00+00:00,5.511000000000001e-06,10.0,9.8,True,991,41.29,3.144
XRPUSDT,2026-06-14 22:00:00+00:00,1.1682,2026-06-15 16:00:00+00:00,1.28502,10.0,9.8,True,18,0.75,7.865
DOTUSDT,2026-06-14 22:00:00+00:00,0.986,2026-08-13 21:00:00+00:00,0.773,-21.602,-21.802,False,1439,59.96,2.788
SUIUSDT,2026-06-14 22:00:00+00:00,0.7853,2026-08-13 21:00:00+00:00,0.6873,-12.479,-12.679,False,1439,59.96,7.004
UNIUSDT,2026-06-14 22:00:00+00:00,2.578,2026-06-15 23:00:00+00:00,2.8358,10.0,9.8,True,25,1.04,2.593
SOLUSDT,2026-06-14 22:00:00+00:00,70.16,2026-07-01 14:00:00+00:00,77.176,10.0,9.8,True,400,16.67,5.848
AXSUSDT,2026-06-14 23:00:00+00:00,0.973,2026-06-20 01:00:00+00:00,1.0703,10.0,9.8,True,122,5.08,2.908
AAVEUSDT,2026-06-14 23:00:00+00:00,67.87,2026-06-15 13:00:00+00:00,74.65700000000001,10.0,9.8,True,14,0.58,2.701
ARBUSDT,2026-06-14 23:00:00+00:00,0.0851,2026-07-10 07:00:00+00:00,0.09361,10.0,9.8,True,608,25.33,3.002
BCHUSDT,2026-06-16 07:00:00+00:00,224.7,2026-07-05 19:00:00+00:00,247.17000000000002,10.0,9.8,True,468,19.5,6.45
BNBUSDT,2026-06-17 14:00:00+00:00,608.59,2026-08-16 13:00:00+00:00,607.45,-0.187,-0.387,False,1439,59.96,3.192
LTCUSDT,2026-06-18 10:00:00+00:00,44.3,2026-08-17 09:00:00+00:00,44.02,-0.632,-0.832,False,1439,59.96,3.547
ATOMUSDT,2026-06-18 11:00:00+00:00,1.823,2026-08-17 10:00:00+00:00,1.442,-20.9,-21.1,False,1439,59.96,3.602
SUIUSDT,2026-06-18 17:00:00+00:00,0.7179,2026-08-17 16:00:00+00:00,0.6779,-5.572,-5.772,False,1439,59.96,2.512
ETCUSDT,2026-06-18 17:00:00+00:00,7.09,2026-08-17 16:00:00+00:00,6.17,-12.976,-13.176,False,1439,59.96,3.361
BCHUSDT,2026-06-18 17:00:00+00:00,197.2,2026-07-01 15:00:00+00:00,216.92000000000002,10.0,9.8,True,310,12.92,2.619
AXSUSDT,2026-06-18 18:00:00+00:00,0.93,2026-06-20 00:00:00+00:00,1.0230000000000001,10.0,9.8,True,30,1.25,3.283
AVAXUSDT,2026-06-19 08:00:00+00:00,5.992,2026-06-25 05:00:00+00:00,6.591200000000001,10.0,9.8,True,141,5.88,2.685
AVAXUSDT,2026-06-19 19:00:00+00:00,5.92,2026-06-23 22:00:00+00:00,6.5120000000000005,10.0,9.8,True,99,4.12,8.735
AVAXUSDT,2026-06-20 07:00:00+00:00,5.939,2026-06-24 00:00:00+00:00,6.532900000000001,10.0,9.8,True,89,3.71,3.048
OPUSDT,2026-06-20 07:00:00+00:00,0.1042,2026-08-19 06:00:00+00:00,0.0818,-21.497,-21.697,False,1439,59.96,10.97
UNIUSDT,2026-06-20 15:00:00+00:00,3.025,2026-07-07 18:00:00+00:00,3.3275,10.0,9.8,True,411,17.12,5.729
NEARUSDT,2026-06-20 15:00:00+00:00,2.152,2026-08-19 14:00:00+00:00,1.64,-23.792,-23.992,False,1439,59.96,4.426
ATOMUSDT,2026-06-20 15:00:00+00:00,1.791,2026-08-19 14:00:00+00:00,1.414,-21.05,-21.25,False,1439,59.96,3.039
ENJUSDT,2026-06-21 18:00:00+00:00,0.03369,2026-08-20 17:00:00+00:00,0.02587,-23.212,-23.412,False,1439,59.96,5.664
BTCUSDT,2026-06-21 22:00:00+00:00,63808.0,2026-08-20 08:00:00+00:00,70188.8,10.0,9.8,True,1426,59.42,2.59
BCHUSDT,2026-06-21 23:00:00+00:00,196.9,2026-07-01 15:00:00+00:00,216.59000000000003,10.0,9.8,True,232,9.67,3.408
AAVEUSDT,2026-06-22 01:00:00+00:00,75.88,2026-06-25 03:00:00+00:00,83.468,10.0,9.8,True,74,3.08,2.712
AXSUSDT,2026-06-22 01:00:00+00:00,1.046,2026-08-21 00:00:00+00:00,0.966,-7.648,-7.848,False,1439,59.96,2.768
SUIUSDT,2026-06-22 02:00:00+00:00,0.7111,2026-07-04 17:00:00+00:00,0.78221,10.0,9.8,True,303,12.62,3.697
BNBUSDT,2026-06-22 02:00:00+00:00,594.52,2026-08-20 16:00:00+00:00,653.972,10.0,9.8,True,1430,59.58,4.021
XRPUSDT,2026-06-22 02:00:00+00:00,1.1454,2026-08-20 15:00:00+00:00,1.25994,10.0,9.8,True,1429,59.54,2.756
ETHUSDT,2026-06-22 02:00:00+00:00,1743.83,2026-07-15 12:00:00+00:00,1918.213,10.0,9.8,True,562,23.42,3.821
DOTUSDT,2026-06-22 02:00:00+00:00,0.963,2026-08-21 01:00:00+00:00,0.846,-12.15,-12.35,False,1439,59.96,2.635
BTCUSDT,2026-06-22 02:00:00+00:00,64606.0,2026-08-20 08:00:00+00:00,71066.6,10.0,9.8,True,1422,59.25,3.909
LINKUSDT,2026-06-22 02:00:00+00:00,7.963,2026-07-21 05:00:00+00:00,8.759300000000001,10.0,9.8,True,699,29.12,3.25
OPUSDT,2026-06-22 02:00:00+00:00,0.1023,2026-08-21 01:00:00+00:00,0.0978,-4.399,-4.599,False,1439,59.96,3.195
ENJUSDT,2026-06-22 13:00:00+00:00,0.03339,2026-08-21 12:00:00+00:00,0.02772,-16.981,-17.181,False,1439,59.96,3.679
ETCUSDT,2026-06-23 06:00:00+00:00,7.09,2026-08-21 21:00:00+00:00,7.799,10.0,9.8,True,1431,59.62,3.197
UNIUSDT,2026-06-23 07:00:00+00:00,2.895,2026-07-02 12:00:00+00:00,3.1845000000000003,10.0,9.8,True,221,9.21,5.86
ATOMUSDT,2026-06-23 09:00:00+00:00,1.742,2026-08-22 08:00:00+00:00,1.593,-8.553,-8.753,False,1439,59.96,3.778
ETCUSDT,2026-06-23 09:00:00+00:00,7.0,2026-08-21 20:00:00+00:00,7.700000000000001,10.0,9.8,True,1427,59.46,5.214
SANDUSDT,2026-06-23 09:00:00+00:00,0.05223,2026-08-22 08:00:00+00:00,0.04769,-8.692,-8.892,False,1439,59.96,4.715
ADAUSDT,2026-06-23 13:00:00+00:00,0.1503,2026-07-03 01:00:00+00:00,0.16533,10.0,9.8,True,228,9.5,3.389
ATOMUSDT,2026-06-23 13:00:00+00:00,1.755,2026-08-22 12:00:00+00:00,1.579,-10.028,-10.228,False,1439,59.96,3.513
SHIBUSDT,2026-06-23 13:00:00+00:00,4.56e-06,2026-07-25 17:00:00+00:00,5.016000000000001e-06,10.0,9.8,True,772,32.17,4.409
LTCUSDT,2026-06-23 14:00:00+00:00,43.37,2026-07-18 17:00:00+00:00,47.707,10.0,9.8,True,603,25.12,3.176
LINKUSDT,2026-06-23 16:00:00+00:00,7.623,2026-07-14 15:00:00+00:00,8.3853,10.0,9.8,True,503,20.96,3.889
ETCUSDT,2026-06-23 19:00:00+00:00,6.91,2026-08-21 18:00:00+00:00,7.601000000000001,10.0,9.8,True,1415,58.96,2.784
SANDUSDT,2026-06-24 06:00:00+00:00,0.0526,2026-08-23 05:00:00+00:00,0.04355,-17.205,-17.405,False,1439,59.96,2.666
TRXUSDT,2026-06-24 09:00:00+00:00,0.3307,2026-08-23 08:00:00+00:00,0.343,3.719,3.519,False,1439,59.96,2.602
ATOMUSDT,2026-06-24 13:00:00+00:00,1.647,2026-08-23 12:00:00+00:00,1.59,-3.461,-3.661,False,1439,59.96,2.812
NEARUSDT,2026-06-24 14:00:00+00:00,1.939,2026-08-22 04:00:00+00:00,2.1329000000000002,10.0,9.8,True,1406,58.58,4.276
FILUSDT,2026-06-24 14:00:00+00:00,0.756,2026-08-22 02:00:00+00:00,0.8316000000000001,10.0,9.8,True,1404,58.5,4.453
ARBUSDT,2026-06-24 15:00:00+00:00,0.0773,2026-07-09 06:00:00+00:00,0.08503,10.0,9.8,True,351,14.62,3.681
DOTUSDT,2026-06-24 15:00:00+00:00,0.893,2026-08-22 02:00:00+00:00,0.9823000000000001,10.0,9.8,True,1403,58.46,2.567
UNIUSDT,2026-06-24 17:00:00+00:00,2.788,2026-07-02 12:00:00+00:00,3.0668,10.0,9.8,True,187,7.79,3.014
XRPUSDT,2026-06-24 17:00:00+00:00,1.0569,2026-07-04 14:00:00+00:00,1.16259,10.0,9.8,True,237,9.88,2.965
SUIUSDT,2026-06-24 19:00:00+00:00,0.6715,2026-07-02 04:00:00+00:00,0.73865,10.0,9.8,True,177,7.38,3.748
TRXUSDT,2026-06-24 21:00:00+00:00,0.3273,2026-08-23 20:00:00+00:00,0.3437,5.011,4.811,False,1439,59.96,3.005
SOLUSDT,2026-06-25 15:00:00+00:00,66.37,2026-06-26 16:00:00+00:00,73.007,10.0,9.8,True,25,1.04,4.544
LINKUSDT,2026-06-25 15:00:00+00:00,7.191,2026-07-02 14:00:00+00:00,7.910100000000001,10.0,9.8,True,167,6.96,5.385
SHIBUSDT,2026-06-25 15:00:00+00:00,4.15e-06,2026-07-04 19:00:00+00:00,4.565e-06,10.0,9.8,True,220,9.17,5.531
ARBUSDT,2026-06-25 15:00:00+00:00,0.0732,2026-07-03 13:00:00+00:00,0.08052000000000001,10.0,9.8,True,190,7.92,3.828
DOTUSDT,2026-06-25 15:00:00+00:00,0.846,2026-08-21 22:00:00+00:00,0.9306000000000001,10.0,9.8,True,1375,57.29,4.041
XLMUSDT,2026-06-25 15:00:00+00:00,0.1772,2026-07-01 00:00:00+00:00,0.19492,10.0,9.8,True,129,5.38,2.743
BTCUSDT,2026-06-25 15:00:00+00:00,59471.49,2026-07-15 13:00:00+00:00,65418.639,10.0,9.8,True,478,19.92,5.584
AVAXUSDT,2026-06-25 15:00:00+00:00,6.125,2026-06-29 17:00:00+00:00,6.737500000000001,10.0,9.8,True,98,4.08,3.188
ENJUSDT,2026-06-25 15:00:00+00:00,0.029,2026-08-24 14:00:00+00:00,0.02809,-3.138,-3.338,False,1439,59.96,2.999
UNIUSDT,2026-06-25 15:00:00+00:00,2.839,2026-07-02 12:00:00+00:00,3.1229,10.0,9.8,True,165,6.88,2.663
FILUSDT,2026-06-25 15:00:00+00:00,0.721,2026-07-03 11:00:00+00:00,0.7931,10.0,9.8,True,188,7.83,3.968
TRXUSDT,2026-06-25 15:00:00+00:00,0.3234,2026-08-24 14:00:00+00:00,0.3444,6.494,6.294,False,1439,59.96,2.563
XRPUSDT,2026-06-25 15:00:00+00:00,1.0335,2026-07-03 19:00:00+00:00,1.1368500000000001,10.0,9.8,True,196,8.17,5.072
SANDUSDT,2026-06-25 15:00:00+00:00,0.04749,2026-07-03 12:00:00+00:00,0.052239,10.0,9.8,True,189,7.88,7.294
ATOMUSDT,2026-06-25 15:00:00+00:00,1.592,2026-08-24 14:00:00+00:00,1.567,-1.57,-1.77,False,1439,59.96,2.844
LTCUSDT,2026-06-25 15:00:00+00:00,40.35,2026-07-03 19:00:00+00:00,44.385000000000005,10.0,9.8,True,196,8.17,3.759
CHZUSDT,2026-06-25 15:00:00+00:00,0.01766,2026-06-30 02:00:00+00:00,0.019426,10.0,9.8,True,107,4.46,3.375
OPUSDT,2026-06-25 15:00:00+00:00,0.1026,2026-08-22 03:00:00+00:00,0.11286,10.0,9.8,True,1380,57.5,3.104
DOGEUSDT,2026-06-25 15:00:00+00:00,0.07316,2026-08-20 15:00:00+00:00,0.080476,10.0,9.8,True,1344,56.0,3.836
BCHUSDT,2026-06-25 15:00:00+00:00,188.2,2026-07-01 03:00:00+00:00,207.02,10.0,9.8,True,132,5.5,3.515
SUIUSDT,2026-06-25 15:00:00+00:00,0.6717,2026-07-02 09:00:00+00:00,0.73887,10.0,9.8,True,162,6.75,3.73
ETHUSDT,2026-06-25 15:00:00+00:00,1568.37,2026-07-03 08:00:00+00:00,1725.207,10.0,9.8,True,185,7.71,4.797
BNBUSDT,2026-06-25 15:00:00+00:00,553.16,2026-08-08 14:00:00+00:00,608.476,10.0,9.8,True,1055,43.96,4.959
ADAUSDT,2026-06-25 15:00:00+00:00,0.1429,2026-07-01 14:00:00+00:00,0.15719000000000002,10.0,9.8,True,143,5.96,2.756
APTUSDT,2026-06-25 15:00:00+00:00,0.59,2026-07-07 12:00:00+00:00,0.649,10.0,9.8,True,285,11.88,6.708
NEARUSDT,2026-06-25 15:00:00+00:00,1.861,2026-07-03 12:00:00+00:00,2.0471000000000004,10.0,9.8,True,189,7.88,4.532
SHIBUSDT,2026-06-25 17:00:00+00:00,4.2e-06,2026-07-25 15:00:00+00:00,4.62e-06,10.0,9.8,True,718,29.92,2.532
AXSUSDT,2026-06-27 11:00:00+00:00,0.991,2026-08-22 03:00:00+00:00,1.0901,10.0,9.8,True,1336,55.67,2.81
DOTUSDT,2026-06-27 22:00:00+00:00,0.821,2026-07-06 21:00:00+00:00,0.9031,10.0,9.8,True,215,8.96,2.598
UNIUSDT,2026-06-28 10:00:00+00:00,2.932,2026-07-02 14:00:00+00:00,3.2252,10.0,9.8,True,100,4.17,4.129
FILUSDT,2026-06-28 10:00:00+00:00,0.728,2026-07-03 14:00:00+00:00,0.8008000000000001,10.0,9.8,True,124,5.17,8.003
DOTUSDT,2026-06-28 14:00:00+00:00,0.802,2026-07-03 16:00:00+00:00,0.8822000000000001,10.0,9.8,True,122,5.08,2.794
BNBUSDT,2026-06-28 20:00:00+00:00,548.44,2026-08-05 01:00:00+00:00,603.2840000000001,10.0,9.8,True,893,37.21,3.066
XLMUSDT,2026-06-28 20:00:00+00:00,0.1705,2026-06-30 04:00:00+00:00,0.18755000000000002,10.0,9.8,True,32,1.33,3.122
CHZUSDT,2026-06-28 22:00:00+00:00,0.01721,2026-06-29 20:00:00+00:00,0.018931,10.0,9.8,True,22,0.92,2.685
FILUSDT,2026-06-29 01:00:00+00:00,0.718,2026-07-03 10:00:00+00:00,0.7898000000000001,10.0,9.8,True,105,4.38,4.38
XRPUSDT,2026-06-29 01:00:00+00:00,1.0476,2026-07-04 12:00:00+00:00,1.1523600000000003,10.0,9.8,True,131,5.46,2.509
BTCUSDT,2026-06-29 03:00:00+00:00,59757.47,2026-07-20 18:00:00+00:00,65733.217,10.0,9.8,True,519,21.62,2.993
TRXUSDT,2026-06-29 07:00:00+00:00,0.3234,2026-08-28 06:00:00+00:00,0.3401,5.164,4.964,False,1439,59.96,2.582
FILUSDT,2026-06-30 11:00:00+00:00,0.732,2026-07-03 14:00:00+00:00,0.8052,10.0,9.8,True,75,3.12,2.648
DOGEUSDT,2026-06-30 11:00:00+00:00,0.07249,2026-08-20 15:00:00+00:00,0.079739,10.0,9.8,True,1228,51.17,3.171
UNIUSDT,2026-06-30 12:00:00+00:00,2.799,2026-07-02 12:00:00+00:00,3.0789,10.0,9.8,True,48,2.0,2.979
BTCUSDT,2026-06-30 14:00:00+00:00,58737.17,2026-07-06 21:00:00+00:00,64610.887,10.0,9.8,True,151,6.29,3.872
NEARUSDT,2026-06-30 14:00:00+00:00,1.793,2026-07-03 08:00:00+00:00,1.9723000000000002,10.0,9.8,True,66,2.75,2.637
SOLUSDT,2026-06-30 14:00:00+00:00,72.87,2026-07-02 10:00:00+00:00,80.15700000000001,10.0,9.8,True,44,1.83,4.26
ATOMUSDT,2026-06-30 14:00:00+00:00,1.541,2026-08-22 04:00:00+00:00,1.6951,10.0,9.8,True,1262,52.58,2.845
BCHUSDT,2026-06-30 14:00:00+00:00,197.5,2026-07-01 15:00:00+00:00,217.25000000000003,10.0,9.8,True,25,1.04,3.517
LTCUSDT,2026-06-30 15:00:00+00:00,41.74,2026-07-05 18:00:00+00:00,45.91400000000001,10.0,9.8,True,123,5.12,3.086
ADAUSDT,2026-06-30 16:00:00+00:00,0.1444,2026-07-02 10:00:00+00:00,0.15884,10.0,9.8,True,42,1.75,3.101
ENJUSDT,2026-06-30 18:00:00+00:00,0.02801,2026-07-03 13:00:00+00:00,0.030811,10.0,9.8,True,67,2.79,2.842
NEARUSDT,2026-07-01 02:00:00+00:00,1.775,2026-07-02 10:00:00+00:00,1.9525000000000001,10.0,9.8,True,32,1.33,3.483
BTCUSDT,2026-07-01 02:00:00+00:00,58770.58,2026-07-06 21:00:00+00:00,64647.638000000006,10.0,9.8,True,139,5.79,3.379
MANAUSDT,2026-07-01 14:00:00+00:00,0.0634,2026-07-03 06:00:00+00:00,0.06974000000000001,10.0,9.8,True,40,1.67,3.76
DOGEUSDT,2026-07-01 15:00:00+00:00,0.07268,2026-08-20 15:00:00+00:00,0.079948,10.0,9.8,True,1200,50.0,2.531
TRXUSDT,2026-07-03 07:00:00+00:00,0.3189,2026-09-01 06:00:00+00:00,0.3318,4.045,3.845,False,1439,59.96,5.013
AAVEUSDT,2026-07-03 11:00:00+00:00,86.79,2026-07-06 15:00:00+00:00,95.46900000000001,10.0,9.8,True,76,3.17,3.394
BCHUSDT,2026-07-04 15:00:00+00:00,230.9,2026-07-10 13:00:00+00:00,253.99000000000004,10.0,9.8,True,142,5.92,3.366
SUIUSDT,2026-07-04 16:00:00+00:00,0.7721,2026-08-21 22:00:00+00:00,0.8493100000000001,10.0,9.8,True,1158,48.25,3.476
ETHUSDT,2026-07-05 07:00:00+00:00,1764.69,2026-07-15 13:00:00+00:00,1941.159,10.0,9.8,True,246,10.25,3.305
ETHUSDT,2026-07-05 09:00:00+00:00,1767.72,2026-07-15 13:00:00+00:00,1944.4920000000002,10.0,9.8,True,244,10.17,2.892
FILUSDT,2026-07-05 09:00:00+00:00,0.79,2026-09-03 08:00:00+00:00,0.7845,-0.696,-0.896,False,1439,59.96,3.553
LTCUSDT,2026-07-05 10:00:00+00:00,44.2,2026-08-21 04:00:00+00:00,48.620000000000005,10.0,9.8,True,1122,46.75,2.883
TRXUSDT,2026-07-05 13:00:00+00:00,0.3289,2026-09-03 12:00:00+00:00,0.328,-0.274,-0.474,False,1439,59.96,11.008
AAVEUSDT,2026-07-05 13:00:00+00:00,88.05,2026-07-06 16:00:00+00:00,96.855,10.0,9.8,True,27,1.12,3.669
UNIUSDT,2026-07-05 13:00:00+00:00,3.133,2026-07-10 01:00:00+00:00,3.4463000000000004,10.0,9.8,True,108,4.5,3.292
LINKUSDT,2026-07-05 15:00:00+00:00,7.971,2026-07-26 22:00:00+00:00,8.7681,10.0,9.8,True,511,21.29,3.137
ENJUSDT,2026-07-05 16:00:00+00:00,0.03028,2026-09-03 15:00:00+00:00,0.02602,-14.069,-14.269,False,1439,59.96,9.141
ETCUSDT,2026-07-05 16:00:00+00:00,7.17,2026-08-21 21:00:00+00:00,7.8870000000000005,10.0,9.8,True,1133,47.21,6.501
ATOMUSDT,2026-07-05 17:00:00+00:00,1.563,2026-08-22 05:00:00+00:00,1.7193,10.0,9.8,True,1140,47.5,2.79
ENJUSDT,2026-07-06 07:00:00+00:00,0.02922,2026-09-04 06:00:00+00:00,0.02634,-9.856,-10.056,False,1439,59.96,3.925
CHZUSDT,2026-07-06 10:00:00+00:00,0.01791,2026-09-04 09:00:00+00:00,0.01353,-24.456,-24.656,False,1439,59.96,2.995
NEARUSDT,2026-07-06 14:00:00+00:00,1.999,2026-09-04 13:00:00+00:00,1.976,-1.151,-1.351,False,1439,59.96,4.133
BTCUSDT,2026-07-06 14:00:00+00:00,61768.2,2026-08-19 15:00:00+00:00,67945.02,10.0,9.8,True,1057,44.04,5.798
XRPUSDT,2026-07-06 14:00:00+00:00,1.116,2026-08-20 14:00:00+00:00,1.2276000000000002,10.0,9.8,True,1080,45.0,3.012
APTUSDT,2026-07-06 14:00:00+00:00,0.612,2026-08-22 02:00:00+00:00,0.6732,10.0,9.8,True,1116,46.5,2.665
ETHUSDT,2026-07-06 14:00:00+00:00,1744.89,2026-07-15 12:00:00+00:00,1919.3790000000004,10.0,9.8,True,214,8.92,2.592
SANDUSDT,2026-07-06 14:00:00+00:00,0.0489,2026-09-04 13:00:00+00:00,0.03883,-20.593,-20.793,False,1439,59.96,3.89
DOGEUSDT,2026-07-06 14:00:00+00:00,0.07528,2026-08-20 16:00:00+00:00,0.082808,10.0,9.8,True,1082,45.08,2.802
SUIUSDT,2026-07-06 14:00:00+00:00,0.7285,2026-08-21 08:00:00+00:00,0.8013500000000001,10.0,9.8,True,1098,45.75,2.89
SOLUSDT,2026-07-06 14:00:00+00:00,80.17,2026-08-21 00:00:00+00:00,88.18700000000001,10.0,9.8,True,1090,45.42,2.878
SHIBUSDT,2026-07-06 15:00:00+00:00,4.35e-06,2026-07-25 15:00:00+00:00,4.785e-06,10.0,9.8,True,456,19.0,2.976
ETHUSDT,2026-07-06 16:00:00+00:00,1788.57,2026-07-27 05:00:00+00:00,1967.4270000000001,10.0,9.8,True,493,20.54,2.852
DOTUSDT,2026-07-06 16:00:00+00:00,0.881,2026-08-22 01:00:00+00:00,0.9691000000000001,10.0,9.8,True,1113,46.38,2.686
AXSUSDT,2026-07-06 16:00:00+00:00,1.015,2026-08-22 04:00:00+00:00,1.1165,10.0,9.8,True,1116,46.5,2.941
DOGEUSDT,2026-07-06 16:00:00+00:00,0.07624,2026-08-21 06:00:00+00:00,0.08386400000000001,10.0,9.8,True,1094,45.58,6.204
BTCUSDT,2026-07-06 16:00:00+00:00,63545.98,2026-08-19 21:00:00+00:00,69900.57800000001,10.0,9.8,True,1061,44.21,2.582
ENJUSDT,2026-07-06 17:00:00+00:00,0.02937,2026-09-04 16:00:00+00:00,0.02728,-7.116,-7.316,False,1439,59.96,3.871
SOLUSDT,2026-07-06 17:00:00+00:00,82.1,2026-08-21 05:00:00+00:00,90.31,10.0,9.8,True,1092,45.5,2.558
FILUSDT,2026-07-06 18:00:00+00:00,0.792,2026-09-04 17:00:00+00:00,0.7422,-6.288,-6.488,False,1439,59.96,4.371
AVAXUSDT,2026-07-07 08:00:00+00:00,6.765,2026-08-21 06:00:00+00:00,7.4415000000000004,10.0,9.8,True,1078,44.92,3.569
MANAUSDT,2026-07-07 11:00:00+00:00,0.0702,2026-08-21 22:00:00+00:00,0.07722000000000001,10.0,9.8,True,1091,45.46,5.282
ARBUSDT,2026-07-07 15:00:00+00:00,0.0788,2026-07-09 06:00:00+00:00,0.08668000000000001,10.0,9.8,True,39,1.62,2.91
LTCUSDT,2026-07-07 15:00:00+00:00,44.31,2026-08-21 04:00:00+00:00,48.74100000000001,10.0,9.8,True,1069,44.54,2.572
LINKUSDT,2026-07-07 15:00:00+00:00,7.93,2026-07-21 04:00:00+00:00,8.723,10.0,9.8,True,325,13.54,3.253
OPUSDT,2026-07-07 15:00:00+00:00,0.1042,2026-08-22 03:00:00+00:00,0.11462000000000001,10.0,9.8,True,1092,45.5,2.677
BTCUSDT,2026-07-07 15:00:00+00:00,63562.05,2026-08-19 21:00:00+00:00,69918.255,10.0,9.8,True,1038,43.25,2.937
NEARUSDT,2026-07-07 16:00:00+00:00,2.065,2026-09-05 01:00:00+00:00,2.2715,10.0,9.8,True,1425,59.38,2.549
SANDUSDT,2026-07-07 17:00:00+00:00,0.04991,2026-09-05 16:00:00+00:00,0.03956,-20.737,-20.937,False,1439,59.96,3.881
AXSUSDT,2026-07-08 02:00:00+00:00,0.975,2026-08-22 00:00:00+00:00,1.0725,10.0,9.8,True,1078,44.92,2.65
NEARUSDT,2026-07-08 03:00:00+00:00,1.923,2026-08-22 03:00:00+00:00,2.1153000000000004,10.0,9.8,True,1080,45.0,2.83
ARBUSDT,2026-07-08 06:00:00+00:00,0.0774,2026-07-09 06:00:00+00:00,0.08514000000000001,10.0,9.8,True,24,1.0,4.151
MANAUSDT,2026-07-08 08:00:00+00:00,0.0679,2026-07-08 20:00:00+00:00,0.07469,10.0,9.8,True,12,0.5,3.015
AXSUSDT,2026-07-08 08:00:00+00:00,0.976,2026-08-22 00:00:00+00:00,1.0736,10.0,9.8,True,1072,44.67,3.799
SUIUSDT,2026-07-08 09:00:00+00:00,0.7032,2026-07-20 18:00:00+00:00,0.7735200000000001,10.0,9.8,True,297,12.38,3.496
ATOMUSDT,2026-07-08 09:00:00+00:00,1.547,2026-08-22 04:00:00+00:00,1.7017,10.0,9.8,True,1075,44.79,3.875
ETCUSDT,2026-07-08 09:00:00+00:00,6.87,2026-08-21 18:00:00+00:00,7.557,10.0,9.8,True,1065,44.38,3.423
TRXUSDT,2026-07-08 09:00:00+00:00,0.3278,2026-09-06 08:00:00+00:00,0.3339,1.861,1.661,False,1439,59.96,3.339
CHZUSDT,2026-07-08 09:00:00+00:00,0.01642,2026-09-06 08:00:00+00:00,0.01397,-14.921,-15.121,False,1439,59.96,4.377
APTUSDT,2026-07-08 09:00:00+00:00,0.616,2026-08-22 03:00:00+00:00,0.6776000000000001,10.0,9.8,True,1074,44.75,3.618
OPUSDT,2026-07-08 09:00:00+00:00,0.0975,2026-07-10 08:00:00+00:00,0.10725000000000001,10.0,9.8,True,47,1.96,9.414
DOTUSDT,2026-07-08 09:00:00+00:00,0.827,2026-08-21 17:00:00+00:00,0.9097000000000001,10.0,9.8,True,1064,44.33,2.606
ETHUSDT,2026-07-08 09:00:00+00:00,1735.32,2026-07-15 12:00:00+00:00,1908.852,10.0,9.8,True,171,7.12,3.094
LINKUSDT,2026-07-08 09:00:00+00:00,7.58,2026-07-14 14:00:00+00:00,8.338000000000001,10.0,9.8,True,149,6.21,2.529
DOGEUSDT,2026-07-08 09:00:00+00:00,0.07132,2026-08-20 14:00:00+00:00,0.078452,10.0,9.8,True,1037,43.21,2.675
BCHUSDT,2026-07-08 11:00:00+00:00,232.8,2026-08-21 07:00:00+00:00,256.08000000000004,10.0,9.8,True,1052,43.83,2.615
AXSUSDT,2026-07-08 11:00:00+00:00,0.98,2026-08-22 00:00:00+00:00,1.078,10.0,9.8,True,1069,44.54,2.955
MANAUSDT,2026-07-08 12:00:00+00:00,0.0697,2026-08-21 16:00:00+00:00,0.07667,10.0,9.8,True,1060,44.17,4.83
ENJUSDT,2026-07-08 12:00:00+00:00,0.02785,2026-09-06 11:00:00+00:00,0.02777,-0.287,-0.487,False,1439,59.96,2.841
OPUSDT,2026-07-08 12:00:00+00:00,0.0988,2026-08-22 00:00:00+00:00,0.10868000000000001,10.0,9.8,True,1068,44.5,4.642
ATOMUSDT,2026-07-08 12:00:00+00:00,1.555,2026-08-22 04:00:00+00:00,1.7105000000000001,10.0,9.8,True,1072,44.67,3.293
SANDUSDT,2026-07-08 14:00:00+00:00,0.04758,2026-09-06 13:00:00+00:00,0.03984,-16.267,-16.467,False,1439,59.96,2.606
BCHUSDT,2026-07-08 14:00:00+00:00,233.6,2026-08-21 07:00:00+00:00,256.96000000000004,10.0,9.8,True,1049,43.71,3.043
AAVEUSDT,2026-07-08 15:00:00+00:00,86.84,2026-07-10 09:00:00+00:00,95.52400000000002,10.0,9.8,True,42,1.75,2.83
FILUSDT,2026-07-08 15:00:00+00:00,0.759,2026-08-22 02:00:00+00:00,0.8349000000000001,10.0,9.8,True,1067,44.46,5.046
ATOMUSDT,2026-07-10 02:00:00+00:00,1.569,2026-09-08 01:00:00+00:00,1.644,4.78,4.58,False,1439,59.96,2.564
MANAUSDT,2026-07-11 01:00:00+00:00,0.0711,2026-08-22 01:00:00+00:00,0.07821,10.0,9.8,True,1008,42.0,2.767
MANAUSDT,2026-07-11 04:00:00+00:00,0.0735,2026-08-22 04:00:00+00:00,0.08085,10.0,9.8,True,1008,42.0,8.165
TRXUSDT,2026-07-11 12:00:00+00:00,0.3307,2026-09-09 11:00:00+00:00,0.3393,2.601,2.401,False,1439,59.96,2.975
AXSUSDT,2026-07-12 01:00:00+00:00,0.99,2026-08-22 03:00:00+00:00,1.089,10.0,9.8,True,986,41.08,2.647
FILUSDT,2026-07-12 01:00:00+00:00,0.771,2026-08-22 03:00:00+00:00,0.8481000000000001,10.0,9.8,True,986,41.08,2.899
TRXUSDT,2026-07-12 12:00:00+00:00,0.3316,2026-09-10 11:00:00+00:00,0.3403,2.624,2.424,False,1439,59.96,5.514
BNBUSDT,2026-07-12 13:00:00+00:00,582.3,2026-08-20 08:00:00+00:00,640.53,10.0,9.8,True,931,38.79,4.016
ATOMUSDT,2026-07-12 15:00:00+00:00,1.589,2026-09-08 12:00:00+00:00,1.7479,10.0,9.8,True,1389,57.88,3.842
AXSUSDT,2026-07-13 00:00:00+00:00,0.988,2026-08-22 03:00:00+00:00,1.0868,10.0,9.8,True,963,40.12,2.643
FILUSDT,2026-07-13 01:00:00+00:00,0.776,2026-08-22 03:00:00+00:00,0.8536000000000001,10.0,9.8,True,962,40.08,2.777
SHIBUSDT,2026-07-13 01:00:00+00:00,4.27e-06,2026-07-25 15:00:00+00:00,4.697e-06,10.0,9.8,True,302,12.58,2.996
APTUSDT,2026-07-13 01:00:00+00:00,0.613,2026-08-22 03:00:00+00:00,0.6743,10.0,9.8,True,962,40.08,4.68
XRPUSDT,2026-07-13 01:00:00+00:00,1.093,2026-08-20 13:00:00+00:00,1.2023000000000001,10.0,9.8,True,924,38.5,3.069
OPUSDT,2026-07-13 01:00:00+00:00,0.1007,2026-08-22 02:00:00+00:00,0.11077000000000001,10.0,9.8,True,961,40.04,2.904
ADAUSDT,2026-07-13 01:00:00+00:00,0.1627,2026-07-22 15:00:00+00:00,0.17897000000000002,10.0,9.8,True,230,9.58,2.891
APTUSDT,2026-07-13 03:00:00+00:00,0.603,2026-08-22 01:00:00+00:00,0.6633,10.0,9.8,True,958,39.92,3.146
SHIBUSDT,2026-07-13 04:00:00+00:00,4.19e-06,2026-07-25 15:00:00+00:00,4.609e-06,10.0,9.8,True,299,12.46,2.825
APTUSDT,2026-07-13 06:00:00+00:00,0.602,2026-08-22 01:00:00+00:00,0.6622,10.0,9.8,True,955,39.79,4.559
OPUSDT,2026-07-13 06:00:00+00:00,0.1006,2026-08-22 02:00:00+00:00,0.11066000000000001,10.0,9.8,True,956,39.83,5.956
BTCUSDT,2026-07-13 08:00:00+00:00,62985.53,2026-08-19 15:00:00+00:00,69284.083,10.0,9.8,True,895,37.29,3.208
ENJUSDT,2026-07-13 08:00:00+00:00,0.02833,2026-09-11 07:00:00+00:00,0.02566,-9.425,-9.625,False,1439,59.96,2.785
MANAUSDT,2026-07-13 09:00:00+00:00,0.0707,2026-08-22 00:00:00+00:00,0.07777,10.0,9.8,True,951,39.62,5.551
LTCUSDT,2026-07-13 15:00:00+00:00,43.58,2026-07-21 13:00:00+00:00,47.938,10.0,9.8,True,190,7.92,2.895
XLMUSDT,2026-07-13 15:00:00+00:00,0.1846,2026-08-21 22:00:00+00:00,0.20306,10.0,9.8,True,943,39.29,2.876
DOTUSDT,2026-07-13 15:00:00+00:00,0.838,2026-08-21 21:00:00+00:00,0.9218000000000001,10.0,9.8,True,942,39.25,2.563
SANDUSDT,2026-07-14 01:00:00+00:00,0.04739,2026-08-22 04:00:00+00:00,0.05212900000000001,10.0,9.8,True,939,39.12,2.577
BCHUSDT,2026-07-14 06:00:00+00:00,236.3,2026-08-21 07:00:00+00:00,259.93,10.0,9.8,True,913,38.04,2.914
ENJUSDT,2026-07-14 08:00:00+00:00,0.02698,2026-09-04 22:00:00+00:00,0.029678000000000003,10.0,9.8,True,1262,52.58,9.446
XLMUSDT,2026-07-14 13:00:00+00:00,0.1843,2026-08-21 22:00:00+00:00,0.20273,10.0,9.8,True,921,38.38,3.927
UNIUSDT,2026-07-15 14:00:00+00:00,3.655,2026-07-29 10:00:00+00:00,4.0205,10.0,9.8,True,332,13.83,3.531
BCHUSDT,2026-07-16 06:00:00+00:00,223.8,2026-08-21 06:00:00+00:00,246.18000000000004,10.0,9.8,True,864,36.0,7.164
ATOMUSDT,2026-07-16 08:00:00+00:00,1.546,2026-08-22 04:00:00+00:00,1.7006000000000001,10.0,9.8,True,884,36.83,3.015
BTCUSDT,2026-07-16 09:00:00+00:00,64126.86,2026-08-20 08:00:00+00:00,70539.546,10.0,9.8,True,839,34.96,5.043
ENJUSDT,2026-07-16 11:00:00+00:00,0.02868,2026-09-14 10:00:00+00:00,0.02611,-8.961,-9.161,False,1439,59.96,3.082
FILUSDT,2026-07-17 07:00:00+00:00,0.769,2026-08-22 03:00:00+00:00,0.8459000000000001,10.0,9.8,True,860,35.83,2.624
TRXUSDT,2026-07-17 08:00:00+00:00,0.3224,2026-09-15 07:00:00+00:00,0.3378,4.777,4.577,False,1439,59.96,6.078
AXSUSDT,2026-07-17 10:00:00+00:00,0.942,2026-08-21 21:00:00+00:00,1.0362,10.0,9.8,True,851,35.46,3.852
BNBUSDT,2026-07-17 11:00:00+00:00,564.18,2026-08-19 20:00:00+00:00,620.598,10.0,9.8,True,801,33.38,3.054
FILUSDT,2026-07-17 12:00:00+00:00,0.776,2026-08-22 03:00:00+00:00,0.8536000000000001,10.0,9.8,True,855,35.62,3.498
OPUSDT,2026-07-17 14:00:00+00:00,0.0962,2026-08-21 21:00:00+00:00,0.10582,10.0,9.8,True,847,35.29,2.82
LINKUSDT,2026-07-17 14:00:00+00:00,8.115,2026-08-14 17:00:00+00:00,8.9265,10.0,9.8,True,675,28.12,3.253
SOLUSDT,2026-07-17 14:00:00+00:00,74.34,2026-08-19 15:00:00+00:00,81.77400000000002,10.0,9.8,True,793,33.04,4.213
SANDUSDT,2026-07-17 14:00:00+00:00,0.04739,2026-08-22 04:00:00+00:00,0.05212900000000001,10.0,9.8,True,854,35.58,3.899
ATOMUSDT,2026-07-17 14:00:00+00:00,1.511,2026-08-22 04:00:00+00:00,1.6621000000000001,10.0,9.8,True,854,35.58,6.304
UNIUSDT,2026-07-17 14:00:00+00:00,3.496,2026-07-22 16:00:00+00:00,3.8456,10.0,9.8,True,122,5.08,2.724
ETHUSDT,2026-07-17 14:00:00+00:00,1825.5,2026-08-19 15:00:00+00:00,2008.0500000000002,10.0,9.8,True,793,33.04,3.57
OPUSDT,2026-07-17 16:00:00+00:00,0.0963,2026-08-21 21:00:00+00:00,0.10593000000000001,10.0,9.8,True,845,35.21,2.668
BCHUSDT,2026-07-17 16:00:00+00:00,216.9,2026-08-21 05:00:00+00:00,238.59000000000003,10.0,9.8,True,829,34.54,6.917
DOTUSDT,2026-07-17 17:00:00+00:00,0.858,2026-08-21 22:00:00+00:00,0.9438000000000001,10.0,9.8,True,845,35.21,2.776
TRXUSDT,2026-07-18 11:00:00+00:00,0.3232,2026-09-16 10:00:00+00:00,0.335,3.651,3.451,False,1439,59.96,2.553
SANDUSDT,2026-07-18 13:00:00+00:00,0.04737,2026-08-22 04:00:00+00:00,0.05210700000000001,10.0,9.8,True,831,34.62,2.837
ENJUSDT,2026-07-18 14:00:00+00:00,0.02773,2026-09-04 22:00:00+00:00,0.030503000000000002,10.0,9.8,True,1160,48.33,7.109
FILUSDT,2026-07-18 15:00:00+00:00,0.746,2026-08-22 00:00:00+00:00,0.8206000000000001,10.0,9.8,True,825,34.38,2.785
DOTUSDT,2026-07-18 19:00:00+00:00,0.836,2026-08-21 21:00:00+00:00,0.9196000000000001,10.0,9.8,True,818,34.08,2.616
MANAUSDT,2026-07-19 01:00:00+00:00,0.0698,2026-08-21 21:00:00+00:00,0.07678,10.0,9.8,True,812,33.83,3.326
CHZUSDT,2026-07-19 08:00:00+00:00,0.0154,2026-09-17 07:00:00+00:00,0.01399,-9.156,-9.356,False,1439,59.96,3.36
BNBUSDT,2026-07-19 09:00:00+00:00,568.65,2026-08-19 21:00:00+00:00,625.515,10.0,9.8,True,756,31.5,3.365
ETCUSDT,2026-07-19 13:00:00+00:00,6.95,2026-08-21 18:00:00+00:00,7.6450000000000005,10.0,9.8,True,797,33.21,2.618
OPUSDT,2026-07-19 14:00:00+00:00,0.0944,2026-08-21 14:00:00+00:00,0.10384,10.0,9.8,True,792,33.0,3.086
ETCUSDT,2026-07-19 15:00:00+00:00,6.93,2026-08-21 18:00:00+00:00,7.623,10.0,9.8,True,795,33.12,2.568
AXSUSDT,2026-07-19 18:00:00+00:00,0.921,2026-08-21 08:00:00+00:00,1.0131000000000001,10.0,9.8,True,782,32.58,3.239
ETCUSDT,2026-07-19 18:00:00+00:00,6.92,2026-08-21 18:00:00+00:00,7.612,10.0,9.8,True,792,33.0,11.874
SANDUSDT,2026-07-19 18:00:00+00:00,0.04688,2026-08-22 04:00:00+00:00,0.051568,10.0,9.8,True,802,33.42,3.63
FILUSDT,2026-07-19 18:00:00+00:00,0.717,2026-08-21 09:00:00+00:00,0.7887000000000001,10.0,9.8,True,783,32.62,4.814
BTCUSDT,2026-07-19 23:00:00+00:00,64674.66,2026-08-20 08:00:00+00:00,71142.126,10.0,9.8,True,753,31.38,2.518
ATOMUSDT,2026-07-20 04:00:00+00:00,1.475,2026-08-21 22:00:00+00:00,1.6225000000000003,10.0,9.8,True,786,32.75,5.191
CHZUSDT,2026-07-20 07:00:00+00:00,0.01456,2026-09-18 06:00:00+00:00,0.01455,-0.069,-0.269,False,1439,59.96,6.97
UNIUSDT,2026-07-20 07:00:00+00:00,3.421,2026-07-22 10:00:00+00:00,3.7631,10.0,9.8,True,51,2.12,2.688
AXSUSDT,2026-07-20 07:00:00+00:00,0.914,2026-08-21 08:00:00+00:00,1.0054,10.0,9.8,True,769,32.04,2.597
ADAUSDT,2026-07-20 07:00:00+00:00,0.1615,2026-07-21 05:00:00+00:00,0.17765000000000003,10.0,9.8,True,22,0.92,2.506
ADAUSDT,2026-07-20 09:00:00+00:00,0.1619,2026-07-22 15:00:00+00:00,0.17809,10.0,9.8,True,54,2.25,2.981
ENJUSDT,2026-07-20 09:00:00+00:00,0.02822,2026-09-18 08:00:00+00:00,0.02649,-6.13,-6.33,False,1439,59.96,3.304
ETCUSDT,2026-07-20 12:00:00+00:00,6.84,2026-08-21 17:00:00+00:00,7.524,10.0,9.8,True,773,32.21,2.741
SHIBUSDT,2026-07-22 07:00:00+00:00,4.23e-06,2026-07-25 15:00:00+00:00,4.653e-06,10.0,9.8,True,80,3.33,2.865
SUIUSDT,2026-07-22 08:00:00+00:00,0.7559,2026-08-21 21:00:00+00:00,0.8314900000000001,10.0,9.8,True,733,30.54,3.45
SANDUSDT,2026-07-22 08:00:00+00:00,0.04755,2026-09-20 07:00:00+00:00,0.03956,-16.803,-17.003,False,1439,59.96,13.846
ENJUSDT,2026-07-23 05:00:00+00:00,0.0281,2026-09-21 04:00:00+00:00,0.02776,-1.21,-1.41,False,1439,59.96,5.525
MANAUSDT,2026-07-23 08:00:00+00:00,0.0685,2026-08-21 11:00:00+00:00,0.07535000000000001,10.0,9.8,True,699,29.12,2.639
ETCUSDT,2026-07-23 08:00:00+00:00,6.91,2026-08-21 18:00:00+00:00,7.601000000000001,10.0,9.8,True,706,29.42,2.997
ATOMUSDT,2026-07-23 09:00:00+00:00,1.476,2026-08-22 02:00:00+00:00,1.6236000000000002,10.0,9.8,True,713,29.71,2.814
FILUSDT,2026-07-23 09:00:00+00:00,0.7381,2026-08-21 22:00:00+00:00,0.81191,10.0,9.8,True,709,29.54,8.785
TRXUSDT,2026-07-23 12:00:00+00:00,0.3274,2026-09-21 11:00:00+00:00,0.3444,5.192,4.992,False,1439,59.96,3.684
OPUSDT,2026-07-23 14:00:00+00:00,0.0942,2026-08-21 14:00:00+00:00,0.10362000000000002,10.0,9.8,True,696,29.0,2.87
SHIBUSDT,2026-07-23 16:00:00+00:00,4.15e-06,2026-07-25 15:00:00+00:00,4.565e-06,10.0,9.8,True,47,1.96,3.134
OPUSDT,2026-07-23 16:00:00+00:00,0.094,2026-08-21 14:00:00+00:00,0.1034,10.0,9.8,True,694,28.92,3.276
ETHUSDT,2026-07-23 16:00:00+00:00,1895.23,2026-08-19 15:00:00+00:00,2084.753,10.0,9.8,True,647,26.96,2.552
SUIUSDT,2026-07-23 16:00:00+00:00,0.7492,2026-08-21 21:00:00+00:00,0.8241200000000001,10.0,9.8,True,701,29.21,2.834
ADAUSDT,2026-07-23 16:00:00+00:00,0.1705,2026-08-02 06:00:00+00:00,0.18755000000000002,10.0,9.8,True,230,9.58,3.094
AVAXUSDT,2026-07-23 16:00:00+00:00,6.451,2026-08-20 15:00:00+00:00,7.0961,10.0,9.8,True,671,27.96,3.6
BCHUSDT,2026-07-23 17:00:00+00:00,212.7,2026-08-21 05:00:00+00:00,233.97,10.0,9.8,True,684,28.5,2.729
ENJUSDT,2026-07-23 21:00:00+00:00,0.02726,2026-09-04 22:00:00+00:00,0.029986000000000002,10.0,9.8,True,1033,43.04,2.611
MANAUSDT,2026-07-23 22:00:00+00:00,0.0673,2026-08-21 08:00:00+00:00,0.07403,10.0,9.8,True,682,28.42,3.96
FILUSDT,2026-07-24 15:00:00+00:00,0.72,2026-08-21 15:00:00+00:00,0.792,10.0,9.8,True,672,28.0,4.854
ARBUSDT,2026-07-24 15:00:00+00:00,0.0843,2026-08-21 06:00:00+00:00,0.09273,10.0,9.8,True,663,27.62,4.045
BNBUSDT,2026-07-24 15:00:00+00:00,560.66,2026-08-11 23:00:00+00:00,616.726,10.0,9.8,True,440,18.33,3.039
BTCUSDT,2026-07-24 15:00:00+00:00,64055.11,2026-08-20 08:00:00+00:00,70460.621,10.0,9.8,True,641,26.71,2.617
ENJUSDT,2026-07-24 20:00:00+00:00,0.02696,2026-09-04 22:00:00+00:00,0.029656000000000005,10.0,9.8,True,1010,42.08,4.25
ENJUSDT,2026-07-25 00:00:00+00:00,0.02689,2026-09-04 21:00:00+00:00,0.029579000000000005,10.0,9.8,True,1005,41.88,2.762
AXSUSDT,2026-07-25 01:00:00+00:00,0.889,2026-08-21 00:00:00+00:00,0.9779000000000001,10.0,9.8,True,647,26.96,2.902
ENJUSDT,2026-07-25 05:00:00+00:00,0.02685,2026-09-04 21:00:00+00:00,0.029535000000000002,10.0,9.8,True,1000,41.67,3.773
BTCUSDT,2026-07-25 10:00:00+00:00,64000.0,2026-08-20 08:00:00+00:00,70400.0,10.0,9.8,True,622,25.92,2.825
LINKUSDT,2026-07-25 13:00:00+00:00,8.373,2026-08-15 01:00:00+00:00,9.2103,10.0,9.8,True,492,20.5,3.139
ATOMUSDT,2026-07-25 16:00:00+00:00,1.385,2026-08-13 14:00:00+00:00,1.5235,10.0,9.8,True,454,18.92,2.513
TRXUSDT,2026-07-25 17:00:00+00:00,0.3321,2026-09-23 16:00:00+00:00,0.3387,1.987,1.787,False,1439,59.96,4.983
MANAUSDT,2026-07-26 15:00:00+00:00,0.0678,2026-08-21 08:00:00+00:00,0.07458000000000001,10.0,9.8,True,617,25.71,2.503
ADAUSDT,2026-07-26 23:00:00+00:00,0.1657,2026-08-02 04:00:00+00:00,0.18227,10.0,9.8,True,149,6.21,2.957
ENJUSDT,2026-07-27 01:00:00+00:00,0.02719,2026-09-04 22:00:00+00:00,0.029909,10.0,9.8,True,957,39.88,5.814
LTCUSDT,2026-07-27 15:00:00+00:00,46.44,2026-08-21 08:00:00+00:00,51.084,10.0,9.8,True,593,24.71,2.504
ADAUSDT,2026-07-27 17:00:00+00:00,0.159,2026-07-30 15:00:00+00:00,0.17490000000000003,10.0,9.8,True,70,2.92,2.806
DOTUSDT,2026-07-27 17:00:00+00:00,0.796,2026-08-21 08:00:00+00:00,0.8756000000000002,10.0,9.8,True,591,24.62,2.783
XLMUSDT,2026-07-27 19:00:00+00:00,0.1767,2026-08-21 08:00:00+00:00,0.19437000000000001,10.0,9.8,True,589,24.54,2.636
MANAUSDT,2026-07-27 23:00:00+00:00,0.0666,2026-08-21 08:00:00+00:00,0.07326000000000002,10.0,9.8,True,585,24.38,3.458
AXSUSDT,2026-07-27 23:00:00+00:00,0.838,2026-08-08 20:00:00+00:00,0.9218000000000001,10.0,9.8,True,285,11.88,6.627
SANDUSDT,2026-07-27 23:00:00+00:00,0.04334,2026-08-21 08:00:00+00:00,0.047674,10.0,9.8,True,585,24.38,3.447
CHZUSDT,2026-07-27 23:00:00+00:00,0.01297,2026-08-21 12:00:00+00:00,0.014267000000000002,10.0,9.8,True,589,24.54,4.1
OPUSDT,2026-07-28 00:00:00+00:00,0.0873,2026-08-20 16:00:00+00:00,0.09603,10.0,9.8,True,568,23.67,2.515
ATOMUSDT,2026-07-28 01:00:00+00:00,1.303,2026-08-11 14:00:00+00:00,1.4333,10.0,9.8,True,349,14.54,2.705
MANAUSDT,2026-07-28 02:00:00+00:00,0.0664,2026-08-21 08:00:00+00:00,0.07304000000000001,10.0,9.8,True,582,24.25,7.195
MANAUSDT,2026-07-28 05:00:00+00:00,0.0678,2026-08-21 08:00:00+00:00,0.07458000000000001,10.0,9.8,True,579,24.12,2.685
DOTUSDT,2026-07-28 07:00:00+00:00,0.765,2026-08-04 02:00:00+00:00,0.8415000000000001,10.0,9.8,True,163,6.79,3.682
ADAUSDT,2026-07-28 07:00:00+00:00,0.1569,2026-07-30 14:00:00+00:00,0.17259000000000002,10.0,9.8,True,55,2.29,2.64
UNIUSDT,2026-07-28 11:00:00+00:00,3.794,2026-07-30 12:00:00+00:00,4.1734,10.0,9.8,True,49,2.04,2.513
BCHUSDT,2026-07-28 12:00:00+00:00,212.7,2026-08-21 05:00:00+00:00,233.97,10.0,9.8,True,569,23.71,3.105
OPUSDT,2026-07-28 12:00:00+00:00,0.0864,2026-08-20 16:00:00+00:00,0.09504000000000001,10.0,9.8,True,556,23.17,3.74
ETCUSDT,2026-07-28 14:00:00+00:00,6.69,2026-08-21 08:00:00+00:00,7.359000000000001,10.0,9.8,True,570,23.75,2.831
BTCUSDT,2026-07-28 14:00:00+00:00,63104.0,2026-08-19 15:00:00+00:00,69414.40000000001,10.0,9.8,True,529,22.04,3.024
LINKUSDT,2026-07-28 14:00:00+00:00,8.238,2026-08-15 00:00:00+00:00,9.0618,10.0,9.8,True,418,17.42,2.957
BNBUSDT,2026-07-28 14:00:00+00:00,565.5,2026-08-19 20:00:00+00:00,622.0500000000001,10.0,9.8,True,534,22.25,2.885
BCHUSDT,2026-07-28 14:00:00+00:00,210.3,2026-08-21 05:00:00+00:00,231.33000000000004,10.0,9.8,True,567,23.62,5.791
APTUSDT,2026-07-29 07:00:00+00:00,0.576,2026-08-21 10:00:00+00:00,0.6336,10.0,9.8,True,555,23.12,2.767
NEARUSDT,2026-07-29 08:00:00+00:00,1.608,2026-08-04 02:00:00+00:00,1.7688000000000001,10.0,9.8,True,138,5.75,3.353
FILUSDT,2026-07-29 13:00:00+00:00,0.691,2026-08-20 17:00:00+00:00,0.7601,10.0,9.8,True,532,22.17,3.288
AAVEUSDT,2026-07-29 16:00:00+00:00,98.73,2026-08-21 08:00:00+00:00,108.60300000000001,10.0,9.8,True,544,22.67,5.748
FILUSDT,2026-07-29 16:00:00+00:00,0.6886,2026-08-20 17:00:00+00:00,0.75746,10.0,9.8,True,529,22.04,2.602
ADAUSDT,2026-07-29 19:00:00+00:00,0.168,2026-08-02 05:00:00+00:00,0.18480000000000002,10.0,9.8,True,82,3.42,3.011
OPUSDT,2026-07-29 19:00:00+00:00,0.0887,2026-08-20 23:00:00+00:00,0.09757,10.0,9.8,True,532,22.17,3.059
ATOMUSDT,2026-07-31 08:00:00+00:00,1.234,2026-08-03 17:00:00+00:00,1.3574000000000002,10.0,9.8,True,81,3.38,2.924
CHZUSDT,2026-07-31 14:00:00+00:00,0.01289,2026-08-21 12:00:00+00:00,0.014179000000000002,10.0,9.8,True,502,20.92,2.567
NEARUSDT,2026-07-31 14:00:00+00:00,1.668,2026-08-21 05:00:00+00:00,1.8348,10.0,9.8,True,495,20.62,3.658
APTUSDT,2026-07-31 15:00:00+00:00,0.563,2026-08-21 08:00:00+00:00,0.6193,10.0,9.8,True,497,20.71,3.94
XLMUSDT,2026-07-31 15:00:00+00:00,0.1721,2026-08-20 17:00:00+00:00,0.18931,10.0,9.8,True,482,20.08,6.782
LINKUSDT,2026-07-31 15:00:00+00:00,8.131,2026-08-14 17:00:00+00:00,8.9441,10.0,9.8,True,338,14.08,5.577
OPUSDT,2026-07-31 15:00:00+00:00,0.0851,2026-08-20 15:00:00+00:00,0.09361,10.0,9.8,True,480,20.0,2.523
DOTUSDT,2026-07-31 15:00:00+00:00,0.755,2026-08-03 17:00:00+00:00,0.8305000000000001,10.0,9.8,True,74,3.08,7.252
ETCUSDT,2026-07-31 15:00:00+00:00,6.62,2026-08-21 07:00:00+00:00,7.282000000000001,10.0,9.8,True,496,20.67,3.389
DOGEUSDT,2026-07-31 15:00:00+00:00,0.06935,2026-08-19 21:00:00+00:00,0.076285,10.0,9.8,True,462,19.25,4.688
AAVEUSDT,2026-08-01 04:00:00+00:00,92.59,2026-08-21 07:00:00+00:00,101.84900000000002,10.0,9.8,True,483,20.12,5.99
AVAXUSDT,2026-08-01 20:00:00+00:00,6.132,2026-08-04 01:00:00+00:00,6.7452000000000005,10.0,9.8,True,53,2.21,2.58
APTUSDT,2026-08-01 21:00:00+00:00,0.549,2026-08-06 05:00:00+00:00,0.6039000000000001,10.0,9.8,True,104,4.33,3.934
ETHUSDT,2026-08-02 03:00:00+00:00,1876.9,2026-08-19 15:00:00+00:00,2064.59,10.0,9.8,True,420,17.5,3.367
ETCUSDT,2026-08-02 03:00:00+00:00,6.61,2026-08-21 07:00:00+00:00,7.271000000000001,10.0,9.8,True,460,19.17,2.68
CHZUSDT,2026-08-02 03:00:00+00:00,0.0128,2026-08-08 18:00:00+00:00,0.014080000000000002,10.0,9.8,True,159,6.62,3.158
ENJUSDT,2026-08-03 08:00:00+00:00,0.02449,2026-08-21 08:00:00+00:00,0.026939000000000005,10.0,9.8,True,432,18.0,3.62
BNBUSDT,2026-08-03 08:00:00+00:00,583.74,2026-08-20 08:00:00+00:00,642.114,10.0,9.8,True,408,17.0,2.699
TRXUSDT,2026-08-03 10:00:00+00:00,0.3275,2026-09-25 12:00:00+00:00,0.3373,2.992,2.792,False,1274,53.08,4.156
ENJUSDT,2026-08-03 11:00:00+00:00,0.02468,2026-08-21 08:00:00+00:00,0.027148000000000002,10.0,9.8,True,429,17.88,3.599
SUIUSDT,2026-08-03 14:00:00+00:00,0.6967,2026-08-21 05:00:00+00:00,0.76637,10.0,9.8,True,423,17.62,4.772
BCHUSDT,2026-08-03 14:00:00+00:00,211.5,2026-08-21 05:00:00+00:00,232.65,10.0,9.8,True,423,17.62,3.631
SOLUSDT,2026-08-03 15:00:00+00:00,73.79,2026-08-19 15:00:00+00:00,81.16900000000001,10.0,9.8,True,384,16.0,4.278
BTCUSDT,2026-08-03 15:00:00+00:00,63967.19,2026-08-20 08:00:00+00:00,70363.90900000001,10.0,9.8,True,401,16.71,4.862
LTCUSDT,2026-08-03 15:00:00+00:00,44.45,2026-08-21 06:00:00+00:00,48.89500000000001,10.0,9.8,True,423,17.62,2.668
XRPUSDT,2026-08-03 15:00:00+00:00,1.0829,2026-08-20 11:00:00+00:00,1.19119,10.0,9.8,True,404,16.83,2.574
ETHUSDT,2026-08-03 15:00:00+00:00,1873.79,2026-08-19 15:00:00+00:00,2061.1690000000003,10.0,9.8,True,384,16.0,3.024
UNIUSDT,2026-08-03 15:00:00+00:00,4.04,2026-08-22 04:00:00+00:00,4.444000000000001,10.0,9.8,True,445,18.54,2.852
CHZUSDT,2026-08-04 11:00:00+00:00,0.01305,2026-08-21 13:00:00+00:00,0.014355000000000001,10.0,9.8,True,410,17.08,4.37
XLMUSDT,2026-08-04 15:00:00+00:00,0.1694,2026-08-20 17:00:00+00:00,0.18634,10.0,9.8,True,386,16.08,3.042
ENJUSDT,2026-08-04 15:00:00+00:00,0.02451,2026-08-21 08:00:00+00:00,0.026961000000000002,10.0,9.8,True,401,16.71,4.88
FILUSDT,2026-08-04 17:00:00+00:00,0.7147,2026-08-21 09:00:00+00:00,0.78617,10.0,9.8,True,400,16.67,2.783
MANAUSDT,2026-08-05 00:00:00+00:00,0.0666,2026-08-21 08:00:00+00:00,0.07326000000000002,10.0,9.8,True,392,16.33,2.597
MANAUSDT,2026-08-05 02:00:00+00:00,0.0667,2026-08-21 08:00:00+00:00,0.07337,10.0,9.8,True,390,16.25,3.068
ETCUSDT,2026-08-05 08:00:00+00:00,6.49,2026-08-21 06:00:00+00:00,7.139000000000001,10.0,9.8,True,382,15.92,3.527
BCHUSDT,2026-08-05 10:00:00+00:00,212.1,2026-08-21 05:00:00+00:00,233.31,10.0,9.8,True,379,15.79,7.568
CHZUSDT,2026-08-05 14:00:00+00:00,0.01274,2026-08-08 18:00:00+00:00,0.014014,10.0,9.8,True,76,3.17,2.654
ETCUSDT,2026-08-05 14:00:00+00:00,6.49,2026-08-21 06:00:00+00:00,7.139000000000001,10.0,9.8,True,376,15.67,2.568
DOGEUSDT,2026-08-05 14:00:00+00:00,0.06983,2026-08-20 08:00:00+00:00,0.076813,10.0,9.8,True,354,14.75,2.675
XRPUSDT,2026-08-05 14:00:00+00:00,1.0618,2026-08-20 11:00:00+00:00,1.1679800000000002,10.0,9.8,True,357,14.88,2.938
NEARUSDT,2026-08-05 14:00:00+00:00,1.696,2026-08-21 07:00:00+00:00,1.8656000000000001,10.0,9.8,True,377,15.71,3.199
AAVEUSDT,2026-08-06 02:00:00+00:00,89.12,2026-08-20 08:00:00+00:00,98.03200000000001,10.0,9.8,True,342,14.25,3.321
XLMUSDT,2026-08-06 10:00:00+00:00,0.1604,2026-08-20 09:00:00+00:00,0.17644,10.0,9.8,True,335,13.96,3.631
MANAUSDT,2026-08-06 12:00:00+00:00,0.0663,2026-08-21 08:00:00+00:00,0.07293000000000001,10.0,9.8,True,356,14.83,2.715
DOGEUSDT,2026-08-06 14:00:00+00:00,0.0688,2026-08-19 21:00:00+00:00,0.07568000000000001,10.0,9.8,True,319,13.29,3.142
LTCUSDT,2026-08-06 14:00:00+00:00,45.48,2026-08-21 08:00:00+00:00,50.028,10.0,9.8,True,354,14.75,3.525
SHIBUSDT,2026-08-06 14:00:00+00:00,4.72e-06,2026-08-21 07:00:00+00:00,5.1920000000000004e-06,10.0,9.8,True,353,14.71,2.911
OPUSDT,2026-08-06 14:00:00+00:00,0.0868,2026-08-20 16:00:00+00:00,0.09548000000000001,10.0,9.8,True,338,14.08,5.68
SHIBUSDT,2026-08-06 16:00:00+00:00,4.68e-06,2026-08-21 07:00:00+00:00,5.1480000000000005e-06,10.0,9.8,True,351,14.62,3.381
ATOMUSDT,2026-08-06 16:00:00+00:00,1.386,2026-08-13 14:00:00+00:00,1.5246,10.0,9.8,True,166,6.92,6.901
FILUSDT,2026-08-06 17:00:00+00:00,0.7292,2026-08-21 21:00:00+00:00,0.80212,10.0,9.8,True,364,15.17,5.308
MANAUSDT,2026-08-06 18:00:00+00:00,0.0658,2026-08-21 07:00:00+00:00,0.07238,10.0,9.8,True,349,14.54,2.681
SOLUSDT,2026-08-07 10:00:00+00:00,73.62,2026-08-19 14:00:00+00:00,80.98200000000001,10.0,9.8,True,292,12.17,2.891
ETHUSDT,2026-08-07 10:00:00+00:00,1913.04,2026-08-19 15:00:00+00:00,2104.344,10.0,9.8,True,293,12.21,4.041
DOTUSDT,2026-08-07 13:00:00+00:00,0.818,2026-08-21 10:00:00+00:00,0.8998,10.0,9.8,True,333,13.88,2.665
ATOMUSDT,2026-08-07 16:00:00+00:00,1.354,2026-08-13 13:00:00+00:00,1.4894000000000003,10.0,9.8,True,141,5.88,6.144
FILUSDT,2026-08-07 18:00:00+00:00,0.6798,2026-08-20 16:00:00+00:00,0.74778,10.0,9.8,True,310,12.92,9.221
XRPUSDT,2026-08-09 08:00:00+00:00,1.0371,2026-08-20 08:00:00+00:00,1.14081,10.0,9.8,True,264,11.0,2.581
ETCUSDT,2026-08-09 08:00:00+00:00,6.5,2026-08-21 07:00:00+00:00,7.15,10.0,9.8,True,287,11.96,2.994
ARBUSDT,2026-08-09 09:00:00+00:00,0.0772,2026-08-19 20:00:00+00:00,0.08492000000000001,10.0,9.8,True,251,10.46,2.97
ETCUSDT,2026-08-09 13:00:00+00:00,6.5,2026-08-21 07:00:00+00:00,7.15,10.0,9.8,True,282,11.75,2.522
SANDUSDT,2026-08-09 21:00:00+00:00,0.04176,2026-08-21 08:00:00+00:00,0.045936000000000005,10.0,9.8,True,275,11.46,2.744
ETCUSDT,2026-08-10 01:00:00+00:00,6.45,2026-08-21 02:00:00+00:00,7.095000000000001,10.0,9.8,True,265,11.04,2.958
DOGEUSDT,2026-08-10 01:00:00+00:00,0.06963,2026-08-20 08:00:00+00:00,0.07659300000000001,10.0,9.8,True,247,10.29,2.757
BCHUSDT,2026-08-10 07:00:00+00:00,217.2,2026-08-21 05:00:00+00:00,238.92000000000002,10.0,9.8,True,262,10.92,2.585
AXSUSDT,2026-08-10 12:00:00+00:00,0.925,2026-08-21 08:00:00+00:00,1.0175,10.0,9.8,True,260,10.83,5.481
ETCUSDT,2026-08-11 01:00:00+00:00,6.39,2026-08-21 01:00:00+00:00,7.029,10.0,9.8,True,240,10.0,2.62
SANDUSDT,2026-08-11 13:00:00+00:00,0.0406,2026-08-21 05:00:00+00:00,0.04466,10.0,9.8,True,232,9.67,6.168
XLMUSDT,2026-08-11 16:00:00+00:00,0.1601,2026-08-20 08:00:00+00:00,0.17611000000000002,10.0,9.8,True,208,8.67,2.609
XRPUSDT,2026-08-11 16:00:00+00:00,1.0039,2026-08-19 20:00:00+00:00,1.1042900000000002,10.0,9.8,True,196,8.17,2.926
OPUSDT,2026-08-11 17:00:00+00:00,0.0888,2026-08-20 23:00:00+00:00,0.09768000000000002,10.0,9.8,True,222,9.25,3.94
APTUSDT,2026-08-12 13:00:00+00:00,0.571,2026-08-21 09:00:00+00:00,0.6281,10.0,9.8,True,212,8.83,3.652
FILUSDT,2026-08-12 15:00:00+00:00,0.6991,2026-08-20 17:00:00+00:00,0.7690100000000001,10.0,9.8,True,194,8.08,2.751
APTUSDT,2026-08-12 15:00:00+00:00,0.567,2026-08-21 09:00:00+00:00,0.6237,10.0,9.8,True,210,8.75,3.891
ARBUSDT,2026-08-12 21:00:00+00:00,0.0765,2026-08-19 20:00:00+00:00,0.08415,10.0,9.8,True,167,6.96,3.296
MANAUSDT,2026-08-13 02:00:00+00:00,0.0641,2026-08-20 20:00:00+00:00,0.07051000000000002,10.0,9.8,True,186,7.75,3.02
UNIUSDT,2026-08-14 04:00:00+00:00,3.435,2026-08-20 17:00:00+00:00,3.7785,10.0,9.8,True,157,6.54,2.807
ETCUSDT,2026-08-14 06:00:00+00:00,6.17,2026-08-20 08:00:00+00:00,6.787000000000001,10.0,9.8,True,146,6.08,4.931
AXSUSDT,2026-08-14 09:00:00+00:00,0.859,2026-08-20 13:00:00+00:00,0.9449000000000001,10.0,9.8,True,148,6.17,4.16
UNIUSDT,2026-08-14 13:00:00+00:00,3.245,2026-08-19 16:00:00+00:00,3.5695000000000006,10.0,9.8,True,123,5.12,2.846
DOGEUSDT,2026-08-14 13:00:00+00:00,0.06929,2026-08-19 21:00:00+00:00,0.07621900000000001,10.0,9.8,True,128,5.33,2.54
SUIUSDT,2026-08-14 16:00:00+00:00,0.6772,2026-08-20 16:00:00+00:00,0.7449200000000001,10.0,9.8,True,144,6.0,3.887
MANAUSDT,2026-08-14 17:00:00+00:00,0.0649,2026-08-21 06:00:00+00:00,0.07139000000000001,10.0,9.8,True,157,6.54,18.951
ENJUSDT,2026-08-14 17:00:00+00:00,0.02453,2026-08-21 08:00:00+00:00,0.026983000000000004,10.0,9.8,True,159,6.62,5.751
FILUSDT,2026-08-14 18:00:00+00:00,0.6771,2026-08-20 16:00:00+00:00,0.7448100000000001,10.0,9.8,True,142,5.92,2.562
LINKUSDT,2026-08-14 18:00:00+00:00,8.921,2026-08-19 08:00:00+00:00,9.8131,10.0,9.8,True,110,4.58,2.85
LTCUSDT,2026-08-14 18:00:00+00:00,43.84,2026-08-20 15:00:00+00:00,48.22400000000001,10.0,9.8,True,141,5.88,3.149
TRXUSDT,2026-08-15 17:00:00+00:00,0.332,2026-09-25 12:00:00+00:00,0.3373,1.596,1.396,False,979,40.79,2.919
ADAUSDT,2026-08-15 18:00:00+00:00,0.1776,2026-08-20 11:00:00+00:00,0.19536000000000003,10.0,9.8,True,113,4.71,2.653
ETCUSDT,2026-08-16 01:00:00+00:00,6.21,2026-08-20 15:00:00+00:00,6.831,10.0,9.8,True,110,4.58,3.051
ATOMUSDT,2026-08-16 02:00:00+00:00,1.499,2026-08-22 02:00:00+00:00,1.6489000000000003,10.0,9.8,True,144,6.0,2.966
SUIUSDT,2026-08-16 07:00:00+00:00,0.6754,2026-08-20 16:00:00+00:00,0.74294,10.0,9.8,True,105,4.38,2.621
ETCUSDT,2026-08-16 07:00:00+00:00,6.16,2026-08-20 08:00:00+00:00,6.776000000000001,10.0,9.8,True,97,4.04,2.694
AXSUSDT,2026-08-16 08:00:00+00:00,0.868,2026-08-20 17:00:00+00:00,0.9548000000000001,10.0,9.8,True,105,4.38,3.202
SUIUSDT,2026-08-16 12:00:00+00:00,0.6767,2026-08-20 16:00:00+00:00,0.74437,10.0,9.8,True,100,4.17,4.751
AAVEUSDT,2026-08-16 13:00:00+00:00,86.13,2026-08-19 20:00:00+00:00,94.74300000000001,10.0,9.8,True,79,3.29,2.888
ENJUSDT,2026-08-16 13:00:00+00:00,0.02394,2026-08-21 01:00:00+00:00,0.026334000000000003,10.0,9.8,True,108,4.5,2.866
ENJUSDT,2026-08-16 15:00:00+00:00,0.02396,2026-08-21 01:00:00+00:00,0.026356,10.0,9.8,True,106,4.42,4.805
XLMUSDT,2026-08-16 16:00:00+00:00,0.1579,2026-08-20 08:00:00+00:00,0.17369000000000004,10.0,9.8,True,88,3.67,3.321
XRPUSDT,2026-08-17 01:00:00+00:00,0.9935,2026-08-19 20:00:00+00:00,1.09285,10.0,9.8,True,67,2.79,2.909
ETCUSDT,2026-08-17 01:00:00+00:00,6.16,2026-08-20 08:00:00+00:00,6.776000000000001,10.0,9.8,True,79,3.29,3.887
FILUSDT,2026-08-17 03:00:00+00:00,0.669,2026-08-20 16:00:00+00:00,0.7359000000000001,10.0,9.8,True,85,3.54,17.381
ETCUSDT,2026-08-17 03:00:00+00:00,6.23,2026-08-20 15:00:00+00:00,6.853000000000001,10.0,9.8,True,84,3.5,2.742
ATOMUSDT,2026-08-17 09:00:00+00:00,1.447,2026-08-21 08:00:00+00:00,1.5917000000000001,10.0,9.8,True,95,3.96,2.638
AXSUSDT,2026-08-17 11:00:00+00:00,0.857,2026-08-20 13:00:00+00:00,0.9427000000000001,10.0,9.8,True,74,3.08,3.417
CHZUSDT,2026-08-17 13:00:00+00:00,0.01213,2026-08-21 01:00:00+00:00,0.013343,10.0,9.8,True,84,3.5,2.91
ATOMUSDT,2026-08-17 13:00:00+00:00,1.424,2026-08-21 07:00:00+00:00,1.5664,10.0,9.8,True,90,3.75,4.384
TRXUSDT,2026-08-17 17:00:00+00:00,0.3315,2026-09-25 12:00:00+00:00,0.3373,1.75,1.55,False,931,38.79,6.903
ATOMUSDT,2026-08-17 21:00:00+00:00,1.425,2026-08-21 07:00:00+00:00,1.5675000000000001,10.0,9.8,True,82,3.42,2.624
AXSUSDT,2026-08-17 22:00:00+00:00,0.853,2026-08-20 13:00:00+00:00,0.9383,10.0,9.8,True,63,2.62,2.896
SANDUSDT,2026-08-18 04:00:00+00:00,0.038,2026-08-20 08:00:00+00:00,0.041800000000000004,10.0,9.8,True,52,2.17,2.632
DOTUSDT,2026-08-18 04:00:00+00:00,0.732,2026-08-19 21:00:00+00:00,0.8052,10.0,9.8,True,41,1.71,2.51
MANAUSDT,2026-08-18 04:00:00+00:00,0.0625,2026-08-20 15:00:00+00:00,0.06875,10.0,9.8,True,59,2.46,3.104
CHZUSDT,2026-08-18 04:00:00+00:00,0.01178,2026-08-19 21:00:00+00:00,0.012958000000000003,10.0,9.8,True,41,1.71,3.856
ETCUSDT,2026-08-18 04:00:00+00:00,6.05,2026-08-19 21:00:00+00:00,6.655,10.0,9.8,True,41,1.71,4.146
SUIUSDT,2026-08-18 05:00:00+00:00,0.6473,2026-08-19 21:00:00+00:00,0.71203,10.0,9.8,True,40,1.67,3.947
OPUSDT,2026-08-18 05:00:00+00:00,0.0819,2026-08-19 21:00:00+00:00,0.09009,10.0,9.8,True,40,1.67,3.71
ETCUSDT,2026-08-18 06:00:00+00:00,6.05,2026-08-19 21:00:00+00:00,6.655,10.0,9.8,True,39,1.62,3.646
OPUSDT,2026-08-18 08:00:00+00:00,0.0827,2026-08-19 21:00:00+00:00,0.09097000000000001,10.0,9.8,True,37,1.54,4.738
ETCUSDT,2026-08-18 08:00:00+00:00,6.04,2026-08-19 21:00:00+00:00,6.644000000000001,10.0,9.8,True,37,1.54,4.485
XLMUSDT,2026-08-18 13:00:00+00:00,0.1526,2026-08-19 15:00:00+00:00,0.16786000000000004,10.0,9.8,True,26,1.08,2.563
ATOMUSDT,2026-08-18 15:00:00+00:00,1.401,2026-08-21 02:00:00+00:00,1.5411000000000001,10.0,9.8,True,59,2.46,3.818
ETHUSDT,2026-08-18 15:00:00+00:00,1911.03,2026-08-19 15:00:00+00:00,2102.1330000000003,10.0,9.8,True,24,1.0,3.96
LINKUSDT,2026-08-18 16:00:00+00:00,9.48,2026-08-19 20:00:00+00:00,10.428,10.0,9.8,True,28,1.17,2.646
ENJUSDT,2026-08-18 16:00:00+00:00,0.02345,2026-08-20 15:00:00+00:00,0.025795000000000002,10.0,9.8,True,47,1.96,9.905
APTUSDT,2026-08-23 12:00:00+00:00,0.638,2026-09-18 03:00:00+00:00,0.7018000000000001,10.0,9.8,True,615,25.62,3.551
ATOMUSDT,2026-08-24 14:00:00+00:00,1.551,2026-09-08 12:00:00+00:00,1.7061000000000002,10.0,9.8,True,358,14.92,6.251
ADAUSDT,2026-08-24 14:00:00+00:00,0.2216,2026-09-21 11:00:00+00:00,0.24376,10.0,9.8,True,669,27.88,2.834
MANAUSDT,2026-08-24 14:00:00+00:00,0.0745,2026-09-19 00:00:00+00:00,0.08195000000000001,10.0,9.8,True,610,25.42,3.238
ENJUSDT,2026-08-26 06:00:00+00:00,0.02632,2026-09-04 21:00:00+00:00,0.028952000000000002,10.0,9.8,True,231,9.62,4.211
ARBUSDT,2026-08-27 00:00:00+00:00,0.0928,2026-08-31 21:00:00+00:00,0.10208,10.0,9.8,True,117,4.88,3.178
FILUSDT,2026-08-27 00:00:00+00:00,0.7161,2026-09-01 19:00:00+00:00,0.78771,10.0,9.8,True,139,5.79,5.725
FILUSDT,2026-08-28 00:00:00+00:00,0.7044,2026-09-01 17:00:00+00:00,0.7748400000000001,10.0,9.8,True,113,4.71,3.09
LTCUSDT,2026-08-28 13:00:00+00:00,49.04,2026-09-05 07:00:00+00:00,53.944,10.0,9.8,True,186,7.75,2.804
XLMUSDT,2026-08-28 15:00:00+00:00,0.1829,2026-09-19 13:00:00+00:00,0.20119000000000004,10.0,9.8,True,526,21.92,5.209
APTUSDT,2026-08-28 15:00:00+00:00,0.561,2026-09-03 07:00:00+00:00,0.6171000000000001,10.0,9.8,True,136,5.67,4.604
ARBUSDT,2026-08-28 15:00:00+00:00,0.0908,2026-08-31 20:00:00+00:00,0.09988000000000001,10.0,9.8,True,77,3.21,4.425
AVAXUSDT,2026-08-28 15:00:00+00:00,7.438,2026-09-07 17:00:00+00:00,8.1818,10.0,9.8,True,242,10.08,2.702
NEARUSDT,2026-08-28 15:00:00+00:00,1.872,2026-09-04 19:00:00+00:00,2.0592,10.0,9.8,True,172,7.17,3.057
AAVEUSDT,2026-08-28 15:00:00+00:00,125.68,2026-09-06 00:00:00+00:00,138.24800000000002,10.0,9.8,True,201,8.38,2.86
OPUSDT,2026-08-28 15:00:00+00:00,0.0931,2026-09-03 15:00:00+00:00,0.10241000000000001,10.0,9.8,True,144,6.0,3.057
ADAUSDT,2026-08-28 15:00:00+00:00,0.2108,2026-09-08 16:00:00+00:00,0.23188,10.0,9.8,True,265,11.04,5.748
SOLUSDT,2026-08-28 15:00:00+00:00,106.31,2026-09-21 11:00:00+00:00,116.94100000000002,10.0,9.8,True,572,23.83,4.082
SHIBUSDT,2026-08-28 15:00:00+00:00,5.34e-06,2026-09-21 15:00:00+00:00,5.874e-06,10.0,9.8,True,576,24.0,3.847
LINKUSDT,2026-08-28 15:00:00+00:00,11.84,2026-09-06 20:00:00+00:00,13.024000000000001,10.0,9.8,True,221,9.21,3.251
DOGEUSDT,2026-08-28 15:00:00+00:00,0.08772,2026-09-21 15:00:00+00:00,0.09649200000000001,10.0,9.8,True,576,24.0,3.078
ENJUSDT,2026-08-28 15:00:00+00:00,0.02593,2026-09-04 21:00:00+00:00,0.028523000000000003,10.0,9.8,True,174,7.25,7.152
SUIUSDT,2026-08-28 15:00:00+00:00,0.7704,2026-09-19 10:00:00+00:00,0.8474400000000001,10.0,9.8,True,523,21.79,2.944
XRPUSDT,2026-08-28 15:00:00+00:00,1.4314,2026-09-22 13:00:00+00:00,1.57454,10.0,9.8,True,598,24.92,6.429
LTCUSDT,2026-08-28 15:00:00+00:00,49.36,2026-09-05 07:00:00+00:00,54.29600000000001,10.0,9.8,True,184,7.67,3.182
CHZUSDT,2026-08-28 15:00:00+00:00,0.01402,2026-09-12 04:00:00+00:00,0.015422,10.0,9.8,True,349,14.54,3.08
ETCUSDT,2026-08-28 15:00:00+00:00,7.71,2026-09-08 15:00:00+00:00,8.481,10.0,9.8,True,264,11.0,3.271
SANDUSDT,2026-08-28 17:00:00+00:00,0.0393,2026-09-22 20:00:00+00:00,0.043230000000000005,10.0,9.8,True,603,25.12,2.557
ARBUSDT,2026-08-28 17:00:00+00:00,0.0882,2026-08-31 19:00:00+00:00,0.09702000000000001,10.0,9.8,True,74,3.08,3.614
BCHUSDT,2026-08-28 17:00:00+00:00,247.5,2026-09-21 22:00:00+00:00,272.25,10.0,9.8,True,581,24.21,3.26
ADAUSDT,2026-08-28 17:00:00+00:00,0.2032,2026-09-03 16:00:00+00:00,0.22352,10.0,9.8,True,143,5.96,4.721
MANAUSDT,2026-08-28 17:00:00+00:00,0.073,2026-09-19 00:00:00+00:00,0.0803,10.0,9.8,True,511,21.29,2.829
FILUSDT,2026-08-28 17:00:00+00:00,0.6837,2026-09-01 17:00:00+00:00,0.75207,10.0,9.8,True,96,4.0,2.923
ENJUSDT,2026-08-28 17:00:00+00:00,0.0253,2026-09-04 19:00:00+00:00,0.02783,10.0,9.8,True,170,7.08,3.098
LTCUSDT,2026-08-28 17:00:00+00:00,48.86,2026-09-05 06:00:00+00:00,53.746,10.0,9.8,True,181,7.54,2.829
BNBUSDT,2026-08-28 17:00:00+00:00,693.26,2026-09-05 12:00:00+00:00,762.586,10.0,9.8,True,187,7.79,3.388
OPUSDT,2026-08-28 17:00:00+00:00,0.0904,2026-09-01 14:00:00+00:00,0.09944,10.0,9.8,True,93,3.88,4.779
APTUSDT,2026-08-28 17:00:00+00:00,0.54,2026-09-03 03:00:00+00:00,0.5940000000000001,10.0,9.8,True,130,5.42,5.98
ETCUSDT,2026-08-28 17:00:00+00:00,7.48,2026-09-08 09:00:00+00:00,8.228000000000002,10.0,9.8,True,256,10.67,5.411
CHZUSDT,2026-08-28 17:00:00+00:00,0.01362,2026-09-12 03:00:00+00:00,0.014982,10.0,9.8,True,346,14.42,4.382
SUIUSDT,2026-08-28 17:00:00+00:00,0.7512,2026-09-07 12:00:00+00:00,0.82632,10.0,9.8,True,235,9.79,2.673
SOLUSDT,2026-08-28 17:00:00+00:00,105.16,2026-09-21 08:00:00+00:00,115.676,10.0,9.8,True,567,23.62,3.251
BTCUSDT,2026-08-28 17:00:00+00:00,77788.45,2026-09-21 13:00:00+00:00,85567.295,10.0,9.8,True,572,23.83,3.986
AAVEUSDT,2026-08-28 17:00:00+00:00,123.07,2026-09-02 05:00:00+00:00,135.377,10.0,9.8,True,108,4.5,4.565
AXSUSDT,2026-08-28 17:00:00+00:00,0.898,2026-09-18 00:00:00+00:00,0.9878000000000001,10.0,9.8,True,487,20.29,5.164
LINKUSDT,2026-08-28 17:00:00+00:00,11.455,2026-09-06 20:00:00+00:00,12.6005,10.0,9.8,True,219,9.12,3.627
AVAXUSDT,2026-08-28 17:00:00+00:00,7.299,2026-09-07 12:00:00+00:00,8.028900000000002,10.0,9.8,True,235,9.79,2.669
SHIBUSDT,2026-08-28 17:00:00+00:00,5.17e-06,2026-09-19 17:00:00+00:00,5.687e-06,10.0,9.8,True,528,22.0,5.302
NEARUSDT,2026-08-28 17:00:00+00:00,1.829,2026-09-01 13:00:00+00:00,2.0119000000000002,10.0,9.8,True,92,3.83,3.175
XLMUSDT,2026-08-28 17:00:00+00:00,0.1792,2026-09-15 12:00:00+00:00,0.19712000000000002,10.0,9.8,True,427,17.79,4.204
SUIUSDT,2026-08-28 19:00:00+00:00,0.7351,2026-09-05 18:00:00+00:00,0.80861,10.0,9.8,True,191,7.96,2.643
ENJUSDT,2026-08-28 23:00:00+00:00,0.02523,2026-09-04 19:00:00+00:00,0.027753,10.0,9.8,True,164,6.83,3.509
LINKUSDT,2026-08-29 15:00:00+00:00,11.463,2026-09-06 20:00:00+00:00,12.6093,10.0,9.8,True,197,8.21,3.179
ARBUSDT,2026-08-30 11:00:00+00:00,0.0878,2026-08-31 18:00:00+00:00,0.09658000000000001,10.0,9.8,True,31,1.29,3.192
ATOMUSDT,2026-08-30 12:00:00+00:00,1.489,2026-09-07 08:00:00+00:00,1.6379000000000001,10.0,9.8,True,188,7.83,2.515
AXSUSDT,2026-08-31 01:00:00+00:00,0.885,2026-09-07 12:00:00+00:00,0.9735000000000001,10.0,9.8,True,179,7.46,4.298
LINKUSDT,2026-08-31 14:00:00+00:00,11.195,2026-09-06 01:00:00+00:00,12.3145,10.0,9.8,True,131,5.46,3.058
TRXUSDT,2026-08-31 14:00:00+00:00,0.3322,2026-09-25 12:00:00+00:00,0.3373,1.535,1.335,False,598,24.92,4.089
SANDUSDT,2026-08-31 16:00:00+00:00,0.03801,2026-09-21 09:00:00+00:00,0.04181100000000001,10.0,9.8,True,497,20.71,3.174
TRXUSDT,2026-09-01 13:00:00+00:00,0.3263,2026-09-25 12:00:00+00:00,0.3373,3.371,3.171,False,575,23.96,8.046
BNBUSDT,2026-09-02 01:00:00+00:00,683.97,2026-09-05 08:00:00+00:00,752.3670000000001,10.0,9.8,True,79,3.29,2.699
ATOMUSDT,2026-09-02 12:00:00+00:00,1.444,2026-09-06 02:00:00+00:00,1.5884,10.0,9.8,True,86,3.58,2.901
ENJUSDT,2026-09-03 00:00:00+00:00,0.02464,2026-09-04 16:00:00+00:00,0.027104,10.0,9.8,True,40,1.67,3.221
TRXUSDT,2026-09-04 13:00:00+00:00,0.3285,2026-09-25 12:00:00+00:00,0.3373,2.679,2.479,False,503,20.96,4.418
ARBUSDT,2026-09-07 05:00:00+00:00,0.1749,2026-09-18 01:00:00+00:00,0.19239,10.0,9.8,True,260,10.83,3.357
BCHUSDT,2026-09-08 09:00:00+00:00,256.0,2026-09-22 12:00:00+00:00,281.6,10.0,9.8,True,339,14.12,3.114
LTCUSDT,2026-09-08 16:00:00+00:00,54.99,2026-09-21 10:00:00+00:00,60.489000000000004,10.0,9.8,True,306,12.75,2.699
ENJUSDT,2026-09-09 03:00:00+00:00,0.027,2026-09-23 04:00:00+00:00,0.0297,10.0,9.8,True,337,14.04,3.222
SANDUSDT,2026-09-09 16:00:00+00:00,0.0383,2026-09-21 11:00:00+00:00,0.04213,10.0,9.8,True,283,11.79,2.707
UNIUSDT,2026-09-10 00:00:00+00:00,6.157,2026-09-14 20:00:00+00:00,6.7727,10.0,9.8,True,116,4.83,2.596
OPUSDT,2026-09-10 02:00:00+00:00,0.0978,2026-09-18 03:00:00+00:00,0.10758000000000001,10.0,9.8,True,193,8.04,3.11
AAVEUSDT,2026-09-10 13:00:00+00:00,121.68,2026-09-18 03:00:00+00:00,133.848,10.0,9.8,True,182,7.58,2.721
UNIUSDT,2026-09-10 13:00:00+00:00,5.883,2026-09-11 13:00:00+00:00,6.4713,10.0,9.8,True,24,1.0,3.111
CHZUSDT,2026-09-10 13:00:00+00:00,0.01364,2026-09-12 03:00:00+00:00,0.015004,10.0,9.8,True,38,1.58,2.797
FILUSDT,2026-09-10 13:00:00+00:00,0.7987,2026-09-13 14:00:00+00:00,0.8785700000000001,10.0,9.8,True,73,3.04,2.78
ETCUSDT,2026-09-10 13:00:00+00:00,7.69,2026-09-19 10:00:00+00:00,8.459000000000001,10.0,9.8,True,213,8.88,3.384
XRPUSDT,2026-09-10 13:00:00+00:00,1.3585,2026-09-14 20:00:00+00:00,1.49435,10.0,9.8,True,103,4.29,3.512
DOGEUSDT,2026-09-10 13:00:00+00:00,0.08375,2026-09-21 08:00:00+00:00,0.09212500000000001,10.0,9.8,True,259,10.79,3.263
XLMUSDT,2026-09-10 13:00:00+00:00,0.1768,2026-09-14 16:00:00+00:00,0.19448000000000004,10.0,9.8,True,99,4.12,3.017
SHIBUSDT,2026-09-10 13:00:00+00:00,5.07e-06,2026-09-19 16:00:00+00:00,5.577e-06,10.0,9.8,True,219,9.12,5.506
BNBUSDT,2026-09-10 13:00:00+00:00,705.67,2026-09-20 22:00:00+00:00,776.237,10.0,9.8,True,249,10.38,4.933
AXSUSDT,2026-09-10 13:00:00+00:00,0.898,2026-09-18 00:00:00+00:00,0.9878000000000001,10.0,9.8,True,179,7.46,2.588
ETHUSDT,2026-09-10 14:00:00+00:00,2435.42,2026-09-21 00:00:00+00:00,2678.9620000000004,10.0,9.8,True,250,10.42,5.77
OPUSDT,2026-09-10 14:00:00+00:00,0.0969,2026-09-18 02:00:00+00:00,0.10659,10.0,9.8,True,180,7.5,2.947
AVAXUSDT,2026-09-11 12:00:00+00:00,7.358,2026-09-18 13:00:00+00:00,8.0938,10.0,9.8,True,169,7.04,2.82
LINKUSDT,2026-09-11 12:00:00+00:00,11.397,2026-09-19 10:00:00+00:00,12.536700000000002,10.0,9.8,True,190,7.92,2.578
FILUSDT,2026-09-11 12:00:00+00:00,0.782,2026-09-13 14:00:00+00:00,0.8602000000000001,10.0,9.8,True,50,2.08,2.814
ADAUSDT,2026-09-11 12:00:00+00:00,0.2023,2026-09-18 19:00:00+00:00,0.22253000000000003,10.0,9.8,True,175,7.29,2.637
SUIUSDT,2026-09-11 13:00:00+00:00,0.74,2026-09-18 13:00:00+00:00,0.8140000000000001,10.0,9.8,True,168,7.0,6.223
XRPUSDT,2026-09-11 13:00:00+00:00,1.3668,2026-09-21 14:00:00+00:00,1.5034800000000001,10.0,9.8,True,241,10.04,5.387
APTUSDT,2026-09-11 13:00:00+00:00,0.614,2026-09-18 03:00:00+00:00,0.6754,10.0,9.8,True,158,6.58,2.939
ETCUSDT,2026-09-11 13:00:00+00:00,7.7,2026-09-19 10:00:00+00:00,8.47,10.0,9.8,True,189,7.88,4.77
ENJUSDT,2026-09-11 13:00:00+00:00,0.02585,2026-09-21 08:00:00+00:00,0.028435000000000005,10.0,9.8,True,235,9.79,3.66
XLMUSDT,2026-09-11 13:00:00+00:00,0.1793,2026-09-15 13:00:00+00:00,0.19723,10.0,9.8,True,96,4.0,5.232
ARBUSDT,2026-09-11 13:00:00+00:00,0.1439,2026-09-16 04:00:00+00:00,0.15829000000000001,10.0,9.8,True,111,4.62,4.884
TRXUSDT,2026-09-11 21:00:00+00:00,0.3384,2026-09-25 12:00:00+00:00,0.3373,-0.325,-0.525,False,327,13.62,3.233
SANDUSDT,2026-09-13 01:00:00+00:00,0.036,2026-09-19 00:00:00+00:00,0.0396,10.0,9.8,True,143,5.96,2.607
CHZUSDT,2026-09-13 02:00:00+00:00,0.01468,2026-09-22 00:00:00+00:00,0.016148000000000003,10.0,9.8,True,214,8.92,3.741
NEARUSDT,2026-09-13 09:00:00+00:00,2.303,2026-09-14 17:00:00+00:00,2.5333,10.0,9.8,True,32,1.33,2.685
ETCUSDT,2026-09-13 10:00:00+00:00,7.54,2026-09-19 00:00:00+00:00,8.294,10.0,9.8,True,134,5.58,4.147
LINKUSDT,2026-09-13 10:00:00+00:00,11.369,2026-09-19 09:00:00+00:00,12.5059,10.0,9.8,True,143,5.96,2.756
TRXUSDT,2026-09-14 01:00:00+00:00,0.3387,2026-09-25 12:00:00+00:00,0.3373,-0.413,-0.613,False,275,11.46,2.505
TRXUSDT,2026-09-14 07:00:00+00:00,0.3394,2026-09-25 12:00:00+00:00,0.3373,-0.619,-0.819,False,269,11.21,2.533
OPUSDT,2026-09-14 13:00:00+00:00,0.0957,2026-09-14 18:00:00+00:00,0.10527,10.0,9.8,True,5,0.21,4.714
ATOMUSDT,2026-09-14 19:00:00+00:00,1.623,2026-09-21 00:00:00+00:00,1.7853,10.0,9.8,True,149,6.21,5.309
ENJUSDT,2026-09-15 02:00:00+00:00,0.02578,2026-09-21 08:00:00+00:00,0.028358000000000005,10.0,9.8,True,150,6.25,2.634
NEARUSDT,2026-09-15 09:00:00+00:00,2.388,2026-09-16 23:00:00+00:00,2.6268000000000002,10.0,9.8,True,38,1.58,2.523
APTUSDT,2026-09-15 12:00:00+00:00,0.571,2026-09-18 02:00:00+00:00,0.6281,10.0,9.8,True,62,2.58,3.191
SANDUSDT,2026-09-15 12:00:00+00:00,0.03483,2026-09-18 09:00:00+00:00,0.038313,10.0,9.8,True,69,2.88,5.018
MANAUSDT,2026-09-15 13:00:00+00:00,0.0736,2026-09-19 00:00:00+00:00,0.08096,10.0,9.8,True,83,3.46,3.006
ARBUSDT,2026-09-15 13:00:00+00:00,0.1408,2026-09-15 16:00:00+00:00,0.15488000000000002,10.0,9.8,True,3,0.12,4.107
SANDUSDT,2026-09-15 14:00:00+00:00,0.03507,2026-09-18 10:00:00+00:00,0.038577,10.0,9.8,True,68,2.83,3.292
XRPUSDT,2026-09-15 14:00:00+00:00,1.4149,2026-09-21 22:00:00+00:00,1.5563900000000002,10.0,9.8,True,152,6.33,3.355
AXSUSDT,2026-09-15 14:00:00+00:00,0.924,2026-09-18 04:00:00+00:00,1.0164000000000002,10.0,9.8,True,62,2.58,2.875
BTCUSDT,2026-09-15 14:00:00+00:00,76618.77,2026-09-21 09:00:00+00:00,84280.64700000001,10.0,9.8,True,139,5.79,3.975
ETHUSDT,2026-09-15 14:00:00+00:00,2454.05,2026-09-21 00:00:00+00:00,2699.4550000000004,10.0,9.8,True,130,5.42,2.953
CHZUSDT,2026-09-15 14:00:00+00:00,0.01418,2026-09-21 09:00:00+00:00,0.015598,10.0,9.8,True,139,5.79,3.937
BCHUSDT,2026-09-15 14:00:00+00:00,224.6,2026-09-18 03:00:00+00:00,247.06,10.0,9.8,True,61,2.54,5.162
SHIBUSDT,2026-09-15 15:00:00+00:00,5.09e-06,2026-09-19 17:00:00+00:00,5.599000000000001e-06,10.0,9.8,True,98,4.08,3.451
SUIUSDT,2026-09-15 15:00:00+00:00,0.6967,2026-09-18 02:00:00+00:00,0.76637,10.0,9.8,True,59,2.46,4.0
LTCUSDT,2026-09-15 15:00:00+00:00,51.59,2026-09-18 18:00:00+00:00,56.74900000000001,10.0,9.8,True,75,3.12,4.955
ADAUSDT,2026-09-15 15:00:00+00:00,0.2002,2026-09-18 14:00:00+00:00,0.22022,10.0,9.8,True,71,2.96,3.723
DOGEUSDT,2026-09-15 15:00:00+00:00,0.08128,2026-09-19 13:00:00+00:00,0.08940800000000002,10.0,9.8,True,94,3.92,5.279
APTUSDT,2026-09-15 15:00:00+00:00,0.568,2026-09-18 02:00:00+00:00,0.6248,10.0,9.8,True,59,2.46,3.394
OPUSDT,2026-09-15 17:00:00+00:00,0.1008,2026-09-18 03:00:00+00:00,0.11088,10.0,9.8,True,58,2.42,3.229
LINKUSDT,2026-09-15 19:00:00+00:00,11.106,2026-09-18 15:00:00+00:00,12.216600000000001,10.0,9.8,True,68,2.83,7.554
AAVEUSDT,2026-09-15 19:00:00+00:00,124.72,2026-09-18 12:00:00+00:00,137.192,10.0,9.8,True,65,2.71,4.08
LTCUSDT,2026-09-15 19:00:00+00:00,51.74,2026-09-18 18:00:00+00:00,56.91400000000001,10.0,9.8,True,71,2.96,2.922
ETHUSDT,2026-09-15 19:00:00+00:00,2403.14,2026-09-18 19:00:00+00:00,2643.454,10.0,9.8,True,72,3.0,4.985
ETCUSDT,2026-09-15 19:00:00+00:00,7.28,2026-09-18 13:00:00+00:00,8.008000000000001,10.0,9.8,True,66,2.75,5.453
SOLUSDT,2026-09-15 19:00:00+00:00,98.19,2026-09-18 13:00:00+00:00,108.009,10.0,9.8,True,66,2.75,5.044
SUIUSDT,2026-09-15 19:00:00+00:00,0.6941,2026-09-18 01:00:00+00:00,0.7635100000000001,10.0,9.8,True,54,2.25,5.144
DOGEUSDT,2026-09-15 19:00:00+00:00,0.08082,2026-09-19 02:00:00+00:00,0.08890200000000001,10.0,9.8,True,79,3.29,7.74
CHZUSDT,2026-09-15 19:00:00+00:00,0.01389,2026-09-19 09:00:00+00:00,0.015279000000000001,10.0,9.8,True,86,3.58,4.537
AXSUSDT,2026-09-15 19:00:00+00:00,0.912,2026-09-18 01:00:00+00:00,1.0032,10.0,9.8,True,54,2.25,5.276
ADAUSDT,2026-09-15 19:00:00+00:00,0.1986,2026-09-18 13:00:00+00:00,0.21846000000000002,10.0,9.8,True,66,2.75,7.146
BTCUSDT,2026-09-15 19:00:00+00:00,76000.0,2026-09-21 08:00:00+00:00,83600.0,10.0,9.8,True,133,5.54,4.702
ENJUSDT,2026-09-15 19:00:00+00:00,0.02475,2026-09-18 15:00:00+00:00,0.027225000000000003,10.0,9.8,True,68,2.83,4.499
APTUSDT,2026-09-16 19:00:00+00:00,0.537,2026-09-17 22:00:00+00:00,0.5907000000000001,10.0,9.8,True,27,1.12,3.642
SHIBUSDT,2026-09-16 19:00:00+00:00,4.81e-06,2026-09-18 03:00:00+00:00,5.291e-06,10.0,9.8,True,32,1.33,3.905
BCHUSDT,2026-09-16 19:00:00+00:00,217.2,2026-09-17 14:00:00+00:00,238.92000000000002,10.0,9.8,True,19,0.79,5.198
XRPUSDT,2026-09-16 19:00:00+00:00,1.2788,2026-09-18 19:00:00+00:00,1.4066800000000002,10.0,9.8,True,48,2.0,4.669
AAVEUSDT,2026-09-16 19:00:00+00:00,116.15,2026-09-17 17:00:00+00:00,127.76500000000001,10.0,9.8,True,22,0.92,3.433
AXSUSDT,2026-09-16 19:00:00+00:00,0.897,2026-09-18 00:00:00+00:00,0.9867000000000001,10.0,9.8,True,29,1.21,3.973
CHZUSDT,2026-09-16 19:00:00+00:00,0.01353,2026-09-18 20:00:00+00:00,0.014883000000000002,10.0,9.8,True,49,2.04,3.153
DOGEUSDT,2026-09-16 19:00:00+00:00,0.07959,2026-09-18 13:00:00+00:00,0.087549,10.0,9.8,True,42,1.75,4.631
ETCUSDT,2026-09-16 19:00:00+00:00,7.2,2026-09-18 10:00:00+00:00,7.920000000000001,10.0,9.8,True,39,1.62,4.31
TRXUSDT,2026-09-17 20:00:00+00:00,0.3352,2026-09-25 12:00:00+00:00,0.3373,0.626,0.426,False,184,7.67,3.052
NEARUSDT,2026-09-19 18:00:00+00:00,3.654,2026-09-20 16:00:00+00:00,4.0194,10.0,9.8,True,22,0.92,2.629
AAVEUSDT,2026-09-20 04:00:00+00:00,137.52,2026-09-23 03:00:00+00:00,151.27200000000002,10.0,9.8,True,71,2.96,3.031
ARBUSDT,2026-09-20 04:00:00+00:00,0.2159,2026-09-21 12:00:00+00:00,0.23749000000000003,10.0,9.8,True,32,1.33,5.139
NEARUSDT,2026-09-20 10:00:00+00:00,3.541,2026-09-20 15:00:00+00:00,3.8951000000000002,10.0,9.8,True,5,0.21,7.601
BCHUSDT,2026-09-20 15:00:00+00:00,245.6,2026-09-21 12:00:00+00:00,270.16,10.0,9.8,True,21,0.88,3.681
ADAUSDT,2026-09-20 17:00:00+00:00,0.2322,2026-09-22 22:00:00+00:00,0.25542000000000004,10.0,9.8,True,53,2.21,4.573
AXSUSDT,2026-09-20 17:00:00+00:00,1.013,2026-09-22 17:00:00+00:00,1.1143,10.0,9.8,True,48,2.0,3.349
SUIUSDT,2026-09-20 17:00:00+00:00,0.9127,2026-09-21 09:00:00+00:00,1.00397,10.0,9.8,True,16,0.67,5.728
LTCUSDT,2026-09-20 17:00:00+00:00,59.04,2026-09-24 02:00:00+00:00,64.944,10.0,9.8,True,81,3.38,3.867
ATOMUSDT,2026-09-20 17:00:00+00:00,1.77,2026-09-25 12:00:00+00:00,1.808,2.147,1.947,False,115,4.79,3.525
SOLUSDT,2026-09-20 17:00:00+00:00,110.33,2026-09-25 11:00:00+00:00,121.36300000000001,10.0,9.8,True,114,4.75,3.375
LTCUSDT,2026-09-22 14:00:00+00:00,62.29,2026-09-24 04:00:00+00:00,68.519,10.0,9.8,True,38,1.58,3.59
ETHUSDT,2026-09-24 15:00:00+00:00,2657.86,2026-09-25 12:00:00+00:00,2717.34,2.238,2.038,False,21,0.88,3.212
FILUSDT,2026-09-25 09:00:00+00:00,1.018,2026-09-25 12:00:00+00:00,1.0231,0.501,0.301,False,3,0.12,2.815
NEARUSDT,2026-09-25 10:00:00+00:00,4.914,2026-09-25 12:00:00+00:00,5.067,3.114,2.914,False,2,0.08,4.011
BNBUSDT,2026-09-25 12:00:00+00:00,779.28,2026-09-25 12:00:00+00:00,778.25,-0.132,-0.332,False,0,0.0,5.809
